,Tarih,Yil,Ay,Gun,ID,genel_renkli,genel_sb,dijital_islemler,toplam
224,2025-03-01,2025,3,1,dcolor,0,4,0,4
225,2025-03-01,2025,3,1,hbinay,30,0,0,30
226,2025-03-01,2025,3,1,herbilgin,1,0,0,1
227,2025-03-01,2025,3,1,zyuksel,0,0,8,8
228,2025-03-01,2025,3,1,aayhan,5,7,1,13
229,2025-03-01,2025,3,1,udalyan,1,0,0,1
230,2025-03-02,2025,3,2,dcolor,1,0,0,1
231,2025-03-02,2025,3,2,mbayirli,10,1,0,11
232,2025-03-02,2025,3,2,egonce,23,14,0,37
233,2025-03-02,2025,3,2,mkarsiv,1,0,0,1
234,2025-03-02,2025,3,2,fcolak,14,0,0,14
235,2025-03-02,2025,3,2,bbugdayci,3,7,0,10
236,2025-03-02,2025,3,2,ebadem,6,0,0,6
237,2025-03-02,2025,3,2,ierdil,10,9,0,19
238,2025-03-02,2025,3,2,fgulsever,87,1,0,88
239,2025-03-02,2025,3,2,carican,1,6,0,7
240,2025-03-02,2025,3,2,aapak,12,1,0,13
241,2025-03-02,2025,3,2,ubasdas,5,0,0,5
242,2025-03-02,2025,3,2,gekim,0,160,0,160
243,2025-03-02,2025,3,2,dnoic,47,1,0,48
244,2025-03-02,2025,3,2,mkorucu,1,0,0,1
245,2025-03-02,2025,3,2,bsamuk,3,0,0,3
246,2025-03-02,2025,3,2,dustasi,10,0,0,10
247,2025-03-02,2025,3,2,abarkod,6,0,0,6
248,2025-03-02,2025,3,2,BSOGUT,2,0,0,2
249,2025-03-03,2025,3,3,aildeniz,4,1,0,5
250,2025-03-03,2025,3,3,ierdil,0,5,0,5
251,2025-03-03,2025,3,3,mguder,11,0,0,11
252,2025-03-03,2025,3,3,itopcu,1,0,0,1
253,2025-03-03,2025,3,3,fgulsever,7,7,0,14
254,2025-03-03,2025,3,3,udalyan,0,1,1,2
255,2025-03-03,2025,3,3,hakand,3,1,2,6
256,2025-03-03,2025,3,3,mecigdem,0,3,0,3
257,2025-03-03,2025,3,3,bbugdayci,19,1,18,38
258,2025-03-03,2025,3,3,aapak,0,79,0,79
259,2025-03-03,2025,3,3,dayakta,11,5,0,16
260,2025-03-03,2025,3,3,ubasdas,1,0,0,1
261,2025-03-03,2025,3,3,BSOGUT,0,4,0,4
262,2025-03-03,2025,3,3,stjegitim,5,1,1,7
263,2025-03-03,2025,3,3,hakdemir,7,2,0,9
264,2025-03-03,2025,3,3,egonce,17,0,0,17
265,2025-03-03,2025,3,3,herbilgin,17,0,0,17
266,2025-03-03,2025,3,3,mbayirli,13,0,0,13
267,2025-03-03,2025,3,3,hbinay,7,1,0,8
268,2025-03-03,2025,3,3,sapra,2,0,0,2
269,2025-03-03,2025,3,3,eozkan,7,0,0,7
270,2025-03-03,2025,3,3,dcolor,0,22,0,22
271,2025-03-03,2025,3,3,ekoksal,5,3,0,8
272,2025-03-03,2025,3,3,ersener,6,0,0,6
273,2025-03-03,2025,3,3,hbulut,19,1,0,20
274,2025-03-03,2025,3,3,bfirat,23,7,0,30
275,2025-03-03,2025,3,3,VBAYANER,0,24,0,24
276,2025-03-03,2025,3,3,gakca,4,3,0,7
277,2025-03-03,2025,3,3,fcolak,0,44,0,44
278,2025-03-03,2025,3,3,adogan,14,0,0,14
279,2025-03-03,2025,3,3,ihasdemir,7,0,0,7
280,2025-03-03,2025,3,3,bsakrak,25,0,0,25
281,2025-03-03,2025,3,3,akamera,44,5,0,49
282,2025-03-03,2025,3,3,abarkod,1,0,0,1
283,2025-03-03,2025,3,3,vgemici,1,0,0,1
284,2025-03-03,2025,3,3,tcapkin,0,1,0,1
285,2025-03-03,2025,3,3,ntanriverdi,0,30,0,30
286,2025-03-03,2025,3,3,asablon,1,0,0,1
287,2025-03-03,2025,3,3,cer,20,0,0,20
288,2025-03-03,2025,3,3,aayhan,0,0,3,4
289,2025-03-03,2025,3,3,mkarabiyik,0,18,0,18
290,2025-03-03,2025,3,3,obali,1,3,0,4
291,2025-03-03,2025,3,3,fimetin,0,1,0,1
292,2025-03-03,2025,3,3,gkenarli,6,3,0,9
293,2025-03-03,2025,3,3,ggirgin,61,17,0,78
294,2025-03-03,2025,3,3,ekaradavut,1,0,0,1
295,2025-03-03,2025,3,3,ngogce,52,40,4,96
296,2025-03-03,2025,3,3,saskin,21,0,0,21
297,2025-03-03,2025,3,3,gekim,0,139,0,139
298,2025-03-03,2025,3,3,gbakanoglu,10,10,0,20
299,2025-03-03,2025,3,3,aozbal,1,0,0,1
300,2025-03-03,2025,3,3,amasun,11,0,0,11
301,2025-03-03,2025,3,3,mertan,1,0,0,1
302,2025-03-03,2025,3,3,dnoic,7,0,0,7
303,2025-03-03,2025,3,3,ebalaban,22,0,0,22
304,2025-03-03,2025,3,3,ogungor,0,2,0,2
305,2025-03-03,2025,3,3,gayilmaz,10,0,0,10
306,2025-03-03,2025,3,3,stjncakirci,3,2,0,5
307,2025-03-03,2025,3,3,eulsever,0,10,0,10
308,2025-03-03,2025,3,3,tevirgen,20,1,0,21
309,2025-03-03,2025,3,3,ayyilmaz,3,0,0,3
310,2025-03-03,2025,3,3,oicoz,18,0,0,18
311,2025-03-04,2025,3,4,ierdil,7,0,0,7
312,2025-03-04,2025,3,4, modified by system 2025-04-29 10:29:20 4,38,3,0,41
313,2025-03-04,2025,3,4,zyuksel,0,0,2,2
314,2025-03-04,2025,3,4,gsapmaz,4,0,0,4
315,2025-03-04,2025,3,4,baozturk,2,0,0,2
316,2025-03-04,2025,3,4,udalyan,51,0,50,101
317,2025-03-04,2025,3,4,fgulsever,0,31,0,31
318,2025-03-04,2025,3,4,esaribuyuk,0,4,0,4
319,2025-03-04,2025,3,4,hakand,65,22,0,87
320,2025-03-04,2025,3,4,mecigdem,0,2,0,2
321,2025-03-04,2025,3,4,kbtlideri,1,0,0,1
322,2025-03-04,2025,3,4,itopcu,7,0,0,7
323,2025-03-04,2025,3,4,ebadem,2,1,0,3
324,2025-03-04,2025,3,4,eozkan,3,0,0,3
325,2025-03-04,2025,3,4,mkarsiv,1,0,0,1
326,2025-03-04,2025,3,4,egonce,13,6,0,19
327,2025-03-04,2025,3,4,mbayirli,0,11,0,11
328,2025-03-04,2025,3,4,hbinay,9,0,0,9
329,2025-03-04,2025,3,4,tcakan,1,0,0,1
330,2025-03-04,2025,3,4,hkaragoz,3,0,0,3
331,2025-03-04,2025,3,4,dcolor,0,27,0,27
332,2025-03-04,2025,3,4,ekoksal,0,2,0,2
333,2025-03-04,2025,3,4,ersener,2,6,0,8
334,2025-03-04,2025,3,4,hbulut,15,0,0,15
335,2025-03-04,2025,3,4,bfirat,2,0,0,2
336,2025-03-04,2025,3,4,bunver,3,0,0,3
337,2025-03-04,2025,3,4,aapak,0,39,0,39
338,2025-03-04,2025,3,4,stjegitim,2,0,1,3
339,2025-03-04,2025,3,4,dayakta,7,0,0,7
340,2025-03-04,2025,3,4,herbilgin,10,0,0,10
341,2025-03-04,2025,3,4,ESERT,16,0,0,16
342,2025-03-04,2025,3,4,gakca,4,3,0,7
343,2025-03-04,2025,3,4,akamera,156,2,0,158
344,2025-03-04,2025,3,4,ngogce,3,0,0,3
345,2025-03-04,2025,3,4,abarkod,1,0,0,1
346,2025-03-04,2025,3,4,ntanriverdi,0,19,0,19
347,2025-03-04,2025,3,4,gmasistan,6,0,1,7
348,2025-03-04,2025,3,4,fbasak,4,0,0,4
349,2025-03-04,2025,3,4,mkofis,2,0,0,2
350,2025-03-04,2025,3,4,obali,0,2,0,2
351,2025-03-04,2025,3,4,MMUTLU,4,5,0,9
352,2025-03-04,2025,3,4,fimetin,5,0,0,5
353,2025-03-04,2025,3,4,ggirgin,54,7,0,61
354,2025-03-04,2025,3,4,ekaradavut,2,0,0,2
355,2025-03-04,2025,3,4,tevirgen,0,5,15,20
356,2025-03-04,2025,3,4,vgemici,2,1,0,3
357,2025-03-04,2025,3,4,oasistan,41,22,0,63
358,2025-03-04,2025,3,4,eulsever,0,16,0,16
359,2025-03-04,2025,3,4,iunlu,1,0,0,1
360,2025-03-04,2025,3,4,gekim,0,99,0,99
361,2025-03-04,2025,3,4,bsakrak,2,0,0,2
362,2025-03-04,2025,3,4,eanli,0,3,0,3
363,2025-03-04,2025,3,4,amasun,77,0,0,77
364,2025-03-04,2025,3,4,SUYILMAZ,1,0,0,1
365,2025-03-04,2025,3,4,dnoic,5,0,0,5
366,2025-03-04,2025,3,4,gcevik,1,0,0,1
367,2025-03-04,2025,3,4,okanat,2,0,0,2
368,2025-03-04,2025,3,4,ogungor,1,2,0,3
369,2025-03-04,2025,3,4,gayilmaz,7,0,0,7
370,2025-03-04,2025,3,4,ebalaban,24,0,0,24
371,2025-03-05,2025,3,5, modified by system 2025-04-29 10:29:20 4,13,1,0,14
372,2025-03-05,2025,3,5,aapak,0,1,0,1
373,2025-03-05,2025,3,5,udalyan,4,7,0,11
374,2025-03-05,2025,3,5,mecigdem,4,1,0,5
375,2025-03-05,2025,3,5,BSOGUT,27,0,0,27
376,2025-03-05,2025,3,5,fgulsever,0,11,0,11
377,2025-03-05,2025,3,5,itopcu,34,0,0,34
378,2025-03-05,2025,3,5,mguder,5,0,0,5
379,2025-03-05,2025,3,5,zyuksel,1,0,0,1
380,2025-03-05,2025,3,5,rkontrol,19,0,0,19
381,2025-03-05,2025,3,5,mbayirli,0,6,0,6
382,2025-03-05,2025,3,5,acelebi,2,0,0,2
383,2025-03-05,2025,3,5,fcolak,6,0,0,6
384,2025-03-05,2025,3,5,egonce,8,2,0,10
385,2025-03-05,2025,3,5,hakdemir,9,3,0,12
386,2025-03-05,2025,3,5,eozkan,3,0,0,3
387,2025-03-05,2025,3,5,dcolor,0,39,0,39
388,2025-03-05,2025,3,5,hbulut,1,0,0,1
389,2025-03-05,2025,3,5,bfirat,7,0,0,7
390,2025-03-05,2025,3,5,nakilli,1,0,0,1
391,2025-03-05,2025,3,5,bunver,1,0,0,1
392,2025-03-05,2025,3,5,stjegitim,4,0,0,4
393,2025-03-05,2025,3,5,dayakta,15,11,0,26
394,2025-03-05,2025,3,5,amasun,34,2,0,36
395,2025-03-05,2025,3,5,saskin,5,0,0,5
396,2025-03-05,2025,3,5,gakca,3,1,0,4
397,2025-03-05,2025,3,5,akamera,92,2,0,94
398,2025-03-05,2025,3,5,ngogce,13,3,16,32
399,2025-03-05,2025,3,5,abarkod,24,0,0,24
400,2025-03-05,2025,3,5,vgemici,0,2,0,2
401,2025-03-05,2025,3,5,ntanriverdi,0,5,0,5
402,2025-03-05,2025,3,5,cer,0,1,0,1
403,2025-03-05,2025,3,5,kesmeray,5,0,0,5
404,2025-03-05,2025,3,5,fimetin,1,0,0,1
405,2025-03-05,2025,3,5,gkenarli,6,2,0,8
406,2025-03-05,2025,3,5,fbasak,20,0,0,20
407,2025-03-05,2025,3,5,ekaradavut,2,0,0,2
408,2025-03-05,2025,3,5,ggirgin,9,1,0,10
409,2025-03-05,2025,3,5,gekim,0,90,0,90
410,2025-03-05,2025,3,5,ebalaban,25,0,0,25
411,2025-03-05,2025,3,5,ezyildiz,1,0,0,1
412,2025-03-05,2025,3,5,dnoic,1,0,0,1
413,2025-03-05,2025,3,5,iunlu,10,0,0,10
414,2025-03-05,2025,3,5,ogungor,4,3,0,7
415,2025-03-05,2025,3,5,oasistan,1,6,0,7
416,2025-03-05,2025,3,5,tevirgen,0,1,0,1
417,2025-03-05,2025,3,5,nibolkis,9,0,0,9
418,2025-03-06,2025,3,6,zyuksel,5,0,0,5
419,2025-03-06,2025,3,6,ubasdas,2,0,0,2
420,2025-03-06,2025,3,6,dayakta,1,0,0,1
421,2025-03-06,2025,3,6,aapak,0,44,0,44
422,2025-03-06,2025,3,6,bfirat,35,1,0,36
423,2025-03-06,2025,3,6,udalyan,6,0,0,6
424,2025-03-06,2025,3,6,hakand,1,5,0,6
425,2025-03-06,2025,3,6,fgulsever,3,10,0,13
426,2025-03-06,2025,3,6,itopcu,8,0,0,8
427,2025-03-06,2025,3,6, modified by system 2025-04-29 10:29:20 4,4,0,0,4
428,2025-03-06,2025,3,6,gakca,6,0,0,6
429,2025-03-06,2025,3,6,ihasdemir,35,0,0,35
430,2025-03-06,2025,3,6,bbugdayci,11,1,0,12
431,2025-03-06,2025,3,6,fcolak,6,0,0,6
432,2025-03-06,2025,3,6,mkarsiv,1,0,0,1
433,2025-03-06,2025,3,6,egonce,8,0,0,8
434,2025-03-06,2025,3,6,hakdemir,1,3,0,4
435,2025-03-06,2025,3,6,dcolor,0,44,0,44
436,2025-03-06,2025,3,6,hbulut,3,0,0,3
437,2025-03-06,2025,3,6,akapucu,0,0,22,22
438,2025-03-06,2025,3,6,aildeniz,5,0,1,6
439,2025-03-06,2025,3,6,fyakut,0,1,0,1
440,2025-03-06,2025,3,6,dnoic,32,46,1,79
441,2025-03-06,2025,3,6,gekim,0,167,0,167
442,2025-03-06,2025,3,6,bsakrak,1,0,0,1
443,2025-03-06,2025,3,6,akamera,85,7,0,92
444,2025-03-06,2025,3,6,ngogce,2,0,0,2
445,2025-03-06,2025,3,6,abarkod,3,0,0,3
446,2025-03-06,2025,3,6,tcapkin,0,2,0,2
447,2025-03-06,2025,3,6,mkofis,5,0,0,5
448,2025-03-06,2025,3,6,MMUTLU,0,2,0,2
449,2025-03-06,2025,3,6,fimetin,3,2,0,5
450,2025-03-06,2025,3,6,ggirgin,25,0,0,25
451,2025-03-06,2025,3,6,fbasak,12,0,0,12
452,2025-03-06,2025,3,6,tevirgen,10,4,1,15
453,2025-03-06,2025,3,6,eulsever,8,5,0,13
454,2025-03-06,2025,3,6,oasistan,0,11,0,11
455,2025-03-06,2025,3,6,gayilmaz,5,1,0,6
456,2025-03-06,2025,3,6,ogungor,21,0,0,21
457,2025-03-06,2025,3,6,okanat,1,2,0,3
458,2025-03-06,2025,3,6,ezyildiz,6,1,0,7
459,2025-03-06,2025,3,6,ebalaban,43,0,0,43
460,2025-03-06,2025,3,6,amasun,59,2,0,61
461,2025-03-06,2025,3,6,mertan,10,0,0,10
462,2025-03-07,2025,3,7,udalyan,0,1,2,3
463,2025-03-07,2025,3,7,hakand,41,7,0,48
464,2025-03-07,2025,3,7,baozturk,1,0,0,1
465,2025-03-07,2025,3,7,mguder,6,0,0,6
466,2025-03-07,2025,3,7,bfirat,8,0,0,8
467,2025-03-07,2025,3,7,dcolor,0,41,0,41
468,2025-03-07,2025,3,7,ekoksal,6,0,0,6
469,2025-03-07,2025,3,7,hbulut,1,0,0,1
470,2025-03-07,2025,3,7,gakca,0,3,0,3
471,2025-03-07,2025,3,7,hakdemir,3,1,0,4
472,2025-03-07,2025,3,7,adogan,2,0,0,2
473,2025-03-07,2025,3,7,tevirgen,3,7,0,10
474,2025-03-07,2025,3,7,okanat,18,0,0,18
475,2025-03-07,2025,3,7,gayilmaz,15,0,0,15
476,2025-03-07,2025,3,7,mertan,0,40,0,40
477,2025-03-07,2025,3,7,ekaradavut,11,1,0,12
478,2025-03-07,2025,3,7,ggirgin,23,0,0,23
479,2025-03-07,2025,3,7,fimetin,2,1,0,3
480,2025-03-07,2025,3,7,obali,1,0,0,1
481,2025-03-07,2025,3,7,aaksoy,29,0,0,29
482,2025-03-07,2025,3,7,ngogce,48,16,9,73
483,2025-03-07,2025,3,7,akamera,0,6,0,6
484,2025-03-07,2025,3,7,ebalaban,19,0,0,19
485,2025-03-08,2025,3,8,dcolor,0,32,0,32
486,2025-03-08,2025,3,8,hakdemir,2,1,0,3
487,2025-03-08,2025,3,8,ebalaban,17,0,0,17
488,2025-03-08,2025,3,8,ebtlideri,16,0,0,16
489,2025-03-09,2025,3,9,rkontrol,1,0,0,1
490,2025-03-09,2025,3,9,ersener,19,0,0,19
491,2025-03-09,2025,3,9,mbayirli,19,1,0,20
492,2025-03-09,2025,3,9,uunver,4,0,0,4
493,2025-03-09,2025,3,9,egonce,31,0,0,31
494,2025-03-09,2025,3,9,mkarsiv,3,0,0,3
495,2025-03-09,2025,3,9,fcolak,3,1,0,4
496,2025-03-09,2025,3,9,aakyildiz,5,0,0,5
497,2025-03-09,2025,3,9,cyildiz,2,2,0,4
498,2025-03-09,2025,3,9,bbugdayci,0,2,14,16
499,2025-03-09,2025,3,9,ihasdemir,34,0,0,34
500,2025-03-09,2025,3,9,aildeniz,1,0,0,1
501,2025-03-09,2025,3,9,abarkod,20,0,0,20
502,2025-03-09,2025,3,9,fgulsever,0,31,0,31
503,2025-03-09,2025,3,9,okelepe,0,0,1,1
504,2025-03-09,2025,3,9,aapak,15,1,0,16
505,2025-03-09,2025,3,9,dayakta,4,0,0,4
506,2025-03-09,2025,3,9,ubasdas,0,1,0,1
507,2025-03-09,2025,3,9,gekim,0,120,0,120
508,2025-03-09,2025,3,9,SUYILMAZ,1,0,0,1
509,2025-03-09,2025,3,9,dnoic,3,1,2,6
510,2025-03-09,2025,3,9,TIRMAK,0,0,1,1
511,2025-03-09,2025,3,9,mkofis,1,0,0,1
512,2025-03-09,2025,3,9,fbasak,1,1,0,2
513,2025-03-09,2025,3,9,ebadem,4,0,0,4
514,2025-03-10,2025,3,10,BSOGUT,2,0,10,12
515,2025-03-10,2025,3,10,hakand,0,4,0,4
516,2025-03-10,2025,3,10,mecigdem,4,2,0,6
517,2025-03-10,2025,3,10,udalyan,42,0,2,44
518,2025-03-10,2025,3,10,adogan,15,40,0,55
519,2025-03-10,2025,3,10,dayakta,26,3,0,29
520,2025-03-10,2025,3,10,ubasdas,1,0,0,1
521,2025-03-10,2025,3,10,gakca,0,1,0,1
522,2025-03-10,2025,3,10,cdonmez,1,0,0,1
523,2025-03-10,2025,3,10,aapak,0,29,0,29
524,2025-03-10,2025,3,10,fgulsever,0,26,0,26
525,2025-03-10,2025,3,10,fcolak,0,1,0,1
526,2025-03-10,2025,3,10,mguder,11,0,0,11
527,2025-03-10,2025,3,10,zyuksel,40,0,1,41
528,2025-03-10,2025,3,10,ierdil,2,0,0,2
529,2025-03-10,2025,3,10,stjegitim,2,1,0,3
530,2025-03-10,2025,3,10,mkarsiv,2,0,0,2
531,2025-03-10,2025,3,10,egonce,27,0,0,27
532,2025-03-10,2025,3,10,mbayirli,2,0,0,2
533,2025-03-10,2025,3,10,dcolor,0,19,0,19
534,2025-03-10,2025,3,10,bfirat,16,0,0,16
535,2025-03-10,2025,3,10,gekim,0,24,0,24
536,2025-03-10,2025,3,10,gsapmaz,1,0,0,1
537,2025-03-10,2025,3,10,amasun,16,10,0,26
538,2025-03-10,2025,3,10,akamera,0,5,0,5
539,2025-03-10,2025,3,10,ezyildiz,22,0,0,22
540,2025-03-10,2025,3,10,ebalaban,22,0,0,22
541,2025-03-10,2025,3,10,ngogce,22,20,0,42
542,2025-03-10,2025,3,10,abarkod,1,0,0,1
543,2025-03-10,2025,3,10,tcapkin,0,1,0,1
544,2025-03-10,2025,3,10,nkorkmaz,3,0,0,3
545,2025-03-10,2025,3,10,fbasak,6,0,0,6
546,2025-03-10,2025,3,10,aaksoy,2,0,0,2
547,2025-03-10,2025,3,10,aayhan,22,43,2,67
548,2025-03-10,2025,3,10,MMUTLU,5,5,0,10
549,2025-03-10,2025,3,10,fimetin,15,10,0,25
550,2025-03-10,2025,3,10,sucakir,3,0,0,3
551,2025-03-10,2025,3,10,cer,0,1,0,1
552,2025-03-10,2025,3,10,ggirgin,249,39,0,288
553,2025-03-10,2025,3,10,gkenarli,2,0,0,2
554,2025-03-10,2025,3,10,mkorucu,1,0,0,1
555,2025-03-10,2025,3,10,oicoz,0,1,0,1
556,2025-03-10,2025,3,10,gayilmaz,8,16,0,24
557,2025-03-10,2025,3,10,eulsever,0,8,0,8
558,2025-03-10,2025,3,10,gcevik,3,0,0,3
559,2025-03-10,2025,3,10,ayyilmaz,1,0,0,1
560,2025-03-10,2025,3,10,mertan,8,0,0,8
561,2025-03-10,2025,3,10,ekaradavut,7,1,0,8
562,2025-03-10,2025,3,10,tevirgen,13,2,25,40
563,2025-03-11,2025,3,11,mguder,2,0,0,2
564,2025-03-11,2025,3,11,adogan,19,7,26,52
565,2025-03-11,2025,3,11,oguler,9,0,0,9
566,2025-03-11,2025,3,11,ubasdas,1,0,0,1
567,2025-03-11,2025,3,11,aapak,0,20,0,20
568,2025-03-11,2025,3,11,udalyan,0,1,0,1
569,2025-03-11,2025,3,11,mecigdem,0,2,0,2
570,2025-03-11,2025,3,11,hakand,0,8,0,8
571,2025-03-11,2025,3,11,BSOGUT,0,0,1,1
572,2025-03-11,2025,3,11,fgulsever,0,22,0,22
573,2025-03-11,2025,3,11,gsapmaz,1,0,0,1
574,2025-03-11,2025,3,11,zyuksel,1,0,0,1
575,2025-03-11,2025,3,11,bfirat,53,2,0,55
576,2025-03-11,2025,3,11,ytinmaz,1,0,0,1
577,2025-03-11,2025,3,11,ihasdemir,183,3,0,186
578,2025-03-11,2025,3,11,stjegitim,4,2,0,6
579,2025-03-11,2025,3,11,fcolak,4,1,0,5
580,2025-03-11,2025,3,11,egonce,42,2,0,44
581,2025-03-11,2025,3,11,hakdemir,1,2,0,3
582,2025-03-11,2025,3,11,mbayirli,1,1,0,2
583,2025-03-11,2025,3,11,msevim,1,0,0,1
584,2025-03-11,2025,3,11,dcolor,0,31,0,31
585,2025-03-11,2025,3,11,hbulut,4,0,0,4
586,2025-03-11,2025,3,11,bsakrak,10,0,0,10
587,2025-03-11,2025,3,11,rkontrol,3,0,0,3
588,2025-03-11,2025,3,11,otufan,1,1,2,4
589,2025-03-11,2025,3,11,ngogce,5,1,0,6
590,2025-03-11,2025,3,11,SUYILMAZ,2,0,0,2
591,2025-03-11,2025,3,11,gekim,0,27,0,27
592,2025-03-11,2025,3,11,edemirbas,0,2,1,3
593,2025-03-11,2025,3,11,gmasistan,1,0,1,2
594,2025-03-11,2025,3,11,asablon,5,0,0,5
595,2025-03-11,2025,3,11,nkorkmaz,2,2,0,4
596,2025-03-11,2025,3,11,fbasak,5,0,0,5
597,2025-03-11,2025,3,11,cer,0,1,0,1
598,2025-03-11,2025,3,11,aayhan,1,2,2,5
599,2025-03-11,2025,3,11,mkarabiyik,0,4,0,4
600,2025-03-11,2025,3,11,obali,11,2,0,13
601,2025-03-11,2025,3,11,MMUTLU,21,0,0,21
602,2025-03-11,2025,3,11,fimetin,23,5,0,28
603,2025-03-11,2025,3,11,bkibar,0,3,0,3
604,2025-03-11,2025,3,11,ggirgin,26,6,2,34
605,2025-03-11,2025,3,11,sucakir,2,0,0,2
606,2025-03-11,2025,3,11,eanli,0,5,0,5
607,2025-03-11,2025,3,11,ebalaban,18,0,0,18
608,2025-03-11,2025,3,11,ezyildiz,15,0,0,15
609,2025-03-11,2025,3,11,dnoic,86,0,1,87
610,2025-03-11,2025,3,11,amasun,30,4,0,34
611,2025-03-11,2025,3,11,oicoz,0,1,0,1
612,2025-03-11,2025,3,11,tevirgen,12,8,0,20
613,2025-03-11,2025,3,11,ayyilmaz,0,2,0,2
614,2025-03-11,2025,3,11,mertan,1,0,0,1
615,2025-03-11,2025,3,11,mkorucu,1,1,0,2
616,2025-03-12,2025,3,12,udalyan,0,1,81,82
617,2025-03-12,2025,3,12,zyuksel,5,0,0,5
618,2025-03-12,2025,3,12,hakand,1,3,4,8
619,2025-03-12,2025,3,12,BSOGUT,0,0,1,1
620,2025-03-12,2025,3,12,cdonmez,0,25,0,25
621,2025-03-12,2025,3,12,fgulsever,0,29,0,29
622,2025-03-12,2025,3,12,itopcu,1,0,0,1
623,2025-03-12,2025,3,12,mguder,8,0,0,8
624,2025-03-12,2025,3,12,rkontrol,3,0,0,3
625,2025-03-12,2025,3,12,hakdemir,5,0,0,5
626,2025-03-12,2025,3,12,cyildiz,0,1,0,1
627,2025-03-12,2025,3,12,fcolak,9,5,0,14
628,2025-03-12,2025,3,12,mkarsiv,1,0,0,1
629,2025-03-12,2025,3,12,egonce,38,0,0,38
630,2025-03-12,2025,3,12,gbalvan,4,6,0,10
631,2025-03-12,2025,3,12,akocak,1,0,0,1
632,2025-03-12,2025,3,12,dcolor,0,33,0,33
633,2025-03-12,2025,3,12,aapak,0,40,0,40
634,2025-03-12,2025,3,12,ihasdemir,43,1,0,44
635,2025-03-12,2025,3,12,gekim,0,77,0,77
636,2025-03-12,2025,3,12,hbulut,3,0,0,3
637,2025-03-12,2025,3,12,amasun,19,2,0,21
638,2025-03-12,2025,3,12,eanli,0,1,0,1
639,2025-03-12,2025,3,12,akamera,1,3,0,4
640,2025-03-12,2025,3,12,ngogce,12,1,0,13
641,2025-03-12,2025,3,12,abarkod,3,0,0,3
642,2025-03-12,2025,3,12,ntanriverdi,0,47,0,47
643,2025-03-12,2025,3,12,aayhan,0,10,0,10
644,2025-03-12,2025,3,12,mkarabiyik,0,10,0,10
645,2025-03-12,2025,3,12,obali,1,0,0,1
646,2025-03-12,2025,3,12,MMUTLU,56,3,0,59
647,2025-03-12,2025,3,12,nkorkmaz,6,3,0,9
648,2025-03-12,2025,3,12,ggirgin,6,2,0,8
649,2025-03-12,2025,3,12,sulger,1,0,0,1
650,2025-03-12,2025,3,12,tevirgen,6,9,0,15
651,2025-03-12,2025,3,12,gayilmaz,29,0,0,29
652,2025-03-12,2025,3,12,ogungor,1,0,0,1
653,2025-03-12,2025,3,12,klaboratuar,0,1,0,1
654,2025-03-12,2025,3,12,dnoic,3,2,1,6
655,2025-03-12,2025,3,12,ezyildiz,2,0,0,2
656,2025-03-12,2025,3,12,fimetin,14,0,0,14
657,2025-03-12,2025,3,12,ebalaban,8,0,0,8
658,2025-03-13,2025,3,13,kbtlideri,1,0,0,1
659,2025-03-13,2025,3,13,zyuksel,67,5,0,72
660,2025-03-13,2025,3,13,mguder,1,14,0,15
661,2025-03-13,2025,3,13,fgulsever,0,7,0,7
662,2025-03-13,2025,3,13,aapak,0,21,0,21
663,2025-03-13,2025,3,13,mecigdem,9,1,0,10
664,2025-03-13,2025,3,13,udalyan,3,1,0,4
665,2025-03-13,2025,3,13,ubasdas,5,1,0,6
666,2025-03-13,2025,3,13,aildeniz,3,0,0,3
667,2025-03-13,2025,3,13,hakand,25,7,0,32
668,2025-03-13,2025,3,13,rkontrol,3,0,0,3
669,2025-03-13,2025,3,13,hbulut,5,6,0,11
670,2025-03-13,2025,3,13,nkaya,0,1,0,1
671,2025-03-13,2025,3,13,fcolak,10,2,0,12
672,2025-03-13,2025,3,13,egonce,250,3,0,253
673,2025-03-13,2025,3,13,herbilgin,10,2,0,12
674,2025-03-13,2025,3,13,hakdemir,20,2,0,22
675,2025-03-13,2025,3,13,mmollaoglu,0,3,0,3
676,2025-03-13,2025,3,13,sapra,4,0,0,4
677,2025-03-13,2025,3,13,eozkan,7,0,0,7
678,2025-03-13,2025,3,13,dcolor,0,27,0,27
679,2025-03-13,2025,3,13,akapucu,0,0,12,12
680,2025-03-13,2025,3,13,bfirat,91,0,0,91
681,2025-03-13,2025,3,13,ihasdemir,5,2,0,7
682,2025-03-13,2025,3,13,oguler,2,0,0,2
683,2025-03-13,2025,3,13,gekim,0,15,0,15
684,2025-03-13,2025,3,13,adogan,3,0,0,3
685,2025-03-13,2025,3,13,akamera,0,15,0,15
686,2025-03-13,2025,3,13,ngogce,10,2,2,14
687,2025-03-13,2025,3,13,abarkod,22,0,0,22
688,2025-03-13,2025,3,13,gakca,0,1,0,1
689,2025-03-13,2025,3,13,nkorkmaz,6,0,1,7
690,2025-03-13,2025,3,13,fbasak,4,0,0,4
691,2025-03-13,2025,3,13,aaksoy,16,24,0,40
692,2025-03-13,2025,3,13,aayhan,6,0,0,6
693,2025-03-13,2025,3,13,mkofis,1,0,0,1
694,2025-03-13,2025,3,13,obali,9,0,2,11
695,2025-03-13,2025,3,13,MMUTLU,1,0,0,1
696,2025-03-13,2025,3,13,tcapkin,1,1,0,2
697,2025-03-13,2025,3,13,ggirgin,109,0,0,109
698,2025-03-13,2025,3,13,fimetin,10,0,0,10
699,2025-03-13,2025,3,13,gbakanoglu,1,1,0,2
700,2025-03-13,2025,3,13,aozbal,3,5,0,8
701,2025-03-13,2025,3,13,amasun,36,7,0,43
702,2025-03-13,2025,3,13,ebalaban,32,0,0,32
703,2025-03-13,2025,3,13,SUYILMAZ,3,0,0,3
704,2025-03-13,2025,3,13,mkorucu,1,0,0,1
705,2025-03-13,2025,3,13,eulsever,0,18,0,18
706,2025-03-13,2025,3,13,tevirgen,6,21,3,30
707,2025-03-13,2025,3,13,ayyilmaz,1,0,0,1
708,2025-03-13,2025,3,13,ezyildiz,24,0,0,24
709,2025-03-14,2025,3,14,mecigdem,9,1,0,10
710,2025-03-14,2025,3,14,amasun,0,1,0,1
711,2025-03-14,2025,3,14,aozbal,2,0,0,2
712,2025-03-14,2025,3,14,adogan,6,22,0,28
713,2025-03-14,2025,3,14,gakca,6,1,0,7
714,2025-03-14,2025,3,14,udalyan,2,0,0,2
715,2025-03-14,2025,3,14,hakand,4,4,0,8
716,2025-03-14,2025,3,14,dcolor,0,45,0,45
717,2025-03-14,2025,3,14,mguder,0,13,0,13
718,2025-03-14,2025,3,14, modified by system 2025-04-29 10:29:20 4,37,0,0,37
719,2025-03-14,2025,3,14,hakdemir,1,1,0,2
720,2025-03-14,2025,3,14,gbalvan,2,0,0,2
721,2025-03-14,2025,3,14,hbulut,3,0,0,3
722,2025-03-14,2025,3,14,bfirat,56,0,0,56
723,2025-03-14,2025,3,14,ebalaban,25,0,0,25
724,2025-03-14,2025,3,14,baozturk,1,2,0,3
725,2025-03-14,2025,3,14,ezyildiz,1,0,0,1
726,2025-03-14,2025,3,14,ntanriverdi,0,5,0,5
727,2025-03-14,2025,3,14,okanat,4,0,0,4
728,2025-03-14,2025,3,14,akamera,0,11,0,11
729,2025-03-14,2025,3,14,ngogce,119,98,2,219
730,2025-03-14,2025,3,14,vgemici,3,0,0,3
731,2025-03-14,2025,3,14,merkan,11,0,0,11
732,2025-03-14,2025,3,14,ogun,0,0,1,1
733,2025-03-14,2025,3,14,obali,22,1,0,23
734,2025-03-14,2025,3,14,fimetin,5,2,0,7
735,2025-03-14,2025,3,14,dnoic,1,0,0,1
736,2025-03-14,2025,3,14,gkenarli,6,0,0,6
737,2025-03-14,2025,3,14,ggirgin,83,8,0,91
738,2025-03-14,2025,3,14,ayyilmaz,2,0,0,2
739,2025-03-14,2025,3,14,tevirgen,33,9,7,49
740,2025-03-14,2025,3,14,eulsever,2,5,0,7
741,2025-03-14,2025,3,14,gayilmaz,21,0,0,21
742,2025-03-14,2025,3,14,nibolkis,6,0,0,6
743,2025-03-14,2025,3,14,sucakir,1,1,0,2
744,2025-03-15,2025,3,15,dcolor,0,16,0,16
745,2025-03-15,2025,3,15,ebalaban,4,0,0,4
746,2025-03-15,2025,3,15,ngogce,189,32,0,221
747,2025-03-16,2025,3,16,rkontrol,6,0,0,6
748,2025-03-16,2025,3,16,mbayirli,9,0,0,9
749,2025-03-16,2025,3,16,egonce,34,6,0,40
750,2025-03-16,2025,3,16,fcolak,3,1,0,4
751,2025-03-16,2025,3,16,cyildiz,2,3,0,5
752,2025-03-16,2025,3,16,secitak,5,0,0,5
753,2025-03-16,2025,3,16,bbugdayci,0,16,4,20
754,2025-03-16,2025,3,16,fgulsever,0,28,0,28
755,2025-03-16,2025,3,16,ihasdemir,69,0,0,69
756,2025-03-16,2025,3,16,aapak,15,39,0,54
757,2025-03-16,2025,3,16,gekim,0,45,0,45
758,2025-03-16,2025,3,16,dnoic,19,0,0,19
759,2025-03-16,2025,3,16,mkorucu,177,1,0,178
760,2025-03-16,2025,3,16,aayhan,8,10,1,20
761,2025-03-16,2025,3,16,fbasak,2,0,0,2
762,2025-03-16,2025,3,16,abarkod,32,0,0,32
763,2025-03-16,2025,3,16,BSOGUT,1,6,0,7
764,2025-03-17,2025,3,17,aildeniz,12,0,0,12
765,2025-03-17,2025,3,17,zyuksel,29,0,0,29
766,2025-03-17,2025,3,17,mguder,17,0,0,17
767,2025-03-17,2025,3,17,fgulsever,0,10,0,10
768,2025-03-17,2025,3,17,hakand,43,20,0,63
769,2025-03-17,2025,3,17,esaribuyuk,19,0,0,19
770,2025-03-17,2025,3,17,rkontrol,1,4,0,5
771,2025-03-17,2025,3,17,mecigdem,12,2,0,14
772,2025-03-17,2025,3,17,udalyan,0,1,1,2
773,2025-03-17,2025,3,17,bunver,8,0,0,8
774,2025-03-17,2025,3,17,stjegitim,3,0,12,15
775,2025-03-17,2025,3,17,herbilgin,2,0,2,4
776,2025-03-17,2025,3,17,fcolak,1,0,0,1
777,2025-03-17,2025,3,17,egonce,38,0,0,38
778,2025-03-17,2025,3,17,hakdemir,15,2,0,17
779,2025-03-17,2025,3,17,eozkan,35,0,0,35
780,2025-03-17,2025,3,17,dcolor,0,29,0,29
781,2025-03-17,2025,3,17,ekoksal,1,0,0,1
782,2025-03-17,2025,3,17,ersener,43,1,0,44
783,2025-03-17,2025,3,17,hbulut,1,0,0,1
784,2025-03-17,2025,3,17,bfirat,30,0,0,30
785,2025-03-17,2025,3,17,aapak,0,22,0,22
786,2025-03-17,2025,3,17,cyildiz,2,0,0,2
787,2025-03-17,2025,3,17,gakca,1,5,0,6
788,2025-03-17,2025,3,17,ayyilmaz,1,0,0,1
789,2025-03-17,2025,3,17,eanli,0,5,0,5
790,2025-03-17,2025,3,17,gekim,0,16,0,16
791,2025-03-17,2025,3,17,akamera,0,9,0,9
792,2025-03-17,2025,3,17,ngogce,57,54,0,111
793,2025-03-17,2025,3,17,abarkod,3,0,0,3
794,2025-03-17,2025,3,17,tcapkin,0,1,0,1
795,2025-03-17,2025,3,17,ntanriverdi,0,68,0,68
796,2025-03-17,2025,3,17,ayetik,5,5,0,10
797,2025-03-17,2025,3,17,fbasak,0,10,0,10
798,2025-03-17,2025,3,17,cer,0,2,0,2
799,2025-03-17,2025,3,17,aaksoy,9,0,0,9
800,2025-03-17,2025,3,17,aayhan,4,0,1,5
801,2025-03-17,2025,3,17,merkan,20,1,0,21
802,2025-03-17,2025,3,17,fimetin,8,2,0,10
803,2025-03-17,2025,3,17,fyilanci,0,1,0,1
804,2025-03-17,2025,3,17,ezyildiz,2,8,0,10
805,2025-03-17,2025,3,17,mkorucu,94,1,0,95
806,2025-03-17,2025,3,17,eulsever,0,4,0,4
807,2025-03-17,2025,3,17,tevirgen,6,2,1,9
808,2025-03-17,2025,3,17,ebalaban,12,0,0,12
809,2025-03-17,2025,3,17,ggirgin,28,3,2,33
810,2025-03-17,2025,3,17,gkenarli,2,0,0,2
811,2025-03-17,2025,3,17,alofca,1,4,0,5
812,2025-03-17,2025,3,17,ekaradavut,1,0,0,1
813,2025-03-18,2025,3,18,sakgumus,2,0,0,2
814,2025-03-18,2025,3,18,ubasdas,2,0,0,2
815,2025-03-18,2025,3,18,aapak,0,125,0,125
816,2025-03-18,2025,3,18,udalyan,15,12,24,51
817,2025-03-18,2025,3,18,mecigdem,0,1,0,1
818,2025-03-18,2025,3,18,hakand,1,0,0,1
819,2025-03-18,2025,3,18,fgulsever,0,11,0,11
820,2025-03-18,2025,3,18,baozturk,1,1,0,2
821,2025-03-18,2025,3,18,zyuksel,27,0,0,27
822,2025-03-18,2025,3,18, modified by system 2025-04-29 10:29:20 4,13,2,0,15
823,2025-03-18,2025,3,18,gakca,4,1,0,5
824,2025-03-18,2025,3,18,aildeniz,0,11,0,11
825,2025-03-18,2025,3,18,stjegitim,3,0,19,22
826,2025-03-18,2025,3,18,fcolak,2,0,0,2
827,2025-03-18,2025,3,18,egonce,127,24,0,151
828,2025-03-18,2025,3,18,hakdemir,1,1,0,2
829,2025-03-18,2025,3,18,hbinay,3,0,0,3
830,2025-03-18,2025,3,18,gbalvan,5,0,0,5
831,2025-03-18,2025,3,18,dcolor,0,63,0,63
832,2025-03-18,2025,3,18,bfirat,37,0,0,37
833,2025-03-18,2025,3,18,hbulut,1,1,0,2
834,2025-03-18,2025,3,18,ierdil,3,0,0,3
835,2025-03-18,2025,3,18,adogan,1,0,4,5
836,2025-03-18,2025,3,18,ekoksal,2,0,0,2
837,2025-03-18,2025,3,18,gekim,0,189,0,189
838,2025-03-18,2025,3,18,otufan,5,1,0,6
839,2025-03-18,2025,3,18,akamera,0,7,0,7
840,2025-03-18,2025,3,18,ngogce,164,115,4,283
841,2025-03-18,2025,3,18,abarkod,1,0,0,1
842,2025-03-18,2025,3,18,tcapkin,0,1,0,1
843,2025-03-18,2025,3,18,nkorkmaz,1,3,3,7
844,2025-03-18,2025,3,18,cer,3,0,0,3
845,2025-03-18,2025,3,18,obali,0,7,3,10
846,2025-03-18,2025,3,18,MMUTLU,1,0,0,1
847,2025-03-18,2025,3,18,fimetin,8,3,0,11
848,2025-03-18,2025,3,18,ggirgin,14,4,0,18
849,2025-03-18,2025,3,18,fbasak,4,0,0,4
850,2025-03-18,2025,3,18,mertan,7,0,0,7
851,2025-03-18,2025,3,18,ekaradavut,1,0,0,1
852,2025-03-18,2025,3,18,aozbal,4,1,0,5
853,2025-03-18,2025,3,18,amasun,7,4,0,11
854,2025-03-18,2025,3,18,ebalaban,12,0,0,12
855,2025-03-18,2025,3,18,dnoic,9,0,1,10
856,2025-03-18,2025,3,18,eanli,2,4,0,6
857,2025-03-18,2025,3,18,gayilmaz,13,2,0,15
858,2025-03-18,2025,3,18,eulsever,0,22,0,22
859,2025-03-18,2025,3,18,tevirgen,8,0,0,8
860,2025-03-18,2025,3,18,oicoz,1,1,0,2
861,2025-03-19,2025,3,19,zyuksel,0,0,2,2
862,2025-03-19,2025,3,19,aapak,7,99,0,106
863,2025-03-19,2025,3,19,udalyan,0,0,1,1
864,2025-03-19,2025,3,19,ebtlideri,0,1,0,1
865,2025-03-19,2025,3,19,mecigdem,0,1,0,1
866,2025-03-19,2025,3,19,hakand,1,0,0,1
867,2025-03-19,2025,3,19,esaribuyuk,2,0,2,4
868,2025-03-19,2025,3,19,BSOGUT,2,0,0,2
869,2025-03-19,2025,3,19,cdonmez,0,3,0,3
870,2025-03-19,2025,3,19,fgulsever,1,28,0,29
871,2025-03-19,2025,3,19, modified by system 2025-04-29 10:29:20 4,19,0,0,19
872,2025-03-19,2025,3,19,bunver,6,1,0,7
873,2025-03-19,2025,3,19,stjegitim,0,0,2,2
874,2025-03-19,2025,3,19,aakyildiz,4,0,0,4
875,2025-03-19,2025,3,19,fcolak,27,0,0,27
876,2025-03-19,2025,3,19,egonce,49,0,0,49
877,2025-03-19,2025,3,19,hakdemir,2,3,0,5
878,2025-03-19,2025,3,19,hbinay,7,0,0,7
879,2025-03-19,2025,3,19,eozkan,0,1,0,1
880,2025-03-19,2025,3,19,dcolor,0,50,0,50
881,2025-03-19,2025,3,19,hbulut,3,0,0,3
882,2025-03-19,2025,3,19,bfirat,43,0,0,43
883,2025-03-19,2025,3,19,dayakta,3,2,0,5
884,2025-03-19,2025,3,19,secitak,1,0,0,1
885,2025-03-19,2025,3,19,ubasdas,4,0,0,4
886,2025-03-19,2025,3,19,msevim,1,0,0,1
887,2025-03-19,2025,3,19,gekim,0,157,0,157
888,2025-03-19,2025,3,19,gakca,10,2,0,12
889,2025-03-19,2025,3,19,akamera,72,5,0,77
890,2025-03-19,2025,3,19,edemirbas,39,0,0,39
891,2025-03-19,2025,3,19,tcapkin,37,5,0,42
892,2025-03-19,2025,3,19,ntanriverdi,0,8,0,8
893,2025-03-19,2025,3,19,fbasak,26,0,0,26
894,2025-03-19,2025,3,19,cer,4,0,0,4
895,2025-03-19,2025,3,19,aayhan,13,9,43,65
896,2025-03-19,2025,3,19,obali,0,1,6,7
897,2025-03-19,2025,3,19,fimetin,3,2,0,5
898,2025-03-19,2025,3,19,gkenarli,4,0,0,4
899,2025-03-19,2025,3,19,ngogce,3,4,1,8
900,2025-03-19,2025,3,19,tevirgen,4,1,3,8
901,2025-03-19,2025,3,19,eulsever,0,4,0,4
902,2025-03-19,2025,3,19,gayilmaz,3,0,0,3
903,2025-03-19,2025,3,19,okanat,1,0,0,1
904,2025-03-19,2025,3,19,mkorucu,29,0,0,29
905,2025-03-19,2025,3,19,dnoic,7,2,1,10
906,2025-03-19,2025,3,19,ezyildiz,2,2,0,4
907,2025-03-19,2025,3,19,ebalaban,13,0,0,13
908,2025-03-19,2025,3,19,amasun,4,1,0,5
909,2025-03-19,2025,3,19,eanli,0,2,0,2
910,2025-03-19,2025,3,19,SUYILMAZ,1,0,0,1
911,2025-03-19,2025,3,19,ggirgin,14,10,0,24
912,2025-03-20,2025,3,20, modified by system 2025-04-29 10:29:20 4,66,0,0,66
913,2025-03-20,2025,3,20,zyuksel,5,2,0,7
914,2025-03-20,2025,3,20,fgulsever,0,29,0,29
915,2025-03-20,2025,3,20,dayakta,0,2,0,2
916,2025-03-20,2025,3,20,udalyan,1,0,0,1
917,2025-03-20,2025,3,20,aapak,0,78,0,78
918,2025-03-20,2025,3,20,ierdil,16,0,0,16
919,2025-03-20,2025,3,20,gakca,1,1,0,2
920,2025-03-20,2025,3,20,mecigdem,9,1,0,10
921,2025-03-20,2025,3,20,kbtlideri,1,0,0,1
922,2025-03-20,2025,3,20,fcolak,5,7,0,12
923,2025-03-20,2025,3,20,ihasdemir,34,3,0,37
924,2025-03-20,2025,3,20,cyildiz,1,0,0,1
925,2025-03-20,2025,3,20,aakyildiz,7,0,0,7
926,2025-03-20,2025,3,20,mkarsiv,5,0,0,5
927,2025-03-20,2025,3,20,egonce,12,0,0,12
928,2025-03-20,2025,3,20,hakdemir,12,3,0,15
929,2025-03-20,2025,3,20,hbinay,1,0,0,1
930,2025-03-20,2025,3,20,dcolor,0,49,0,49
931,2025-03-20,2025,3,20,gekim,0,72,0,72
932,2025-03-20,2025,3,20,bfirat,43,0,0,43
933,2025-03-20,2025,3,20,ebadem,12,0,0,12
934,2025-03-20,2025,3,20,amasun,10,7,0,17
935,2025-03-20,2025,3,20,gayilmaz,5,0,0,5
936,2025-03-20,2025,3,20,ezyildiz,2,4,0,6
937,2025-03-20,2025,3,20,akamera,52,5,0,57
938,2025-03-20,2025,3,20,abarkod,1,0,0,1
939,2025-03-20,2025,3,20,ebalaban,13,0,0,13
940,2025-03-20,2025,3,20,ntanriverdi,0,3,0,3
941,2025-03-20,2025,3,20,asablon,5,0,0,5
942,2025-03-20,2025,3,20,eatansay,4,0,0,4
943,2025-03-20,2025,3,20,nkorkmaz,11,0,2,13
944,2025-03-20,2025,3,20,aayhan,1,5,6,12
945,2025-03-20,2025,3,20,fyilanci,0,2,0,2
946,2025-03-20,2025,3,20,obali,4,9,0,13
947,2025-03-20,2025,3,20,edemirbas,0,3,0,3
948,2025-03-20,2025,3,20,gkenarli,1,0,0,1
949,2025-03-20,2025,3,20,fimetin,8,1,0,9
950,2025-03-20,2025,3,20,mkorucu,2,0,0,2
951,2025-03-20,2025,3,20,eulsever,7,0,0,7
952,2025-03-20,2025,3,20,tevirgen,2,1,0,3
953,2025-03-20,2025,3,20,dnoic,1,0,0,1
954,2025-03-20,2025,3,20,mertan,1,0,0,1
955,2025-03-20,2025,3,20,okorucu,3,2,0,5
956,2025-03-20,2025,3,20,ggirgin,17,1,0,18
957,2025-03-20,2025,3,20,ayyilmaz,3,0,0,3
958,2025-03-21,2025,3,21,bfirat,39,0,0,39
959,2025-03-21,2025,3,21,cisahin,16,0,0,16
960,2025-03-21,2025,3,21,adogan,0,12,0,12
961,2025-03-21,2025,3,21,gakca,4,0,0,4
962,2025-03-21,2025,3,21,oguler,10,0,0,10
963,2025-03-21,2025,3,21,udalyan,3,0,0,3
964,2025-03-21,2025,3,21,hakand,16,0,0,16
965,2025-03-21,2025,3,21,mmollaoglu,0,8,0,8
966,2025-03-21,2025,3,21,zyuksel,1,0,0,1
967,2025-03-21,2025,3,21,acelebi,72,0,0,72
968,2025-03-21,2025,3,21,hakdemir,1,1,0,2
969,2025-03-21,2025,3,21,dcolor,0,65,0,65
970,2025-03-21,2025,3,21,ekoksal,2,2,0,4
971,2025-03-21,2025,3,21,aozbal,5,2,0,7
972,2025-03-21,2025,3,21,gsapmaz,2,0,0,2
973,2025-03-21,2025,3,21,amasun,84,20,0,104
974,2025-03-21,2025,3,21,mecigdem,2,4,0,6
975,2025-03-21,2025,3,21,ezyildiz,1,0,0,1
976,2025-03-21,2025,3,21,ebalaban,26,0,0,26
977,2025-03-21,2025,3,21,akamera,0,6,0,6
978,2025-03-21,2025,3,21,vgemici,1,0,0,1
979,2025-03-21,2025,3,21,ntanriverdi,109,1,0,110
980,2025-03-21,2025,3,21,merkan,3,0,0,3
981,2025-03-21,2025,3,21,mkarabiyik,0,2,0,2
982,2025-03-21,2025,3,21,obali,9,14,14,37
983,2025-03-21,2025,3,21,ngogce,3,2,1,6
984,2025-03-21,2025,3,21,ggirgin,15,6,0,21
985,2025-03-21,2025,3,21,tevirgen,5,4,3,12
986,2025-03-21,2025,3,21,eulsever,0,8,0,8
987,2025-03-21,2025,3,21,okanat,1,0,0,1
988,2025-03-21,2025,3,21,fimetin,2,0,0,2
989,2025-03-21,2025,3,21,klaboratuar,0,10,0,10
990,2025-03-21,2025,3,21,oicoz,0,2,0,2
991,2025-03-22,2025,3,22,hakdemir,2,0,0,2
992,2025-03-22,2025,3,22,dcolor,0,13,0,13
993,2025-03-22,2025,3,22,ebalaban,18,0,0,18
994,2025-03-23,2025,3,23,otanriverdi,4,0,0,4
995,2025-03-23,2025,3,23,mbayirli,3,0,0,3
996,2025-03-23,2025,3,23,uunver,3,0,0,3
997,2025-03-23,2025,3,23,egonce,21,2,0,23
998,2025-03-23,2025,3,23,fcolak,3,0,0,3
999,2025-03-23,2025,3,23,aakyildiz,2,0,0,2
1000,2025-03-23,2025,3,23,ihasdemir,8,0,0,8
1001,2025-03-23,2025,3,23,ebadem,30,0,0,30
1002,2025-03-23,2025,3,23,ierdil,7,0,0,7
1003,2025-03-23,2025,3,23,fgulsever,0,11,0,11
1004,2025-03-23,2025,3,23,abarkod,1,0,0,1
1005,2025-03-23,2025,3,23,aapak,20,38,0,58
1006,2025-03-23,2025,3,23,dayakta,12,0,0,12
1007,2025-03-23,2025,3,23,ubasdas,11,0,0,11
1008,2025-03-23,2025,3,23,iunlu,14,0,0,14
1009,2025-03-23,2025,3,23,gekim,0,92,0,92
1010,2025-03-23,2025,3,23,gbakanoglu,1,0,0,1
1011,2025-03-23,2025,3,23,mkorucu,1,0,0,1
1012,2025-03-23,2025,3,23,nkorkmaz,0,0,6,6
1013,2025-03-23,2025,3,23,okelepe,0,0,288,288
1014,2025-03-24,2025,3,24,fgulsever,0,3,0,3
1015,2025-03-24,2025,3,24,BSOGUT,0,1,0,1
1016,2025-03-24,2025,3,24,hakand,10,0,0,10
1017,2025-03-24,2025,3,24,gakca,2,3,0,5
1018,2025-03-24,2025,3,24,udalyan,5,2,0,7
1019,2025-03-24,2025,3,24,aapak,0,12,0,12
1020,2025-03-24,2025,3,24,ubasdas,1,0,0,1
1021,2025-03-24,2025,3,24,rkontrol,3,1,0,4
1022,2025-03-24,2025,3,24,mecigdem,0,1,0,1
1023,2025-03-24,2025,3,24,ihasdemir,0,3,0,3
1024,2025-03-24,2025,3,24,hakdemir,50,0,0,50
1025,2025-03-24,2025,3,24,fcolak,4,0,0,4
1026,2025-03-24,2025,3,24,mkarsiv,3,0,0,3
1027,2025-03-24,2025,3,24,bfirat,4,2,2,8
1028,2025-03-24,2025,3,24,hkaragoz,11,0,0,11
1029,2025-03-24,2025,3,24,eozkan,12,0,0,12
1030,2025-03-24,2025,3,24,gbalvan,4,0,0,4
1031,2025-03-24,2025,3,24,dcolor,0,36,0,36
1032,2025-03-24,2025,3,24,hbulut,8,0,0,8
1033,2025-03-24,2025,3,24,stjegitim,131,2,6,139
1034,2025-03-24,2025,3,24,saskin,4,1,0,5
1035,2025-03-24,2025,3,24,egonce,18,0,0,18
1036,2025-03-24,2025,3,24,ekaragoz,1,0,0,1
1037,2025-03-24,2025,3,24,akamera,0,1,0,1
1038,2025-03-24,2025,3,24,ngogce,0,0,1,1
1039,2025-03-24,2025,3,24,tcapkin,0,3,0,3
1040,2025-03-24,2025,3,24,ntanriverdi,0,1,0,1
1041,2025-03-24,2025,3,24,gmasistan,3,0,3,6
1042,2025-03-24,2025,3,24,bkibar,1,1,0,2
1043,2025-03-24,2025,3,24,nkorkmaz,13,11,19,43
1044,2025-03-24,2025,3,24,fbasak,2,0,0,2
1045,2025-03-24,2025,3,24,cer,0,2,0,2
1046,2025-03-24,2025,3,24,MMUTLU,3,1,1,5
1047,2025-03-24,2025,3,24,gekim,0,122,0,122
1048,2025-03-24,2025,3,24,ggirgin,10,1,0,11
1049,2025-03-24,2025,3,24,ayyilmaz,1,0,0,1
1050,2025-03-24,2025,3,24,tevirgen,0,1,0,1
1051,2025-03-24,2025,3,24,gayilmaz,4,0,0,4
1052,2025-03-24,2025,3,24,gcevik,0,3,0,3
1053,2025-03-24,2025,3,24,dnoic,19,7,0,26
1054,2025-03-24,2025,3,24,ezyildiz,4,9,0,13
1055,2025-03-24,2025,3,24,ebalaban,46,0,0,46
1056,2025-03-24,2025,3,24,amasun,66,3,0,69
1057,2025-03-24,2025,3,24,fimetin,63,1,0,64
1058,2025-03-25,2025,3,25,mguder,2,0,0,2
1059,2025-03-25,2025,3,25,fgulsever,0,25,0,25
1060,2025-03-25,2025,3,25,okelepe,0,0,140,140
1061,2025-03-25,2025,3,25,mecigdem,3,1,0,4
1062,2025-03-25,2025,3,25,gakca,3,2,0,5
1063,2025-03-25,2025,3,25,aapak,0,4,0,4
1064,2025-03-25,2025,3,25,ubasdas,0,3,0,3
1065,2025-03-25,2025,3,25,zyuksel,3,0,0,3
1066,2025-03-25,2025,3,25,fyakut,29,0,0,29
1067,2025-03-25,2025,3,25,udalyan,4,2,1,7
1068,2025-03-25,2025,3,25, modified by system 2025-04-29 10:29:20 4,2,0,0,2
1069,2025-03-25,2025,3,25,fcolak,1,0,0,1
1070,2025-03-25,2025,3,25,aildeniz,0,4,0,4
1071,2025-03-25,2025,3,25,stjegitim,1,0,0,1
1072,2025-03-25,2025,3,25,aakyildiz,20,0,0,20
1073,2025-03-25,2025,3,25,egonce,19,0,0,19
1074,2025-03-25,2025,3,25,hakdemir,15,2,0,17
1075,2025-03-25,2025,3,25,hkaragoz,27,0,0,27
1076,2025-03-25,2025,3,25,dcolor,0,64,0,64
1077,2025-03-25,2025,3,25,ekoksal,1,0,0,1
1078,2025-03-25,2025,3,25,iunlu,8,0,0,8
1079,2025-03-25,2025,3,25,bfirat,13,1,12,26
1080,2025-03-25,2025,3,25,mguray,13,0,0,13
1081,2025-03-25,2025,3,25,hbulut,10,0,0,10
1082,2025-03-25,2025,3,25,amasun,23,2,0,25
1083,2025-03-25,2025,3,25,ebalaban,29,0,0,29
1084,2025-03-25,2025,3,25,akamera,0,6,0,6
1085,2025-03-25,2025,3,25,gekim,0,80,0,80
1086,2025-03-25,2025,3,25,abarkod,11,0,0,11
1087,2025-03-25,2025,3,25,tcapkin,0,5,0,5
1088,2025-03-25,2025,3,25,ntanriverdi,0,9,0,9
1089,2025-03-25,2025,3,25,bkibar,0,2,0,2
1090,2025-03-25,2025,3,25,merkan,0,2,0,2
1091,2025-03-25,2025,3,25,nkorkmaz,5,2,0,7
1092,2025-03-25,2025,3,25,aayhan,7,80,1,88
1093,2025-03-25,2025,3,25,mkarabiyik,0,2,0,2
1094,2025-03-25,2025,3,25,MMUTLU,9,1,0,10
1095,2025-03-25,2025,3,25,ngogce,21,9,0,30
1096,2025-03-25,2025,3,25,gkenarli,4,0,0,4
1097,2025-03-25,2025,3,25,fimetin,402,0,0,402
1098,2025-03-25,2025,3,25,dnoic,33,0,8,41
1099,2025-03-25,2025,3,25,mkorucu,18,3,0,21
1100,2025-03-25,2025,3,25,gayilmaz,5,0,0,5
1101,2025-03-25,2025,3,25,ezyildiz,344,0,0,344
1102,2025-03-25,2025,3,25,tevirgen,3,2,0,5
1103,2025-03-25,2025,3,25,sulger,10,21,0,31
1104,2025-03-25,2025,3,25,ekaradavut,1,0,0,1
1105,2025-03-25,2025,3,25,ggirgin,15,3,0,18
1106,2025-03-25,2025,3,25,oasistan,10,7,0,17
1107,2025-03-26,2025,3,26,zyuksel,32,0,0,32
1108,2025-03-26,2025,3,26,amasun,163,0,0,163
1109,2025-03-26,2025,3,26,gekim,0,37,0,37
1110,2025-03-26,2025,3,26,gakca,3,1,0,4
1111,2025-03-26,2025,3,26,aapak,0,30,0,30
1112,2025-03-26,2025,3,26,mecigdem,2,1,0,3
1113,2025-03-26,2025,3,26,fgulsever,0,28,0,28
1114,2025-03-26,2025,3,26,mguder,2,0,0,2
1115,2025-03-26,2025,3,26,ihasdemir,1,0,0,1
1116,2025-03-26,2025,3,26,hakdemir,17,0,0,17
1117,2025-03-26,2025,3,26,fcolak,7,0,0,7
1118,2025-03-26,2025,3,26,mkarsiv,1,0,0,1
1119,2025-03-26,2025,3,26,egonce,14,0,0,14
1120,2025-03-26,2025,3,26,gbalvan,1,0,0,1
1121,2025-03-26,2025,3,26,dcolor,0,54,0,54
1122,2025-03-26,2025,3,26,hbulut,9,0,0,9
1123,2025-03-26,2025,3,26,bfirat,30,5,0,35
1124,2025-03-26,2025,3,26,ebalaban,47,0,0,47
1125,2025-03-26,2025,3,26,stjegitim,23,5,0,28
1126,2025-03-26,2025,3,26,ezyildiz,381,0,0,381
1127,2025-03-26,2025,3,26,ngogce,1,0,0,1
1128,2025-03-26,2025,3,26,oicoz,8,0,0,8
1129,2025-03-26,2025,3,26,vgemici,2,2,0,4
1130,2025-03-26,2025,3,26,tcapkin,0,1,0,1
1131,2025-03-26,2025,3,26,ntanriverdi,0,31,0,31
1132,2025-03-26,2025,3,26,nkorkmaz,6,0,0,6
1133,2025-03-26,2025,3,26,cer,2,0,0,2
1134,2025-03-26,2025,3,26,aayhan,42,211,0,253
1135,2025-03-26,2025,3,26,mkarabiyik,0,2,0,2
1136,2025-03-26,2025,3,26,mkofis,8,0,0,8
1137,2025-03-26,2025,3,26,obali,5,0,4,9
1138,2025-03-26,2025,3,26,dnoic,2,0,0,2
1139,2025-03-26,2025,3,26,fimetin,304,1,0,305
1140,2025-03-26,2025,3,26,gkenarli,12,0,0,12
1141,2025-03-26,2025,3,26,ggirgin,12,1,0,13
1142,2025-03-26,2025,3,26,ekaradavut,5,0,0,5
1143,2025-03-26,2025,3,26,ayyilmaz,8,0,0,8
1144,2025-03-26,2025,3,26,tevirgen,1,1,0,2
1145,2025-03-26,2025,3,26,oasistan,0,5,0,5
1146,2025-03-26,2025,3,26,gayilmaz,2,0,0,2
1147,2025-03-26,2025,3,26,MMUTLU,484,0,0,484
1148,2025-03-27,2025,3,27,mguder,26,0,0,26
1149,2025-03-27,2025,3,27,fgulsever,0,103,0,103
1150,2025-03-27,2025,3,27,mecigdem,0,1,0,1
1151,2025-03-27,2025,3,27,dayakta,1,0,0,1
1152,2025-03-27,2025,3,27,aapak,0,39,0,39
1153,2025-03-27,2025,3,27,nakilli,6,7,0,13
1154,2025-03-27,2025,3,27, modified by system 2025-04-29 10:29:20 4,5,0,0,5
1155,2025-03-27,2025,3,27,udalyan,121,0,0,121
1156,2025-03-27,2025,3,27,aildeniz,0,1,0,1
1157,2025-03-27,2025,3,27,hakdemir,2,2,0,4
1158,2025-03-27,2025,3,27,fcolak,24,112,0,136
1159,2025-03-27,2025,3,27,egonce,23,10,0,33
1160,2025-03-27,2025,3,27,mmollaoglu,0,1,0,1
1161,2025-03-27,2025,3,27,dcolor,0,55,0,55
1162,2025-03-27,2025,3,27,ekoksal,2,0,0,2
1163,2025-03-27,2025,3,27,hbulut,3,2,0,5
1164,2025-03-27,2025,3,27,bfirat,39,0,0,39
1165,2025-03-27,2025,3,27,gakca,6,4,0,10
1166,2025-03-27,2025,3,27,secitak,3,0,0,3
1167,2025-03-27,2025,3,27,gekim,0,120,0,120
1168,2025-03-27,2025,3,27,uunver,3,0,0,3
1169,2025-03-27,2025,3,27,amasun,75,0,0,75
1170,2025-03-27,2025,3,27,akamera,0,3,0,3
1171,2025-03-27,2025,3,27,ngogce,0,2,1,3
1172,2025-03-27,2025,3,27,abarkod,2,0,0,2
1173,2025-03-27,2025,3,27,vgemici,1,0,0,1
1174,2025-03-27,2025,3,27,tcapkin,0,4,0,4
1175,2025-03-27,2025,3,27,bbusta,1,0,0,1
1176,2025-03-27,2025,3,27,ntanriverdi,0,2,0,2
1177,2025-03-27,2025,3,27,eatansay,2,2,0,4
1178,2025-03-27,2025,3,27,fyilanci,0,2,0,2
1179,2025-03-27,2025,3,27,fbasak,3,0,0,3
1180,2025-03-27,2025,3,27,obali,0,1,0,1
1181,2025-03-27,2025,3,27,fimetin,277,5,0,282
1182,2025-03-27,2025,3,27,ggirgin,4,1,0,5
1183,2025-03-27,2025,3,27,mertan,8,0,0,8
1184,2025-03-27,2025,3,27,tevirgen,13,47,33,93
1185,2025-03-27,2025,3,27,oasistan,0,4,0,4
1186,2025-03-27,2025,3,27,dnoic,16,0,0,16
1187,2025-03-27,2025,3,27,ezyildiz,328,0,0,328
1188,2025-03-27,2025,3,27,ebalaban,25,0,0,25
1189,2025-03-27,2025,3,27,mkofis,3,0,0,3
1190,2025-03-28,2025,3,28,gakca,2,5,0,7
1191,2025-03-28,2025,3,28,amasun,5,0,0,5
1192,2025-03-28,2025,3,28,gcengelli,10,2,0,12
1193,2025-03-28,2025,3,28,udalyan,2,0,0,2
1194,2025-03-28,2025,3,28,bfirat,40,0,0,40
1195,2025-03-28,2025,3,28,eyuksel,11,2,0,13
1196,2025-03-28,2025,3,28,hakdemir,1,0,0,1
1197,2025-03-28,2025,3,28,dcolor,0,59,0,59
1198,2025-03-28,2025,3,28,ezyildiz,11,3,0,14
1199,2025-03-28,2025,3,28,zyuksel,31,0,0,31
1200,2025-03-28,2025,3,28,oicoz,1,4,0,5
1201,2025-03-28,2025,3,28,ebalaban,16,4,0,20
1202,2025-03-28,2025,3,28,eulsever,0,19,0,19
1203,2025-03-28,2025,3,28,gayilmaz,8,0,0,8
1204,2025-03-28,2025,3,28,akamera,11,6,0,17
1205,2025-03-28,2025,3,28,ngogce,35,1,11,47
1206,2025-03-28,2025,3,28,ntanriverdi,55,1,0,56
1207,2025-03-28,2025,3,28,mkarabiyik,0,4,0,4
1208,2025-03-28,2025,3,28,vgemici,1,0,0,1
1209,2025-03-28,2025,3,28,fimetin,86,3,0,89
1210,2025-03-28,2025,3,28,gkenarli,8,6,0,14
1211,2025-03-28,2025,3,28,ggirgin,99,9,0,108
1212,2025-03-28,2025,3,28,tevirgen,0,3,1,4
1213,2025-03-28,2025,3,28,obali,4,1,4,9
1214,2025-03-29,2025,3,29,dcolor,0,3,0,3
1215,2025-04-01,2025,4,1,BSOGUT,1,1,0,2
1216,2025-04-01,2025,4,1,mbayirli,18,0,0,18
1217,2025-04-01,2025,4,1,ierdil,3,0,0,3
1218,2025-04-01,2025,4,1,udalyan,1,0,0,1
1219,2025-04-01,2025,4,1,fgulsever,0,261,0,261
1220,2025-04-01,2025,4,1,gekim,0,50,0,50
1221,2025-04-01,2025,4,1,dnoic,8,0,0,8
1222,2025-04-01,2025,4,1,abarkod,11,0,0,11
1223,2025-04-01,2025,4,1,aapak,15,6,0,21
1224,2025-04-02,2025,4,2,aapak,0,1,0,1
1225,2025-04-02,2025,4,2,udalyan,1,2,1,4
1226,2025-04-02,2025,4,2,BSOGUT,0,1,0,1
1227,2025-04-02,2025,4,2,fgulsever,0,162,0,162
1228,2025-04-02,2025,4,2,ebadem,6,0,0,6
1229,2025-04-02,2025,4,2,aildeniz,1,0,0,1
1230,2025-04-02,2025,4,2,bbugdayci,2,4,0,6
1231,2025-04-02,2025,4,2,fcolak,5,0,0,5
1232,2025-04-02,2025,4,2,hakdemir,6,1,0,7
1233,2025-04-02,2025,4,2,hbinay,29,0,0,29
1234,2025-04-02,2025,4,2,eozkan,4,4,0,8
1235,2025-04-02,2025,4,2,dcolor,0,39,0,39
1236,2025-04-02,2025,4,2,ersener,50,0,0,50
1237,2025-04-02,2025,4,2,bfirat,35,0,0,35
1238,2025-04-02,2025,4,2,gakca,3,3,0,6
1239,2025-04-02,2025,4,2,secitak,41,0,0,41
1240,2025-04-02,2025,4,2,adogan,2,0,0,2
1241,2025-04-02,2025,4,2,zyuksel,0,0,3,3
1242,2025-04-02,2025,4,2,gekim,0,130,0,130
1243,2025-04-02,2025,4,2,ngogce,7,36,0,43
1244,2025-04-02,2025,4,2,abarkod,4,0,0,4
1245,2025-04-02,2025,4,2,nkorkmaz,1,0,0,1
1246,2025-04-02,2025,4,2,fbasak,1,0,0,1
1247,2025-04-02,2025,4,2,MMUTLU,0,3,0,3
1248,2025-04-02,2025,4,2,fimetin,86,3,0,89
1249,2025-04-02,2025,4,2,ggirgin,27,4,0,31
1250,2025-04-02,2025,4,2,tevirgen,6,4,0,10
1251,2025-04-02,2025,4,2,obali,0,4,0,4
1252,2025-04-02,2025,4,2,gayilmaz,1,0,0,1
1253,2025-04-02,2025,4,2,iunlu,7,0,0,7
1254,2025-04-02,2025,4,2,klaboratuar,0,2,0,2
1255,2025-04-02,2025,4,2,ezyildiz,80,0,0,80
1256,2025-04-02,2025,4,2,ebalaban,8,48,0,56
1257,2025-04-02,2025,4,2,amasun,12,7,0,19
1258,2025-04-02,2025,4,2,gbakanoglu,1,0,0,1
1259,2025-04-02,2025,4,2,eulsever,0,4,0,4
1260,2025-04-03,2025,4,3,zyuksel,43,0,0,43
1261,2025-04-03,2025,4,3,mguder,4,0,0,4
1262,2025-04-03,2025,4,3,itopcu,1,0,0,1
1263,2025-04-03,2025,4,3,hakand,2,1,0,3
1264,2025-04-03,2025,4,3,BSOGUT,1,1,16,18
1265,2025-04-03,2025,4,3,esaribuyuk,0,2,0,2
1266,2025-04-03,2025,4,3, modified by system 2025-04-29 10:29:20 4,9,0,0,9
1267,2025-04-03,2025,4,3,fgulsever,0,24,0,24
1268,2025-04-03,2025,4,3,ierdil,3,0,0,3
1269,2025-04-03,2025,4,3,bunver,8,0,3,11
1270,2025-04-03,2025,4,3,aakyildiz,1,0,0,1
1271,2025-04-03,2025,4,3,fcolak,16,0,0,16
1272,2025-04-03,2025,4,3,hakdemir,2,2,0,4
1273,2025-04-03,2025,4,3,hbinay,8,0,0,8
1274,2025-04-03,2025,4,3,dcolor,0,65,0,65
1275,2025-04-03,2025,4,3,hbulut,12,0,0,12
1276,2025-04-03,2025,4,3,bfirat,63,0,0,63
1277,2025-04-03,2025,4,3,mecigdem,0,1,0,1
1278,2025-04-03,2025,4,3,ihasdemir,32,13,0,45
1279,2025-04-03,2025,4,3,udalyan,13,5,0,18
1280,2025-04-03,2025,4,3,fyakut,3,0,0,3
1281,2025-04-03,2025,4,3,gakca,1,3,0,4
1282,2025-04-03,2025,4,3,akamera,1,0,0,1
1283,2025-04-03,2025,4,3,abarkod,2,0,0,2
1284,2025-04-03,2025,4,3,asablon,2,0,0,2
1285,2025-04-03,2025,4,3,aapak,0,2,0,2
1286,2025-04-03,2025,4,3,cer,2,1,0,3
1287,2025-04-03,2025,4,3,MMUTLU,50,0,0,50
1288,2025-04-03,2025,4,3,fimetin,3,3,0,6
1289,2025-04-03,2025,4,3,ggirgin,6,1,0,7
1290,2025-04-03,2025,4,3,ayyilmaz,1,0,0,1
1291,2025-04-03,2025,4,3,fbasak,4,0,0,4
1292,2025-04-03,2025,4,3,eulsever,0,3,0,3
1293,2025-04-03,2025,4,3,ogungor,6,0,0,6
1294,2025-04-03,2025,4,3,dnoic,6,0,0,6
1295,2025-04-03,2025,4,3,ezyildiz,18,1,0,19
1296,2025-04-03,2025,4,3,ebalaban,29,0,0,29
1297,2025-04-03,2025,4,3,amasun,6,4,0,10
1298,2025-04-03,2025,4,3,gekim,0,64,0,64
1299,2025-04-03,2025,4,3,tevirgen,0,1,0,1
1300,2025-04-04,2025,4,4,udalyan,0,0,1,1
1301,2025-04-04,2025,4,4,hakand,0,2,0,2
1302,2025-04-04,2025,4,4,baozturk,2,0,0,2
1303,2025-04-04,2025,4,4,gsapmaz,28,0,0,28
1304,2025-04-04,2025,4,4,carican,6,0,0,6
1305,2025-04-04,2025,4,4,hakdemir,6,3,0,9
1306,2025-04-04,2025,4,4,mguder,11,0,0,11
1307,2025-04-04,2025,4,4,mkarsiv,2,0,0,2
1308,2025-04-04,2025,4,4,dcolor,0,42,0,42
1309,2025-04-04,2025,4,4,hbulut,4,2,0,6
1310,2025-04-04,2025,4,4,gakca,2,2,0,4
1311,2025-04-04,2025,4,4,bfirat,76,4,0,80
1312,2025-04-04,2025,4,4,saskin,18,0,0,18
1313,2025-04-04,2025,4,4,MMUTLU,37,0,0,37
1314,2025-04-04,2025,4,4,ebalaban,34,2,0,36
1315,2025-04-04,2025,4,4,amasun,18,24,0,42
1316,2025-04-04,2025,4,4,ngogce,0,0,3,3
1317,2025-04-04,2025,4,4,asablon,11,0,0,11
1318,2025-04-04,2025,4,4,cer,20,0,0,20
1319,2025-04-04,2025,4,4,mkarabiyik,0,1,0,1
1320,2025-04-04,2025,4,4,akamera,0,2,0,2
1321,2025-04-04,2025,4,4,ggirgin,39,4,0,43
1322,2025-04-04,2025,4,4,tevirgen,8,3,18,29
1323,2025-04-04,2025,4,4,eulsever,0,25,0,25
1324,2025-04-04,2025,4,4,ezyildiz,168,0,0,168
1325,2025-04-04,2025,4,4,fimetin,94,1,0,95
1326,2025-04-05,2025,4,5,ebalaban,84,0,0,84
1327,2025-04-05,2025,4,5,akocak,0,13,0,13
1328,2025-04-05,2025,4,5,dcolor,0,34,0,34
1329,2025-04-06,2025,4,6,aapak,5,6,0,11
1330,2025-04-06,2025,4,6,dcolor,0,4,0,4
1331,2025-04-06,2025,4,6,fcolak,8,2,0,10
1332,2025-04-06,2025,4,6,ebadem,1,0,0,1
1333,2025-04-06,2025,4,6,fgulsever,3,2,0,5
1334,2025-04-06,2025,4,6,gekim,0,110,0,110
1335,2025-04-06,2025,4,6,egonce,22,0,0,22
1336,2025-04-06,2025,4,6,fakgul,1,0,0,1
1337,2025-04-06,2025,4,6,okorucu,3,0,0,3
1338,2025-04-06,2025,4,6,aayhan,4,4,0,8
1339,2025-04-06,2025,4,6,nkorkmaz,5,0,0,5
1340,2025-04-06,2025,4,6,tcapkin,11,0,0,11
1341,2025-04-06,2025,4,6,abarkod,22,0,0,22
1342,2025-04-06,2025,4,6,dnoic,1,0,0,1
1343,2025-04-07,2025,4,7,rkontrol,1,0,0,1
1344,2025-04-07,2025,4,7,ebadem,2,0,0,2
1345,2025-04-07,2025,4,7,ierdil,1,0,0,1
1346,2025-04-07,2025,4,7,zyuksel,0,0,2,2
1347,2025-04-07,2025,4,7,fgulsever,0,89,0,89
1348,2025-04-07,2025,4,7,itopcu,10,1,1,12
1349,2025-04-07,2025,4,7,stjegitim,0,0,5,5
1350,2025-04-07,2025,4,7,okelepe,7,47,0,54
1351,2025-04-07,2025,4,7,hakand,4,3,0,7
1352,2025-04-07,2025,4,7,udalyan,0,1,1,2
1353,2025-04-07,2025,4,7,mguder,14,0,0,14
1354,2025-04-07,2025,4,7,cyildiz,1,1,0,2
1355,2025-04-07,2025,4,7,mkarsiv,1,0,0,1
1356,2025-04-07,2025,4,7,fcolak,1,0,0,1
1357,2025-04-07,2025,4,7,egonce,35,21,0,56
1358,2025-04-07,2025,4,7,herbilgin,28,0,0,28
1359,2025-04-07,2025,4,7,hakdemir,9,0,0,9
1360,2025-04-07,2025,4,7,mbayirli,1,0,0,1
1361,2025-04-07,2025,4,7,akocak,0,5,0,5
1362,2025-04-07,2025,4,7,dcolor,0,50,0,50
1363,2025-04-07,2025,4,7,ersener,6,0,0,6
1364,2025-04-07,2025,4,7,hbulut,9,0,0,9
1365,2025-04-07,2025,4,7,bunver,1,0,0,1
1366,2025-04-07,2025,4,7,aapak,0,12,0,12
1367,2025-04-07,2025,4,7,aakyildiz,25,0,0,25
1368,2025-04-07,2025,4,7,ubasdas,3,0,0,3
1369,2025-04-07,2025,4,7,hbinay,4,0,0,4
1370,2025-04-07,2025,4,7,gekim,0,65,0,65
1371,2025-04-07,2025,4,7,akamera,0,31,0,31
1372,2025-04-07,2025,4,7,abarkod,1,0,0,1
1373,2025-04-07,2025,4,7,tcapkin,1,3,0,4
1374,2025-04-07,2025,4,7,ntanriverdi,0,24,0,24
1375,2025-04-07,2025,4,7,gakca,1,3,0,4
1376,2025-04-07,2025,4,7,fbasak,3,0,0,3
1377,2025-04-07,2025,4,7,cer,0,1,0,1
1378,2025-04-07,2025,4,7,fyilanci,4,0,0,4
1379,2025-04-07,2025,4,7,obali,2,0,2,4
1380,2025-04-07,2025,4,7,MMUTLU,0,1,0,1
1381,2025-04-07,2025,4,7,fimetin,77,0,0,77
1382,2025-04-07,2025,4,7,ggirgin,52,18,0,70
1383,2025-04-07,2025,4,7,ngogce,0,18,6,24
1384,2025-04-07,2025,4,7,eulsever,0,14,0,14
1385,2025-04-07,2025,4,7,gayilmaz,1,0,0,1
1386,2025-04-07,2025,4,7,ogungor,3,0,0,3
1387,2025-04-07,2025,4,7,oicoz,1,0,0,1
1388,2025-04-07,2025,4,7,mkorucu,5,0,0,5
1389,2025-04-07,2025,4,7,dnoic,1,0,1,2
1390,2025-04-07,2025,4,7,ezyildiz,80,0,0,80
1391,2025-04-07,2025,4,7,ebalaban,7,0,0,7
1392,2025-04-07,2025,4,7,amasun,1,2,0,3
1393,2025-04-07,2025,4,7,eanli,0,8,0,8
1394,2025-04-07,2025,4,7,gcengelli,13,1,0,14
1395,2025-04-07,2025,4,7,tevirgen,5,3,0,8
1396,2025-04-08,2025,4,8,zyuksel,2,0,0,2
1397,2025-04-08,2025,4,8,fgulsever,0,60,0,60
1398,2025-04-08,2025,4,8,BSOGUT,0,0,33,33
1399,2025-04-08,2025,4,8,gakca,0,1,0,1
1400,2025-04-08,2025,4,8,udalyan,0,0,36,36
1401,2025-04-08,2025,4,8,dayakta,1,0,0,1
1402,2025-04-08,2025,4,8,ubasdas,12,0,0,12
1403,2025-04-08,2025,4,8,kbtlideri,1,0,0,1
1404,2025-04-08,2025,4,8,esaribuyuk,4,1,0,5
1405,2025-04-08,2025,4,8,ebadem,40,1,0,41
1406,2025-04-08,2025,4,8,hakdemir,8,8,0,16
1407,2025-04-08,2025,4,8,stjegitim,0,0,13,13
1408,2025-04-08,2025,4,8,fcolak,10,0,0,10
1409,2025-04-08,2025,4,8,mkarsiv,8,1,0,9
1410,2025-04-08,2025,4,8,egonce,54,0,0,54
1411,2025-04-08,2025,4,8,mmollaoglu,0,11,0,11
1412,2025-04-08,2025,4,8,hkaragoz,1,0,0,1
1413,2025-04-08,2025,4,8,dcolor,0,59,0,59
1414,2025-04-08,2025,4,8,ekoksal,3,0,0,3
1415,2025-04-08,2025,4,8,bfirat,87,5,0,92
1416,2025-04-08,2025,4,8,adogan,13,0,0,13
1417,2025-04-08,2025,4,8,aildeniz,8,0,0,8
1418,2025-04-08,2025,4,8,saskin,11,0,0,11
1419,2025-04-08,2025,4,8,hbulut,18,0,0,18
1420,2025-04-08,2025,4,8,gekim,0,71,0,71
1421,2025-04-08,2025,4,8,akamera,0,3,0,3
1422,2025-04-08,2025,4,8,bsakrak,10,0,0,10
1423,2025-04-08,2025,4,8,ngogce,8,0,0,8
1424,2025-04-08,2025,4,8,edemirbas,0,1,1,2
1425,2025-04-08,2025,4,8,tcapkin,1,1,0,2
1426,2025-04-08,2025,4,8,ntanriverdi,0,71,0,71
1427,2025-04-08,2025,4,8,merkan,0,2,0,2
1428,2025-04-08,2025,4,8,cer,0,2,0,2
1429,2025-04-08,2025,4,8,aaksoy,1,0,0,1
1430,2025-04-08,2025,4,8,obali,4,2,0,6
1431,2025-04-08,2025,4,8,fbasak,21,6,0,27
1432,2025-04-08,2025,4,8,fimetin,93,0,0,93
1433,2025-04-08,2025,4,8,gbakanoglu,0,1,0,1
1434,2025-04-08,2025,4,8,MMUTLU,13,2,0,15
1435,2025-04-08,2025,4,8,ezyildiz,16,2,0,18
1436,2025-04-08,2025,4,8,dnoic,7,1,1,9
1437,2025-04-08,2025,4,8,eulsever,0,20,0,20
1438,2025-04-08,2025,4,8,amasun,17,33,0,50
1439,2025-04-08,2025,4,8,ekaradavut,2,0,0,2
1440,2025-04-08,2025,4,8,ggirgin,12,5,0,17
1441,2025-04-08,2025,4,8,gkenarli,8,0,0,8
1442,2025-04-08,2025,4,8,tevirgen,4,1,2,7
1443,2025-04-09,2025,4,9,fcolak,8,34,0,42
1444,2025-04-09,2025,4,9,okelepe,0,35,0,35
1445,2025-04-09,2025,4,9,fgulsever,0,3,0,3
1446,2025-04-09,2025,4,9,mguder,2,0,4,6
1447,2025-04-09,2025,4,9,zyuksel,25,1,13,39
1448,2025-04-09,2025,4,9,mguray,12,3,0,15
1449,2025-04-09,2025,4,9,stjegitim,1,0,0,1
1450,2025-04-09,2025,4,9,nkaya,0,1,0,1
1451,2025-04-09,2025,4,9,mkarsiv,0,4,0,4
1452,2025-04-09,2025,4,9,bunver,22,0,0,22
1453,2025-04-09,2025,4,9,hakdemir,36,3,0,39
1454,2025-04-09,2025,4,9,uunver,5,0,0,5
1455,2025-04-09,2025,4,9,hbinay,5,0,0,5
1456,2025-04-09,2025,4,9,akocak,0,18,13,31
1457,2025-04-09,2025,4,9,dcolor,0,58,0,58
1458,2025-04-09,2025,4,9,ersener,2,0,0,2
1459,2025-04-09,2025,4,9,hbulut,9,0,0,9
1460,2025-04-09,2025,4,9,bfirat,37,0,0,37
1461,2025-04-09,2025,4,9,mecigdem,2,3,0,5
1462,2025-04-09,2025,4,9,egonce,9,1,0,10
1463,2025-04-09,2025,4,9,aapak,0,16,0,16
1464,2025-04-09,2025,4,9,BSOGUT,1,0,0,1
1465,2025-04-09,2025,4,9,gcengelli,34,3,0,37
1466,2025-04-09,2025,4,9,gekim,0,119,0,119
1467,2025-04-09,2025,4,9,ngogce,24,2,6,32
1468,2025-04-09,2025,4,9,abarkod,24,0,0,24
1469,2025-04-09,2025,4,9,vgemici,1,0,0,1
1470,2025-04-09,2025,4,9,ayetik,1,0,0,1
1471,2025-04-09,2025,4,9,fbasak,1,2,6,9
1472,2025-04-09,2025,4,9,obali,0,1,0,1
1473,2025-04-09,2025,4,9,MMUTLU,0,3,0,3
1474,2025-04-09,2025,4,9,fimetin,172,0,0,172
1475,2025-04-09,2025,4,9,ntanriverdi,9,3,0,12
1476,2025-04-09,2025,4,9,ggirgin,29,1,0,30
1477,2025-04-09,2025,4,9,sulger,4,21,0,25
1478,2025-04-09,2025,4,9,tevirgen,2,8,0,10
1479,2025-04-09,2025,4,9,gayilmaz,15,1,0,16
1480,2025-04-09,2025,4,9,ogungor,10,0,0,10
1481,2025-04-09,2025,4,9,oicoz,6,0,0,6
1482,2025-04-09,2025,4,9,ezyildiz,176,0,0,176
1483,2025-04-09,2025,4,9,ebalaban,46,0,0,46
1484,2025-04-09,2025,4,9,gkenarli,4,0,0,4
1485,2025-04-09,2025,4,9,eanli,0,6,0,6
1486,2025-04-10,2025,4,10,itopcu,4,0,0,4
1487,2025-04-10,2025,4,10,fgulsever,0,13,0,13
1488,2025-04-10,2025,4,10,cdonmez,0,2,0,2
1489,2025-04-10,2025,4,10,hakand,2,0,0,2
1490,2025-04-10,2025,4,10,mecigdem,0,1,0,1
1491,2025-04-10,2025,4,10,ubasdas,59,0,0,59
1492,2025-04-10,2025,4,10,aapak,0,61,0,61
1493,2025-04-10,2025,4,10,dayakta,10,8,0,18
1494,2025-04-10,2025,4,10,kdeda,5,2,1,8
1495,2025-04-10,2025,4,10,bfirat,75,0,0,75
1496,2025-04-10,2025,4,10,mguder,2,1,0,3
1497,2025-04-10,2025,4,10,udalyan,1,3,0,4
1498,2025-04-10,2025,4,10, modified by system 2025-04-29 10:29:20 4,20,25,2,47
1499,2025-04-10,2025,4,10,BDEMIRAL,0,3,0,3
1500,2025-04-10,2025,4,10,ihasdemir,109,5,0,114
1501,2025-04-10,2025,4,10,secitak,0,2,0,2
1502,2025-04-10,2025,4,10,nkaya,1,0,0,1
1503,2025-04-10,2025,4,10,aakyildiz,4,1,0,5
1504,2025-04-10,2025,4,10,egonce,19,1,0,20
1505,2025-04-10,2025,4,10,hakdemir,212,3,0,215
1506,2025-04-10,2025,4,10,uunver,4,0,0,4
1507,2025-04-10,2025,4,10,SKARTOGLU,9,0,0,9
1508,2025-04-10,2025,4,10,dcolor,0,45,0,45
1509,2025-04-10,2025,4,10,ekoksal,13,0,0,13
1510,2025-04-10,2025,4,10,hbulut,4,0,0,4
1511,2025-04-10,2025,4,10,gakca,1,1,0,2
1512,2025-04-10,2025,4,10,aildeniz,0,0,1,1
1513,2025-04-10,2025,4,10,iunlu,13,0,0,13
1514,2025-04-10,2025,4,10,ezyildiz,49,0,0,49
1515,2025-04-10,2025,4,10,cisahin,0,0,2,2
1516,2025-04-10,2025,4,10,gekim,0,135,0,135
1517,2025-04-10,2025,4,10,akamera,0,5,0,5
1518,2025-04-10,2025,4,10,ngogce,3,1,1,5
1519,2025-04-10,2025,4,10,abarkod,3,0,0,3
1520,2025-04-10,2025,4,10,tcapkin,0,3,0,3
1521,2025-04-10,2025,4,10,ntanriverdi,0,1,0,1
1522,2025-04-10,2025,4,10,gmasistan,0,0,6,6
1523,2025-04-10,2025,4,10,merkan,0,3,0,3
1524,2025-04-10,2025,4,10,cer,31,14,0,45
1525,2025-04-10,2025,4,10,ogun,2,0,0,2
1526,2025-04-10,2025,4,10,mkarabiyik,0,1,0,1
1527,2025-04-10,2025,4,10,obali,2,4,1,7
1528,2025-04-10,2025,4,10,MMUTLU,4,14,1,19
1529,2025-04-10,2025,4,10,fbasak,1,0,7,8
1530,2025-04-10,2025,4,10,ggirgin,26,8,0,34
1531,2025-04-10,2025,4,10,fimetin,72,1,0,73
1532,2025-04-10,2025,4,10,dnoic,50,1,6,57
1533,2025-04-10,2025,4,10,gcevik,19,0,0,19
1534,2025-04-10,2025,4,10,mkorucu,7,0,0,7
1535,2025-04-10,2025,4,10,oicoz,3,0,0,3
1536,2025-04-10,2025,4,10,okanat,4,0,0,4
1537,2025-04-10,2025,4,10,ebalaban,30,0,0,30
1538,2025-04-10,2025,4,10,nibolkis,7,0,4,11
1539,2025-04-10,2025,4,10,eulsever,25,0,0,25
1540,2025-04-10,2025,4,10,tevirgen,6,0,0,6
1541,2025-04-10,2025,4,10,mertan,32,0,0,32
1542,2025-04-10,2025,4,10,TIRMAK,2,0,0,2
1543,2025-04-11,2025,4,11,ebalaban,26,0,0,26
1544,2025-04-11,2025,4,11,gakca,6,0,0,6
1545,2025-04-11,2025,4,11,mguder,12,0,0,12
1546,2025-04-11,2025,4,11,zyuksel,37,1,2,40
1547,2025-04-11,2025,4,11,hakdemir,4,4,0,8
1548,2025-04-11,2025,4,11,akocak,35,126,0,161
1549,2025-04-11,2025,4,11,dcolor,0,74,0,74
1550,2025-04-11,2025,4,11,hbulut,15,1,0,16
1551,2025-04-11,2025,4,11,bfirat,71,0,0,71
1552,2025-04-11,2025,4,11,ezyildiz,8,0,0,8
1553,2025-04-11,2025,4,11,mmollaoglu,0,0,1,1
1554,2025-04-11,2025,4,11,oicoz,3,10,0,13
1555,2025-04-11,2025,4,11,obali,1,0,1,2
1556,2025-04-11,2025,4,11,eulsever,15,0,0,15
1557,2025-04-11,2025,4,11,tevirgen,0,0,3,3
1558,2025-04-11,2025,4,11,ayyilmaz,1,0,0,1
1559,2025-04-11,2025,4,11,ekaradavut,3,0,0,3
1560,2025-04-11,2025,4,11,ggirgin,70,7,0,77
1561,2025-04-11,2025,4,11,fimetin,5,1,0,6
1562,2025-04-11,2025,4,11,fyilanci,3,0,0,3
1563,2025-04-11,2025,4,11,ntanriverdi,7,0,0,7
1564,2025-04-11,2025,4,11,ngogce,2,0,1,3
1565,2025-04-11,2025,4,11,akamera,0,3,0,3
1566,2025-04-11,2025,4,11,gayilmaz,6,1,0,7
1567,2025-04-12,2025,4,12,dcolor,0,31,0,31
1568,2025-04-12,2025,4,12,hbinay,2,0,0,2
1569,2025-04-12,2025,4,12,oicoz,55,0,0,55
1570,2025-04-12,2025,4,12,ezyildiz,9,1,0,10
1571,2025-04-12,2025,4,12,ebalaban,6,0,0,6
1572,2025-04-13,2025,4,13,fgulsever,3,96,0,99
1573,2025-04-13,2025,4,13,akocak,0,2,0,2
1574,2025-04-13,2025,4,13,uunver,5,0,0,5
1575,2025-04-13,2025,4,13,egonce,19,0,0,19
1576,2025-04-13,2025,4,13,dcolor,0,3,0,3
1577,2025-04-13,2025,4,13,secitak,9,14,0,23
1578,2025-04-13,2025,4,13,ihasdemir,85,1,0,86
1579,2025-04-13,2025,4,13,aapak,0,111,0,111
1580,2025-04-13,2025,4,13,fcolak,5,0,0,5
1581,2025-04-13,2025,4,13,gekim,0,121,0,121
1582,2025-04-13,2025,4,13,ebalaban,5,0,0,5
1583,2025-04-13,2025,4,13,dnoic,7,0,9,16
1584,2025-04-13,2025,4,13,gcevik,3,0,0,3
1585,2025-04-13,2025,4,13,fbasak,7,1,12,20
1586,2025-04-13,2025,4,13,edemirbas,0,0,2,2
1587,2025-04-13,2025,4,13,abarkod,1,0,0,1
1588,2025-04-13,2025,4,13,nakilli,1,0,1,2
1589,2025-04-14,2025,4,14,baozturk,5,0,0,5
1590,2025-04-14,2025,4,14,fgulsever,0,14,0,14
1591,2025-04-14,2025,4,14,okelepe,0,1,0,1
1592,2025-04-14,2025,4,14,gakca,19,6,0,25
1593,2025-04-14,2025,4,14,ubasdas,53,7,0,60
1594,2025-04-14,2025,4,14,mguder,4,0,0,4
1595,2025-04-14,2025,4,14,iunlu,2,0,0,2
1596,2025-04-14,2025,4,14,aapak,0,64,0,64
1597,2025-04-14,2025,4,14,zyuksel,41,0,0,41
1598,2025-04-14,2025,4,14,mkarsiv,3,0,0,3
1599,2025-04-14,2025,4,14,stjegitim,2,3,11,16
1600,2025-04-14,2025,4,14,fcolak,1,0,0,1
1601,2025-04-14,2025,4,14,gekim,0,107,0,107
1602,2025-04-14,2025,4,14,egonce,17,24,0,41
1603,2025-04-14,2025,4,14,herbilgin,7,0,0,7
1604,2025-04-14,2025,4,14,hakdemir,2,2,0,4
1605,2025-04-14,2025,4,14,eozkan,1,0,0,1
1606,2025-04-14,2025,4,14,dcolor,0,43,0,43
1607,2025-04-14,2025,4,14,hbulut,17,0,0,17
1608,2025-04-14,2025,4,14,bfirat,27,0,0,27
1609,2025-04-14,2025,4,14,mguray,2,0,0,2
1610,2025-04-14,2025,4,14,gcengelli,0,4,0,4
1611,2025-04-14,2025,4,14,udalyan,5,5,25,35
1612,2025-04-14,2025,4,14,eanli,1,3,0,4
1613,2025-04-14,2025,4,14,gbakanoglu,1,0,0,1
1614,2025-04-14,2025,4,14,ngogce,10,24,14,48
1615,2025-04-14,2025,4,14,abarkod,16,0,0,16
1616,2025-04-14,2025,4,14,ntanriverdi,10,1,0,11
1617,2025-04-14,2025,4,14,merkan,1,0,0,1
1618,2025-04-14,2025,4,14,fbasak,1,2,0,3
1619,2025-04-14,2025,4,14,cer,0,1,0,1
1620,2025-04-14,2025,4,14,ogun,1,0,0,1
1621,2025-04-14,2025,4,14,aayhan,45,118,9,172
1622,2025-04-14,2025,4,14,fyilanci,9,0,0,9
1623,2025-04-14,2025,4,14,akamera,28,1,0,29
1624,2025-04-14,2025,4,14,MMUTLU,17,4,1,22
1625,2025-04-14,2025,4,14,ggirgin,68,8,0,76
1626,2025-04-14,2025,4,14,tevirgen,8,6,0,14
1627,2025-04-14,2025,4,14,eulsever,1,16,0,17
1628,2025-04-14,2025,4,14,gayilmaz,4,0,0,4
1629,2025-04-14,2025,4,14,dnoic,6,25,1,32
1630,2025-04-14,2025,4,14,ezyildiz,40,2,0,42
1631,2025-04-14,2025,4,14,ebalaban,7,0,0,7
1632,2025-04-14,2025,4,14,amasun,59,41,0,100
1633,2025-04-14,2025,4,14,mkofis,6,0,0,6
1634,2025-04-15,2025,4,15,mecigdem,0,3,0,3
1635,2025-04-15,2025,4,15,udalyan,7,1,1,9
1636,2025-04-15,2025,4,15,aapak,0,22,0,22
1637,2025-04-15,2025,4,15,gekim,0,146,0,146
1638,2025-04-15,2025,4,15,adogan,0,1,0,1
1639,2025-04-15,2025,4,15,bsakrak,1,1,0,2
1640,2025-04-15,2025,4,15,hakand,10,0,0,10
1641,2025-04-15,2025,4,15,gakca,0,5,0,5
1642,2025-04-15,2025,4,15,fgulsever,0,5,0,5
1643,2025-04-15,2025,4,15,fcolak,5,9,0,14
1644,2025-04-15,2025,4,15,mguder,7,23,0,30
1645,2025-04-15,2025,4,15,ihasdemir,80,1,0,81
1646,2025-04-15,2025,4,15,aakyildiz,12,0,0,12
1647,2025-04-15,2025,4,15,bfirat,65,9,0,74
1648,2025-04-15,2025,4,15,hakdemir,1,0,0,1
1649,2025-04-15,2025,4,15,dcolor,0,47,0,47
1650,2025-04-15,2025,4,15,hbulut,1,0,0,1
1651,2025-04-15,2025,4,15,eanli,0,6,0,6
1652,2025-04-15,2025,4,15,baozturk,2,0,0,2
1653,2025-04-15,2025,4,15,amasun,13,0,0,13
1654,2025-04-15,2025,4,15,egonce,29,12,0,41
1655,2025-04-15,2025,4,15,ezyildiz,13,0,0,13
1656,2025-04-15,2025,4,15,ebalaban,6,0,0,6
1657,2025-04-15,2025,4,15,ngogce,7,1,34,42
1658,2025-04-15,2025,4,15,vgemici,72,1,0,73
1659,2025-04-15,2025,4,15,tcapkin,5,0,0,5
1660,2025-04-15,2025,4,15,fbasak,2,0,0,2
1661,2025-04-15,2025,4,15,cer,2,0,0,2
1662,2025-04-15,2025,4,15,aayhan,70,4,12,86
1663,2025-04-15,2025,4,15,fyilanci,2,0,0,2
1664,2025-04-15,2025,4,15,obali,3,1,5,9
1665,2025-04-15,2025,4,15,ntanriverdi,6,0,0,6
1666,2025-04-15,2025,4,15,fimetin,83,2,0,85
1667,2025-04-15,2025,4,15,gkenarli,3,0,0,3
1668,2025-04-15,2025,4,15,ggirgin,10,1,0,11
1669,2025-04-15,2025,4,15,ekaradavut,1,0,0,1
1670,2025-04-15,2025,4,15,mertan,3,0,0,3
1671,2025-04-15,2025,4,15,ayyilmaz,2,0,0,2
1672,2025-04-15,2025,4,15,tevirgen,55,16,19,90
1673,2025-04-15,2025,4,15,stjncakirci,20,0,0,20
1674,2025-04-15,2025,4,15,gayilmaz,21,0,0,21
1675,2025-04-15,2025,4,15,MMUTLU,5,0,0,5
1676,2025-04-16,2025,4,16,ierdil,0,5,0,5
1677,2025-04-16,2025,4,16, modified by system 2025-04-29 10:29:20 4,39,1,0,40
1678,2025-04-16,2025,4,16,baozturk,1,2,0,3
1679,2025-04-16,2025,4,16,fgulsever,0,19,0,19
1680,2025-04-16,2025,4,16,okelepe,1,0,1,2
1681,2025-04-16,2025,4,16,aapak,1,61,1,63
1682,2025-04-16,2025,4,16,hakand,1,0,0,1
1683,2025-04-16,2025,4,16,mecigdem,0,2,0,2
1684,2025-04-16,2025,4,16,udalyan,12,1,0,13
1685,2025-04-16,2025,4,16,kbtlideri,2,0,0,2
1686,2025-04-16,2025,4,16,BSOGUT,0,0,1,1
1687,2025-04-16,2025,4,16,rkontrol,1,0,0,1
1688,2025-04-16,2025,4,16,dcolor,0,46,0,46
1689,2025-04-16,2025,4,16,fcolak,3,0,0,3
1690,2025-04-16,2025,4,16,mkarsiv,1,0,0,1
1691,2025-04-16,2025,4,16,egonce,20,0,0,20
1692,2025-04-16,2025,4,16,hakdemir,3,0,0,3
1693,2025-04-16,2025,4,16,uunver,1,1,0,2
1694,2025-04-16,2025,4,16,hbinay,5,0,0,5
1695,2025-04-16,2025,4,16,sbayiroglu,0,10,0,10
1696,2025-04-16,2025,4,16,sapra,2,0,0,2
1697,2025-04-16,2025,4,16,eozkan,8,2,0,10
1698,2025-04-16,2025,4,16,ELOFCA,0,1,0,1
1699,2025-04-16,2025,4,16,hbulut,1,0,0,1
1700,2025-04-16,2025,4,16,bfirat,64,0,0,64
1701,2025-04-16,2025,4,16,ihasdemir,25,0,0,25
1702,2025-04-16,2025,4,16,gakca,1,7,0,8
1703,2025-04-16,2025,4,16,stjegitim,2,3,2,7
1704,2025-04-16,2025,4,16,byarimay,4,0,0,4
1705,2025-04-16,2025,4,16,iunlu,4,0,0,4
1706,2025-04-16,2025,4,16,akamera,87,8,0,95
1707,2025-04-16,2025,4,16,ngogce,0,0,2,2
1708,2025-04-16,2025,4,16,abarkod,3,0,0,3
1709,2025-04-16,2025,4,16,ntanriverdi,2,0,0,2
1710,2025-04-16,2025,4,16,fbasak,19,0,0,19
1711,2025-04-16,2025,4,16,aayhan,28,1,0,29
1712,2025-04-16,2025,4,16,fyilanci,6,0,0,6
1713,2025-04-16,2025,4,16,mkarabiyik,0,2,0,2
1714,2025-04-16,2025,4,16,obali,2,0,0,2
1715,2025-04-16,2025,4,16,MMUTLU,4,14,0,18
1716,2025-04-16,2025,4,16,fimetin,24,9,0,33
1717,2025-04-16,2025,4,16,nkorkmaz,0,2,0,2
1718,2025-04-16,2025,4,16,eanli,0,7,0,7
1719,2025-04-16,2025,4,16,ggirgin,29,1,0,30
1720,2025-04-16,2025,4,16,oasistan,0,2,0,2
1721,2025-04-16,2025,4,16,gayilmaz,6,0,0,6
1722,2025-04-16,2025,4,16,mkorucu,26,0,0,26
1723,2025-04-16,2025,4,16,gcevik,12,0,0,12
1724,2025-04-16,2025,4,16,ezyildiz,78,0,0,78
1725,2025-04-16,2025,4,16,ebalaban,8,1,0,9
1726,2025-04-16,2025,4,16,amasun,42,2,0,44
1727,2025-04-16,2025,4,16,gekim,0,36,0,36
1728,2025-04-16,2025,4,16,SUYILMAZ,2,0,0,2
1729,2025-04-16,2025,4,16,gcengelli,0,1,0,1
1730,2025-04-16,2025,4,16,gkenarli,1,0,0,1
1731,2025-04-17,2025,4,17,fgulsever,0,2,0,2
1732,2025-04-17,2025,4,17,okelepe,2,0,0,2
1733,2025-04-17,2025,4,17,bfirat,29,0,0,29
1734,2025-04-17,2025,4,17,mecigdem,2,2,0,4
1735,2025-04-17,2025,4,17,itopcu,1,0,0,1
1736,2025-04-17,2025,4,17,udalyan,9,4,7,20
1737,2025-04-17,2025,4,17,hakand,8,3,1,12
1738,2025-04-17,2025,4,17,baozturk,2,0,0,2
1739,2025-04-17,2025,4,17,dcolor,0,70,0,70
1740,2025-04-17,2025,4,17,mguray,1,0,0,1
1741,2025-04-17,2025,4,17,kbtlideri,1,0,0,1
1742,2025-04-17,2025,4,17,fcolak,4,0,0,4
1743,2025-04-17,2025,4,17,egonce,22,2,0,24
1744,2025-04-17,2025,4,17,hakdemir,42,1,0,43
1745,2025-04-17,2025,4,17,ersener,2,0,0,2
1746,2025-04-17,2025,4,17,hbulut,1,0,0,1
1747,2025-04-17,2025,4,17,aapak,0,77,0,77
1748,2025-04-17,2025,4,17,ierdil,10,0,0,10
1749,2025-04-17,2025,4,17,gakca,6,2,0,8
1750,2025-04-17,2025,4,17,tevirgen,14,0,0,14
1751,2025-04-17,2025,4,17,SUYILMAZ,2,0,0,2
1752,2025-04-17,2025,4,17,akamera,12,4,0,16
1753,2025-04-17,2025,4,17,ngogce,2,0,3,5
1754,2025-04-17,2025,4,17,gekim,0,37,0,37
1755,2025-04-17,2025,4,17,ntanriverdi,10,8,0,18
1756,2025-04-17,2025,4,17,aayhan,2,4,0,6
1757,2025-04-17,2025,4,17,mkofis,4,0,0,4
1758,2025-04-17,2025,4,17,obali,3,4,0,7
1759,2025-04-17,2025,4,17,MMUTLU,33,74,2,109
1760,2025-04-17,2025,4,17,abarkod,21,0,0,21
1761,2025-04-17,2025,4,17,gkenarli,1,0,0,1
1762,2025-04-17,2025,4,17,ggirgin,18,4,0,22
1763,2025-04-17,2025,4,17,ayyilmaz,4,1,0,5
1764,2025-04-17,2025,4,17,gayilmaz,2,0,0,2
1765,2025-04-17,2025,4,17,nibolkis,0,0,1,1
1766,2025-04-17,2025,4,17,ezyildiz,13,0,0,13
1767,2025-04-17,2025,4,17,ebalaban,20,0,0,20
1768,2025-04-17,2025,4,17,amasun,26,2,0,28
1769,2025-04-17,2025,4,17,fimetin,56,8,0,64
1770,2025-04-18,2025,4,18,hakand,8,2,0,10
1771,2025-04-18,2025,4,18,itopcu,4,0,0,4
1772,2025-04-18,2025,4,18,mguder,3,0,0,3
1773,2025-04-18,2025,4,18,kbtlideri,2,0,0,2
1774,2025-04-18,2025,4,18,mkarsiv,2,0,0,2
1775,2025-04-18,2025,4,18,hbulut,1,0,0,1
1776,2025-04-18,2025,4,18,hkaragoz,0,3,0,3
1777,2025-04-18,2025,4,18,eozkan,1,0,0,1
1778,2025-04-18,2025,4,18,dcolor,0,53,0,53
1779,2025-04-18,2025,4,18,bfirat,13,4,0,17
1780,2025-04-18,2025,4,18,mecigdem,0,2,0,2
1781,2025-04-18,2025,4,18,hakdemir,1,1,0,2
1782,2025-04-18,2025,4,18,udalyan,0,0,2,2
1783,2025-04-18,2025,4,18,cdonmez,0,12,0,12
1784,2025-04-18,2025,4,18,gcengelli,7,3,3,13
1785,2025-04-18,2025,4,18,akamera,13,3,0,16
1786,2025-04-18,2025,4,18,ngogce,0,0,1,1
1787,2025-04-18,2025,4,18,fimetin,118,2,0,120
1788,2025-04-18,2025,4,18,ggirgin,148,24,0,172
1789,2025-04-18,2025,4,18,ayyilmaz,7,2,0,9
1790,2025-04-18,2025,4,18,mkofis,3,0,0,3
1791,2025-04-18,2025,4,18,ezyildiz,26,0,0,26
1792,2025-04-18,2025,4,18,ebalaban,17,0,0,17
1793,2025-04-18,2025,4,18,amasun,0,3,0,3
1794,2025-04-18,2025,4,18,gakca,5,4,0,9
1795,2025-04-18,2025,4,18,aozbal,1,0,0,1
1796,2025-04-18,2025,4,18,tevirgen,4,3,0,7
1797,2025-04-19,2025,4,19,ebalaban,50,0,0,50
1798,2025-04-19,2025,4,19,dcolor,0,37,0,37
1799,2025-04-20,2025,4,20,ihasdemir,1,34,0,35
1800,2025-04-20,2025,4,20,ersener,2,0,0,2
1801,2025-04-20,2025,4,20,mmollaoglu,0,4,0,4
1802,2025-04-20,2025,4,20,egonce,7,11,0,18
1803,2025-04-20,2025,4,20,mkarsiv,7,0,0,7
1804,2025-04-20,2025,4,20,fcolak,2,14,0,16
1805,2025-04-20,2025,4,20,fgulsever,0,7,0,7
1806,2025-04-20,2025,4,20,ierdil,4,0,0,4
1807,2025-04-20,2025,4,20,ubasdas,2,2,0,4
1808,2025-04-20,2025,4,20,daktas,10,0,0,10
1809,2025-04-20,2025,4,20,gekim,0,45,0,45
1810,2025-04-20,2025,4,20,dnoic,9,0,2,11
1811,2025-04-20,2025,4,20,fbasak,5,0,0,5
1812,2025-04-20,2025,4,20,nkorkmaz,5,0,0,5
1813,2025-04-20,2025,4,20,abarkod,4,0,0,4
1814,2025-04-20,2025,4,20,aapak,5,67,0,72
1815,2025-04-21,2025,4,21,dayakta,0,1,0,1
1816,2025-04-21,2025,4,21,aapak,10,95,0,105
1817,2025-04-21,2025,4,21,udalyan,0,1,0,1
1818,2025-04-21,2025,4,21,mecigdem,0,1,0,1
1819,2025-04-21,2025,4,21,fgulsever,0,11,0,11
1820,2025-04-21,2025,4,21,itopcu,4,0,0,4
1821,2025-04-21,2025,4,21,mguder,4,0,0,4
1822,2025-04-21,2025,4,21,ihasdemir,1,32,0,33
1823,2025-04-21,2025,4,21,egonce,10,16,0,26
1824,2025-04-21,2025,4,21,stjegitim,2,29,7,38
1825,2025-04-21,2025,4,21,mkarsiv,4,0,0,4
1826,2025-04-21,2025,4,21,hakdemir,1,2,0,3
1827,2025-04-21,2025,4,21,dcolor,0,44,0,44
1828,2025-04-21,2025,4,21,bfirat,0,4,0,4
1829,2025-04-21,2025,4,21,hbulut,36,0,0,36
1830,2025-04-21,2025,4,21,gakca,5,2,0,7
1831,2025-04-21,2025,4,21,bbugdayci,0,1,0,1
1832,2025-04-21,2025,4,21,gekim,0,43,0,43
1833,2025-04-21,2025,4,21,ersener,3,0,0,3
1834,2025-04-21,2025,4,21,gbakanoglu,25,0,0,25
1835,2025-04-21,2025,4,21,gcengelli,59,16,0,75
1836,2025-04-21,2025,4,21,akamera,14,5,0,19
1837,2025-04-21,2025,4,21,abarkod,21,0,0,21
1838,2025-04-21,2025,4,21,merkan,0,1,0,1
1839,2025-04-21,2025,4,21,nkorkmaz,1,0,4,5
1840,2025-04-21,2025,4,21,fbasak,4,0,0,4
1841,2025-04-21,2025,4,21,aayhan,78,148,27,253
1842,2025-04-21,2025,4,21,mkofis,6,0,0,6
1843,2025-04-21,2025,4,21,ngogce,32,0,1,33
1844,2025-04-21,2025,4,21,MMUTLU,0,2,1,3
1845,2025-04-21,2025,4,21,fimetin,16,12,0,28
1846,2025-04-21,2025,4,21,ggirgin,86,24,4,114
1847,2025-04-21,2025,4,21,tevirgen,18,14,0,32
1848,2025-04-21,2025,4,21,mkorucu,1,0,0,1
1849,2025-04-21,2025,4,21,ezyildiz,14,0,0,14
1850,2025-04-21,2025,4,21,ebalaban,9,0,0,9
1851,2025-04-21,2025,4,21,obali,5,10,12,27
1852,2025-04-21,2025,4,21,amasun,18,2,0,20
1853,2025-04-22,2025,4,22,udalyan,1,4,31,36
1854,2025-04-22,2025,4,22,mecigdem,0,2,0,2
1855,2025-04-22,2025,4,22,hakand,1,12,0,13
1856,2025-04-22,2025,4,22,itopcu,0,6,0,6
1857,2025-04-22,2025,4,22,stjegitim,4,0,0,4
1858,2025-04-22,2025,4,22,mkarsiv,22,0,0,22
1859,2025-04-22,2025,4,22,dcolor,0,76,0,76
1860,2025-04-22,2025,4,22,eozkan,7,0,0,7
1861,2025-04-22,2025,4,22,ekoksal,3,0,0,3
1862,2025-04-22,2025,4,22,hbulut,11,2,0,13
1863,2025-04-22,2025,4,22,bfirat,55,0,0,55
1864,2025-04-22,2025,4,22,gakca,0,1,0,1
1865,2025-04-22,2025,4,22,hkaragoz,0,3,0,3
1866,2025-04-22,2025,4,22,adogan,1,0,1,2
1867,2025-04-22,2025,4,22,hakdemir,22,0,0,22
1868,2025-04-22,2025,4,22,amasun,36,3,0,39
1869,2025-04-22,2025,4,22,akamera,53,5,0,58
1870,2025-04-22,2025,4,22,ngogce,0,5,7,12
1871,2025-04-22,2025,4,22,gcengelli,4,1,0,5
1872,2025-04-22,2025,4,22,cer,1,0,0,1
1873,2025-04-22,2025,4,22,MMUTLU,17,2,0,19
1874,2025-04-22,2025,4,22,fimetin,38,7,0,45
1875,2025-04-22,2025,4,22,ntanriverdi,9,3,0,12
1876,2025-04-22,2025,4,22,mertan,2,0,0,2
1877,2025-04-22,2025,4,22,eulsever,13,63,0,76
1878,2025-04-22,2025,4,22,nibolkis,7,0,0,7
1879,2025-04-22,2025,4,22,ezyildiz,16,0,0,16
1880,2025-04-22,2025,4,22,ebalaban,14,1,0,15
1881,2025-04-22,2025,4,22,ggirgin,25,1,6,32
1882,2025-04-23,2025,4,23,bfirat,17,0,0,17
1883,2025-04-23,2025,4,23,egonce,2,8,0,10
1884,2025-04-23,2025,4,23,mkarsiv,6,0,0,6
1885,2025-04-23,2025,4,23,fcolak,5,0,0,5
1886,2025-04-23,2025,4,23,secitak,0,26,0,26
1887,2025-04-23,2025,4,23,bbugdayci,1,0,1,2
1888,2025-04-23,2025,4,23,ihasdemir,44,0,0,44
1889,2025-04-23,2025,4,23,okelepe,0,1,0,1
1890,2025-04-23,2025,4,23,fgulsever,0,5,0,5
1891,2025-04-23,2025,4,23,aapak,0,39,0,39
1892,2025-04-23,2025,4,23,ubasdas,19,1,0,20
1893,2025-04-23,2025,4,23,gekim,0,58,0,58
1894,2025-04-23,2025,4,23,gbakanoglu,4,0,0,4
1895,2025-04-23,2025,4,23,mkorucu,6,0,0,6
1896,2025-04-23,2025,4,23,kcakir,8,0,0,8
1897,2025-04-23,2025,4,23,aayhan,148,3,0,151
1898,2025-04-23,2025,4,23,nkorkmaz,1,0,0,1
1899,2025-04-23,2025,4,23,BSOGUT,1,1,7,9
1900,2025-04-24,2025,4,24,ihasdemir,18,0,0,18
1901,2025-04-24,2025,4,24,aildeniz,0,2,2,4
1902,2025-04-24,2025,4,24,hakand,2,1,0,3
1903,2025-04-24,2025,4,24,fgulsever,0,41,0,41
1904,2025-04-24,2025,4,24,cdonmez,2,0,0,2
1905,2025-04-24,2025,4,24,bbugdayci,0,1,0,1
1906,2025-04-24,2025,4,24,gsapmaz,24,0,0,24
1907,2025-04-24,2025,4,24,secitak,0,1,0,1
1908,2025-04-24,2025,4,24,hakdemir,2,2,0,4
1909,2025-04-24,2025,4,24,mkarsiv,15,0,0,15
1910,2025-04-24,2025,4,24,egonce,1,14,0,15
1911,2025-04-24,2025,4,24,BDEMIRAL,4,0,0,4
1912,2025-04-24,2025,4,24,akocak,2,5,6,13
1913,2025-04-24,2025,4,24,bfirat,46,0,0,46
1914,2025-04-24,2025,4,24,hbulut,9,1,0,10
1915,2025-04-24,2025,4,24,mecigdem,2,0,0,2
1916,2025-04-24,2025,4,24,sekisa,198,0,0,198
1917,2025-04-24,2025,4,24,aapak,0,59,0,59
1918,2025-04-24,2025,4,24,dcolor,0,28,0,28
1919,2025-04-24,2025,4,24,gekim,0,25,0,25
1920,2025-04-24,2025,4,24,gakca,4,4,0,8
1921,2025-04-24,2025,4,24,akamera,40,1,0,41
1922,2025-04-24,2025,4,24,vgemici,1,0,0,1
1923,2025-04-24,2025,4,24,tcapkin,0,3,0,3
1924,2025-04-24,2025,4,24,ntanriverdi,8,1,0,9
1925,2025-04-24,2025,4,24,merkan,1,0,0,1
1926,2025-04-24,2025,4,24,nkorkmaz,1,0,0,1
1927,2025-04-24,2025,4,24,fimetin,18,12,0,30
1928,2025-04-24,2025,4,24,abarkod,2,0,0,2
1929,2025-04-24,2025,4,24,tevirgen,31,13,1,45
1930,2025-04-24,2025,4,24,eulsever,0,17,0,17
1931,2025-04-24,2025,4,24,gayilmaz,5,0,0,5
1932,2025-04-24,2025,4,24,ezyildiz,22,0,0,22
1933,2025-04-24,2025,4,24,ebalaban,29,0,0,29
1934,2025-04-24,2025,4,24,amasun,5,7,0,12
1935,2025-04-24,2025,4,24,gcengelli,2,45,0,47
1936,2025-04-24,2025,4,24,ggirgin,14,26,0,40
1937,2025-04-25,2025,4,25,adogan,4,4,4,12
1938,2025-04-25,2025,4,25,gakca,2,1,0,3
1939,2025-04-25,2025,4,25,udalyan,0,4,0,4
1940,2025-04-25,2025,4,25,itopcu,4,0,0,4
1941,2025-04-25,2025,4,25,zyuksel,30,0,0,30
1942,2025-04-25,2025,4,25,mmollaoglu,0,1,0,1
1943,2025-04-25,2025,4,25,mkarsiv,1,0,0,1
1944,2025-04-25,2025,4,25,hakdemir,7,3,0,10
1945,2025-04-25,2025,4,25,dcolor,0,75,0,75
1946,2025-04-25,2025,4,25,bfirat,17,0,0,17
1947,2025-04-25,2025,4,25,gcengelli,0,1,0,1
1948,2025-04-25,2025,4,25,rkontrol,3,0,0,3
1949,2025-04-25,2025,4,25,amasun,13,11,0,24
1950,2025-04-25,2025,4,25,eozkan,3,0,0,3
1951,2025-04-25,2025,4,25,dnoic,9,0,18,27
1952,2025-04-25,2025,4,25,akamera,0,6,0,6
1953,2025-04-25,2025,4,25,ebalaban,24,0,0,24
1954,2025-04-25,2025,4,25,vgemici,0,2,0,2
1955,2025-04-25,2025,4,25,fimetin,32,0,0,32
1956,2025-04-25,2025,4,25,sucakir,1,0,0,1
1957,2025-04-25,2025,4,25,gkenarli,1,1,0,2
1958,2025-04-25,2025,4,25,ngogce,0,5,5,10
1959,2025-04-25,2025,4,25,ayyilmaz,2,0,0,2
1960,2025-04-25,2025,4,25,tevirgen,5,4,18,27
1961,2025-04-25,2025,4,25,eulsever,0,14,0,14
1962,2025-04-25,2025,4,25,gayilmaz,5,0,0,5
1963,2025-04-25,2025,4,25,okanat,2,0,0,2
1964,2025-04-25,2025,4,25,ggirgin,56,79,0,135
1965,2025-04-26,2025,4,26,dcolor,0,41,0,41
1966,2025-04-26,2025,4,26,hbinay,7,4,0,11
1967,2025-04-26,2025,4,26,ebalaban,18,0,0,18
1968,2025-04-26,2025,4,26,rkontrol,1,0,0,1
1969,2025-04-27,2025,4,27,dcolor,0,5,0,5
1970,2025-04-27,2025,4,27,uunver,0,1,0,1
1971,2025-04-27,2025,4,27,egonce,2,18,0,20
1972,2025-04-27,2025,4,27,mkarsiv,3,0,0,3
1973,2025-04-27,2025,4,27,fcolak,7,0,0,7
1974,2025-04-27,2025,4,27,ierdil,1,3,0,4
1975,2025-04-27,2025,4,27,BSOGUT,0,2,0,2
1976,2025-04-27,2025,4,27,fgulsever,0,50,0,50
1977,2025-04-27,2025,4,27,iunlu,8,0,0,8
1978,2025-04-27,2025,4,27,gekim,0,47,0,47
1979,2025-04-27,2025,4,27,gbakanoglu,16,2,0,18
1980,2025-04-27,2025,4,27,dnoic,49,24,9,82
1981,2025-04-27,2025,4,27,aayhan,11,13,3,27
1982,2025-04-27,2025,4,27,fbasak,2,0,0,2
1983,2025-04-27,2025,4,27,abarkod,18,0,0,18
1984,2025-04-27,2025,4,27,aapak,0,46,0,46
1985,2025-04-28,2025,4,28,mguray,2,0,0,2
1986,2025-04-28,2025,4,28,ierdil,1,0,0,1
1987,2025-04-28,2025,4,28,mguder,6,0,0,6
1988,2025-04-28,2025,4,28,aapak,5,22,0,27
1989,2025-04-28,2025,4,28,hakand,48,10,0,58
1990,2025-04-28,2025,4,28,udalyan,1,2,0,3
1991,2025-04-28,2025,4,28,rkontrol,1,1,0,2
1992,2025-04-28,2025,4,28,nakilli,0,54,0,54
1993,2025-04-28,2025,4,28,fgulsever,0,88,0,88
1994,2025-04-28,2025,4,28,stjegitim,6,0,7,13
1995,2025-04-28,2025,4,28,egonce,2,32,0,34
1996,2025-04-28,2025,4,28,fcolak,1,0,0,1
1997,2025-04-28,2025,4,28,sekisa,12,0,0,12
1998,2025-04-28,2025,4,28,hakdemir,17,4,0,21
1999,2025-04-28,2025,4,28,msevim,2,0,0,2
2000,2025-04-28,2025,4,28,eozkan,2,1,0,3
2001,2025-04-28,2025,4,28,dcolor,0,33,0,33
2002,2025-04-28,2025,4,28,hbulut,26,0,0,26
2003,2025-04-28,2025,4,28,bfirat,16,0,0,16
2004,2025-04-28,2025,4,28,gakca,4,1,0,5
2005,2025-04-28,2025,4,28,aakyildiz,1,0,0,1
2006,2025-04-28,2025,4,28,adogan,2,0,2,4
2007,2025-04-28,2025,4,28,abarkod,2,0,0,2
2008,2025-04-28,2025,4,28,ebalaban,27,0,0,27
2009,2025-04-28,2025,4,28,gekim,0,131,0,131
2010,2025-04-28,2025,4,28,akamera,1,11,0,12
2011,2025-04-28,2025,4,28,vgemici,1,0,0,1
2012,2025-04-28,2025,4,28,tcapkin,1,3,0,4
2013,2025-04-28,2025,4,28,ntanriverdi,2,1,0,3
2014,2025-04-28,2025,4,28,fbasak,10,1,0,11
2015,2025-04-28,2025,4,28,scolak,8,0,0,8
2016,2025-04-28,2025,4,28,obali,43,6,0,49
2017,2025-04-28,2025,4,28,MMUTLU,27,3,4,34
2018,2025-04-28,2025,4,28,eatansay,3,0,0,3
2019,2025-04-28,2025,4,28,gkenarli,1,0,0,1
2020,2025-04-28,2025,4,28,ggirgin,1,3,0,4
2021,2025-04-28,2025,4,28,ayyilmaz,2,0,0,2
2022,2025-04-28,2025,4,28,tevirgen,9,2,1,12
2023,2025-04-28,2025,4,28,eulsever,0,6,0,6
2024,2025-04-28,2025,4,28,stjncakirci,10,0,0,10
2025,2025-04-28,2025,4,28,klaboratuar,3,0,0,3
2026,2025-04-28,2025,4,28,dnoic,14,0,0,14
2027,2025-04-28,2025,4,28,sucakir,1,0,0,1
2028,2025-04-28,2025,4,28,ezyildiz,4,0,0,4
2029,2025-04-29,2025,4,29,zyuksel,4,0,0,4
2030,2025-04-29,2025,4,29,mguder,5,0,0,5
2031,2025-04-29,2025,4,29,fgulsever,0,96,0,96
2032,2025-04-29,2025,4,29,cdonmez,0,1,0,1
2033,2025-04-29,2025,4,29,udalyan,1,2,27,30
2034,2025-04-29,2025,4,29,hakand,4,4,0,8
2035,2025-04-29,2025,4,29,mecigdem,3,2,0,5
2036,2025-04-29,2025,4,29,aapak,0,34,0,34
2037,2025-04-29,2025,4,29,aildeniz,4,0,0,4
2038,2025-04-29,2025,4,29,okelepe,1,0,0,1
2039,2025-04-29,2025,4,29,bfirat,12,0,0,12
2040,2025-04-29,2025,4,29,dcolor,0,50,0,50
2041,2025-04-29,2025,4,29,stjegitim,24,0,0,24
2042,2025-04-29,2025,4,29,cyildiz,3,2,0,5
2043,2025-04-29,2025,4,29,fcolak,5,1,0,6
2044,2025-04-29,2025,4,29,egonce,0,17,0,17
2045,2025-04-29,2025,4,29,hakdemir,11,0,0,11
2046,2025-04-29,2025,4,29,mbayirli,24,0,0,24
2047,2025-04-29,2025,4,29,BDEMIRAL,2,0,0,2
2048,2025-04-29,2025,4,29,eozkan,4,0,0,4
2049,2025-04-29,2025,4,29,akocak,20,50,0,70
2050,2025-04-29,2025,4,29,hbulut,1,0,0,1
2051,2025-04-29,2025,4,29,ubasdas,2,4,0,6
2052,2025-04-29,2025,4,29,secitak,0,5,0,5
2053,2025-04-29,2025,4,29,gakca,5,3,0,8
2054,2025-04-29,2025,4,29,ihasdemir,12,1,0,13
2055,2025-04-29,2025,4,29,gekim,0,170,0,170
2056,2025-04-29,2025,4,29,bsakrak,1,0,0,1
2057,2025-04-29,2025,4,29,akamera,0,59,0,59
2058,2025-04-29,2025,4,29,ngogce,5,0,0,5
2059,2025-04-29,2025,4,29,abarkod,17,0,0,17
2060,2025-04-29,2025,4,29,vgemici,2,2,0,4
2061,2025-04-29,2025,4,29,ntanriverdi,14,1,0,15
2062,2025-04-29,2025,4,29,ayetik,1,0,0,1
2063,2025-04-29,2025,4,29,aayhan,12,1,1,14
2064,2025-04-29,2025,4,29,obali,2,2,3,7
2065,2025-04-29,2025,4,29,MMUTLU,20,8,4,32
2066,2025-04-29,2025,4,29,fimetin,18,2,0,20
2067,2025-04-29,2025,4,29,tcapkin,17,72,0,89
2068,2025-04-29,2025,4,29,ggirgin,8,16,0,24
2069,2025-04-29,2025,4,29,gkenarli,5,0,0,5
2070,2025-04-29,2025,4,29,amasun,0,121,0,121
2071,2025-04-29,2025,4,29,ebalaban,5,0,0,5
2072,2025-04-29,2025,4,29,ezyildiz,21,0,0,21
2073,2025-04-29,2025,4,29,mkorucu,6,0,0,6
2074,2025-04-29,2025,4,29,dnoic,22,1,1,24
2075,2025-04-29,2025,4,29,TIRMAK,17,0,0,17
2076,2025-04-29,2025,4,29,gayilmaz,1,0,0,1
2077,2025-04-29,2025,4,29,tevirgen,3,4,0,7
2078,2025-04-29,2025,4,29,mertan,3,0,0,3
2079,2025-04-29,2025,4,29,ekaradavut,11,0,0,11
2080,2025-04-30,2025,4,30,cdonmez,0,1,0,1
2081,2025-04-30,2025,4,30,gakca,1,2,0,3
2082,2025-04-30,2025,4,30,mecigdem,0,1,0,1
2083,2025-04-30,2025,4,30,hakand,16,0,0,16
2084,2025-04-30,2025,4,30,adogan,1,0,1,2
2085,2025-04-30,2025,4,30,itopcu,6,0,0,6
2086,2025-04-30,2025,4,30,hbulut,9,0,0,9
2087,2025-04-30,2025,4,30,stjegitim,32,8,0,40
2088,2025-04-30,2025,4,30,eyuksel,11,2,0,13
2089,2025-04-30,2025,4,30,hakdemir,4,5,0,9
2090,2025-04-30,2025,4,30,dcolor,0,64,0,64
2091,2025-04-30,2025,4,30,bfirat,23,0,0,23
2092,2025-04-30,2025,4,30,amasun,0,99,0,99
2093,2025-04-30,2025,4,30,mguder,5,0,0,5
2094,2025-04-30,2025,4,30,ebalaban,27,0,0,27
2095,2025-04-30,2025,4,30,udalyan,13,6,1,20
2096,2025-04-30,2025,4,30,mkorucu,5,0,0,5
2097,2025-04-30,2025,4,30,akamera,0,5,0,5
2098,2025-04-30,2025,4,30,ngogce,8,0,0,8
2099,2025-04-30,2025,4,30,ntanriverdi,22,3,0,25
2100,2025-04-30,2025,4,30,merkan,0,3,0,3
2101,2025-04-30,2025,4,30,obali,18,5,3,26
2102,2025-04-30,2025,4,30,fimetin,10,5,0,15
2103,2025-04-30,2025,4,30,eatansay,6,0,0,6
2104,2025-04-30,2025,4,30,ggirgin,8,8,0,16
2105,2025-04-30,2025,4,30,ekaradavut,4,2,0,6
2106,2025-04-30,2025,4,30,tevirgen,0,36,15,51
2107,2025-04-30,2025,4,30,gayilmaz,4,0,0,4
2108,2025-04-30,2025,4,30,oicoz,3,0,0,3
2109,2025-04-30,2025,4,30,gkenarli,7,0,0,7
2110,2025-04-30,2025,4,30,ezyildiz,12,0,0,12
2111,2025-05-01,2025,5,1,dayakta,1,47,0,48
2112,2025-05-01,2025,5,1,akapucu,10,0,0,10
2113,2025-05-01,2025,5,1,dcolor,0,17,0,17
2114,2025-05-01,2025,5,1,egonce,4,25,0,29
2115,2025-05-01,2025,5,1,ihasdemir,68,1,0,69
2116,2025-05-01,2025,5,1,fgulsever,0,8,0,8
2117,2025-05-01,2025,5,1,BSOGUT,0,1,0,1
2118,2025-05-01,2025,5,1,udalyan,1,0,0,1
2119,2025-05-01,2025,5,1,aapak,0,33,0,33
2120,2025-05-01,2025,5,1,otufan,1,0,0,1
2121,2025-05-01,2025,5,1,gekim,0,131,0,131
2122,2025-05-01,2025,5,1,SUYILMAZ,1,0,0,1
2123,2025-05-01,2025,5,1,dnoic,20,0,0,20
2124,2025-05-01,2025,5,1,oasistan,0,2,0,2
2125,2025-05-01,2025,5,1,aayhan,19,2,1,22
2126,2025-05-01,2025,5,1,fbasak,50,6,0,56
2127,2025-05-01,2025,5,1,tcapkin,3,0,0,3
2128,2025-05-01,2025,5,1,abarkod,2,0,0,2
2129,2025-05-01,2025,5,1,ubasdas,52,0,0,52
2130,2025-05-02,2025,5,2,gcengelli,0,1,0,1
2131,2025-05-02,2025,5,2,adogan,2,0,1,3
2132,2025-05-02,2025,5,2,gakca,6,3,0,9
2133,2025-05-02,2025,5,2,carican,4,0,0,4
2134,2025-05-02,2025,5,2,mguder,5,0,0,5
2135,2025-05-02,2025,5,2,rkontrol,3,0,0,3
2136,2025-05-02,2025,5,2,akocak,0,1,0,1
2137,2025-05-02,2025,5,2,bfirat,10,0,0,10
2138,2025-05-02,2025,5,2,hakdemir,8,2,0,10
2139,2025-05-02,2025,5,2,dcolor,0,61,0,61
2140,2025-05-02,2025,5,2,hbulut,7,0,0,7
2141,2025-05-02,2025,5,2,amasun,0,124,0,124
2142,2025-05-02,2025,5,2,herbilgin,24,0,0,24
2143,2025-05-02,2025,5,2,ebalaban,64,0,0,64
2144,2025-05-02,2025,5,2,asablon,1,0,0,1
2145,2025-05-02,2025,5,2,dnoic,2,0,2,4
2146,2025-05-02,2025,5,2,ezyildiz,26,0,0,26
2147,2025-05-02,2025,5,2,akamera,36,1,0,37
2148,2025-05-02,2025,5,2,ngogce,1,51,9,61
2149,2025-05-02,2025,5,2,vgemici,2,1,0,3
2150,2025-05-02,2025,5,2,ntanriverdi,1,0,0,1
2151,2025-05-02,2025,5,2,fimetin,92,4,0,96
2152,2025-05-02,2025,5,2,obali,6,5,0,11
2153,2025-05-02,2025,5,2,ggirgin,24,4,0,28
2154,2025-05-02,2025,5,2,mertan,2,0,0,2
2155,2025-05-02,2025,5,2,tevirgen,1,1,0,2
2156,2025-05-02,2025,5,2,eulsever,0,8,0,8
2157,2025-05-02,2025,5,2,aavcil,4,2,0,6
2158,2025-05-02,2025,5,2,gkenarli,1,0,0,1
2159,2025-05-03,2025,5,3,dcolor,0,46,0,46
2160,2025-05-03,2025,5,3,bfirat,39,0,0,39
2161,2025-05-03,2025,5,3,hbinay,34,0,0,34
2162,2025-05-03,2025,5,3,asablon,1,0,0,1
2163,2025-05-03,2025,5,3,ebalaban,1,0,0,1
2164,2025-05-03,2025,5,3,kbtlideri,1,0,0,1
2165,2025-05-04,2025,5,4,fgulsever,0,109,0,109
2166,2025-05-04,2025,5,4,ersener,53,0,0,53
2167,2025-05-04,2025,5,4,dcolor,0,16,0,16
2168,2025-05-04,2025,5,4,mbayirli,20,1,0,21
2169,2025-05-04,2025,5,4,uunver,1,0,0,1
2170,2025-05-04,2025,5,4,egonce,45,7,0,52
2171,2025-05-04,2025,5,4,bunver,0,2,0,2
2172,2025-05-04,2025,5,4,fcolak,2,0,0,2
2173,2025-05-04,2025,5,4,ihasdemir,76,0,0,76
2174,2025-05-04,2025,5,4,okelepe,10,0,0,10
2175,2025-05-04,2025,5,4,mkarsiv,1,0,0,1
2176,2025-05-04,2025,5,4,aapak,11,25,0,36
2177,2025-05-04,2025,5,4,gekim,0,117,0,117
2178,2025-05-04,2025,5,4,gbakanoglu,6,15,0,21
2179,2025-05-04,2025,5,4,dnoic,20,0,0,20
2180,2025-05-04,2025,5,4,mkofis,1,0,0,1
2181,2025-05-04,2025,5,4,fbasak,5,20,0,25
2182,2025-05-04,2025,5,4,tcapkin,3,0,0,3
2183,2025-05-04,2025,5,4,dustasi,10,0,0,10
2184,2025-05-04,2025,5,4,abarkod,21,0,0,21
2185,2025-05-04,2025,5,4,BSOGUT,0,1,0,1
2186,2025-05-05,2025,5,5,mguder,32,0,0,32
2187,2025-05-05,2025,5,5,fgulsever,0,41,0,41
2188,2025-05-05,2025,5,5,cdonmez,2,1,0,3
2189,2025-05-05,2025,5,5,okelepe,0,4,0,4
2190,2025-05-05,2025,5,5,esaribuyuk,0,2,0,2
2191,2025-05-05,2025,5,5,dayakta,1,0,2,3
2192,2025-05-05,2025,5,5,udalyan,43,0,2,45
2193,2025-05-05,2025,5,5,aapak,0,13,0,13
2194,2025-05-05,2025,5,5,zyuksel,21,1,0,22
2195,2025-05-05,2025,5,5,ubasdas,1,0,0,1
2196,2025-05-05,2025,5,5,gakca,1,1,0,2
2197,2025-05-05,2025,5,5,mecigdem,2,1,0,3
2198,2025-05-05,2025,5,5,ebadem,1,0,0,1
2199,2025-05-05,2025,5,5,egonce,16,10,0,26
2200,2025-05-05,2025,5,5,stjegitim,2,2,0,4
2201,2025-05-05,2025,5,5,eyuksel,3,0,0,3
2202,2025-05-05,2025,5,5,aakyildiz,2,0,0,2
2203,2025-05-05,2025,5,5,hakdemir,6,0,0,6
2204,2025-05-05,2025,5,5,uunver,3,0,0,3
2205,2025-05-05,2025,5,5,tcakan,0,5,0,5
2206,2025-05-05,2025,5,5,dcolor,0,34,0,34
2207,2025-05-05,2025,5,5,ekoksal,7,0,0,7
2208,2025-05-05,2025,5,5,ersener,1,0,0,1
2209,2025-05-05,2025,5,5,hbulut,21,6,0,27
2210,2025-05-05,2025,5,5,bfirat,35,0,0,35
2211,2025-05-05,2025,5,5,bunver,2,0,0,2
2212,2025-05-05,2025,5,5,gekim,0,129,0,129
2213,2025-05-05,2025,5,5,secitak,7,19,0,26
2214,2025-05-05,2025,5,5,gcengelli,60,15,0,75
2215,2025-05-05,2025,5,5,abarkod,30,0,0,30
2216,2025-05-05,2025,5,5,eanli,0,3,0,3
2217,2025-05-05,2025,5,5,akamera,0,16,0,16
2218,2025-05-05,2025,5,5,gbakanoglu,0,1,0,1
2219,2025-05-05,2025,5,5,vgemici,4,2,0,6
2220,2025-05-05,2025,5,5,tcapkin,2,19,0,21
2221,2025-05-05,2025,5,5,ntanriverdi,10,0,0,10
2222,2025-05-05,2025,5,5,ayetik,0,2,0,2
2223,2025-05-05,2025,5,5,asablon,14,0,0,14
2224,2025-05-05,2025,5,5,fbasak,12,0,0,12
2225,2025-05-05,2025,5,5,cer,22,0,0,22
2226,2025-05-05,2025,5,5,obali,1,6,0,7
2227,2025-05-05,2025,5,5,MMUTLU,1,3,1,5
2228,2025-05-05,2025,5,5,fimetin,8,8,0,16
2229,2025-05-05,2025,5,5,gkenarli,2,7,0,9
2230,2025-05-05,2025,5,5,ngogce,8,0,0,8
2231,2025-05-05,2025,5,5,mertan,33,0,0,33
2232,2025-05-05,2025,5,5,ggirgin,136,252,0,388
2233,2025-05-05,2025,5,5,ebalaban,11,0,0,11
2234,2025-05-05,2025,5,5,ezyildiz,2,0,0,2
2235,2025-05-05,2025,5,5,dnoic,1,0,1,2
2236,2025-05-05,2025,5,5,aavcil,168,13,0,181
2237,2025-05-05,2025,5,5,amasun,0,17,0,17
2238,2025-05-05,2025,5,5,mkorucu,4,0,0,4
2239,2025-05-05,2025,5,5,uyigit,36,0,0,36
2240,2025-05-05,2025,5,5,gayilmaz,5,0,0,5
2241,2025-05-05,2025,5,5,tevirgen,22,1,1,24
2242,2025-05-05,2025,5,5,ayyilmaz,1,1,0,2
2243,2025-05-05,2025,5,5,gcevik,1,0,0,1
2244,2025-05-06,2025,5,6,mecigdem,0,2,0,2
2245,2025-05-06,2025,5,6,udalyan,24,2,2,28
2246,2025-05-06,2025,5,6,nakilli,5,0,0,5
2247,2025-05-06,2025,5,6,dayakta,0,16,0,16
2248,2025-05-06,2025,5,6,iunlu,1,0,0,1
2249,2025-05-06,2025,5,6,gakca,3,5,0,8
2250,2025-05-06,2025,5,6,gekim,0,94,0,94
2251,2025-05-06,2025,5,6,gcengelli,41,6,0,47
2252,2025-05-06,2025,5,6,fgulsever,0,29,0,29
2253,2025-05-06,2025,5,6,amasun,0,59,0,59
2254,2025-05-06,2025,5,6,ubasdas,44,0,0,44
2255,2025-05-06,2025,5,6,ebadem,54,0,0,54
2256,2025-05-06,2025,5,6,egonce,2,26,0,28
2257,2025-05-06,2025,5,6,stjegitim,90,16,0,106
2258,2025-05-06,2025,5,6,nkaya,0,1,0,1
2259,2025-05-06,2025,5,6,fcolak,9,1,0,10
2260,2025-05-06,2025,5,6,mkarsiv,2,0,0,2
2261,2025-05-06,2025,5,6,hakdemir,4,2,0,6
2262,2025-05-06,2025,5,6,tcakan,0,4,0,4
2263,2025-05-06,2025,5,6,ersener,4,0,0,4
2264,2025-05-06,2025,5,6,hbulut,22,0,0,22
2265,2025-05-06,2025,5,6,bfirat,75,0,0,75
2266,2025-05-06,2025,5,6,bunver,1,0,0,1
2267,2025-05-06,2025,5,6,ebalaban,14,0,0,14
2268,2025-05-06,2025,5,6,bbugdayci,0,7,0,7
2269,2025-05-06,2025,5,6,ezyildiz,46,8,0,54
2270,2025-05-06,2025,5,6,dcolor,0,57,0,57
2271,2025-05-06,2025,5,6,aavcil,18,1,0,19
2272,2025-05-06,2025,5,6,akamera,0,4,0,4
2273,2025-05-06,2025,5,6,abarkod,1,0,0,1
2274,2025-05-06,2025,5,6,vgemici,1,1,0,2
2275,2025-05-06,2025,5,6,tcapkin,1,2,0,3
2276,2025-05-06,2025,5,6,oyurtsever,21,0,0,21
2277,2025-05-06,2025,5,6,gmasistan,5,2,2,9
2278,2025-05-06,2025,5,6,bkibar,0,6,0,6
2279,2025-05-06,2025,5,6,merkan,4,0,0,4
2280,2025-05-06,2025,5,6,nkorkmaz,19,0,0,19
2281,2025-05-06,2025,5,6,fbasak,8,1,0,9
2282,2025-05-06,2025,5,6,ogun,3,0,0,3
2283,2025-05-06,2025,5,6,aayhan,7,3,0,10
2284,2025-05-06,2025,5,6,ngogce,9,0,0,9
2285,2025-05-06,2025,5,6,MMUTLU,6,0,0,6
2286,2025-05-06,2025,5,6,obali,4,6,0,10
2287,2025-05-06,2025,5,6,mkorucu,5,0,0,5
2288,2025-05-06,2025,5,6,oicoz,0,2,0,2
2289,2025-05-06,2025,5,6,okanat,0,3,0,3
2290,2025-05-06,2025,5,6,ogungor,8,0,0,8
2291,2025-05-06,2025,5,6,dnoic,103,0,0,103
2292,2025-05-06,2025,5,6,ayyilmaz,14,237,0,251
2293,2025-05-06,2025,5,6,tevirgen,3,15,6,24
2294,2025-05-06,2025,5,6,ekaradavut,2,0,0,2
2295,2025-05-06,2025,5,6,ggirgin,18,8,0,26
2296,2025-05-06,2025,5,6,sucakir,3,1,0,4
2297,2025-05-06,2025,5,6,fimetin,4,2,0,6
2298,2025-05-07,2025,5,7,cdonmez,0,2,0,2
2299,2025-05-07,2025,5,7,mecigdem,0,1,0,1
2300,2025-05-07,2025,5,7,udalyan,0,6,0,6
2301,2025-05-07,2025,5,7,nakilli,1,0,0,1
2302,2025-05-07,2025,5,7,fgulsever,0,172,0,172
2303,2025-05-07,2025,5,7,ubasdas,92,0,0,92
2304,2025-05-07,2025,5,7,gakca,3,2,0,5
2305,2025-05-07,2025,5,7,adogan,13,0,0,13
2306,2025-05-07,2025,5,7,gekim,0,27,0,27
2307,2025-05-07,2025,5,7,aapak,0,42,0,42
2308,2025-05-07,2025,5,7,kbtlideri,1,0,0,1
2309,2025-05-07,2025,5,7,cyildiz,2,0,0,2
2310,2025-05-07,2025,5,7,stjegitim,28,12,3,43
2311,2025-05-07,2025,5,7,fcolak,16,0,0,16
2312,2025-05-07,2025,5,7,mkarsiv,13,0,0,13
2313,2025-05-07,2025,5,7,hakdemir,10,8,0,18
2314,2025-05-07,2025,5,7,earslanbay,0,4,0,4
2315,2025-05-07,2025,5,7,dcolor,0,61,0,61
2316,2025-05-07,2025,5,7,ekoksal,6,1,0,7
2317,2025-05-07,2025,5,7,hbulut,6,0,0,6
2318,2025-05-07,2025,5,7,gcengelli,2,20,0,22
2319,2025-05-07,2025,5,7,bfirat,30,0,0,30
2320,2025-05-07,2025,5,7,rkontrol,1,0,0,1
2321,2025-05-07,2025,5,7,egonce,6,20,0,26
2322,2025-05-07,2025,5,7,amasun,0,115,0,115
2323,2025-05-07,2025,5,7,ebalaban,62,0,0,62
2324,2025-05-07,2025,5,7,ekaragoz,1,0,0,1
2325,2025-05-07,2025,5,7,akamera,0,4,0,4
2326,2025-05-07,2025,5,7,ngogce,285,226,60,571
2327,2025-05-07,2025,5,7,abarkod,2,0,0,2
2328,2025-05-07,2025,5,7,edemirbas,2,2,0,4
2329,2025-05-07,2025,5,7,vgemici,1,0,0,1
2330,2025-05-07,2025,5,7,ntanriverdi,0,2,0,2
2331,2025-05-07,2025,5,7,merkan,1,0,0,1
2332,2025-05-07,2025,5,7,aayhan,0,2,0,2
2333,2025-05-07,2025,5,7,obali,10,7,0,17
2334,2025-05-07,2025,5,7,MMUTLU,2,0,0,2
2335,2025-05-07,2025,5,7,tcapkin,4,1,0,5
2336,2025-05-07,2025,5,7,sucakir,3,0,0,3
2337,2025-05-07,2025,5,7,ggirgin,4,21,0,25
2338,2025-05-07,2025,5,7,eulsever,0,8,0,8
2339,2025-05-07,2025,5,7,gayilmaz,4,0,0,4
2340,2025-05-07,2025,5,7,ogungor,10,0,0,10
2341,2025-05-07,2025,5,7,okanat,0,2,0,2
2342,2025-05-07,2025,5,7,oicoz,0,6,0,6
2343,2025-05-07,2025,5,7,mkorucu,2,14,0,16
2344,2025-05-07,2025,5,7,aavcil,1,0,0,1
2345,2025-05-07,2025,5,7,fimetin,16,3,0,19
2346,2025-05-07,2025,5,7,ezyildiz,52,0,0,52
2347,2025-05-08,2025,5,8,fgulsever,0,131,0,131
2348,2025-05-08,2025,5,8,hakand,4,8,0,12
2349,2025-05-08,2025,5,8,udalyan,1,0,138,139
2350,2025-05-08,2025,5,8,aapak,0,22,0,22
2351,2025-05-08,2025,5,8,iunlu,1,0,0,1
2352,2025-05-08,2025,5,8,dayakta,1,0,0,1
2353,2025-05-08,2025,5,8,gakca,1,2,0,3
2354,2025-05-08,2025,5,8,bsakrak,4,0,0,4
2355,2025-05-08,2025,5,8,gsapmaz,1,0,0,1
2356,2025-05-08,2025,5,8,nakilli,3,0,0,3
2357,2025-05-08,2025,5,8,mguder,3,0,0,3
2358,2025-05-08,2025,5,8,bunver,5,0,0,5
2359,2025-05-08,2025,5,8,ihasdemir,12,0,0,12
2360,2025-05-08,2025,5,8,bbugdayci,0,2,4,6
2361,2025-05-08,2025,5,8,cyildiz,6,15,0,21
2362,2025-05-08,2025,5,8,mkarsiv,2,0,0,2
2363,2025-05-08,2025,5,8,egonce,18,12,0,30
2364,2025-05-08,2025,5,8,hakdemir,9,1,0,10
2365,2025-05-08,2025,5,8,BDEMIRAL,6,0,0,6
2366,2025-05-08,2025,5,8,dcolor,0,62,0,62
2367,2025-05-08,2025,5,8,hbulut,3,0,0,3
2368,2025-05-08,2025,5,8,bfirat,51,0,0,51
2369,2025-05-08,2025,5,8,gekim,0,79,0,79
2370,2025-05-08,2025,5,8,mguray,12,1,0,13
2371,2025-05-08,2025,5,8,aozbal,1,0,0,1
2372,2025-05-08,2025,5,8,ngogce,70,3,77,150
2373,2025-05-08,2025,5,8,ebalaban,21,0,0,21
2374,2025-05-08,2025,5,8,amasun,6,113,0,119
2375,2025-05-08,2025,5,8,akamera,0,34,0,34
2376,2025-05-08,2025,5,8,vgemici,36,0,0,36
2377,2025-05-08,2025,5,8,tcapkin,6,0,0,6
2378,2025-05-08,2025,5,8,ntanriverdi,41,0,0,41
2379,2025-05-08,2025,5,8,nkorkmaz,1,1,3,5
2380,2025-05-08,2025,5,8,fbasak,5,0,0,5
2381,2025-05-08,2025,5,8,aaksoy,17,0,0,17
2382,2025-05-08,2025,5,8,aayhan,2,0,0,2
2383,2025-05-08,2025,5,8,mkarabiyik,0,1,0,1
2384,2025-05-08,2025,5,8,MMUTLU,2,0,1,3
2385,2025-05-08,2025,5,8,gmasistan,1,0,1,2
2386,2025-05-08,2025,5,8,fimetin,29,1,0,30
2387,2025-05-08,2025,5,8,esalli,0,2,0,2
2388,2025-05-08,2025,5,8,dnoic,50,0,3,53
2389,2025-05-08,2025,5,8,mkorucu,1,0,0,1
2390,2025-05-08,2025,5,8,oicoz,0,3,0,3
2391,2025-05-08,2025,5,8,ogungor,2,0,0,2
2392,2025-05-08,2025,5,8,ezyildiz,78,0,0,78
2393,2025-05-08,2025,5,8,gayilmaz,4,0,0,4
2394,2025-05-08,2025,5,8,oasistan,0,1,0,1
2395,2025-05-08,2025,5,8,eulsever,0,4,0,4
2396,2025-05-08,2025,5,8,tevirgen,1,40,7,48
2397,2025-05-08,2025,5,8,ggirgin,8,0,0,8
2398,2025-05-09,2025,5,9,gakca,7,0,0,7
2399,2025-05-09,2025,5,9,udalyan,11,8,1,20
2400,2025-05-09,2025,5,9,mecigdem,0,2,0,2
2401,2025-05-09,2025,5,9,hakand,4,0,0,4
2402,2025-05-09,2025,5,9,cdonmez,0,1,0,1
2403,2025-05-09,2025,5,9,gsapmaz,19,0,0,19
2404,2025-05-09,2025,5,9,hakdemir,17,3,0,20
2405,2025-05-09,2025,5,9,mkarsiv,3,0,0,3
2406,2025-05-09,2025,5,9,aozbal,6,0,0,6
2407,2025-05-09,2025,5,9,mmollaoglu,0,2,0,2
2408,2025-05-09,2025,5,9,SKARTOGLU,3,0,0,3
2409,2025-05-09,2025,5,9,dcolor,0,71,0,71
2410,2025-05-09,2025,5,9,bfirat,70,0,0,70
2411,2025-05-09,2025,5,9,ierdil,1,1,0,2
2412,2025-05-09,2025,5,9,amasun,0,30,0,30
2413,2025-05-09,2025,5,9,eozkan,3,0,0,3
2414,2025-05-09,2025,5,9,ezyildiz,8,4,0,12
2415,2025-05-09,2025,5,9,ebalaban,25,0,0,25
2416,2025-05-09,2025,5,9,ngogce,1,0,0,1
2417,2025-05-09,2025,5,9,vgemici,1,5,0,6
2418,2025-05-09,2025,5,9,ntanriverdi,3,0,0,3
2419,2025-05-09,2025,5,9,ogun,1,2,0,3
2420,2025-05-09,2025,5,9,MMUTLU,5,0,0,5
2421,2025-05-09,2025,5,9,akamera,2,2,0,4
2422,2025-05-09,2025,5,9,ggirgin,47,111,3,161
2423,2025-05-09,2025,5,9,ayyilmaz,1,1,0,2
2424,2025-05-09,2025,5,9,tevirgen,7,13,5,25
2425,2025-05-09,2025,5,9,eulsever,8,0,0,8
2426,2025-05-09,2025,5,9,gayilmaz,19,0,0,19
2427,2025-05-09,2025,5,9,aavcil,13,0,0,13
2428,2025-05-09,2025,5,9,sucakir,2,0,0,2
2429,2025-05-10,2025,5,10,dcolor,0,35,0,35
2430,2025-05-10,2025,5,10,eyuksel,5,0,0,5
2431,2025-05-10,2025,5,10,klaboratuar,0,2,0,2
2432,2025-05-10,2025,5,10,ebalaban,18,0,0,18
2433,2025-05-11,2025,5,11,bunver,16,0,0,16
2434,2025-05-11,2025,5,11,dcolor,0,3,0,3
2435,2025-05-11,2025,5,11,mbayirli,4,2,0,6
2436,2025-05-11,2025,5,11,egonce,23,18,0,41
2437,2025-05-11,2025,5,11,fgulsever,3,63,0,66
2438,2025-05-11,2025,5,11,ihasdemir,79,6,0,85
2439,2025-05-11,2025,5,11,ebadem,4,0,0,4
2440,2025-05-11,2025,5,11,ierdil,5,0,0,5
2441,2025-05-11,2025,5,11,BSOGUT,4,0,34,38
2442,2025-05-11,2025,5,11,fcolak,7,0,0,7
2443,2025-05-11,2025,5,11,ubasdas,0,5,0,5
2444,2025-05-11,2025,5,11,gekim,8,77,0,85
2445,2025-05-11,2025,5,11,gcevik,1,0,0,1
2446,2025-05-11,2025,5,11,mkorucu,2,2,0,4
2447,2025-05-11,2025,5,11,ecelen,5,0,0,5
2448,2025-05-11,2025,5,11,fbasak,5,3,0,8
2449,2025-05-11,2025,5,11,tcapkin,12,0,0,12
2450,2025-05-11,2025,5,11,abarkod,26,0,0,26
2451,2025-05-11,2025,5,11,aapak,0,7,0,7
2452,2025-05-12,2025,5,12,zyuksel,22,0,0,22
2453,2025-05-12,2025,5,12,gsapmaz,1,0,0,1
2454,2025-05-12,2025,5,12,fgulsever,2,63,0,65
2455,2025-05-12,2025,5,12,cdonmez,0,1,0,1
2456,2025-05-12,2025,5,12,esaribuyuk,0,1,0,1
2457,2025-05-12,2025,5,12,dayakta,2,0,0,2
2458,2025-05-12,2025,5,12,udalyan,3,3,1,7
2459,2025-05-12,2025,5,12,aapak,0,15,0,15
2460,2025-05-12,2025,5,12,ebadem,2,1,0,3
2461,2025-05-12,2025,5,12,ubasdas,4,0,0,4
2462,2025-05-12,2025,5,12,gakca,5,3,0,8
2463,2025-05-12,2025,5,12,mecigdem,13,4,0,17
2464,2025-05-12,2025,5,12,aildeniz,0,2,0,2
2465,2025-05-12,2025,5,12,mkarsiv,1,0,0,1
2466,2025-05-12,2025,5,12,stjegitim,12,3,2,17
2467,2025-05-12,2025,5,12,eyuksel,4,0,0,4
2468,2025-05-12,2025,5,12,fcolak,1,4,0,5
2469,2025-05-12,2025,5,12,egonce,28,12,0,40
2470,2025-05-12,2025,5,12,hakdemir,7,0,0,7
2471,2025-05-12,2025,5,12,tcakan,0,5,0,5
2472,2025-05-12,2025,5,12,akocak,0,8,0,8
2473,2025-05-12,2025,5,12,dcolor,0,70,0,70
2474,2025-05-12,2025,5,12,hbulut,13,0,0,13
2475,2025-05-12,2025,5,12,ydurur,1,0,0,1
2476,2025-05-12,2025,5,12,bfirat,9,0,0,9
2477,2025-05-12,2025,5,12,bunver,84,0,0,84
2478,2025-05-12,2025,5,12,adogan,1,0,0,1
2479,2025-05-12,2025,5,12,bbugdayci,0,3,0,3
2480,2025-05-12,2025,5,12,iunlu,3,0,0,3
2481,2025-05-12,2025,5,12,aozbal,0,1,0,1
2482,2025-05-12,2025,5,12,gbakanoglu,1,0,0,1
2483,2025-05-12,2025,5,12,akamera,3,6,0,9
2484,2025-05-12,2025,5,12,ngogce,1,0,0,1
2485,2025-05-12,2025,5,12,tcapkin,4,0,0,4
2486,2025-05-12,2025,5,12,gmasistan,5,0,6,11
2487,2025-05-12,2025,5,12,bkibar,0,1,0,1
2488,2025-05-12,2025,5,12,fbasak,7,0,0,7
2489,2025-05-12,2025,5,12,cer,1,0,0,1
2490,2025-05-12,2025,5,12,mkarabiyik,2,17,2,21
2491,2025-05-12,2025,5,12,mkofis,6,0,0,6
2492,2025-05-12,2025,5,12,obali,0,2,0,2
2493,2025-05-12,2025,5,12,fimetin,5,0,0,5
2494,2025-05-12,2025,5,12,ggirgin,12,23,0,35
2495,2025-05-12,2025,5,12,mertan,3,0,0,3
2496,2025-05-12,2025,5,12,abarkod,2,0,0,2
2497,2025-05-12,2025,5,12,eulsever,0,8,0,8
2498,2025-05-12,2025,5,12,tevirgen,12,13,0,25
2499,2025-05-12,2025,5,12,eanli,0,2,0,2
2500,2025-05-12,2025,5,12,amasun,0,42,0,42
2501,2025-05-12,2025,5,12,ebalaban,21,0,0,21
2502,2025-05-12,2025,5,12,ezyildiz,88,0,0,88
2503,2025-05-12,2025,5,12,gekim,0,110,0,110
2504,2025-05-12,2025,5,12,aavcil,25,1,0,26
2505,2025-05-12,2025,5,12,oicoz,2,3,0,5
2506,2025-05-12,2025,5,12,ogungor,1,0,0,1
2507,2025-05-12,2025,5,12,fakgul,3,0,0,3
2508,2025-05-12,2025,5,12,gayilmaz,2,0,0,2
2509,2025-05-12,2025,5,12,dnoic,18,0,0,18
2510,2025-05-13,2025,5,13,zyuksel,28,1,0,29
2511,2025-05-13,2025,5,13,itopcu,10,0,0,10
2512,2025-05-13,2025,5,13,fgulsever,0,17,0,17
2513,2025-05-13,2025,5,13,BSOGUT,0,0,43,43
2514,2025-05-13,2025,5,13,mecigdem,0,1,0,1
2515,2025-05-13,2025,5,13,udalyan,3,0,1,4
2516,2025-05-13,2025,5,13,aapak,0,76,0,76
2517,2025-05-13,2025,5,13,ihasdemir,2,0,0,2
2518,2025-05-13,2025,5,13,adogan,8,38,0,46
2519,2025-05-13,2025,5,13,hakand,13,0,2,15
2520,2025-05-13,2025,5,13,stjegitim,3,0,0,3
2521,2025-05-13,2025,5,13,uunver,6,19,0,25
2522,2025-05-13,2025,5,13,eyuksel,20,0,0,20
2523,2025-05-13,2025,5,13,cyildiz,6,0,0,6
2524,2025-05-13,2025,5,13,fcolak,2,0,0,2
2525,2025-05-13,2025,5,13,egonce,7,18,0,25
2526,2025-05-13,2025,5,13,hbinay,6,0,0,6
2527,2025-05-13,2025,5,13,mmollaoglu,1,0,1,2
2528,2025-05-13,2025,5,13,akocak,0,0,5,5
2529,2025-05-13,2025,5,13,hbulut,8,1,0,9
2530,2025-05-13,2025,5,13,bfirat,40,0,0,40
2531,2025-05-13,2025,5,13,saskin,6,0,0,6
2532,2025-05-13,2025,5,13,nkaya,6,4,0,10
2533,2025-05-13,2025,5,13,iunlu,2,0,0,2
2534,2025-05-13,2025,5,13,dcolor,0,100,0,100
2535,2025-05-13,2025,5,13,SUYILMAZ,2,0,0,2
2536,2025-05-13,2025,5,13,ngogce,38,0,0,38
2537,2025-05-13,2025,5,13,abarkod,4,0,0,4
2538,2025-05-13,2025,5,13,tcapkin,6,0,0,6
2539,2025-05-13,2025,5,13,ntanriverdi,6,2,0,8
2540,2025-05-13,2025,5,13,nkorkmaz,0,1,0,1
2541,2025-05-13,2025,5,13,fbasak,1,2,0,3
2542,2025-05-13,2025,5,13,cer,1,0,0,1
2543,2025-05-13,2025,5,13,mkofis,1,0,0,1
2544,2025-05-13,2025,5,13,MMUTLU,10,1,0,11
2545,2025-05-13,2025,5,13,fimetin,257,0,0,257
2546,2025-05-13,2025,5,13,akamera,19,7,0,26
2547,2025-05-13,2025,5,13,tevirgen,0,1,0,1
2548,2025-05-13,2025,5,13,ggirgin,86,0,0,86
2549,2025-05-13,2025,5,13,eanli,0,3,0,3
2550,2025-05-13,2025,5,13,amasun,0,138,0,138
2551,2025-05-13,2025,5,13,ebalaban,73,0,0,73
2552,2025-05-13,2025,5,13,ezyildiz,167,0,0,167
2553,2025-05-13,2025,5,13,gekim,0,109,0,109
2554,2025-05-13,2025,5,13,oicoz,4,0,0,4
2555,2025-05-13,2025,5,13,ogungor,2,0,0,2
2556,2025-05-13,2025,5,13,gayilmaz,4,1,0,5
2557,2025-05-13,2025,5,13,oasistan,21,0,0,21
2558,2025-05-13,2025,5,13,mkorucu,12,1,0,13
2559,2025-05-14,2025,5,14,gakca,9,1,0,10
2560,2025-05-14,2025,5,14,ubasdas,3,4,0,7
2561,2025-05-14,2025,5,14,aapak,0,35,0,35
2562,2025-05-14,2025,5,14,udalyan,2,1,0,3
2563,2025-05-14,2025,5,14,mecigdem,0,2,0,2
2564,2025-05-14,2025,5,14,fgulsever,0,17,0,17
2565,2025-05-14,2025,5,14,mguder,11,0,0,11
2566,2025-05-14,2025,5,14,zyuksel,1,0,0,1
2567,2025-05-14,2025,5,14,mguray,10,0,0,10
2568,2025-05-14,2025,5,14,stjegitim,0,10,6,16
2569,2025-05-14,2025,5,14,fcolak,16,0,0,16
2570,2025-05-14,2025,5,14,aakyildiz,1,0,0,1
2571,2025-05-14,2025,5,14,mkarsiv,1,0,0,1
2572,2025-05-14,2025,5,14,egonce,31,8,0,39
2573,2025-05-14,2025,5,14,uunver,30,0,0,30
2574,2025-05-14,2025,5,14,eozkan,1,0,0,1
2575,2025-05-14,2025,5,14,dcolor,0,67,0,67
2576,2025-05-14,2025,5,14,sutetik,7,0,0,7
2577,2025-05-14,2025,5,14,hbulut,10,17,0,27
2578,2025-05-14,2025,5,14,fyakut,1,4,0,5
2579,2025-05-14,2025,5,14,bfirat,28,1,0,29
2580,2025-05-14,2025,5,14,eyuksel,5,0,0,5
2581,2025-05-14,2025,5,14,hakdemir,1,0,0,1
2582,2025-05-14,2025,5,14,gekim,0,96,0,96
2583,2025-05-14,2025,5,14,eanli,0,2,0,2
2584,2025-05-14,2025,5,14,SUYILMAZ,1,0,0,1
2585,2025-05-14,2025,5,14,akamera,0,1,0,1
2586,2025-05-14,2025,5,14,ngogce,0,0,2,2
2587,2025-05-14,2025,5,14,abarkod,1,0,0,1
2588,2025-05-14,2025,5,14,tcapkin,0,2,0,2
2589,2025-05-14,2025,5,14,ntanriverdi,13,1,0,14
2590,2025-05-14,2025,5,14,mkarabiyik,0,2,0,2
2591,2025-05-14,2025,5,14,MMUTLU,4,0,0,4
2592,2025-05-14,2025,5,14,fimetin,13,1,0,14
2593,2025-05-14,2025,5,14,gkenarli,1,0,0,1
2594,2025-05-14,2025,5,14,ggirgin,5,1,0,6
2595,2025-05-14,2025,5,14,ogun,0,0,2,2
2596,2025-05-14,2025,5,14,tevirgen,3,17,3,23
2597,2025-05-14,2025,5,14,eulsever,4,4,0,8
2598,2025-05-14,2025,5,14,stjncakirci,1,0,0,1
2599,2025-05-14,2025,5,14,gayilmaz,6,3,0,9
2600,2025-05-14,2025,5,14,ogungor,1,0,0,1
2601,2025-05-14,2025,5,14,aavcil,6,1,0,7
2602,2025-05-14,2025,5,14,dnoic,25,1,0,26
2603,2025-05-14,2025,5,14,ezyildiz,15,1,0,16
2604,2025-05-14,2025,5,14,ebalaban,9,0,0,9
2605,2025-05-14,2025,5,14,oseker,8,4,0,12
2606,2025-05-14,2025,5,14,amasun,2,66,0,68
2607,2025-05-15,2025,5,15,fgulsever,0,29,0,29
2608,2025-05-15,2025,5,15,okelepe,2,0,0,2
2609,2025-05-15,2025,5,15,hakand,6,1,0,7
2610,2025-05-15,2025,5,15,mecigdem,0,2,0,2
2611,2025-05-15,2025,5,15,gekim,0,91,0,91
2612,2025-05-15,2025,5,15,aapak,0,12,0,12
2613,2025-05-15,2025,5,15,gakca,0,2,0,2
2614,2025-05-15,2025,5,15,saskin,1,1,0,2
2615,2025-05-15,2025,5,15,itopcu,1,2,0,3
2616,2025-05-15,2025,5,15,udalyan,0,0,1,1
2617,2025-05-15,2025,5,15,mguder,12,0,0,12
2618,2025-05-15,2025,5,15,hbulut,2,1,0,3
2619,2025-05-15,2025,5,15,kbtlideri,1,0,0,1
2620,2025-05-15,2025,5,15,ihasdemir,20,0,0,20
2621,2025-05-15,2025,5,15,aakyildiz,2,0,0,2
2622,2025-05-15,2025,5,15,egonce,9,13,0,22
2623,2025-05-15,2025,5,15,hakdemir,10,0,0,10
2624,2025-05-15,2025,5,15,sapra,1,0,0,1
2625,2025-05-15,2025,5,15,BDEMIRAL,3,0,0,3
2626,2025-05-15,2025,5,15,bfirat,23,0,0,23
2627,2025-05-15,2025,5,15,dcolor,0,51,0,51
2628,2025-05-15,2025,5,15,sutetik,2,0,0,2
2629,2025-05-15,2025,5,15,aozbal,1,0,0,1
2630,2025-05-15,2025,5,15,zyuksel,1,0,0,1
2631,2025-05-15,2025,5,15,amasun,0,157,0,157
2632,2025-05-15,2025,5,15,vgemici,2,2,0,4
2633,2025-05-15,2025,5,15,ezyildiz,42,0,0,42
2634,2025-05-15,2025,5,15,ebalaban,9,0,0,9
2635,2025-05-15,2025,5,15,akamera,8,19,0,27
2636,2025-05-15,2025,5,15,ngogce,1,0,0,1
2637,2025-05-15,2025,5,15,abarkod,33,0,0,33
2638,2025-05-15,2025,5,15,tcapkin,1,0,0,1
2639,2025-05-15,2025,5,15,asablon,23,0,0,23
2640,2025-05-15,2025,5,15,fbasak,36,20,0,56
2641,2025-05-15,2025,5,15,cer,0,1,0,1
2642,2025-05-15,2025,5,15,mkarabiyik,0,1,0,1
2643,2025-05-15,2025,5,15,makkus,1,0,0,1
2644,2025-05-15,2025,5,15,MMUTLU,5,0,1,6
2645,2025-05-15,2025,5,15,ntanriverdi,4,0,0,4
2646,2025-05-15,2025,5,15,ggirgin,6,1,0,7
2647,2025-05-15,2025,5,15,dnoic,6,0,0,6
2648,2025-05-15,2025,5,15,fimetin,183,0,0,183
2649,2025-05-15,2025,5,15,aavcil,7,1,3,11
2650,2025-05-15,2025,5,15,okanat,1,1,0,2
2651,2025-05-15,2025,5,15,gayilmaz,3,0,0,3
2652,2025-05-15,2025,5,15,klaboratuar,0,4,0,4
2653,2025-05-15,2025,5,15,oasistan,2,0,0,2
2654,2025-05-15,2025,5,15,eulsever,0,8,0,8
2655,2025-05-15,2025,5,15,tevirgen,3,0,13,16
2656,2025-05-15,2025,5,15,ekaradavut,2,0,0,2
2657,2025-05-16,2025,5,16,mguder,8,3,0,11
2658,2025-05-16,2025,5,16,mecigdem,24,0,0,24
2659,2025-05-16,2025,5,16,hakand,1,1,0,2
2660,2025-05-16,2025,5,16,cdonmez,0,13,0,13
2661,2025-05-16,2025,5,16,udalyan,3,2,0,5
2662,2025-05-16,2025,5,16,zyuksel,1,0,0,1
2663,2025-05-16,2025,5,16,dcolor,0,61,0,61
2664,2025-05-16,2025,5,16,hkaragoz,0,2,0,2
2665,2025-05-16,2025,5,16,eozkan,3,0,0,3
2666,2025-05-16,2025,5,16,hbulut,4,0,0,4
2667,2025-05-16,2025,5,16,bfirat,85,3,0,88
2668,2025-05-16,2025,5,16,gakca,2,0,0,2
2669,2025-05-16,2025,5,16,hakdemir,6,0,0,6
2670,2025-05-16,2025,5,16,bsakrak,12,0,0,12
2671,2025-05-16,2025,5,16,obali,3,0,0,3
2672,2025-05-16,2025,5,16,ebalaban,23,0,0,23
2673,2025-05-16,2025,5,16,ezyildiz,196,0,0,196
2674,2025-05-16,2025,5,16,aavcil,162,17,0,179
2675,2025-05-16,2025,5,16,klaboratuar,0,3,0,3
2676,2025-05-16,2025,5,16,gayilmaz,1,0,0,1
2677,2025-05-16,2025,5,16,tevirgen,1,8,4,13
2678,2025-05-16,2025,5,16,ayyilmaz,1,0,0,1
2679,2025-05-16,2025,5,16,ggirgin,45,16,0,61
2680,2025-05-16,2025,5,16,gkenarli,1,0,0,1
2681,2025-05-16,2025,5,16,fimetin,133,0,0,133
2682,2025-05-16,2025,5,16,ogun,2,0,0,2
2683,2025-05-16,2025,5,16,aaksoy,15,0,0,15
2684,2025-05-16,2025,5,16,akamera,27,30,0,57
2685,2025-05-16,2025,5,16,amasun,3,31,0,34
2686,2025-05-17,2025,5,17,dcolor,0,40,0,40
2687,2025-05-17,2025,5,17,ytinmaz,3,1,0,4
2688,2025-05-17,2025,5,17,ebalaban,5,0,0,5
2689,2025-05-17,2025,5,17,rkontrol,1,0,0,1
2690,2025-05-18,2025,5,18,aayhan,2,0,1,3
2691,2025-05-18,2025,5,18,klaboratuar,0,7,0,7
2692,2025-05-18,2025,5,18,mkarsiv,10,0,0,10
2693,2025-05-18,2025,5,18,dcolor,0,40,0,40
2694,2025-05-19,2025,5,19,ersener,8,0,0,8
2695,2025-05-19,2025,5,19,bunver,3,0,0,3
2696,2025-05-19,2025,5,19,dcolor,0,36,0,36
2697,2025-05-19,2025,5,19,earslanbay,0,2,0,2
2698,2025-05-19,2025,5,19,uunver,7,13,0,20
2699,2025-05-19,2025,5,19,hakdemir,26,3,0,29
2700,2025-05-19,2025,5,19,egonce,38,18,0,56
2701,2025-05-19,2025,5,19,fcolak,9,0,0,9
2702,2025-05-19,2025,5,19,ierdil,2,0,0,2
2703,2025-05-19,2025,5,19,fgulsever,0,48,0,48
2704,2025-05-19,2025,5,19,cyildiz,4,0,0,4
2705,2025-05-19,2025,5,19,mecigdem,5,3,0,8
2706,2025-05-19,2025,5,19,okelepe,2,0,0,2
2707,2025-05-19,2025,5,19,tcapkin,0,1,0,1
2708,2025-05-19,2025,5,19,ogun,1,0,1,2
2709,2025-05-19,2025,5,19,TIRMAK,1,0,0,1
2710,2025-05-19,2025,5,19,gbakanoglu,3,0,0,3
2711,2025-05-19,2025,5,19,abarkod,1,0,0,1
2712,2025-05-19,2025,5,19,bsakrak,19,0,0,19
2713,2025-05-19,2025,5,19,dayakta,1,0,0,1
2714,2025-05-19,2025,5,19,aapak,5,67,0,72
2715,2025-05-19,2025,5,19,gekim,0,83,0,83
2716,2025-05-20,2025,5,20,ihasdemir,70,5,0,75
2717,2025-05-20,2025,5,20,udalyan,6,3,3,12
2718,2025-05-20,2025,5,20,hakand,43,3,0,46
2719,2025-05-20,2025,5,20,BSOGUT,0,0,1,1
2720,2025-05-20,2025,5,20,okelepe,4,0,0,4
2721,2025-05-20,2025,5,20,cdonmez,0,1,0,1
2722,2025-05-20,2025,5,20,fgulsever,0,56,0,56
2723,2025-05-20,2025,5,20,ierdil,1,0,0,1
2724,2025-05-20,2025,5,20,aildeniz,0,1,0,1
2725,2025-05-20,2025,5,20,tyilmaz,0,0,1,1
2726,2025-05-20,2025,5,20,bbugdayci,0,4,0,4
2727,2025-05-20,2025,5,20,aapak,0,9,0,9
2728,2025-05-20,2025,5,20,cyildiz,1,0,0,1
2729,2025-05-20,2025,5,20,egonce,49,3,0,52
2730,2025-05-20,2025,5,20,hakdemir,2,0,0,2
2731,2025-05-20,2025,5,20,hbinay,1,0,0,1
2732,2025-05-20,2025,5,20,hkaragoz,2,0,0,2
2733,2025-05-20,2025,5,20,eozkan,7,0,0,7
2734,2025-05-20,2025,5,20,dcolor,0,67,0,67
2735,2025-05-20,2025,5,20,ekoksal,1,0,0,1
2736,2025-05-20,2025,5,20,hbulut,12,0,0,12
2737,2025-05-20,2025,5,20,bfirat,0,2,0,2
2738,2025-05-20,2025,5,20,stjegitim,1,2,1,4
2739,2025-05-20,2025,5,20,ubasdas,11,0,0,11
2740,2025-05-20,2025,5,20,mkarsiv,0,2,0,2
2741,2025-05-20,2025,5,20,bsakrak,4,0,0,4
2742,2025-05-20,2025,5,20,ngogce,0,0,1,1
2743,2025-05-20,2025,5,20,abarkod,1,0,0,1
2744,2025-05-20,2025,5,20,tcapkin,12,0,0,12
2745,2025-05-20,2025,5,20,gmasistan,0,0,8,8
2746,2025-05-20,2025,5,20,merkan,2,0,0,2
2747,2025-05-20,2025,5,20,fbasak,0,20,0,20
2748,2025-05-20,2025,5,20,aaksoy,5,0,0,5
2749,2025-05-20,2025,5,20,MMUTLU,9,3,7,19
2750,2025-05-20,2025,5,20,gakca,3,0,0,3
2751,2025-05-20,2025,5,20,fimetin,25,0,0,25
2752,2025-05-20,2025,5,20,ggirgin,14,0,0,14
2753,2025-05-20,2025,5,20,akamera,0,20,0,20
2754,2025-05-20,2025,5,20,ayyilmaz,1,1,0,2
2755,2025-05-20,2025,5,20,tevirgen,74,4,0,78
2756,2025-05-20,2025,5,20,klaboratuar,0,2,0,2
2757,2025-05-20,2025,5,20,aavcil,34,0,0,34
2758,2025-05-20,2025,5,20,dnoic,91,0,1,92
2759,2025-05-20,2025,5,20,ezyildiz,18,0,0,18
2760,2025-05-20,2025,5,20,ebalaban,20,0,0,20
2761,2025-05-20,2025,5,20,amasun,4,26,0,30
2762,2025-05-20,2025,5,20,eanli,0,1,0,1
2763,2025-05-20,2025,5,20,gekim,0,100,0,100
2764,2025-05-20,2025,5,20,mertan,18,0,0,18
2765,2025-05-21,2025,5,21,mguder,1,0,0,1
2766,2025-05-21,2025,5,21,itopcu,7,0,0,7
2767,2025-05-21,2025,5,21,fgulsever,0,24,0,24
2768,2025-05-21,2025,5,21,mecigdem,0,16,0,16
2769,2025-05-21,2025,5,21,okelepe,0,0,46,46
2770,2025-05-21,2025,5,21,BSOGUT,7,0,0,7
2771,2025-05-21,2025,5,21,hakand,4,3,0,7
2772,2025-05-21,2025,5,21,sakgumus,1,0,0,1
2773,2025-05-21,2025,5,21,cdonmez,0,1,0,1
2774,2025-05-21,2025,5,21,aildeniz,2,0,0,2
2775,2025-05-21,2025,5,21,hakdemir,26,5,0,31
2776,2025-05-21,2025,5,21,ihasdemir,1,0,0,1
2777,2025-05-21,2025,5,21,stjegitim,37,0,1,38
2778,2025-05-21,2025,5,21,fcolak,3,1,0,4
2779,2025-05-21,2025,5,21,egonce,3,4,0,7
2780,2025-05-21,2025,5,21,hbinay,8,0,0,8
2781,2025-05-21,2025,5,21,mmollaoglu,1,0,0,1
2782,2025-05-21,2025,5,21,dcolor,0,56,0,56
2783,2025-05-21,2025,5,21,ersener,13,0,0,13
2784,2025-05-21,2025,5,21,hbulut,9,0,0,9
2785,2025-05-21,2025,5,21,udalyan,0,0,1,1
2786,2025-05-21,2025,5,21,tyilmaz,5,2,4,11
2787,2025-05-21,2025,5,21,aapak,1,0,0,1
2788,2025-05-21,2025,5,21,bfirat,45,0,0,45
2789,2025-05-21,2025,5,21,gakca,1,0,0,1
2790,2025-05-21,2025,5,21,dayakta,8,0,0,8
2791,2025-05-21,2025,5,21,akamera,3,13,0,16
2792,2025-05-21,2025,5,21,ngogce,0,0,1,1
2793,2025-05-21,2025,5,21,abarkod,7,0,0,7
2794,2025-05-21,2025,5,21,ntanriverdi,17,0,0,17
2795,2025-05-21,2025,5,21,merkan,3,0,0,3
2796,2025-05-21,2025,5,21,cer,2,8,0,10
2797,2025-05-21,2025,5,21,obali,16,16,0,32
2798,2025-05-21,2025,5,21,MMUTLU,8,3,6,17
2799,2025-05-21,2025,5,21,ggirgin,1,12,10,23
2800,2025-05-21,2025,5,21,fbasak,3,1,0,4
2801,2025-05-21,2025,5,21,eulsever,0,12,0,12
2802,2025-05-21,2025,5,21,tevirgen,6,23,3,32
2803,2025-05-21,2025,5,21,cisahin,17,0,0,17
2804,2025-05-21,2025,5,21,gbakanoglu,1,0,0,1
2805,2025-05-21,2025,5,21,amasun,0,38,0,38
2806,2025-05-21,2025,5,21,ebalaban,22,0,0,22
2807,2025-05-21,2025,5,21,gekim,0,84,0,84
2808,2025-05-21,2025,5,21,aavcil,32,1,0,33
2809,2025-05-21,2025,5,21,okanat,0,1,0,1
2810,2025-05-21,2025,5,21,gayilmaz,2,0,0,2
2811,2025-05-21,2025,5,21,ezyildiz,22,0,0,22
2812,2025-05-22,2025,5,22,mguder,2,0,0,2
2813,2025-05-22,2025,5,22,mceylan,4,0,0,4
2814,2025-05-22,2025,5,22,dayakta,3,0,0,3
2815,2025-05-22,2025,5,22,aapak,0,4,0,4
2816,2025-05-22,2025,5,22,udalyan,6,4,0,10
2817,2025-05-22,2025,5,22,mecigdem,0,2,0,2
2818,2025-05-22,2025,5,22,hakand,19,3,0,22
2819,2025-05-22,2025,5,22,BSOGUT,4,0,0,4
2820,2025-05-22,2025,5,22,okelepe,0,0,1,1
2821,2025-05-22,2025,5,22,fgulsever,1,14,0,15
2822,2025-05-22,2025,5,22,tyilmaz,1,0,0,1
2823,2025-05-22,2025,5,22,dcolor,0,49,0,49
2824,2025-05-22,2025,5,22,cyildiz,4,0,0,4
2825,2025-05-22,2025,5,22,fcolak,23,0,0,23
2826,2025-05-22,2025,5,22,sekisa,14,0,0,14
2827,2025-05-22,2025,5,22,egonce,5,36,0,41
2828,2025-05-22,2025,5,22,hakdemir,8,1,0,9
2829,2025-05-22,2025,5,22,uunver,2,22,0,24
2830,2025-05-22,2025,5,22,mbayirli,33,0,0,33
2831,2025-05-22,2025,5,22,hbinay,8,0,0,8
2832,2025-05-22,2025,5,22,eozkan,4,0,0,4
2833,2025-05-22,2025,5,22,gakca,2,2,0,4
2834,2025-05-22,2025,5,22,hbulut,8,0,0,8
2835,2025-05-22,2025,5,22,bfirat,36,0,0,36
2836,2025-05-22,2025,5,22,ihasdemir,105,1,0,106
2837,2025-05-22,2025,5,22,bsakrak,29,0,0,29
2838,2025-05-22,2025,5,22,ebalaban,17,9,0,26
2839,2025-05-22,2025,5,22,SUYILMAZ,3,0,0,3
2840,2025-05-22,2025,5,22,akamera,4,50,0,54
2841,2025-05-22,2025,5,22,abarkod,31,0,0,31
2842,2025-05-22,2025,5,22,edemirbas,1,0,0,1
2843,2025-05-22,2025,5,22,gekim,0,86,0,86
2844,2025-05-22,2025,5,22,ntanriverdi,0,1,0,1
2845,2025-05-22,2025,5,22,merkan,1,0,0,1
2846,2025-05-22,2025,5,22,fbasak,6,0,0,6
2847,2025-05-22,2025,5,22,aaksoy,1,0,0,1
2848,2025-05-22,2025,5,22,obali,10,1,13,24
2849,2025-05-22,2025,5,22,MMUTLU,37,1,1,39
2850,2025-05-22,2025,5,22,fimetin,3,0,0,3
2851,2025-05-22,2025,5,22,ggirgin,9,62,0,71
2852,2025-05-22,2025,5,22,vgemici,2,0,0,2
2853,2025-05-22,2025,5,22,mertan,3,0,0,3
2854,2025-05-22,2025,5,22,ekaradavut,3,0,0,3
2855,2025-05-22,2025,5,22,amasun,0,31,0,31
2856,2025-05-22,2025,5,22,aavcil,2,0,0,2
2857,2025-05-22,2025,5,22,oicoz,3,2,0,5
2858,2025-05-22,2025,5,22,nibolkis,1,0,0,1
2859,2025-05-22,2025,5,22,dnoic,0,8,0,8
2860,2025-05-22,2025,5,22,gayilmaz,1,1,0,2
2861,2025-05-22,2025,5,22,eulsever,0,6,0,6
2862,2025-05-22,2025,5,22,tevirgen,1,0,0,1
2863,2025-05-22,2025,5,22,ayyilmaz,1,0,0,1
2864,2025-05-22,2025,5,22,nbolkis,21,0,0,21
2865,2025-05-23,2025,5,23,mguder,2,0,0,2
2866,2025-05-23,2025,5,23,udalyan,4,2,0,6
2867,2025-05-23,2025,5,23,mecigdem,0,4,0,4
2868,2025-05-23,2025,5,23,cdonmez,0,1,0,1
2869,2025-05-23,2025,5,23,itopcu,1,0,0,1
2870,2025-05-23,2025,5,23,baozturk,4,0,0,4
2871,2025-05-23,2025,5,23,rkontrol,2,0,0,2
2872,2025-05-23,2025,5,23,dcolor,0,79,0,79
2873,2025-05-23,2025,5,23,herbilgin,8,1,0,9
2874,2025-05-23,2025,5,23,hakdemir,17,0,0,17
2875,2025-05-23,2025,5,23,mmollaoglu,0,1,0,1
2876,2025-05-23,2025,5,23,eozkan,2,0,0,2
2877,2025-05-23,2025,5,23,hbulut,1,0,0,1
2878,2025-05-23,2025,5,23,bfirat,46,0,0,46
2879,2025-05-23,2025,5,23,kdeda,5,15,0,20
2880,2025-05-23,2025,5,23,tyilmaz,12,0,1,13
2881,2025-05-23,2025,5,23,gakca,8,0,0,8
2882,2025-05-23,2025,5,23,ierdil,2,0,0,2
2883,2025-05-23,2025,5,23,ebalaban,33,0,0,33
2884,2025-05-23,2025,5,23,akamera,0,5,0,5
2885,2025-05-23,2025,5,23,bkibar,0,6,0,6
2886,2025-05-23,2025,5,23,mkofis,13,0,0,13
2887,2025-05-23,2025,5,23,MMUTLU,7,1,7,15
2888,2025-05-23,2025,5,23,fimetin,9,1,0,10
2889,2025-05-23,2025,5,23,ggirgin,27,1,0,28
2890,2025-05-23,2025,5,23,sulger,0,2,0,2
2891,2025-05-23,2025,5,23,obali,13,7,5,25
2892,2025-05-23,2025,5,23,amasun,1,161,0,162
2893,2025-05-23,2025,5,23,ayyilmaz,2,0,0,2
2894,2025-05-23,2025,5,23,tevirgen,1,2,0,3
2895,2025-05-23,2025,5,23,eulsever,0,8,0,8
2896,2025-05-23,2025,5,23,gayilmaz,2,0,0,2
2897,2025-05-23,2025,5,23,nbolkis,7,0,0,7
2898,2025-05-23,2025,5,23,aavcil,284,37,0,321
2899,2025-05-23,2025,5,23,mertan,121,1,0,122
2900,2025-05-24,2025,5,24,dcolor,0,39,0,39
2901,2025-05-24,2025,5,24,hbinay,3,0,0,3
2902,2025-05-24,2025,5,24,ebalaban,3,0,0,3
2903,2025-05-25,2025,5,25,fgulsever,0,16,0,16
2904,2025-05-25,2025,5,25,ekoksal,9,2,0,11
2905,2025-05-25,2025,5,25,dcolor,0,2,0,2
2906,2025-05-25,2025,5,25,mbayirli,10,0,0,10
2907,2025-05-25,2025,5,25,egonce,14,14,0,28
2908,2025-05-25,2025,5,25,mkarsiv,1,0,0,1
2909,2025-05-25,2025,5,25,ihasdemir,64,0,0,64
2910,2025-05-25,2025,5,25,okelepe,0,6,3,9
2911,2025-05-25,2025,5,25,ebadem,2,0,0,2
2912,2025-05-25,2025,5,25,gekim,0,41,0,41
2913,2025-05-25,2025,5,25,dnoic,3,0,2,5
2914,2025-05-25,2025,5,25,mkorucu,5,0,0,5
2915,2025-05-25,2025,5,25,oseker,12,0,0,12
2916,2025-05-25,2025,5,25,kesmeray,1,0,0,1
2917,2025-05-25,2025,5,25,mkofis,17,0,0,17
2918,2025-05-25,2025,5,25,aayhan,5,7,7,19
2919,2025-05-25,2025,5,25,edemirbas,1,0,0,1
2920,2025-05-25,2025,5,25,aapak,0,69,0,69
2921,2025-05-26,2025,5,26,ierdil,0,25,0,25
2922,2025-05-26,2025,5,26,fgulsever,0,20,0,20
2923,2025-05-26,2025,5,26,BSOGUT,1,0,0,1
2924,2025-05-26,2025,5,26,esaribuyuk,0,1,0,1
2925,2025-05-26,2025,5,26,gakca,8,0,0,8
2926,2025-05-26,2025,5,26,mecigdem,0,114,0,114
2927,2025-05-26,2025,5,26,aapak,5,32,0,37
2928,2025-05-26,2025,5,26,tyilmaz,7,0,4,11
2929,2025-05-26,2025,5,26,gekim,0,42,0,42
2930,2025-05-26,2025,5,26,hakand,10,1,0,11
2931,2025-05-26,2025,5,26,ytinmaz,1,0,0,1
2932,2025-05-26,2025,5,26,mkarsiv,1,0,0,1
2933,2025-05-26,2025,5,26,bbugdayci,2,6,0,8
2934,2025-05-26,2025,5,26,bfirat,24,0,0,24
2935,2025-05-26,2025,5,26,cyildiz,3,0,0,3
2936,2025-05-26,2025,5,26,egonce,0,16,0,16
2937,2025-05-26,2025,5,26,herbilgin,1,0,0,1
2938,2025-05-26,2025,5,26,hakdemir,94,6,0,100
2939,2025-05-26,2025,5,26,eozkan,11,0,0,11
2940,2025-05-26,2025,5,26,dcolor,0,58,0,58
2941,2025-05-26,2025,5,26,ekoksal,3,25,0,28
2942,2025-05-26,2025,5,26,hbulut,12,0,0,12
2943,2025-05-26,2025,5,26,eanli,0,5,0,5
2944,2025-05-26,2025,5,26,ihasdemir,35,0,0,35
2945,2025-05-26,2025,5,26,amasun,0,148,0,148
2946,2025-05-26,2025,5,26,stjegitim,0,0,3,3
2947,2025-05-26,2025,5,26,ezyildiz,22,2,0,24
2948,2025-05-26,2025,5,26,akamera,2,14,0,16
2949,2025-05-26,2025,5,26,vgemici,2,0,0,2
2950,2025-05-26,2025,5,26,oyurtsever,23,0,0,23
2951,2025-05-26,2025,5,26,ntanriverdi,10,3,0,13
2952,2025-05-26,2025,5,26,bkibar,0,1,0,1
2953,2025-05-26,2025,5,26,MAYDIN,0,1,0,1
2954,2025-05-26,2025,5,26,nkorkmaz,1,0,0,1
2955,2025-05-26,2025,5,26,fbasak,5,0,0,5
2956,2025-05-26,2025,5,26,cer,24,0,0,24
2957,2025-05-26,2025,5,26,aayhan,4,2,2,8
2958,2025-05-26,2025,5,26,scolak,13,0,0,13
2959,2025-05-26,2025,5,26,abarkod,2,0,0,2
2960,2025-05-26,2025,5,26,fimetin,15,0,0,15
2961,2025-05-26,2025,5,26,MMUTLU,10,4,0,14
2962,2025-05-26,2025,5,26,aavcil,91,0,0,91
2963,2025-05-26,2025,5,26,mkorucu,0,7,0,7
2964,2025-05-26,2025,5,26,oicoz,3,0,0,3
2965,2025-05-26,2025,5,26,ogungor,1,0,0,1
2966,2025-05-26,2025,5,26,ebalaban,10,0,0,10
2967,2025-05-26,2025,5,26,tevirgen,16,1,0,17
2968,2025-05-26,2025,5,26,ayyilmaz,0,10,0,10
2969,2025-05-26,2025,5,26,mertan,18,0,0,18
2970,2025-05-26,2025,5,26,ggirgin,6,10,0,16
2971,2025-05-26,2025,5,26,gayilmaz,36,0,0,36
2972,2025-05-27,2025,5,27,cisahin,27,2,0,29
2973,2025-05-27,2025,5,27,gekim,0,73,0,73
2974,2025-05-27,2025,5,27,adogan,13,0,0,13
2975,2025-05-27,2025,5,27,gakca,2,0,0,2
2976,2025-05-27,2025,5,27,udalyan,2,3,2,7
2977,2025-05-27,2025,5,27,hakand,6,2,1,9
2978,2025-05-27,2025,5,27,BSOGUT,2,91,0,93
2979,2025-05-27,2025,5,27,fgulsever,0,19,0,19
2980,2025-05-27,2025,5,27,gsapmaz,1,0,0,1
2981,2025-05-27,2025,5,27,ierdil,0,181,0,181
2982,2025-05-27,2025,5,27,mguray,17,0,0,17
2983,2025-05-27,2025,5,27,stjegitim,5,0,0,5
2984,2025-05-27,2025,5,27,egonce,0,28,0,28
2985,2025-05-27,2025,5,27,mmollaoglu,2,0,0,2
2986,2025-05-27,2025,5,27,eozkan,13,2,0,15
2987,2025-05-27,2025,5,27,dcolor,0,84,0,84
2988,2025-05-27,2025,5,27,bfirat,23,0,0,23
2989,2025-05-27,2025,5,27,gbakanoglu,7,0,0,7
2990,2025-05-27,2025,5,27,mguder,2,0,0,2
2991,2025-05-27,2025,5,27,hakdemir,27,4,0,31
2992,2025-05-27,2025,5,27,cozkan,2,0,0,2
2993,2025-05-27,2025,5,27,ebalaban,11,0,0,11
2994,2025-05-27,2025,5,27,amasun,3,107,0,110
2995,2025-05-27,2025,5,27,akamera,0,42,0,42
2996,2025-05-27,2025,5,27,abarkod,2,0,0,2
2997,2025-05-27,2025,5,27,vgemici,5,0,0,5
2998,2025-05-27,2025,5,27,fbasak,4,1,0,5
2999,2025-05-27,2025,5,27,ogun,6,0,0,6
3000,2025-05-27,2025,5,27,MMUTLU,1,0,0,1
3001,2025-05-27,2025,5,27,fimetin,11,4,0,15
3002,2025-05-27,2025,5,27,ggirgin,7,1,0,8
3003,2025-05-27,2025,5,27,asablon,6,0,0,6
3004,2025-05-27,2025,5,27,tevirgen,12,2,1,15
3005,2025-05-27,2025,5,27,eulsever,0,4,0,4
3006,2025-05-27,2025,5,27,gayilmaz,3,0,0,3
3007,2025-05-27,2025,5,27,fakgul,12,0,0,12
3008,2025-05-27,2025,5,27,klaboratuar,3,15,0,18
3009,2025-05-27,2025,5,27,mkorucu,2,0,0,2
3010,2025-05-27,2025,5,27,aavcil,1,1,0,2
3011,2025-05-27,2025,5,27,dnoic,5,1,2,8
3012,2025-05-27,2025,5,27,mertan,2,0,0,2
3013,2025-05-27,2025,5,27,ezyildiz,15,0,0,15
3014,2025-05-28,2025,5,28,rkontrol,2,0,0,2
3015,2025-05-28,2025,5,28,baozturk,2,0,0,2
3016,2025-05-28,2025,5,28,fgulsever,0,38,0,38
3017,2025-05-28,2025,5,28,hakand,2,1,0,3
3018,2025-05-28,2025,5,28,mecigdem,29,3,0,32
3019,2025-05-28,2025,5,28,gakca,2,15,0,17
3020,2025-05-28,2025,5,28,aapak,0,3,0,3
3021,2025-05-28,2025,5,28,ubasdas,6,0,0,6
3022,2025-05-28,2025,5,28,gekim,0,40,0,40
3023,2025-05-28,2025,5,28,tyilmaz,9,0,22,31
3024,2025-05-28,2025,5,28,udalyan,1,0,0,1
3025,2025-05-28,2025,5,28,stjegitim,1,0,2,3
3026,2025-05-28,2025,5,28,dcolor,0,75,0,75
3027,2025-05-28,2025,5,28,fcolak,5,3,0,8
3028,2025-05-28,2025,5,28,egonce,44,19,0,63
3029,2025-05-28,2025,5,28,hakdemir,28,6,0,34
3030,2025-05-28,2025,5,28,uunver,24,0,0,24
3031,2025-05-28,2025,5,28,msevim,5,0,0,5
3032,2025-05-28,2025,5,28,hbinay,26,0,0,26
3033,2025-05-28,2025,5,28,bfirat,12,0,0,12
3034,2025-05-28,2025,5,28,earslanbay,0,1,0,1
3035,2025-05-28,2025,5,28,ersener,2,0,0,2
3036,2025-05-28,2025,5,28,hbulut,2,0,0,2
3037,2025-05-28,2025,5,28,gbakanoglu,1,0,0,1
3038,2025-05-28,2025,5,28,aakyildiz,3,0,0,3
3039,2025-05-28,2025,5,28,eanli,0,1,0,1
3040,2025-05-28,2025,5,28,ntanriverdi,6,2,0,8
3041,2025-05-28,2025,5,28,aozbal,1,0,0,1
3042,2025-05-28,2025,5,28,ekaragoz,1,0,0,1
3043,2025-05-28,2025,5,28,akamera,1,5,0,6
3044,2025-05-28,2025,5,28,tcapkin,1,0,0,1
3045,2025-05-28,2025,5,28,oyurtsever,1,1,0,2
3046,2025-05-28,2025,5,28,bkibar,0,2,0,2
3047,2025-05-28,2025,5,28,merkan,2,0,0,2
3048,2025-05-28,2025,5,28,cer,0,1,0,1
3049,2025-05-28,2025,5,28,aaksoy,1,0,0,1
3050,2025-05-28,2025,5,28,aayhan,4,0,1,5
3051,2025-05-28,2025,5,28,obali,2,0,0,2
3052,2025-05-28,2025,5,28,fimetin,48,0,0,48
3053,2025-05-28,2025,5,28,gkenarli,1,0,0,1
3054,2025-05-28,2025,5,28,abarkod,1,0,0,1
3055,2025-05-28,2025,5,28,ekaradavut,1,0,0,1
3056,2025-05-28,2025,5,28,ggirgin,4,0,14,18
3057,2025-05-28,2025,5,28,amasun,16,118,0,134
3058,2025-05-28,2025,5,28,ezyildiz,64,0,0,64
3059,2025-05-28,2025,5,28,dnoic,27,0,0,27
3060,2025-05-28,2025,5,28,aavcil,27,2,0,29
3061,2025-05-28,2025,5,28,ebalaban,6,2,0,8
3062,2025-05-28,2025,5,28,oasistan,0,1,0,1
3063,2025-05-28,2025,5,28,eulsever,0,9,0,9
3064,2025-05-28,2025,5,28,tevirgen,1,20,0,21
3065,2025-05-28,2025,5,28,ayyilmaz,2,0,0,2
3066,2025-05-28,2025,5,28,oicoz,5,0,0,5
3067,2025-05-29,2025,5,29,aapak,0,4,0,4
3068,2025-05-29,2025,5,29,mguder,1,0,0,1
3069,2025-05-29,2025,5,29,udalyan,10,2,2,14
3070,2025-05-29,2025,5,29,mecigdem,3,0,0,3
3071,2025-05-29,2025,5,29,hakand,7,0,6,13
3072,2025-05-29,2025,5,29,BSOGUT,2,0,3,5
3073,2025-05-29,2025,5,29,cdonmez,0,1,0,1
3074,2025-05-29,2025,5,29,fgulsever,0,26,0,26
3075,2025-05-29,2025,5,29,zyuksel,1,0,0,1
3076,2025-05-29,2025,5,29,eozkan,1,0,0,1
3077,2025-05-29,2025,5,29,fcolak,7,0,0,7
3078,2025-05-29,2025,5,29,egonce,6,17,0,23
3079,2025-05-29,2025,5,29,hakdemir,2,6,0,8
3080,2025-05-29,2025,5,29,BDEMIRAL,2,0,0,2
3081,2025-05-29,2025,5,29,dcolor,0,60,0,60
3082,2025-05-29,2025,5,29,ekoksal,1,0,0,1
3083,2025-05-29,2025,5,29,hbulut,2,0,0,2
3084,2025-05-29,2025,5,29,bfirat,5,0,0,5
3085,2025-05-29,2025,5,29,ELOFCA,0,30,0,30
3086,2025-05-29,2025,5,29,tyilmaz,25,0,1,26
3087,2025-05-29,2025,5,29,ubasdas,3,0,0,3
3088,2025-05-29,2025,5,29,ezyildiz,12,0,0,12
3089,2025-05-29,2025,5,29,iunlu,3,0,0,3
3090,2025-05-29,2025,5,29,akamera,0,82,0,82
3091,2025-05-29,2025,5,29,abarkod,4,0,0,4
3092,2025-05-29,2025,5,29,gakca,10,0,0,10
3093,2025-05-29,2025,5,29,ntanriverdi,49,1,0,50
3094,2025-05-29,2025,5,29,eatansay,0,106,0,106
3095,2025-05-29,2025,5,29,aayhan,2,1,0,3
3096,2025-05-29,2025,5,29,obali,0,1,0,1
3097,2025-05-29,2025,5,29,MMUTLU,2,0,2,4
3098,2025-05-29,2025,5,29,fimetin,79,0,0,79
3099,2025-05-29,2025,5,29,gkenarli,3,0,0,3
3100,2025-05-29,2025,5,29,vgemici,1,0,0,1
3101,2025-05-29,2025,5,29,ekaradavut,2,0,0,2
3102,2025-05-29,2025,5,29,tevirgen,7,0,3,10
3103,2025-05-29,2025,5,29,mkorucu,2,0,0,2
3104,2025-05-29,2025,5,29,aavcil,1,0,0,1
3105,2025-05-29,2025,5,29,dnoic,1,0,0,1
3106,2025-05-29,2025,5,29,ebalaban,20,0,0,20
3107,2025-05-29,2025,5,29,amasun,0,69,0,69
3108,2025-05-29,2025,5,29,gekim,0,88,0,88
3109,2025-05-29,2025,5,29,ggirgin,21,0,0,21
3110,2025-05-30,2025,5,30,gakca,6,1,0,7
3111,2025-05-30,2025,5,30,udalyan,0,1,0,1
3112,2025-05-30,2025,5,30,hakand,14,1,7,22
3113,2025-05-30,2025,5,30,itopcu,1,0,4,5
3114,2025-05-30,2025,5,30,zyuksel,31,0,0,31
3115,2025-05-30,2025,5,30,mguray,2,0,0,2
3116,2025-05-30,2025,5,30,tyilmaz,3,0,9,12
3117,2025-05-30,2025,5,30,dcolor,0,55,0,55
3118,2025-05-30,2025,5,30,BDEMIRAL,1,0,0,1
3119,2025-05-30,2025,5,30,eozkan,8,0,0,8
3120,2025-05-30,2025,5,30,ekoksal,2,0,0,2
3121,2025-05-30,2025,5,30,hbulut,5,0,0,5
3122,2025-05-30,2025,5,30,bfirat,34,2,0,36
3123,2025-05-30,2025,5,30,adogan,2,0,0,2
3124,2025-05-30,2025,5,30,mmollaoglu,0,21,0,21
3125,2025-05-30,2025,5,30,amasun,0,8,0,8
3126,2025-05-30,2025,5,30,obali,5,3,3,11
3127,2025-05-30,2025,5,30,ezyildiz,9,1,0,10
3128,2025-05-30,2025,5,30,ebalaban,13,0,0,13
3129,2025-05-30,2025,5,30,akamera,43,32,0,75
3130,2025-05-30,2025,5,30,vgemici,6,2,0,8
3131,2025-05-30,2025,5,30,ntanriverdi,4,0,0,4
3132,2025-05-30,2025,5,30,asablon,1,0,0,1
3133,2025-05-30,2025,5,30,eatansay,1,0,0,1
3134,2025-05-30,2025,5,30,MMUTLU,1,1,0,2
3135,2025-05-30,2025,5,30,oyurtsever,2,0,0,2
3136,2025-05-30,2025,5,30,ggirgin,49,2,0,51
3137,2025-05-30,2025,5,30,mertan,17,0,0,17
3138,2025-05-30,2025,5,30,tevirgen,0,50,0,50
3139,2025-05-30,2025,5,30,gayilmaz,2,0,0,2
3140,2025-05-30,2025,5,30,okanat,3,0,0,3
3141,2025-05-30,2025,5,30,fimetin,10,0,0,10
3142,2025-05-30,2025,5,30,aavcil,233,22,0,255
3143,2025-05-31,2025,5,31,dcolor,0,81,0,81
3144,2025-05-31,2025,5,31,ebalaban,4,0,0,4
3145,2025-05-31,2025,5,31,rkontrol,1,0,0,1
3146,2025-06-01,2025,6,1,acelebi,2,0,0,2
3147,2025-06-01,2025,6,1,fcolak,1,0,0,1
3148,2025-06-01,2025,6,1,mkarsiv,3,0,0,3
3149,2025-06-01,2025,6,1,bunver,8,0,0,8
3150,2025-06-01,2025,6,1,dcolor,0,9,0,9
3151,2025-06-01,2025,6,1,akapucu,9,0,0,9
3152,2025-06-01,2025,6,1,ihasdemir,1,0,0,1
3153,2025-06-01,2025,6,1,egonce,6,26,0,32
3154,2025-06-01,2025,6,1,fgulsever,0,19,0,19
3155,2025-06-01,2025,6,1,cyildiz,4,0,0,4
3156,2025-06-01,2025,6,1,aapak,5,13,0,18
3157,2025-06-01,2025,6,1,dayakta,3,0,1,4
3158,2025-06-01,2025,6,1,gekim,0,102,0,102
3159,2025-06-01,2025,6,1,ekaragoz,1,0,0,1
3160,2025-06-01,2025,6,1,dnoic,7,0,0,7
3161,2025-06-01,2025,6,1,mkorucu,1,0,0,1
3162,2025-06-01,2025,6,1,aayhan,0,2,3,5
3163,2025-06-01,2025,6,1,oyurtsever,1,0,0,1
3164,2025-06-01,2025,6,1,abarkod,5,0,0,5
3165,2025-06-01,2025,6,1,udalyan,1,0,0,1
3166,2025-06-02,2025,6,2,mguray,2,0,0,2
3167,2025-06-02,2025,6,2,zyuksel,1,0,0,1
3168,2025-06-02,2025,6,2,cdonmez,6,0,0,6
3169,2025-06-02,2025,6,2,hakand,2,0,0,2
3170,2025-06-02,2025,6,2,adogan,9,21,0,30
3171,2025-06-02,2025,6,2,udalyan,7,13,0,20
3172,2025-06-02,2025,6,2,aapak,0,8,0,8
3173,2025-06-02,2025,6,2,gakca,7,0,0,7
3174,2025-06-02,2025,6,2,kbtlideri,2,0,0,2
3175,2025-06-02,2025,6,2,gekim,0,42,0,42
3176,2025-06-02,2025,6,2,mecigdem,0,94,0,94
3177,2025-06-02,2025,6,2,aildeniz,0,0,21,21
3178,2025-06-02,2025,6,2,mkarsiv,1,0,0,1
3179,2025-06-02,2025,6,2,eyuksel,0,4,0,4
3180,2025-06-02,2025,6,2,aakyildiz,3,0,0,3
3181,2025-06-02,2025,6,2,fcolak,1,0,0,1
3182,2025-06-02,2025,6,2,egonce,1,33,0,34
3183,2025-06-02,2025,6,2,hbinay,20,0,0,20
3184,2025-06-02,2025,6,2,mmollaoglu,0,0,21,21
3185,2025-06-02,2025,6,2,BDEMIRAL,8,0,0,8
3186,2025-06-02,2025,6,2,dcolor,0,39,0,39
3187,2025-06-02,2025,6,2,hbulut,31,0,0,31
3188,2025-06-02,2025,6,2,ekoksal,5,2,0,7
3189,2025-06-02,2025,6,2,ersener,26,0,0,26
3190,2025-06-02,2025,6,2,cisahin,10,2,0,12
3191,2025-06-02,2025,6,2,tyilmaz,2,35,8,45
3192,2025-06-02,2025,6,2,eanli,0,3,0,3
3193,2025-06-02,2025,6,2,dustasi,10,0,0,10
3194,2025-06-02,2025,6,2,ebalaban,4,2,0,6
3195,2025-06-02,2025,6,2,amasun,0,21,0,21
3196,2025-06-02,2025,6,2,akamera,4,7,0,11
3197,2025-06-02,2025,6,2,abarkod,3,2,0,5
3198,2025-06-02,2025,6,2,vgemici,4,0,0,4
3199,2025-06-02,2025,6,2,tcapkin,0,1,0,1
3200,2025-06-02,2025,6,2,oyurtsever,1,0,0,1
3201,2025-06-02,2025,6,2,ntanriverdi,8,2,0,10
3202,2025-06-02,2025,6,2,fbasak,2,0,0,2
3203,2025-06-02,2025,6,2,aaksoy,3,0,0,3
3204,2025-06-02,2025,6,2,aayhan,34,3,3,40
3205,2025-06-02,2025,6,2,mkofis,1,0,0,1
3206,2025-06-02,2025,6,2,obali,0,5,1,6
3207,2025-06-02,2025,6,2,cer,20,0,0,20
3208,2025-06-02,2025,6,2,fimetin,28,0,0,28
3209,2025-06-02,2025,6,2,ezyildiz,104,0,0,104
3210,2025-06-02,2025,6,2,MMUTLU,16,4,2,22
3211,2025-06-02,2025,6,2,mkorucu,1,2,0,3
3212,2025-06-02,2025,6,2,fakgul,10,0,0,10
3213,2025-06-02,2025,6,2,gayilmaz,2,2,0,4
3214,2025-06-02,2025,6,2,eulsever,0,8,0,8
3215,2025-06-02,2025,6,2,aavcil,31,32,3,66
3216,2025-06-02,2025,6,2,ayyilmaz,1,0,0,1
3217,2025-06-02,2025,6,2,mertan,1,0,0,1
3218,2025-06-02,2025,6,2,oseker,1,0,0,1
3219,2025-06-02,2025,6,2,ggirgin,57,2,0,59
3220,2025-06-02,2025,6,2,tevirgen,19,28,0,47
3221,2025-06-03,2025,6,3,mguder,26,3,0,29
3222,2025-06-03,2025,6,3,adogan,2,0,0,2
3223,2025-06-03,2025,6,3,gakca,3,0,0,3
3224,2025-06-03,2025,6,3,aapak,0,4,0,4
3225,2025-06-03,2025,6,3,udalyan,1,0,3,4
3226,2025-06-03,2025,6,3,mecigdem,0,90,0,90
3227,2025-06-03,2025,6,3,hakand,22,4,0,26
3228,2025-06-03,2025,6,3,esaribuyuk,0,2,0,2
3229,2025-06-03,2025,6,3,fgulsever,0,7,0,7
3230,2025-06-03,2025,6,3,gsapmaz,4,0,0,4
3231,2025-06-03,2025,6,3,aildeniz,3,2,0,5
3232,2025-06-03,2025,6,3,hbulut,63,0,0,63
3233,2025-06-03,2025,6,3,aakyildiz,3,0,0,3
3234,2025-06-03,2025,6,3,fcolak,3,0,0,3
3235,2025-06-03,2025,6,3,mkarsiv,3,0,0,3
3236,2025-06-03,2025,6,3,ddcozgu,7,0,0,7
3237,2025-06-03,2025,6,3,egonce,4,5,0,9
3238,2025-06-03,2025,6,3,uunver,5,0,0,5
3239,2025-06-03,2025,6,3,mbayirli,1,0,0,1
3240,2025-06-03,2025,6,3,hbinay,10,0,0,10
3241,2025-06-03,2025,6,3,dcolor,0,66,0,66
3242,2025-06-03,2025,6,3,ekoksal,1,1,0,2
3243,2025-06-03,2025,6,3,ersener,19,0,0,19
3244,2025-06-03,2025,6,3,otufan,0,0,2,2
3245,2025-06-03,2025,6,3,tyilmaz,2,0,0,2
3246,2025-06-03,2025,6,3,gekim,0,42,0,42
3247,2025-06-03,2025,6,3,ezyildiz,6,2,0,8
3248,2025-06-03,2025,6,3,ebalaban,14,0,0,14
3249,2025-06-03,2025,6,3,amasun,1,47,0,48
3250,2025-06-03,2025,6,3,ntanriverdi,6,0,0,6
3251,2025-06-03,2025,6,3,gmasistan,16,15,1,32
3252,2025-06-03,2025,6,3,bkibar,0,2,0,2
3253,2025-06-03,2025,6,3,asablon,1,0,0,1
3254,2025-06-03,2025,6,3,aerkus,45,0,0,45
3255,2025-06-03,2025,6,3,fbasak,4,2,0,6
3256,2025-06-03,2025,6,3,cer,1,0,0,1
3257,2025-06-03,2025,6,3,mkarabiyik,0,1,0,1
3258,2025-06-03,2025,6,3,mkofis,3,0,0,3
3259,2025-06-03,2025,6,3,obali,4,1,3,8
3260,2025-06-03,2025,6,3,akamera,1,6,0,7
3261,2025-06-03,2025,6,3,fimetin,13,0,0,13
3262,2025-06-03,2025,6,3,MMUTLU,12,1,7,20
3263,2025-06-03,2025,6,3,aavcil,42,9,0,51
3264,2025-06-03,2025,6,3,mkorucu,1,0,0,1
3265,2025-06-03,2025,6,3,okanat,4,0,0,4
3266,2025-06-03,2025,6,3,gayilmaz,5,0,0,5
3267,2025-06-03,2025,6,3,dnoic,21,0,2,23
3268,2025-06-03,2025,6,3,tevirgen,4,4,0,8
3269,2025-06-03,2025,6,3,mertan,74,0,0,74
3270,2025-06-03,2025,6,3,ekaradavut,1,0,0,1
3271,2025-06-03,2025,6,3,ggirgin,75,0,0,75
3272,2025-06-03,2025,6,3,ddtlideri,7,0,0,7
3273,2025-06-04,2025,6,4,ezyildiz,5,0,0,5
3274,2025-06-04,2025,6,4,hkaragoz,2,0,0,2
3275,2025-06-04,2025,6,4,BDEMIRAL,5,0,0,5
3276,2025-06-04,2025,6,4,mmollaoglu,0,3,0,3
3277,2025-06-04,2025,6,4,hakdemir,0,4,0,4
3278,2025-06-04,2025,6,4,ddcozgu,0,1,0,1
3279,2025-06-04,2025,6,4,gakca,4,1,0,5
3280,2025-06-04,2025,6,4,amasun,1,70,0,71
3281,2025-06-04,2025,6,4,ebalaban,6,0,0,6
3282,2025-06-04,2025,6,4,aavcil,10,3,0,13
3283,2025-06-04,2025,6,4,ggirgin,316,36,0,352
3284,2025-06-04,2025,6,4,gayilmaz,22,0,0,22
3285,2025-06-04,2025,6,4,eulsever,0,4,0,4
3286,2025-06-04,2025,6,4,tevirgen,5,9,0,14
3287,2025-06-04,2025,6,4,sulger,10,4,0,14
3288,2025-06-04,2025,6,4,fimetin,1,0,0,1
3289,2025-06-04,2025,6,4,obali,1,1,1,3
3290,2025-06-04,2025,6,4,mkarabiyik,0,1,0,1
3291,2025-06-04,2025,6,4,ntanriverdi,12,5,0,17
3292,2025-06-04,2025,6,4,akamera,0,68,0,68
3293,2025-06-04,2025,6,4,dcolor,0,57,0,57
3294,2025-06-04,2025,6,4,okanat,1,0,0,1
3295,2025-06-04,2025,6,4,hyorulmaz,3,0,0,3
3296,2025-06-05,2025,6,5,dcolor,0,5,0,5
3297,2025-06-09,2025,6,9,abarkod,3,0,0,3
3298,2025-06-09,2025,6,9,egonce,0,28,0,28
3299,2025-06-09,2025,6,9,fgulsever,0,9,0,9
3300,2025-06-09,2025,6,9,BSOGUT,0,0,14,14
3301,2025-06-09,2025,6,9,aapak,10,11,0,21
3302,2025-06-09,2025,6,9,gekim,0,108,0,108
3303,2025-06-09,2025,6,9,sapra,2,0,0,2
3304,2025-06-09,2025,6,9,mkorucu,44,0,0,44
3305,2025-06-09,2025,6,9,aayhan,36,137,5,178
3306,2025-06-09,2025,6,9,fbasak,2,1,0,3
3307,2025-06-09,2025,6,9,tcapkin,3,1,0,4
3308,2025-06-09,2025,6,9,dnoic,39,0,0,39
3309,2025-06-10,2025,6,10,cyildiz,1,0,0,1
3310,2025-06-10,2025,6,10,aapak,0,2,0,2
3311,2025-06-10,2025,6,10,udalyan,0,1,2,3
3312,2025-06-10,2025,6,10,hakand,2,0,0,2
3313,2025-06-10,2025,6,10,fgulsever,0,8,0,8
3314,2025-06-10,2025,6,10,ierdil,1,0,0,1
3315,2025-06-10,2025,6,10,mguray,2,0,0,2
3316,2025-06-10,2025,6,10,rkontrol,1,0,0,1
3317,2025-06-10,2025,6,10,tyilmaz,1,0,0,1
3318,2025-06-10,2025,6,10,eyuksel,11,2,0,13
3319,2025-06-10,2025,6,10,aakyildiz,4,0,0,4
3320,2025-06-10,2025,6,10,eozkan,2,0,0,2
3321,2025-06-10,2025,6,10,mkarsiv,3,0,0,3
3322,2025-06-10,2025,6,10,egonce,1,14,0,15
3323,2025-06-10,2025,6,10,hakdemir,16,6,0,22
3324,2025-06-10,2025,6,10,mbayirli,4,0,0,4
3325,2025-06-10,2025,6,10,ubasdas,2,0,0,2
3326,2025-06-10,2025,6,10,akocak,1,3,0,4
3327,2025-06-10,2025,6,10,dcolor,0,52,0,52
3328,2025-06-10,2025,6,10,akapucu,1,0,0,1
3329,2025-06-10,2025,6,10,bfirat,13,2,0,15
3330,2025-06-10,2025,6,10,bunver,91,0,0,91
3331,2025-06-10,2025,6,10,fcolak,4,0,0,4
3332,2025-06-10,2025,6,10,gakca,11,1,0,12
3333,2025-06-10,2025,6,10,zyuksel,1,0,0,1
3334,2025-06-10,2025,6,10,gekim,0,132,0,132
3335,2025-06-10,2025,6,10,adogan,0,4,0,4
3336,2025-06-10,2025,6,10,vgemici,2,0,0,2
3337,2025-06-10,2025,6,10,tcapkin,1,0,0,1
3338,2025-06-10,2025,6,10,fbasak,5,3,0,8
3339,2025-06-10,2025,6,10,aaksoy,1,0,0,1
3340,2025-06-10,2025,6,10,aayhan,0,6,0,6
3341,2025-06-10,2025,6,10,fyilanci,0,2,0,2
3342,2025-06-10,2025,6,10,mkarabiyik,0,2,0,2
3343,2025-06-10,2025,6,10,mkofis,2,0,0,2
3344,2025-06-10,2025,6,10,fimetin,0,7,0,7
3345,2025-06-10,2025,6,10,ggirgin,11,1,0,12
3346,2025-06-10,2025,6,10,oseker,0,30,0,30
3347,2025-06-10,2025,6,10,akamera,4,53,0,57
3348,2025-06-10,2025,6,10,oasistan,0,1,0,1
3349,2025-06-10,2025,6,10,tevirgen,13,13,0,26
3350,2025-06-10,2025,6,10,amasun,2,81,0,83
3351,2025-06-10,2025,6,10,ebalaban,28,106,0,134
3352,2025-06-10,2025,6,10,aavcil,77,16,0,93
3353,2025-06-10,2025,6,10,gcevik,5,0,0,5
3354,2025-06-10,2025,6,10,SUYILMAZ,1,0,0,1
3355,2025-06-10,2025,6,10,mkorucu,1,0,0,1
3356,2025-06-10,2025,6,10,nibolkis,4,0,0,4
3357,2025-06-10,2025,6,10,ogungor,23,0,0,23
3358,2025-06-10,2025,6,10,gayilmaz,5,0,0,5
3359,2025-06-11,2025,6,11,nkaya,0,1,0,1
3360,2025-06-11,2025,6,11,udalyan,4,4,0,8
3361,2025-06-11,2025,6,11,hakand,6,0,0,6
3362,2025-06-11,2025,6,11,okelepe,1,0,10,11
3363,2025-06-11,2025,6,11,fgulsever,0,17,0,17
3364,2025-06-11,2025,6,11,baozturk,1,2,0,3
3365,2025-06-11,2025,6,11,ierdil,6,0,0,6
3366,2025-06-11,2025,6,11,mguray,4,0,0,4
3367,2025-06-11,2025,6,11,ytinmaz,1,0,0,1
3368,2025-06-11,2025,6,11,aapak,0,28,0,28
3369,2025-06-11,2025,6,11,eyuksel,0,2,0,2
3370,2025-06-11,2025,6,11,hbinay,13,0,0,13
3371,2025-06-11,2025,6,11,mkarsiv,1,0,0,1
3372,2025-06-11,2025,6,11,egonce,21,15,0,36
3373,2025-06-11,2025,6,11,herbilgin,27,0,0,27
3374,2025-06-11,2025,6,11,hakdemir,12,1,0,13
3375,2025-06-11,2025,6,11,akocak,1,0,0,1
3376,2025-06-11,2025,6,11,dcolor,0,79,0,79
3377,2025-06-11,2025,6,11,ekoksal,2,1,0,3
3378,2025-06-11,2025,6,11,hbulut,2,0,0,2
3379,2025-06-11,2025,6,11,bfirat,7,0,0,7
3380,2025-06-11,2025,6,11,bunver,10,2,0,12
3381,2025-06-11,2025,6,11,kdeda,1,0,0,1
3382,2025-06-11,2025,6,11,fcolak,16,6,0,22
3383,2025-06-11,2025,6,11,gakca,12,0,0,12
3384,2025-06-11,2025,6,11,gmasistan,0,0,9,9
3385,2025-06-11,2025,6,11,gbakanoglu,1,0,0,1
3386,2025-06-11,2025,6,11,akamera,1,18,0,19
3387,2025-06-11,2025,6,11,gekim,0,37,0,37
3388,2025-06-11,2025,6,11,oyurtsever,2,0,0,2
3389,2025-06-11,2025,6,11,ntanriverdi,5,5,0,10
3390,2025-06-11,2025,6,11,fbasak,3,0,0,3
3391,2025-06-11,2025,6,11,cer,4,0,0,4
3392,2025-06-11,2025,6,11,scolak,5,0,0,5
3393,2025-06-11,2025,6,11,MMUTLU,12,0,4,16
3394,2025-06-11,2025,6,11,gkenarli,2,0,0,2
3395,2025-06-11,2025,6,11,ggirgin,6,1,0,7
3396,2025-06-11,2025,6,11,mertan,3,0,0,3
3397,2025-06-11,2025,6,11,tcapkin,0,16,0,16
3398,2025-06-11,2025,6,11,eulsever,4,1,0,5
3399,2025-06-11,2025,6,11,ayyilmaz,2,0,0,2
3400,2025-06-11,2025,6,11,eanli,0,3,0,3
3401,2025-06-11,2025,6,11,amasun,5,33,0,38
3402,2025-06-11,2025,6,11,ebalaban,8,0,0,8
3403,2025-06-11,2025,6,11,bbusta,1,0,0,1
3404,2025-06-11,2025,6,11,aavcil,7,0,6,13
3405,2025-06-11,2025,6,11,gcevik,0,2,0,2
3406,2025-06-11,2025,6,11,nibolkis,1,0,0,1
3407,2025-06-11,2025,6,11,gayilmaz,3,0,0,3
3408,2025-06-11,2025,6,11,dnoic,63,3,0,66
3409,2025-06-12,2025,6,12,gakca,2,5,0,7
3410,2025-06-12,2025,6,12,mguder,2,0,0,2
3411,2025-06-12,2025,6,12,aapak,0,57,0,57
3412,2025-06-12,2025,6,12,udalyan,19,15,1,35
3413,2025-06-12,2025,6,12,mecigdem,4,0,0,4
3414,2025-06-12,2025,6,12,cdonmez,14,5,0,19
3415,2025-06-12,2025,6,12,fgulsever,0,21,0,21
3416,2025-06-12,2025,6,12,itopcu,2,0,0,2
3417,2025-06-12,2025,6,12,zyuksel,43,0,0,43
3418,2025-06-12,2025,6,12,earslanbay,0,4,0,4
3419,2025-06-12,2025,6,12,tyilmaz,0,0,3,3
3420,2025-06-12,2025,6,12,egonce,0,23,0,23
3421,2025-06-12,2025,6,12,hakdemir,7,1,0,8
3422,2025-06-12,2025,6,12,hbinay,2,0,0,2
3423,2025-06-12,2025,6,12,dcolor,0,87,0,87
3424,2025-06-12,2025,6,12,hbulut,13,0,0,13
3425,2025-06-12,2025,6,12,bfirat,9,3,0,12
3426,2025-06-12,2025,6,12,bunver,6,0,0,6
3427,2025-06-12,2025,6,12,otufan,0,2,0,2
3428,2025-06-12,2025,6,12,ebadem,2,0,0,2
3429,2025-06-12,2025,6,12,gekim,0,118,0,118
3430,2025-06-12,2025,6,12,eulsever,0,14,0,14
3431,2025-06-12,2025,6,12,ebalaban,22,0,0,22
3432,2025-06-12,2025,6,12,akamera,0,36,0,36
3433,2025-06-12,2025,6,12,abarkod,11,0,0,11
3434,2025-06-12,2025,6,12,tcapkin,0,1,0,1
3435,2025-06-12,2025,6,12,gmasistan,9,4,4,17
3436,2025-06-12,2025,6,12,asablon,12,0,0,12
3437,2025-06-12,2025,6,12,fbasak,7,0,0,7
3438,2025-06-12,2025,6,12,cer,0,3,0,3
3439,2025-06-12,2025,6,12,aaksoy,1,0,0,1
3440,2025-06-12,2025,6,12,scolak,2,0,0,2
3441,2025-06-12,2025,6,12,ntanriverdi,41,1,0,42
3442,2025-06-12,2025,6,12,fimetin,0,6,0,6
3443,2025-06-12,2025,6,12,ggirgin,4,0,0,4
3444,2025-06-12,2025,6,12,tevirgen,18,7,0,25
3445,2025-06-12,2025,6,12,amasun,15,15,0,30
3446,2025-06-12,2025,6,12,oasistan,2,0,0,2
3447,2025-06-12,2025,6,12,okanat,3,0,0,3
3448,2025-06-12,2025,6,12,aavcil,13,2,3,18
3449,2025-06-12,2025,6,12,dnoic,33,0,16,49
3450,2025-06-12,2025,6,12,MMUTLU,1,0,0,1
3451,2025-06-13,2025,6,13,mecigdem,0,3,0,3
3452,2025-06-13,2025,6,13,hakand,1,0,0,1
3453,2025-06-13,2025,6,13,mguder,2,0,0,2
3454,2025-06-13,2025,6,13,zyuksel,1,0,0,1
3455,2025-06-13,2025,6,13,tyilmaz,4,0,0,4
3456,2025-06-13,2025,6,13,hbulut,10,0,0,10
3457,2025-06-13,2025,6,13,hakdemir,5,2,0,7
3458,2025-06-13,2025,6,13,dcolor,0,61,0,61
3459,2025-06-13,2025,6,13,ekoksal,2,0,0,2
3460,2025-06-13,2025,6,13,bfirat,29,0,0,29
3461,2025-06-13,2025,6,13,udalyan,7,2,0,9
3462,2025-06-13,2025,6,13,ytinmaz,1,0,0,1
3463,2025-06-13,2025,6,13,gakca,3,0,0,3
3464,2025-06-13,2025,6,13,tevirgen,3,15,0,18
3465,2025-06-13,2025,6,13,ebalaban,12,0,0,12
3466,2025-06-13,2025,6,13,akamera,0,7,0,7
3467,2025-06-13,2025,6,13,amasun,4,291,0,295
3468,2025-06-13,2025,6,13,ntanriverdi,20,0,0,20
3469,2025-06-13,2025,6,13,mkarabiyik,0,1,0,1
3470,2025-06-13,2025,6,13,obali,0,1,0,1
3471,2025-06-13,2025,6,13,vgemici,2,0,0,2
3472,2025-06-13,2025,6,13,ggirgin,4,0,0,4
3473,2025-06-13,2025,6,13,eulsever,0,16,0,16
3474,2025-06-13,2025,6,13,okanat,12,0,0,12
3475,2025-06-13,2025,6,13,aavcil,1,0,1,2
3476,2025-06-13,2025,6,13,fimetin,23,0,0,23
3477,2025-06-14,2025,6,14,ebalaban,11,0,0,11
3478,2025-06-14,2025,6,14,saskin,2,1,0,3
3479,2025-06-14,2025,6,14,mecigdem,0,2,0,2
3480,2025-06-14,2025,6,14,rkontrol,1,0,0,1
3481,2025-06-15,2025,6,15,fgulsever,0,52,0,52
3482,2025-06-15,2025,6,15,egonce,4,10,0,14
3483,2025-06-15,2025,6,15,bunver,1,0,0,1
3484,2025-06-15,2025,6,15,ierdil,1,0,0,1
3485,2025-06-15,2025,6,15,aapak,0,7,0,7
3486,2025-06-15,2025,6,15,fcolak,15,88,0,103
3487,2025-06-15,2025,6,15,dnoic,52,0,6,58
3488,2025-06-15,2025,6,15,klaboratuar,0,12,0,12
3489,2025-06-15,2025,6,15,alofca,0,27,0,27
3490,2025-06-15,2025,6,15,aayhan,0,5,1,6
3491,2025-06-15,2025,6,15,abarkod,23,0,0,23
3492,2025-06-15,2025,6,15,gekim,0,46,0,46
3493,2025-06-16,2025,6,16,cdonmez,1,7,0,8
3494,2025-06-16,2025,6,16,fgulsever,0,45,0,45
3495,2025-06-16,2025,6,16,baozturk,56,0,0,56
3496,2025-06-16,2025,6,16,zyuksel,22,0,0,22
3497,2025-06-16,2025,6,16,mguray,0,19,0,19
3498,2025-06-16,2025,6,16,tyilmaz,4,2,0,6
3499,2025-06-16,2025,6,16,mkarsiv,2,0,0,2
3500,2025-06-16,2025,6,16,hakdemir,8,5,0,13
3501,2025-06-16,2025,6,16,herbilgin,4,0,0,4
3502,2025-06-16,2025,6,16,mecigdem,0,2,0,2
3503,2025-06-16,2025,6,16,mbayirli,1,0,0,1
3504,2025-06-16,2025,6,16,hbinay,3,0,0,3
3505,2025-06-16,2025,6,16,dcolor,0,20,0,20
3506,2025-06-16,2025,6,16,ekoksal,2,0,0,2
3507,2025-06-16,2025,6,16,hbulut,7,0,0,7
3508,2025-06-16,2025,6,16,bfirat,16,0,0,16
3509,2025-06-16,2025,6,16,egonce,1,3,0,4
3510,2025-06-16,2025,6,16,udalyan,0,2,1,3
3511,2025-06-16,2025,6,16,otanriverdi,5,0,0,5
3512,2025-06-16,2025,6,16,eanli,2,2,0,4
3513,2025-06-16,2025,6,16,gekim,0,29,0,29
3514,2025-06-16,2025,6,16,akamera,1,3,0,4
3515,2025-06-16,2025,6,16,nsonmez,2,0,0,2
3516,2025-06-16,2025,6,16,oyurtsever,4,0,0,4
3517,2025-06-16,2025,6,16,cer,1,0,0,1
3518,2025-06-16,2025,6,16,obali,0,18,0,18
3519,2025-06-16,2025,6,16,MMUTLU,22,0,16,38
3520,2025-06-16,2025,6,16,fimetin,12,0,0,12
3521,2025-06-16,2025,6,16,ntanriverdi,36,17,0,53
3522,2025-06-16,2025,6,16,ggirgin,45,4,38,87
3523,2025-06-16,2025,6,16,alofca,0,2,0,2
3524,2025-06-16,2025,6,16,ebalaban,5,0,0,5
3525,2025-06-16,2025,6,16,ezyildiz,29,3,0,32
3526,2025-06-16,2025,6,16,amasun,4,31,0,35
3527,2025-06-16,2025,6,16,eulsever,2,0,0,2
3528,2025-06-16,2025,6,16,tevirgen,23,4,0,27
3529,2025-06-16,2025,6,16,aavcil,10,0,0,10
3530,2025-06-17,2025,6,17,cdonmez,0,1,0,1
3531,2025-06-17,2025,6,17,gekim,0,77,0,77
3532,2025-06-17,2025,6,17,iunlu,3,0,0,3
3533,2025-06-17,2025,6,17,gakca,3,0,0,3
3534,2025-06-17,2025,6,17,aapak,10,11,0,21
3535,2025-06-17,2025,6,17,udalyan,1,0,0,1
3536,2025-06-17,2025,6,17,mecigdem,0,2,0,2
3537,2025-06-17,2025,6,17,hakand,2,0,0,2
3538,2025-06-17,2025,6,17,fgulsever,0,54,0,54
3539,2025-06-17,2025,6,17,bfirat,25,0,0,25
3540,2025-06-17,2025,6,17,otanriverdi,1,0,0,1
3541,2025-06-17,2025,6,17,bbugdayci,2,0,0,2
3542,2025-06-17,2025,6,17,mkarsiv,2,0,0,2
3543,2025-06-17,2025,6,17,egonce,0,32,0,32
3544,2025-06-17,2025,6,17,dcolor,0,60,0,60
3545,2025-06-17,2025,6,17,ekoksal,1,0,0,1
3546,2025-06-17,2025,6,17,hbulut,1,0,0,1
3547,2025-06-17,2025,6,17,gbakanoglu,18,4,0,22
3548,2025-06-17,2025,6,17,baozturk,28,0,0,28
3549,2025-06-17,2025,6,17,eanli,0,2,0,2
3550,2025-06-17,2025,6,17,hakdemir,3,0,0,3
3551,2025-06-17,2025,6,17,ebalaban,33,1,0,34
3552,2025-06-17,2025,6,17,akamera,1,5,0,6
3553,2025-06-17,2025,6,17,abarkod,1,0,0,1
3554,2025-06-17,2025,6,17,nsonmez,3,2,0,5
3555,2025-06-17,2025,6,17,gmasistan,3,10,1,14
3556,2025-06-17,2025,6,17,amasun,1,42,0,43
3557,2025-06-17,2025,6,17,asablon,6,0,0,6
3558,2025-06-17,2025,6,17,merkan,6,0,0,6
3559,2025-06-17,2025,6,17,aayhan,2,0,4,6
3560,2025-06-17,2025,6,17,obali,2,0,0,2
3561,2025-06-17,2025,6,17,bkibar,1,0,0,1
3562,2025-06-17,2025,6,17,gkenarli,4,0,0,4
3563,2025-06-17,2025,6,17,MMUTLU,42,1,0,43
3564,2025-06-17,2025,6,17,gayilmaz,2,0,0,2
3565,2025-06-17,2025,6,17,eulsever,0,4,0,4
3566,2025-06-17,2025,6,17,tevirgen,6,3,0,9
3567,2025-06-17,2025,6,17,dnoic,338,5,1,344
3568,2025-06-17,2025,6,17,mertan,6,0,0,6
3569,2025-06-17,2025,6,17,sulger,25,0,0,25
3570,2025-06-17,2025,6,17,ggirgin,4,0,2,6
3571,2025-06-17,2025,6,17,ayyilmaz,1,0,0,1
3572,2025-06-18,2025,6,18,tyilmaz,1,0,0,1
3573,2025-06-18,2025,6,18,mecigdem,0,2,0,2
3574,2025-06-18,2025,6,18,BSOGUT,6,6,0,12
3575,2025-06-18,2025,6,18,fgulsever,2,33,0,35
3576,2025-06-18,2025,6,18,itopcu,4,0,2,6
3577,2025-06-18,2025,6,18,baozturk,1,1,0,2
3578,2025-06-18,2025,6,18,mguder,3,27,0,30
3579,2025-06-18,2025,6,18,zyuksel,1,0,0,1
3580,2025-06-18,2025,6,18,rkontrol,1,0,0,1
3581,2025-06-18,2025,6,18,ihasdemir,63,0,0,63
3582,2025-06-18,2025,6,18,VBAYANER,0,1,0,1
3583,2025-06-18,2025,6,18,fcolak,3,22,0,25
3584,2025-06-18,2025,6,18,egonce,0,7,0,7
3585,2025-06-18,2025,6,18,hakdemir,2,1,0,3
3586,2025-06-18,2025,6,18,eozkan,6,0,0,6
3587,2025-06-18,2025,6,18,dcolor,0,46,0,46
3588,2025-06-18,2025,6,18,ersener,2,11,0,13
3589,2025-06-18,2025,6,18,hbulut,1,0,0,1
3590,2025-06-18,2025,6,18,bfirat,13,0,0,13
3591,2025-06-18,2025,6,18,udalyan,5,3,0,8
3592,2025-06-18,2025,6,18,bbugdayci,1,0,0,1
3593,2025-06-18,2025,6,18,aapak,0,27,0,27
3594,2025-06-18,2025,6,18,gekim,0,72,0,72
3595,2025-06-18,2025,6,18,gakca,7,0,0,7
3596,2025-06-18,2025,6,18,akamera,0,2,0,2
3597,2025-06-18,2025,6,18,nsonmez,1,0,0,1
3598,2025-06-18,2025,6,18,ubasdas,5,0,0,5
3599,2025-06-18,2025,6,18,tcapkin,0,3,0,3
3600,2025-06-18,2025,6,18,ntanriverdi,26,4,0,30
3601,2025-06-18,2025,6,18,ogun,26,0,0,26
3602,2025-06-18,2025,6,18,MMUTLU,16,7,9,32
3603,2025-06-18,2025,6,18,fimetin,4,0,0,4
3604,2025-06-18,2025,6,18,ggirgin,6,1,3,10
3605,2025-06-18,2025,6,18,tevirgen,1,6,0,7
3606,2025-06-18,2025,6,18,vgemici,2,0,0,2
3607,2025-06-18,2025,6,18,oicoz,0,52,0,52
3608,2025-06-18,2025,6,18,gcevik,1,0,0,1
3609,2025-06-18,2025,6,18,aavcil,5,0,0,5
3610,2025-06-18,2025,6,18,dnoic,1,0,58,59
3611,2025-06-18,2025,6,18,ezyildiz,2,0,0,2
3612,2025-06-18,2025,6,18,ebalaban,8,5,0,13
3613,2025-06-18,2025,6,18,amasun,0,109,0,109
3614,2025-06-18,2025,6,18,gbakanoglu,2,0,0,2
3615,2025-06-18,2025,6,18,gayilmaz,5,0,0,5
3616,2025-06-19,2025,6,19,fgulsever,0,54,0,54
3617,2025-06-19,2025,6,19,mguder,10,0,0,10
3618,2025-06-19,2025,6,19,zyuksel,22,0,0,22
3619,2025-06-19,2025,6,19,tyilmaz,1,0,2,3
3620,2025-06-19,2025,6,19,fcolak,1,0,0,1
3621,2025-06-19,2025,6,19,egonce,24,9,0,33
3622,2025-06-19,2025,6,19,hakdemir,0,1,0,1
3623,2025-06-19,2025,6,19,akocak,0,2,0,2
3624,2025-06-19,2025,6,19,hbinay,17,0,0,17
3625,2025-06-19,2025,6,19,mmollaoglu,4,0,0,4
3626,2025-06-19,2025,6,19,eozkan,7,0,0,7
3627,2025-06-19,2025,6,19,dcolor,0,56,0,56
3628,2025-06-19,2025,6,19,ersener,2,0,0,2
3629,2025-06-19,2025,6,19,hbulut,3,0,0,3
3630,2025-06-19,2025,6,19,hakand,3,0,0,3
3631,2025-06-19,2025,6,19,mbayirli,1,3,0,4
3632,2025-06-19,2025,6,19,mecigdem,0,2,0,2
3633,2025-06-19,2025,6,19,gakca,2,0,0,2
3634,2025-06-19,2025,6,19,edemirbas,0,1,1,2
3635,2025-06-19,2025,6,19,aapak,0,27,0,27
3636,2025-06-19,2025,6,19,akamera,4,4,0,8
3637,2025-06-19,2025,6,19,abarkod,22,0,0,22
3638,2025-06-19,2025,6,19,ntanriverdi,2,0,0,2
3639,2025-06-19,2025,6,19,fbasak,1,0,0,1
3640,2025-06-19,2025,6,19,aaksoy,4,0,0,4
3641,2025-06-19,2025,6,19,MMUTLU,12,0,9,21
3642,2025-06-19,2025,6,19,aayhan,0,0,6,6
3643,2025-06-19,2025,6,19,tevirgen,6,0,0,6
3644,2025-06-19,2025,6,19,aavcil,170,16,0,186
3645,2025-06-19,2025,6,19,dnoic,243,16,5,264
3646,2025-06-19,2025,6,19,ebalaban,18,0,0,18
3647,2025-06-19,2025,6,19,amasun,0,5,0,5
3648,2025-06-19,2025,6,19,gekim,0,23,0,23
3649,2025-06-19,2025,6,19,ggirgin,43,0,0,43
3650,2025-06-20,2025,6,20,mkarsiv,3,0,0,3
3651,2025-06-20,2025,6,20,zyuksel,8,0,0,8
3652,2025-06-20,2025,6,20,tyilmaz,31,25,123,179
3653,2025-06-20,2025,6,20,hbinay,3,0,0,3
3654,2025-06-20,2025,6,20,hakdemir,1,3,0,4
3655,2025-06-20,2025,6,20,gbalvan,1,0,0,1
3656,2025-06-20,2025,6,20,akocak,4,0,0,4
3657,2025-06-20,2025,6,20,dcolor,0,46,0,46
3658,2025-06-20,2025,6,20,mecigdem,0,3,0,3
3659,2025-06-20,2025,6,20,SKARTOGLU,14,0,0,14
3660,2025-06-20,2025,6,20,udalyan,0,1,0,1
3661,2025-06-20,2025,6,20,ggirgin,27,3,0,30
3662,2025-06-20,2025,6,20,ebalaban,14,1,0,15
3663,2025-06-20,2025,6,20,ezyildiz,5,0,0,5
3664,2025-06-20,2025,6,20,kcakir,2,0,0,2
3665,2025-06-20,2025,6,20,klaboratuar,0,1,0,1
3666,2025-06-20,2025,6,20,tevirgen,1,3,0,4
3667,2025-06-20,2025,6,20,ekaradavut,2,0,0,2
3668,2025-06-20,2025,6,20,fimetin,0,2,0,2
3669,2025-06-20,2025,6,20,MMUTLU,14,0,5,19
3670,2025-06-20,2025,6,20,obali,8,8,0,16
3671,2025-06-20,2025,6,20,vgemici,6,2,0,8
3672,2025-06-20,2025,6,20,gakca,7,0,0,7
3673,2025-06-21,2025,6,21,dcolor,0,44,0,44
3674,2025-06-21,2025,6,21,hbinay,3,0,0,3
3675,2025-06-21,2025,6,21,hakdemir,7,0,0,7
3676,2025-06-21,2025,6,21,klaboratuar,0,1,0,1
3677,2025-06-21,2025,6,21,ebalaban,2,1,0,3
3678,2025-06-21,2025,6,21,rkontrol,1,0,0,1
3679,2025-06-22,2025,6,22,egonce,8,1,0,9
3680,2025-06-22,2025,6,22,mkarsiv,1,0,0,1
3681,2025-06-22,2025,6,22,fcolak,1,0,0,1
3682,2025-06-22,2025,6,22,ierdil,2,0,0,2
3683,2025-06-22,2025,6,22,fgulsever,4,20,0,24
3684,2025-06-22,2025,6,22,aapak,13,27,0,40
3685,2025-06-22,2025,6,22,bbugdayci,0,0,12,12
3686,2025-06-22,2025,6,22,dnoic,6,1,0,7
3687,2025-06-22,2025,6,22,mkorucu,0,1,0,1
3688,2025-06-22,2025,6,22,aayhan,61,18,2,81
3689,2025-06-22,2025,6,22,fbasak,4,2,0,6
3690,2025-06-22,2025,6,22,abarkod,28,0,0,28
3691,2025-06-22,2025,6,22,gekim,0,78,0,78
3692,2025-06-23,2025,6,23,mguder,1,1,1,3
3693,2025-06-23,2025,6,23,mecigdem,0,2,0,2
3694,2025-06-23,2025,6,23,hakand,34,1,0,35
3695,2025-06-23,2025,6,23,okelepe,1,0,0,1
3696,2025-06-23,2025,6,23,cdonmez,0,3,0,3
3697,2025-06-23,2025,6,23,fgulsever,0,23,0,23
3698,2025-06-23,2025,6,23,itopcu,2,0,0,2
3699,2025-06-23,2025,6,23,gsapmaz,20,0,0,20
3700,2025-06-23,2025,6,23,rkontrol,8,0,0,8
3701,2025-06-23,2025,6,23,udalyan,54,4,4,62
3702,2025-06-23,2025,6,23,nkaya,0,1,0,1
3703,2025-06-23,2025,6,23,fcolak,9,0,0,9
3704,2025-06-23,2025,6,23,egonce,136,9,0,145
3705,2025-06-23,2025,6,23,hakdemir,3,0,0,3
3706,2025-06-23,2025,6,23,fdeniz,0,0,55,55
3707,2025-06-23,2025,6,23,hbinay,2,0,0,2
3708,2025-06-23,2025,6,23,bfirat,15,13,0,28
3709,2025-06-23,2025,6,23,hkaragoz,4,1,0,5
3710,2025-06-23,2025,6,23,dcolor,0,59,0,59
3711,2025-06-23,2025,6,23,tyilmaz,14,134,9,157
3712,2025-06-23,2025,6,23,aapak,0,69,0,69
3713,2025-06-23,2025,6,23,tcapkin,7,7,0,14
3714,2025-06-23,2025,6,23,gekim,0,15,0,15
3715,2025-06-23,2025,6,23,akamera,0,9,0,9
3716,2025-06-23,2025,6,23,abarkod,2,0,0,2
3717,2025-06-23,2025,6,23,ntanriverdi,11,1,0,12
3718,2025-06-23,2025,6,23,obali,4,11,13,28
3719,2025-06-23,2025,6,23,MMUTLU,37,5,14,56
3720,2025-06-23,2025,6,23,fimetin,12,2,0,14
3721,2025-06-23,2025,6,23,ggirgin,23,0,0,23
3722,2025-06-23,2025,6,23,oseker,6,0,0,6
3723,2025-06-23,2025,6,23,mertan,8,0,0,8
3724,2025-06-23,2025,6,23,gakca,6,2,0,8
3725,2025-06-23,2025,6,23,tevirgen,9,4,0,13
3726,2025-06-23,2025,6,23,oicoz,4,0,0,4
3727,2025-06-23,2025,6,23,mkorucu,1,0,0,1
3728,2025-06-23,2025,6,23,aavcil,17,16,0,33
3729,2025-06-23,2025,6,23,dnoic,20,0,14,34
3730,2025-06-23,2025,6,23,ebalaban,6,0,0,6
3731,2025-06-23,2025,6,23,amasun,4,2,0,6
3732,2025-06-23,2025,6,23,gbakanoglu,4,0,0,4
3733,2025-06-23,2025,6,23,ayyilmaz,1,0,0,1
3734,2025-06-24,2025,6,24,hakand,3,11,0,14
3735,2025-06-24,2025,6,24,mecigdem,0,4,0,4
3736,2025-06-24,2025,6,24,udalyan,1,1,0,2
3737,2025-06-24,2025,6,24,iunlu,3,0,0,3
3738,2025-06-24,2025,6,24,dayakta,0,3,0,3
3739,2025-06-24,2025,6,24,gakca,10,0,0,10
3740,2025-06-24,2025,6,24,fgulsever,2,59,0,61
3741,2025-06-24,2025,6,24,aapak,0,9,0,9
3742,2025-06-24,2025,6,24,mguder,3,1,0,4
3743,2025-06-24,2025,6,24,fcolak,1,5,0,6
3744,2025-06-24,2025,6,24,aildeniz,4,0,0,4
3745,2025-06-24,2025,6,24,tyilmaz,4,20,2,26
3746,2025-06-24,2025,6,24,ihasdemir,24,0,0,24
3747,2025-06-24,2025,6,24,sekisa,28,1,0,29
3748,2025-06-24,2025,6,24,egonce,25,11,0,36
3749,2025-06-24,2025,6,24,hakdemir,8,5,0,13
3750,2025-06-24,2025,6,24,dcolor,0,66,0,66
3751,2025-06-24,2025,6,24,gekim,0,69,0,69
3752,2025-06-24,2025,6,24,VBAYANER,6,18,0,24
3753,2025-06-24,2025,6,24,zyuksel,20,0,0,20
3754,2025-06-24,2025,6,24,cisahin,29,2,0,31
3755,2025-06-24,2025,6,24,bfirat,110,0,0,110
3756,2025-06-24,2025,6,24,aozbal,2,1,0,3
3757,2025-06-24,2025,6,24,vgemici,1,0,0,1
3758,2025-06-24,2025,6,24,tcapkin,0,2,0,2
3759,2025-06-24,2025,6,24,fbasak,2,0,0,2
3760,2025-06-24,2025,6,24,aayhan,7,6,0,13
3761,2025-06-24,2025,6,24,MMUTLU,7,1,7,15
3762,2025-06-24,2025,6,24,fimetin,1,5,0,6
3763,2025-06-24,2025,6,24,ggirgin,11,3,0,14
3764,2025-06-24,2025,6,24,mertan,7,0,0,7
3765,2025-06-24,2025,6,24,ayyilmaz,0,2,0,2
3766,2025-06-24,2025,6,24,abarkod,2,0,0,2
3767,2025-06-24,2025,6,24,eulsever,4,9,0,13
3768,2025-06-24,2025,6,24,tevirgen,1,3,18,22
3769,2025-06-24,2025,6,24,amasun,6,43,0,49
3770,2025-06-24,2025,6,24,ebalaban,4,0,0,4
3771,2025-06-24,2025,6,24,dnoic,1,6,1,8
3772,2025-06-24,2025,6,24,SUYILMAZ,2,0,0,2
3773,2025-06-24,2025,6,24,mkorucu,1,0,0,1
3774,2025-06-24,2025,6,24,nibolkis,17,1,0,18
3775,2025-06-24,2025,6,24,ogungor,3,2,0,5
3776,2025-06-24,2025,6,24,gayilmaz,14,1,0,15
3777,2025-06-24,2025,6,24,aavcil,14,2,0,16
3778,2025-06-25,2025,6,25,BSOGUT,1,0,0,1
3779,2025-06-25,2025,6,25,okelepe,2,0,0,2
3780,2025-06-25,2025,6,25,cdonmez,0,12,0,12
3781,2025-06-25,2025,6,25,fgulsever,0,10,0,10
3782,2025-06-25,2025,6,25,mguder,7,0,0,7
3783,2025-06-25,2025,6,25,aildeniz,10,0,0,10
3784,2025-06-25,2025,6,25,tyilmaz,20,0,0,20
3785,2025-06-25,2025,6,25,fcolak,12,0,0,12
3786,2025-06-25,2025,6,25,sekisa,18,3,0,21
3787,2025-06-25,2025,6,25,egonce,7,7,0,14
3788,2025-06-25,2025,6,25,hakdemir,6,3,0,9
3789,2025-06-25,2025,6,25,hbinay,2,0,0,2
3790,2025-06-25,2025,6,25,neozdemir,0,57,0,57
3791,2025-06-25,2025,6,25,dcolor,0,71,0,71
3792,2025-06-25,2025,6,25,ekoksal,1,0,0,1
3793,2025-06-25,2025,6,25,bfirat,15,0,0,15
3794,2025-06-25,2025,6,25,VBAYANER,1,1,0,2
3795,2025-06-25,2025,6,25,hakand,73,0,0,73
3796,2025-06-25,2025,6,25,mkarsiv,1,0,0,1
3797,2025-06-25,2025,6,25,eozkan,12,0,0,12
3798,2025-06-25,2025,6,25,udalyan,12,1,0,13
3799,2025-06-25,2025,6,25,aapak,0,6,0,6
3800,2025-06-25,2025,6,25,mecigdem,0,2,0,2
3801,2025-06-25,2025,6,25,akamera,0,7,0,7
3802,2025-06-25,2025,6,25,abarkod,13,0,0,13
3803,2025-06-25,2025,6,25,tcapkin,2,1,0,3
3804,2025-06-25,2025,6,25,gmasistan,5,0,4,9
3805,2025-06-25,2025,6,25,cer,2,0,0,2
3806,2025-06-25,2025,6,25,obali,37,0,0,37
3807,2025-06-25,2025,6,25,MMUTLU,2,0,0,2
3808,2025-06-25,2025,6,25,ggirgin,41,0,0,41
3809,2025-06-25,2025,6,25,nkorkmaz,2,2,0,4
3810,2025-06-25,2025,6,25,tevirgen,25,4,0,29
3811,2025-06-25,2025,6,25,mertan,1,0,0,1
3812,2025-06-25,2025,6,25,gekim,0,69,0,69
3813,2025-06-25,2025,6,25,eanli,0,1,0,1
3814,2025-06-25,2025,6,25,amasun,6,66,0,72
3815,2025-06-25,2025,6,25,gakca,10,2,0,12
3816,2025-06-25,2025,6,25,dnoic,2,0,57,59
3817,2025-06-25,2025,6,25,nibolkis,1,0,0,1
3818,2025-06-25,2025,6,25,ebalaban,13,0,0,13
3819,2025-06-26,2025,6,26,mguder,3,0,0,3
3820,2025-06-26,2025,6,26,mecigdem,0,4,0,4
3821,2025-06-26,2025,6,26,hakand,15,6,0,21
3822,2025-06-26,2025,6,26,BSOGUT,1,0,0,1
3823,2025-06-26,2025,6,26,cdonmez,0,1,0,1
3824,2025-06-26,2025,6,26,fgulsever,0,9,0,9
3825,2025-06-26,2025,6,26,baozturk,1,0,0,1
3826,2025-06-26,2025,6,26,gsapmaz,10,0,0,10
3827,2025-06-26,2025,6,26,zyuksel,1,0,0,1
3828,2025-06-26,2025,6,26,aapak,0,6,0,6
3829,2025-06-26,2025,6,26,egonce,3,19,0,22
3830,2025-06-26,2025,6,26,hakdemir,11,0,0,11
3831,2025-06-26,2025,6,26,mmollaoglu,8,2,0,10
3832,2025-06-26,2025,6,26,eozkan,4,0,0,4
3833,2025-06-26,2025,6,26,dcolor,0,50,0,50
3834,2025-06-26,2025,6,26,bfirat,8,0,0,8
3835,2025-06-26,2025,6,26,VBAYANER,1,0,0,1
3836,2025-06-26,2025,6,26,bunver,0,0,44,44
3837,2025-06-26,2025,6,26,tyilmaz,0,3,0,3
3838,2025-06-26,2025,6,26,gakca,5,0,0,5
3839,2025-06-26,2025,6,26,ebalaban,10,0,0,10
3840,2025-06-26,2025,6,26,cozkan,15,0,0,15
3841,2025-06-26,2025,6,26,abarkod,9,0,0,9
3842,2025-06-26,2025,6,26,vgemici,7,5,0,12
3843,2025-06-26,2025,6,26,tcapkin,2,1,0,3
3844,2025-06-26,2025,6,26,ntanriverdi,40,2,0,42
3845,2025-06-26,2025,6,26,aayhan,6,1,0,7
3846,2025-06-26,2025,6,26,mkarabiyik,0,2,0,2
3847,2025-06-26,2025,6,26,MMUTLU,6,0,2,8
3848,2025-06-26,2025,6,26,fimetin,6,2,0,8
3849,2025-06-26,2025,6,26,ggirgin,9,2,0,11
3850,2025-06-26,2025,6,26,gekim,0,81,0,81
3851,2025-06-26,2025,6,26,tevirgen,13,5,24,42
3852,2025-06-26,2025,6,26,ayyilmaz,1,0,0,1
3853,2025-06-26,2025,6,26,ezyildiz,8,1,0,9
3854,2025-06-26,2025,6,26,dnoic,17,1,0,18
3855,2025-06-26,2025,6,26,amasun,0,4,0,4
3856,2025-06-26,2025,6,26,mkorucu,4,0,0,4
3857,2025-06-26,2025,6,26,ogungor,1,0,0,1
3858,2025-06-26,2025,6,26,eulsever,1,1,0,2
3859,2025-06-26,2025,6,26,aavcil,14,2,0,16
3860,2025-06-27,2025,6,27,egonce,0,6,0,6
3861,2025-06-27,2025,6,27,hakand,16,16,0,32
3862,2025-06-27,2025,6,27,gsapmaz,1,0,0,1
3863,2025-06-27,2025,6,27,mguder,2,0,0,2
3864,2025-06-27,2025,6,27,ierdil,3,0,0,3
3865,2025-06-27,2025,6,27,tyilmaz,16,0,15,31
3866,2025-06-27,2025,6,27,mkarsiv,1,0,0,1
3867,2025-06-27,2025,6,27,hakdemir,24,0,0,24
3868,2025-06-27,2025,6,27,eozkan,8,0,0,8
3869,2025-06-27,2025,6,27,hbinay,4,2,0,6
3870,2025-06-27,2025,6,27,mmollaoglu,0,0,8,8
3871,2025-06-27,2025,6,27,udalyan,11,7,0,18
3872,2025-06-27,2025,6,27,dcolor,0,62,0,62
3873,2025-06-27,2025,6,27,sutetik,4,0,0,4
3874,2025-06-27,2025,6,27,bfirat,19,1,0,20
3875,2025-06-27,2025,6,27,VBAYANER,42,12,0,54
3876,2025-06-27,2025,6,27,msevim,1,0,0,1
3877,2025-06-27,2025,6,27,gakca,15,0,0,15
3878,2025-06-27,2025,6,27,mecigdem,0,2,0,2
3879,2025-06-27,2025,6,27,aozbal,0,1,0,1
3880,2025-06-27,2025,6,27,akamera,0,4,0,4
3881,2025-06-27,2025,6,27,ntanriverdi,2,0,0,2
3882,2025-06-27,2025,6,27,cozkan,3,0,0,3
3883,2025-06-27,2025,6,27,mkarabiyik,0,6,0,6
3884,2025-06-27,2025,6,27,obali,0,1,0,1
3885,2025-06-27,2025,6,27,MMUTLU,25,0,4,29
3886,2025-06-27,2025,6,27,fimetin,4,0,0,4
3887,2025-06-27,2025,6,27,ggirgin,25,1,0,26
3888,2025-06-27,2025,6,27,mertan,4,0,0,4
3889,2025-06-27,2025,6,27,aaksoy,2,0,0,2
3890,2025-06-27,2025,6,27,eulsever,5,0,0,5
3891,2025-06-27,2025,6,27,gayilmaz,4,0,0,4
3892,2025-06-27,2025,6,27,ogungor,1,0,0,1
3893,2025-06-27,2025,6,27,okanat,1,0,0,1
3894,2025-06-27,2025,6,27,ezyildiz,5,0,0,5
3895,2025-06-27,2025,6,27,ebalaban,12,0,0,12
3896,2025-06-27,2025,6,27,amasun,0,30,0,30
3897,2025-06-27,2025,6,27,tevirgen,5,5,0,10
3898,2025-06-28,2025,6,28,dcolor,0,33,0,33
3899,2025-06-28,2025,6,28,hbinay,2,0,0,2
3900,2025-06-28,2025,6,28,hakdemir,9,0,0,9
3901,2025-06-28,2025,6,28,rkontrol,1,0,0,1
3902,2025-06-28,2025,6,28,mecigdem,0,4,0,4
3903,2025-06-28,2025,6,28,ebalaban,56,0,0,56
3904,2025-06-28,2025,6,28,egonce,2,0,0,2
3905,2025-06-29,2025,6,29,fgulsever,8,43,0,51
3906,2025-06-29,2025,6,29,VBAYANER,2,0,0,2
3907,2025-06-29,2025,6,29,dcolor,0,8,0,8
3908,2025-06-29,2025,6,29,mbayirli,20,0,0,20
3909,2025-06-29,2025,6,29,sekisa,4,0,0,4
3910,2025-06-29,2025,6,29,cyildiz,3,0,0,3
3911,2025-06-29,2025,6,29,aapak,0,24,0,24
3912,2025-06-29,2025,6,29,egonce,9,20,0,29
3913,2025-06-29,2025,6,29,cisahin,19,30,0,49
3914,2025-06-29,2025,6,29,cozkan,5,0,0,5
3915,2025-06-29,2025,6,29,dnoic,148,0,0,148
3916,2025-06-29,2025,6,29,TIRMAK,4,0,0,4
3917,2025-06-29,2025,6,29,tcapkin,1,1,0,2
3918,2025-06-29,2025,6,29,abarkod,28,0,0,28
3919,2025-06-29,2025,6,29,gekim,0,90,0,90
3920,2025-06-30,2025,6,30,hakand,1,0,0,1
3921,2025-06-30,2025,6,30,BSOGUT,0,0,25,25
3922,2025-06-30,2025,6,30,okelepe,4,2,0,6
3923,2025-06-30,2025,6,30,fgulsever,0,21,0,21
3924,2025-06-30,2025,6,30,zyuksel,41,0,0,41
3925,2025-06-30,2025,6,30,rkontrol,1,2,0,3
3926,2025-06-30,2025,6,30,tyilmaz,24,26,18,68
3927,2025-06-30,2025,6,30,fcolak,0,1,0,1
3928,2025-06-30,2025,6,30,hakdemir,3,0,0,3
3929,2025-06-30,2025,6,30,egonce,47,17,0,64
3930,2025-06-30,2025,6,30,mecigdem,0,2,0,2
3931,2025-06-30,2025,6,30,tcakan,1,0,0,1
3932,2025-06-30,2025,6,30,eozkan,4,0,0,4
3933,2025-06-30,2025,6,30,dcolor,0,41,0,41
3934,2025-06-30,2025,6,30,ersener,28,0,0,28
3935,2025-06-30,2025,6,30,hbulut,11,0,0,11
3936,2025-06-30,2025,6,30,bfirat,1,0,0,1
3937,2025-06-30,2025,6,30,bunver,6,2,0,8
3938,2025-06-30,2025,6,30,mkarsiv,1,0,0,1
3939,2025-06-30,2025,6,30,udalyan,1,2,2,5
3940,2025-06-30,2025,6,30,ierdil,4,0,0,4
3941,2025-06-30,2025,6,30,gekim,0,85,0,85
3942,2025-06-30,2025,6,30,aapak,10,20,0,30
3943,2025-06-30,2025,6,30,abarkod,16,0,0,16
3944,2025-06-30,2025,6,30,oyurtsever,0,1,0,1
3945,2025-06-30,2025,6,30,ntanriverdi,2,0,0,2
3946,2025-06-30,2025,6,30,asablon,1,0,0,1
3947,2025-06-30,2025,6,30,obali,6,5,4,15
3948,2025-06-30,2025,6,30,MMUTLU,10,1,11,22
3949,2025-06-30,2025,6,30,fimetin,31,0,0,31
3950,2025-06-30,2025,6,30,ggirgin,24,3,0,27
3951,2025-06-30,2025,6,30,fbasak,4,0,0,4
3952,2025-06-30,2025,6,30,tevirgen,20,16,0,36
3953,2025-06-30,2025,6,30,ekaradavut,2,1,0,3
3954,2025-06-30,2025,6,30,amasun,2,27,0,29
3955,2025-06-30,2025,6,30,ebalaban,3,0,0,3
3956,2025-06-30,2025,6,30,ezyildiz,7,0,0,7
3957,2025-06-30,2025,6,30,gbakanoglu,1,0,0,1
3958,2025-06-30,2025,6,30,ogungor,11,2,0,13
3959,2025-06-30,2025,6,30,gayilmaz,1,0,0,1
3960,2025-06-30,2025,6,30,aavcil,6,0,0,6
3961,2025-07-01,2025,7,1,okelepe,1,0,0,1
3962,2025-07-01,2025,7,1,cozkan,2,0,0,2
3963,2025-07-01,2025,7,1,bunver,3,0,0,3
3964,2025-07-01,2025,7,1,gbakanoglu,21,0,0,21
3965,2025-07-01,2025,7,1,gekim,0,108,0,108
3966,2025-07-01,2025,7,1,aapak,0,1,0,1
3967,2025-07-01,2025,7,1,udalyan,1,1,0,2
3968,2025-07-01,2025,7,1,mecigdem,0,2,0,2
3969,2025-07-01,2025,7,1,hakand,7,4,0,11
3970,2025-07-01,2025,7,1,fgulsever,1,9,0,10
3971,2025-07-01,2025,7,1,bfirat,5,0,0,5
3972,2025-07-01,2025,7,1,rkontrol,1,1,0,2
3973,2025-07-01,2025,7,1,tyilmaz,15,66,3,84
3974,2025-07-01,2025,7,1,fcolak,13,10,0,23
3975,2025-07-01,2025,7,1,egonce,2,6,0,8
3976,2025-07-01,2025,7,1,hbinay,2,0,0,2
3977,2025-07-01,2025,7,1,neozdemir,0,7,0,7
3978,2025-07-01,2025,7,1,dcolor,0,47,0,47
3979,2025-07-01,2025,7,1,hbulut,87,1,0,88
3980,2025-07-01,2025,7,1,fbalaban,0,6,0,6
3981,2025-07-01,2025,7,1,mguder,26,0,0,26
3982,2025-07-01,2025,7,1,amasun,7,64,0,71
3983,2025-07-01,2025,7,1,ogungor,4,0,0,4
3984,2025-07-01,2025,7,1,ezyildiz,130,0,0,130
3985,2025-07-01,2025,7,1,ebalaban,9,0,0,9
3986,2025-07-01,2025,7,1,akamera,0,5,0,5
3987,2025-07-01,2025,7,1,abarkod,1,0,0,1
3988,2025-07-01,2025,7,1,vgemici,1,0,0,1
3989,2025-07-01,2025,7,1,ntanriverdi,1,3,0,4
3990,2025-07-01,2025,7,1,gmasistan,27,0,26,53
3991,2025-07-01,2025,7,1,bkibar,1,0,0,1
3992,2025-07-01,2025,7,1,asablon,1,0,0,1
3993,2025-07-01,2025,7,1,fbasak,1,0,0,1
3994,2025-07-01,2025,7,1,obali,1,3,0,4
3995,2025-07-01,2025,7,1,ayyilmaz,2,0,0,2
3996,2025-07-01,2025,7,1,fimetin,16,0,0,16
3997,2025-07-01,2025,7,1,ggirgin,10,0,0,10
3998,2025-07-01,2025,7,1,mertan,25,4,0,29
3999,2025-07-01,2025,7,1,MMUTLU,9,0,9,18
4000,2025-07-01,2025,7,1,tevirgen,2,5,16,23
4001,2025-07-01,2025,7,1,ddtlideri,14,0,0,14
4002,2025-07-01,2025,7,1,gayilmaz,8,1,0,9
4003,2025-07-01,2025,7,1,fakgul,3,0,0,3
4004,2025-07-01,2025,7,1,oicoz,10,0,0,10
4005,2025-07-01,2025,7,1,mkorucu,10,0,0,10
4006,2025-07-02,2025,7,2,zyuksel,1,0,0,1
4007,2025-07-02,2025,7,2,mguder,8,0,0,8
4008,2025-07-02,2025,7,2,fgulsever,0,14,0,14
4009,2025-07-02,2025,7,2,BSOGUT,0,0,1,1
4010,2025-07-02,2025,7,2,aapak,0,1,0,1
4011,2025-07-02,2025,7,2,mecigdem,0,1,0,1
4012,2025-07-02,2025,7,2,udalyan,4,1,5,10
4013,2025-07-02,2025,7,2,kbtlideri,1,0,0,1
4014,2025-07-02,2025,7,2,esaribuyuk,0,1,0,1
4015,2025-07-02,2025,7,2,tyilmaz,1,0,40,41
4016,2025-07-02,2025,7,2,SKARTOGLU,72,0,0,72
4017,2025-07-02,2025,7,2,egonce,2,4,0,6
4018,2025-07-02,2025,7,2,hakdemir,6,7,0,13
4019,2025-07-02,2025,7,2,hbinay,19,0,0,19
4020,2025-07-02,2025,7,2,gakca,2,0,0,2
4021,2025-07-02,2025,7,2,hkaragoz,13,0,0,13
4022,2025-07-02,2025,7,2,dcolor,0,38,0,38
4023,2025-07-02,2025,7,2,hbulut,20,0,0,20
4024,2025-07-02,2025,7,2,akapucu,8,0,0,8
4025,2025-07-02,2025,7,2,bfirat,66,0,0,66
4026,2025-07-02,2025,7,2,fcolak,5,0,0,5
4027,2025-07-02,2025,7,2,adogan,15,0,0,15
4028,2025-07-02,2025,7,2,eozkan,13,0,0,13
4029,2025-07-02,2025,7,2,aozbal,1,0,0,1
4030,2025-07-02,2025,7,2,gekim,0,47,0,47
4031,2025-07-02,2025,7,2,akamera,0,5,0,5
4032,2025-07-02,2025,7,2,abarkod,1,0,0,1
4033,2025-07-02,2025,7,2,nsonmez,15,1,0,16
4034,2025-07-02,2025,7,2,tcapkin,3,0,0,3
4035,2025-07-02,2025,7,2,fbasak,2,1,0,3
4036,2025-07-02,2025,7,2,obali,0,1,0,1
4037,2025-07-02,2025,7,2,MMUTLU,11,2,0,13
4038,2025-07-02,2025,7,2,fimetin,2,0,0,2
4039,2025-07-02,2025,7,2,gkenarli,7,0,0,7
4040,2025-07-02,2025,7,2,aaksoy,4,0,0,4
4041,2025-07-02,2025,7,2,tevirgen,2,1,0,3
4042,2025-07-02,2025,7,2,gayilmaz,2,3,0,5
4043,2025-07-02,2025,7,2,ogungor,11,1,0,12
4044,2025-07-02,2025,7,2,oicoz,9,4,0,13
4045,2025-07-02,2025,7,2,mkorucu,2,0,0,2
4046,2025-07-02,2025,7,2,aavcil,3,0,0,3
4047,2025-07-02,2025,7,2,dnoic,28,103,56,187
4048,2025-07-02,2025,7,2,ebalaban,2,0,0,2
4049,2025-07-02,2025,7,2,sulger,12,0,0,12
4050,2025-07-02,2025,7,2,amasun,6,171,0,177
4051,2025-07-03,2025,7,3,fgulsever,2,57,0,59
4052,2025-07-03,2025,7,3,BSOGUT,2,1,0,3
4053,2025-07-03,2025,7,3,mecigdem,2,10,0,12
4054,2025-07-03,2025,7,3,gakca,1,0,0,1
4055,2025-07-03,2025,7,3,aapak,7,6,0,13
4056,2025-07-03,2025,7,3,nakilli,3,0,0,3
4057,2025-07-03,2025,7,3,baozturk,1,0,0,1
4058,2025-07-03,2025,7,3,udalyan,1,1,0,2
4059,2025-07-03,2025,7,3,mguder,4,0,0,4
4060,2025-07-03,2025,7,3,bfirat,10,5,0,15
4061,2025-07-03,2025,7,3,fcolak,1,9,0,10
4062,2025-07-03,2025,7,3,mkarsiv,2,0,0,2
4063,2025-07-03,2025,7,3,egonce,5,12,0,17
4064,2025-07-03,2025,7,3,herbilgin,23,0,0,23
4065,2025-07-03,2025,7,3,hakdemir,3,5,0,8
4066,2025-07-03,2025,7,3,mbayirli,4,1,0,5
4067,2025-07-03,2025,7,3,tcakan,3,5,0,8
4068,2025-07-03,2025,7,3,dcolor,0,61,0,61
4069,2025-07-03,2025,7,3,hbulut,7,1,0,8
4070,2025-07-03,2025,7,3,gekim,0,99,0,99
4071,2025-07-03,2025,7,3,tyilmaz,0,46,1,47
4072,2025-07-03,2025,7,3,gbakanoglu,2,0,0,2
4073,2025-07-03,2025,7,3,nibolkis,2,0,0,2
4074,2025-07-03,2025,7,3,dnoic,17,7,0,24
4075,2025-07-03,2025,7,3,akamera,0,8,0,8
4076,2025-07-03,2025,7,3,edemirbas,1,0,0,1
4077,2025-07-03,2025,7,3,ezyildiz,0,4,0,4
4078,2025-07-03,2025,7,3,ntanriverdi,0,3,0,3
4079,2025-07-03,2025,7,3,asablon,12,0,0,12
4080,2025-07-03,2025,7,3,fbasak,4,0,0,4
4081,2025-07-03,2025,7,3,aaksoy,2,0,0,2
4082,2025-07-03,2025,7,3,ogun,0,0,10,10
4083,2025-07-03,2025,7,3,aayhan,2,1,1,4
4084,2025-07-03,2025,7,3,tcapkin,5,0,0,5
4085,2025-07-03,2025,7,3,fimetin,10,1,0,11
4086,2025-07-03,2025,7,3,MMUTLU,3,3,3,9
4087,2025-07-03,2025,7,3,mkorucu,8,7,0,15
4088,2025-07-03,2025,7,3,oicoz,3,2,0,5
4089,2025-07-03,2025,7,3,okanat,2,2,0,4
4090,2025-07-03,2025,7,3,abarkod,34,0,0,34
4091,2025-07-03,2025,7,3,gayilmaz,24,4,0,28
4092,2025-07-03,2025,7,3,tevirgen,1,1,4,6
4093,2025-07-03,2025,7,3,ekaradavut,1,0,0,1
4094,2025-07-03,2025,7,3,ggirgin,13,0,0,13
4095,2025-07-03,2025,7,3,ogungor,6,4,0,10
4096,2025-07-04,2025,7,4,mecigdem,0,1,0,1
4097,2025-07-04,2025,7,4,hakand,19,0,0,19
4098,2025-07-04,2025,7,4,carican,6,0,0,6
4099,2025-07-04,2025,7,4,zyuksel,1,0,0,1
4100,2025-07-04,2025,7,4,tyilmaz,5,0,13,18
4101,2025-07-04,2025,7,4,hkaragoz,0,1,0,1
4102,2025-07-04,2025,7,4,mmollaoglu,4,9,4,17
4103,2025-07-04,2025,7,4,eozkan,1,0,0,1
4104,2025-07-04,2025,7,4,dcolor,0,45,0,45
4105,2025-07-04,2025,7,4,bfirat,56,0,0,56
4106,2025-07-04,2025,7,4,gakca,3,2,0,5
4107,2025-07-04,2025,7,4,hakdemir,5,4,0,9
4108,2025-07-04,2025,7,4,hbulut,0,1,0,1
4109,2025-07-04,2025,7,4,amasun,1,16,0,17
4110,2025-07-04,2025,7,4,oicoz,3,0,0,3
4111,2025-07-04,2025,7,4,ogungor,1,1,0,2
4112,2025-07-04,2025,7,4,tevirgen,3,0,0,3
4113,2025-07-04,2025,7,4,ayyilmaz,0,1,0,1
4114,2025-07-04,2025,7,4,sulger,0,1,0,1
4115,2025-07-04,2025,7,4,ggirgin,15,0,0,15
4116,2025-07-04,2025,7,4,fimetin,8,0,0,8
4117,2025-07-04,2025,7,4,MMUTLU,32,7,7,46
4118,2025-07-04,2025,7,4,obali,0,12,0,12
4119,2025-07-04,2025,7,4,aaksoy,1,0,0,1
4120,2025-07-04,2025,7,4,ntanriverdi,0,1,0,1
4121,2025-07-04,2025,7,4,aavcil,780,45,0,825
4122,2025-07-05,2025,7,5,bfirat,6,0,0,6
4123,2025-07-05,2025,7,5,dcolor,0,34,0,34
4124,2025-07-05,2025,7,5,hbinay,24,3,0,27
4125,2025-07-05,2025,7,5,bbusta,1,0,0,1
4126,2025-07-05,2025,7,5,ebalaban,2,0,0,2
4127,2025-07-05,2025,7,5,hakdemir,4,7,0,11
4128,2025-07-06,2025,7,6,BSOGUT,0,5,6,11
4129,2025-07-06,2025,7,6,bunver,3,0,0,3
4130,2025-07-06,2025,7,6,dcolor,0,2,0,2
4131,2025-07-06,2025,7,6,uunver,3,1,0,4
4132,2025-07-06,2025,7,6,egonce,1,7,0,8
4133,2025-07-06,2025,7,6,mkarsiv,2,0,0,2
4134,2025-07-06,2025,7,6,fcolak,10,1,0,11
4135,2025-07-06,2025,7,6,rkontrol,7,0,0,7
4136,2025-07-06,2025,7,6,esaribuyuk,0,1,0,1
4137,2025-07-06,2025,7,6,aapak,0,40,0,40
4138,2025-07-06,2025,7,6,dayakta,1,0,0,1
4139,2025-07-06,2025,7,6,tcapkin,1,2,0,3
4140,2025-07-06,2025,7,6,fbasak,2,0,0,2
4141,2025-07-06,2025,7,6,gcevik,3,0,0,3
4142,2025-07-06,2025,7,6,abarkod,39,0,0,39
4143,2025-07-06,2025,7,6,gbakanoglu,2,0,0,2
4144,2025-07-06,2025,7,6,gekim,0,154,0,154
4145,2025-07-06,2025,7,6,ubasdas,5,4,0,9
4146,2025-07-06,2025,7,6,dnoic,73,0,1,74
4147,2025-07-07,2025,7,7,eyuksel,6,1,0,7
4148,2025-07-07,2025,7,7,mecigdem,0,5,0,5
4149,2025-07-07,2025,7,7,zyuksel,22,0,0,22
4150,2025-07-07,2025,7,7,ierdil,2,0,0,2
4151,2025-07-07,2025,7,7,aildeniz,1,0,0,1
4152,2025-07-07,2025,7,7,rkontrol,2,0,0,2
4153,2025-07-07,2025,7,7,bbugdayci,1,4,0,5
4154,2025-07-07,2025,7,7,fcolak,1,1,0,2
4155,2025-07-07,2025,7,7,eozkan,27,14,0,41
4156,2025-07-07,2025,7,7,hakdemir,1,4,0,5
4157,2025-07-07,2025,7,7,mbayirli,1,0,0,1
4158,2025-07-07,2025,7,7,sapra,1,0,0,1
4159,2025-07-07,2025,7,7,udalyan,13,14,3,30
4160,2025-07-07,2025,7,7,dcolor,0,57,0,57
4161,2025-07-07,2025,7,7,hbulut,1,2,0,3
4162,2025-07-07,2025,7,7,akapucu,9,0,0,9
4163,2025-07-07,2025,7,7,bfirat,47,0,0,47
4164,2025-07-07,2025,7,7,egonce,3,11,0,14
4165,2025-07-07,2025,7,7,aapak,5,60,0,65
4166,2025-07-07,2025,7,7,hkaragoz,0,3,0,3
4167,2025-07-07,2025,7,7,gekim,0,90,0,90
4168,2025-07-07,2025,7,7,akamera,0,1,0,1
4169,2025-07-07,2025,7,7,abarkod,1,0,0,1
4170,2025-07-07,2025,7,7,ntanriverdi,0,1,0,1
4171,2025-07-07,2025,7,7,fbasak,2,0,0,2
4172,2025-07-07,2025,7,7,aayhan,6,1,2,9
4173,2025-07-07,2025,7,7,obali,17,0,1,18
4174,2025-07-07,2025,7,7,MMUTLU,71,0,5,76
4175,2025-07-07,2025,7,7,fimetin,21,0,0,21
4176,2025-07-07,2025,7,7,gakca,2,0,0,2
4177,2025-07-07,2025,7,7,mertan,4,0,0,4
4178,2025-07-07,2025,7,7,ayyilmaz,0,1,0,1
4179,2025-07-07,2025,7,7,ogungor,1,3,0,4
4180,2025-07-07,2025,7,7,aavcil,30,0,0,30
4181,2025-07-07,2025,7,7,ezyildiz,0,4,0,4
4182,2025-07-07,2025,7,7,ebalaban,56,0,0,56
4183,2025-07-07,2025,7,7,amasun,2,4,0,6
4184,2025-07-07,2025,7,7,SUYILMAZ,4,0,0,4
4185,2025-07-07,2025,7,7,ggirgin,10,1,3,14
4186,2025-07-08,2025,7,8,mguder,10,0,0,10
4187,2025-07-08,2025,7,8,esaribuyuk,0,0,1,1
4188,2025-07-08,2025,7,8,hakand,2,1,0,3
4189,2025-07-08,2025,7,8,mecigdem,0,2,0,2
4190,2025-07-08,2025,7,8,gakca,2,0,0,2
4191,2025-07-08,2025,7,8,aapak,1,35,0,36
4192,2025-07-08,2025,7,8,ubasdas,5,0,0,5
4193,2025-07-08,2025,7,8,rkontrol,4,2,0,6
4194,2025-07-08,2025,7,8,gekim,0,40,0,40
4195,2025-07-08,2025,7,8,udalyan,21,16,0,37
4196,2025-07-08,2025,7,8,ihasdemir,64,0,0,64
4197,2025-07-08,2025,7,8,herbilgin,4,0,0,4
4198,2025-07-08,2025,7,8,fcolak,4,2,0,6
4199,2025-07-08,2025,7,8,egonce,0,25,0,25
4200,2025-07-08,2025,7,8,hakdemir,1,0,0,1
4201,2025-07-08,2025,7,8,mmollaoglu,2,0,0,2
4202,2025-07-08,2025,7,8,eozkan,14,0,1,15
4203,2025-07-08,2025,7,8,dcolor,0,60,0,60
4204,2025-07-08,2025,7,8,SUYILMAZ,2,0,0,2
4205,2025-07-08,2025,7,8,bfirat,47,0,0,47
4206,2025-07-08,2025,7,8,VBAYANER,9,0,0,9
4207,2025-07-08,2025,7,8,bunver,3,0,0,3
4208,2025-07-08,2025,7,8,bbugdayci,0,0,11,11
4209,2025-07-08,2025,7,8,hbulut,11,4,0,15
4210,2025-07-08,2025,7,8,eanli,0,8,0,8
4211,2025-07-08,2025,7,8,ebalaban,21,0,0,21
4212,2025-07-08,2025,7,8,akamera,0,21,0,21
4213,2025-07-08,2025,7,8,amasun,0,17,0,17
4214,2025-07-08,2025,7,8,ntanriverdi,4,0,0,4
4215,2025-07-08,2025,7,8,gmasistan,1,0,0,1
4216,2025-07-08,2025,7,8,nkorkmaz,3,21,0,24
4217,2025-07-08,2025,7,8,ogun,0,1,0,1
4218,2025-07-08,2025,7,8,aayhan,7,2,0,10
4219,2025-07-08,2025,7,8,obali,22,8,0,30
4220,2025-07-08,2025,7,8,MMUTLU,26,3,21,50
4221,2025-07-08,2025,7,8,fimetin,31,0,0,31
4222,2025-07-08,2025,7,8,tcapkin,44,2,0,46
4223,2025-07-08,2025,7,8,ekaradavut,23,0,0,23
4224,2025-07-08,2025,7,8,ggirgin,6,1,15,22
4225,2025-07-08,2025,7,8,aavcil,2,2,0,4
4226,2025-07-08,2025,7,8,klaboratuar,0,1,0,1
4227,2025-07-08,2025,7,8,okanat,1,1,0,2
4228,2025-07-08,2025,7,8,dnoic,9,0,0,9
4229,2025-07-08,2025,7,8,gayilmaz,4,1,0,5
4230,2025-07-08,2025,7,8,eulsever,3,0,0,3
4231,2025-07-08,2025,7,8,ayyilmaz,1,0,0,1
4232,2025-07-08,2025,7,8,mertan,23,2,0,25
4233,2025-07-08,2025,7,8,ogungor,1,1,0,2
4234,2025-07-09,2025,7,9,VBAYANER,5,0,0,5
4235,2025-07-09,2025,7,9,gakca,11,1,0,12
4236,2025-07-09,2025,7,9,aapak,0,46,0,46
4237,2025-07-09,2025,7,9,udalyan,0,5,0,5
4238,2025-07-09,2025,7,9,mecigdem,0,2,0,2
4239,2025-07-09,2025,7,9,tyilmaz,21,1,16,38
4240,2025-07-09,2025,7,9,bbugdayci,1,1,0,2
4241,2025-07-09,2025,7,9,acelebi,2,0,0,2
4242,2025-07-09,2025,7,9,akocak,0,197,0,197
4243,2025-07-09,2025,7,9,mkarsiv,1,0,0,1
4244,2025-07-09,2025,7,9,egonce,1,20,0,21
4245,2025-07-09,2025,7,9,mmollaoglu,0,2,0,2
4246,2025-07-09,2025,7,9,dcolor,0,64,0,64
4247,2025-07-09,2025,7,9,hbulut,22,0,0,22
4248,2025-07-09,2025,7,9,bfirat,31,0,0,31
4249,2025-07-09,2025,7,9,otufan,1,0,0,1
4250,2025-07-09,2025,7,9,fcolak,6,0,0,6
4251,2025-07-09,2025,7,9,gekim,0,44,0,44
4252,2025-07-09,2025,7,9,ggirgin,1,1,0,2
4253,2025-07-09,2025,7,9,amasun,1,49,0,50
4254,2025-07-09,2025,7,9,scabuker,1,0,0,1
4255,2025-07-09,2025,7,9,tcapkin,0,5,0,5
4256,2025-07-09,2025,7,9,ntanriverdi,18,1,0,19
4257,2025-07-09,2025,7,9,gmasistan,0,1,0,1
4258,2025-07-09,2025,7,9,ogun,6,1,0,7
4259,2025-07-09,2025,7,9,aayhan,4,6,0,10
4260,2025-07-09,2025,7,9,obali,0,3,2,5
4261,2025-07-09,2025,7,9,aaksoy,1,0,0,1
4262,2025-07-09,2025,7,9,fimetin,8,1,0,9
4263,2025-07-09,2025,7,9,mertan,38,0,0,38
4264,2025-07-09,2025,7,9,gayilmaz,1,0,0,1
4265,2025-07-09,2025,7,9,ogungor,2,2,0,4
4266,2025-07-09,2025,7,9,aavcil,13,0,0,13
4267,2025-07-09,2025,7,9,dnoic,2,0,59,61
4268,2025-07-09,2025,7,9,ebalaban,21,0,0,21
4269,2025-07-09,2025,7,9,MMUTLU,5,1,3,9
4270,2025-07-10,2025,7,10,tyilmaz,2,13,7,22
4271,2025-07-10,2025,7,10,udalyan,0,0,4,4
4272,2025-07-10,2025,7,10,mecigdem,0,2,0,2
4273,2025-07-10,2025,7,10,hakand,0,2,0,2
4274,2025-07-10,2025,7,10,mguder,2,0,0,2
4275,2025-07-10,2025,7,10,zyuksel,43,0,0,43
4276,2025-07-10,2025,7,10,aildeniz,3,0,0,3
4277,2025-07-10,2025,7,10,cyildiz,3,0,0,3
4278,2025-07-10,2025,7,10,VBAYANER,0,12,0,12
4279,2025-07-10,2025,7,10,sekisa,1,0,0,1
4280,2025-07-10,2025,7,10,egonce,4,7,0,11
4281,2025-07-10,2025,7,10,hakdemir,3,4,0,7
4282,2025-07-10,2025,7,10,sapra,5,0,0,5
4283,2025-07-10,2025,7,10,dcolor,0,72,0,72
4284,2025-07-10,2025,7,10,hbulut,6,0,0,6
4285,2025-07-10,2025,7,10,bfirat,10,1,0,11
4286,2025-07-10,2025,7,10,aapak,0,25,0,25
4287,2025-07-10,2025,7,10,fcolak,38,0,0,38
4288,2025-07-10,2025,7,10,ubasdas,5,3,0,8
4289,2025-07-10,2025,7,10,bsakrak,5,0,0,5
4290,2025-07-10,2025,7,10,tcapkin,2,0,0,2
4291,2025-07-10,2025,7,10,akamera,0,1,0,1
4292,2025-07-10,2025,7,10,abarkod,2,0,0,2
4293,2025-07-10,2025,7,10,gakca,1,0,0,1
4294,2025-07-10,2025,7,10,fbasak,3,0,0,3
4295,2025-07-10,2025,7,10,cer,0,1,0,1
4296,2025-07-10,2025,7,10,aayhan,0,0,6,6
4297,2025-07-10,2025,7,10,MMUTLU,28,0,19,47
4298,2025-07-10,2025,7,10,fimetin,8,3,0,11
4299,2025-07-10,2025,7,10,obali,2,0,1,3
4300,2025-07-10,2025,7,10,gayilmaz,8,2,0,10
4301,2025-07-10,2025,7,10,ogungor,5,3,0,8
4302,2025-07-10,2025,7,10,nibolkis,9,4,0,13
4303,2025-07-10,2025,7,10,aavcil,14,1,0,15
4304,2025-07-10,2025,7,10,dnoic,15,10,0,25
4305,2025-07-10,2025,7,10,ebalaban,10,0,0,10
4306,2025-07-10,2025,7,10,amasun,3,31,0,34
4307,2025-07-10,2025,7,10,gekim,0,112,0,112
4308,2025-07-10,2025,7,10,ggirgin,11,1,0,12
4309,2025-07-11,2025,7,11,hakand,5,7,0,12
4310,2025-07-11,2025,7,11,gakca,22,0,0,22
4311,2025-07-11,2025,7,11,ELOFCA,5,0,0,5
4312,2025-07-11,2025,7,11,udalyan,11,9,0,20
4313,2025-07-11,2025,7,11,mecigdem,0,4,0,4
4314,2025-07-11,2025,7,11,zyuksel,1,0,0,1
4315,2025-07-11,2025,7,11,bsakrak,2,0,0,2
4316,2025-07-11,2025,7,11,bfirat,9,0,0,9
4317,2025-07-11,2025,7,11,tyilmaz,77,52,6,135
4318,2025-07-11,2025,7,11,sekisa,0,4,0,4
4319,2025-07-11,2025,7,11,mkarsiv,1,0,0,1
4320,2025-07-11,2025,7,11,hakdemir,12,1,0,13
4321,2025-07-11,2025,7,11,dcolor,0,53,0,53
4322,2025-07-11,2025,7,11,ierdil,2,0,0,2
4323,2025-07-11,2025,7,11,amasun,0,3,0,3
4324,2025-07-11,2025,7,11,MMUTLU,10,0,15,25
4325,2025-07-11,2025,7,11,dnoic,1,0,0,1
4326,2025-07-11,2025,7,11,ebalaban,7,0,0,7
4327,2025-07-11,2025,7,11,akamera,1,6,0,7
4328,2025-07-11,2025,7,11,cer,0,1,0,1
4329,2025-07-11,2025,7,11,mkarabiyik,0,3,0,3
4330,2025-07-11,2025,7,11,obali,6,4,0,10
4331,2025-07-11,2025,7,11,fimetin,15,4,0,19
4332,2025-07-11,2025,7,11,mkofis,1,0,0,1
4333,2025-07-11,2025,7,11,mertan,1,13,0,14
4334,2025-07-11,2025,7,11,ayyilmaz,3,0,0,3
4335,2025-07-11,2025,7,11,eulsever,1,4,0,5
4336,2025-07-11,2025,7,11,gayilmaz,2,1,0,3
4337,2025-07-11,2025,7,11,ogungor,2,1,0,3
4338,2025-07-11,2025,7,11,aavcil,73,17,2,92
4339,2025-07-11,2025,7,11,ggirgin,10,1,0,11
4340,2025-07-12,2025,7,12,ebalaban,5,0,0,5
4341,2025-07-12,2025,7,12,dcolor,0,36,0,36
4342,2025-07-13,2025,7,13,gekim,0,169,0,169
4343,2025-07-13,2025,7,13,dcolor,0,3,0,3
4344,2025-07-13,2025,7,13,mbayirli,1,1,0,2
4345,2025-07-13,2025,7,13,egonce,9,10,0,19
4346,2025-07-13,2025,7,13,ekaragoz,1,1,0,2
4347,2025-07-13,2025,7,13,fgulsever,0,68,0,68
4348,2025-07-13,2025,7,13,mkofis,1,0,0,1
4349,2025-07-13,2025,7,13,fbasak,6,0,0,6
4350,2025-07-13,2025,7,13,nkorkmaz,1,0,0,1
4351,2025-07-13,2025,7,13,edemirbas,0,1,0,1
4352,2025-07-13,2025,7,13,abarkod,32,0,0,32
4353,2025-07-13,2025,7,13,fimetin,0,4,0,4
4354,2025-07-14,2025,7,14,VBAYANER,19,8,0,27
4355,2025-07-14,2025,7,14,hbulut,3,1,0,4
4356,2025-07-14,2025,7,14,dcolor,0,8,0,8
4357,2025-07-14,2025,7,14,hkaragoz,7,18,0,25
4358,2025-07-14,2025,7,14,sekisa,4,0,0,4
4359,2025-07-14,2025,7,14,tyilmaz,7,38,168,213
4360,2025-07-14,2025,7,14,zyuksel,2,0,0,2
4361,2025-07-14,2025,7,14,cdonmez,0,2,0,2
4362,2025-07-14,2025,7,14,mecigdem,0,2,0,2
4363,2025-07-14,2025,7,14,gakca,2,12,0,14
4364,2025-07-14,2025,7,14,oicoz,1,1,0,2
4365,2025-07-14,2025,7,14,tevirgen,18,3,0,21
4366,2025-07-14,2025,7,14,ggirgin,29,1,0,30
4367,2025-07-14,2025,7,14,fimetin,15,0,0,15
4368,2025-07-14,2025,7,14,MMUTLU,8,2,4,14
4369,2025-07-14,2025,7,14,vgemici,1,0,0,1
4370,2025-07-14,2025,7,14,akamera,0,4,0,4
4371,2025-07-14,2025,7,14,amasun,1,26,0,27
4372,2025-07-15,2025,7,15,esaribuyuk,0,8,0,8
4373,2025-07-15,2025,7,15,mbayirli,6,0,0,6
4374,2025-07-15,2025,7,15,ierdil,1,0,0,1
4375,2025-07-15,2025,7,15,fgulsever,0,230,0,230
4376,2025-07-15,2025,7,15,iunlu,4,0,0,4
4377,2025-07-15,2025,7,15,egonce,11,11,0,22
4378,2025-07-15,2025,7,15,ogun,1,0,1,2
4379,2025-07-15,2025,7,15,fbasak,12,0,0,12
4380,2025-07-15,2025,7,15,tcapkin,6,0,0,6
4381,2025-07-15,2025,7,15,gekim,0,101,0,101
4382,2025-07-15,2025,7,15,abarkod,2,0,0,2
4383,2025-07-16,2025,7,16,fyakut,4,1,0,5
4384,2025-07-16,2025,7,16,gakca,32,2,0,34
4385,2025-07-16,2025,7,16,nakilli,6,1,0,7
4386,2025-07-16,2025,7,16,udalyan,0,0,2,2
4387,2025-07-16,2025,7,16,gsapmaz,2,0,0,2
4388,2025-07-16,2025,7,16,aildeniz,2,1,0,3
4389,2025-07-16,2025,7,16,tyilmaz,14,7,76,97
4390,2025-07-16,2025,7,16,bbugdayci,1,0,0,1
4391,2025-07-16,2025,7,16,egonce,1,7,0,8
4392,2025-07-16,2025,7,16,fcolak,12,1,0,13
4393,2025-07-16,2025,7,16,otufan,0,2,0,2
4394,2025-07-16,2025,7,16,hakdemir,7,2,0,9
4395,2025-07-16,2025,7,16,mmollaoglu,1,0,0,1
4396,2025-07-16,2025,7,16,gbalvan,2,0,0,2
4397,2025-07-16,2025,7,16,dcolor,0,73,0,73
4398,2025-07-16,2025,7,16,hbulut,1,1,0,2
4399,2025-07-16,2025,7,16,VBAYANER,24,15,0,39
4400,2025-07-16,2025,7,16,cyildiz,3,0,0,3
4401,2025-07-16,2025,7,16,gekim,0,89,0,89
4402,2025-07-16,2025,7,16,fgulsever,0,12,0,12
4403,2025-07-16,2025,7,16,cozkan,1,0,0,1
4404,2025-07-16,2025,7,16,akamera,0,17,0,17
4405,2025-07-16,2025,7,16,SUYILMAZ,3,0,0,3
4406,2025-07-16,2025,7,16,ntanriverdi,3,0,0,3
4407,2025-07-16,2025,7,16,nkorkmaz,1,2,0,3
4408,2025-07-16,2025,7,16,fbasak,26,0,0,26
4409,2025-07-16,2025,7,16,aayhan,3,1,0,4
4410,2025-07-16,2025,7,16,MMUTLU,5,0,3,8
4411,2025-07-16,2025,7,16,fimetin,5,0,0,5
4412,2025-07-16,2025,7,16,ggirgin,9,0,0,9
4413,2025-07-16,2025,7,16,abarkod,6,0,0,6
4414,2025-07-16,2025,7,16,ayyilmaz,1,0,0,1
4415,2025-07-16,2025,7,16,mertan,0,1,0,1
4416,2025-07-16,2025,7,16,ebalaban,21,0,0,21
4417,2025-07-16,2025,7,16,aavcil,2,0,0,2
4418,2025-07-16,2025,7,16,oicoz,0,1,0,1
4419,2025-07-16,2025,7,16,amasun,2,207,0,209
4420,2025-07-16,2025,7,16,gayilmaz,26,0,0,26
4421,2025-07-16,2025,7,16,tevirgen,8,8,3,19
4422,2025-07-16,2025,7,16,ogungor,5,3,0,8
4423,2025-07-17,2025,7,17,gekim,0,108,0,108
4424,2025-07-17,2025,7,17,esaribuyuk,0,2,0,2
4425,2025-07-17,2025,7,17,fyakut,8,0,0,8
4426,2025-07-17,2025,7,17,gakca,9,32,0,41
4427,2025-07-17,2025,7,17,ubasdas,1,0,0,1
4428,2025-07-17,2025,7,17,udalyan,5,2,1,8
4429,2025-07-17,2025,7,17,mecigdem,21,4,0,25
4430,2025-07-17,2025,7,17,baozturk,0,4,0,4
4431,2025-07-17,2025,7,17,fcolak,2,0,0,2
4432,2025-07-17,2025,7,17,tyilmaz,4,52,0,56
4433,2025-07-17,2025,7,17,nkaya,0,1,0,1
4434,2025-07-17,2025,7,17,egonce,0,5,0,5
4435,2025-07-17,2025,7,17,hakdemir,7,0,0,7
4436,2025-07-17,2025,7,17,mmollaoglu,2,0,2,4
4437,2025-07-17,2025,7,17,dcolor,0,97,0,97
4438,2025-07-17,2025,7,17,amasun,0,14,0,14
4439,2025-07-17,2025,7,17,zyuksel,31,0,0,31
4440,2025-07-17,2025,7,17,ebalaban,20,0,0,20
4441,2025-07-17,2025,7,17,fgulsever,0,34,0,34
4442,2025-07-17,2025,7,17,ogungor,3,0,0,3
4443,2025-07-17,2025,7,17,aavcil,0,2,0,2
4444,2025-07-17,2025,7,17,akamera,2,2,0,4
4445,2025-07-17,2025,7,17,abarkod,2,0,0,2
4446,2025-07-17,2025,7,17,vgemici,1,0,0,1
4447,2025-07-17,2025,7,17,gmasistan,9,0,10,19
4448,2025-07-17,2025,7,17,bkibar,2,0,0,2
4449,2025-07-17,2025,7,17,merkan,7,0,0,7
4450,2025-07-17,2025,7,17,aaksoy,1,0,0,1
4451,2025-07-17,2025,7,17,aayhan,0,1,1,2
4452,2025-07-17,2025,7,17,tcapkin,2,1,0,3
4453,2025-07-17,2025,7,17,obali,23,1,0,24
4454,2025-07-17,2025,7,17,tevirgen,1,1,3,5
4455,2025-07-17,2025,7,17,mertan,2,0,0,2
4456,2025-07-17,2025,7,17,ggirgin,1,2,0,3
4457,2025-07-17,2025,7,17,gayilmaz,17,0,0,17
4458,2025-07-17,2025,7,17,sucakir,2,0,0,2
4459,2025-07-17,2025,7,17,fimetin,0,2,0,2
4460,2025-07-17,2025,7,17,MMUTLU,21,1,0,22
4461,2025-07-18,2025,7,18,dcolor,0,79,0,79
4462,2025-07-18,2025,7,18,VBAYANER,24,6,0,30
4463,2025-07-18,2025,7,18,tyilmaz,60,22,0,82
4464,2025-07-18,2025,7,18,zyuksel,1,0,0,1
4465,2025-07-18,2025,7,18,baozturk,1,1,0,2
4466,2025-07-18,2025,7,18,okelepe,0,0,8,8
4467,2025-07-18,2025,7,18,hakand,26,2,0,28
4468,2025-07-18,2025,7,18,mecigdem,0,2,0,2
4469,2025-07-18,2025,7,18,udalyan,7,6,0,13
4470,2025-07-18,2025,7,18,gakca,1,30,2,33
4471,2025-07-18,2025,7,18,amasun,1,30,0,31
4472,2025-07-18,2025,7,18,ebalaban,15,0,0,15
4473,2025-07-18,2025,7,18,hakdemir,4,0,0,4
4474,2025-07-18,2025,7,18,ogungor,8,8,0,16
4475,2025-07-18,2025,7,18,nibolkis,3,0,0,3
4476,2025-07-18,2025,7,18,cer,6,0,0,6
4477,2025-07-18,2025,7,18,mkarabiyik,0,2,0,2
4478,2025-07-18,2025,7,18,MMUTLU,13,19,16,48
4479,2025-07-18,2025,7,18,fimetin,22,10,0,32
4480,2025-07-18,2025,7,18,obali,40,8,0,48
4481,2025-07-18,2025,7,18,ggirgin,5,0,0,5
4482,2025-07-18,2025,7,18,mertan,9,8,0,17
4483,2025-07-18,2025,7,18,tevirgen,0,6,0,6
4484,2025-07-18,2025,7,18,eulsever,0,8,0,8
4485,2025-07-18,2025,7,18,sucakir,2,0,0,2
4486,2025-07-19,2025,7,19,ebalaban,6,0,0,6
4487,2025-07-19,2025,7,19,mecigdem,0,1,0,1
4488,2025-07-19,2025,7,19,hakdemir,4,2,0,6
4489,2025-07-19,2025,7,19,dcolor,0,52,0,52
4490,2025-07-20,2025,7,20,bbugdayci,1,0,0,1
4491,2025-07-20,2025,7,20,mkarsiv,3,0,0,3
4492,2025-07-20,2025,7,20,ersener,19,0,0,19
4493,2025-07-20,2025,7,20,mbayirli,6,0,0,6
4494,2025-07-20,2025,7,20,dcolor,0,1,0,1
4495,2025-07-20,2025,7,20,egonce,0,16,0,16
4496,2025-07-20,2025,7,20,ebadem,2,0,0,2
4497,2025-07-20,2025,7,20,rkontrol,1,0,0,1
4498,2025-07-20,2025,7,20,aapak,0,3,0,3
4499,2025-07-20,2025,7,20,gekim,0,117,0,117
4500,2025-07-20,2025,7,20,dnoic,2,3,1,6
4501,2025-07-20,2025,7,20,tevirgen,0,4,0,4
4502,2025-07-20,2025,7,20,aayhan,2,0,0,2
4503,2025-07-20,2025,7,20,fbasak,11,0,0,11
4504,2025-07-20,2025,7,20,abarkod,35,0,0,35
4505,2025-07-20,2025,7,20,fgulsever,0,56,0,56
4506,2025-07-21,2025,7,21,aakyildiz,0,3,0,3
4507,2025-07-21,2025,7,21,ihasdemir,10,0,0,10
4508,2025-07-21,2025,7,21,tyilmaz,9,1,1,11
4509,2025-07-21,2025,7,21,okelepe,0,8,0,8
4510,2025-07-21,2025,7,21,fgulsever,0,9,0,9
4511,2025-07-21,2025,7,21,fcolak,1,0,0,1
4512,2025-07-21,2025,7,21,hakand,12,62,0,74
4513,2025-07-21,2025,7,21,itopcu,4,1,0,5
4514,2025-07-21,2025,7,21,mkarsiv,2,0,0,2
4515,2025-07-21,2025,7,21,eozkan,4,0,0,4
4516,2025-07-21,2025,7,21,hakdemir,2,1,0,3
4517,2025-07-21,2025,7,21,sapra,3,1,0,4
4518,2025-07-21,2025,7,21,dcolor,0,50,0,50
4519,2025-07-21,2025,7,21,hbulut,6,0,0,6
4520,2025-07-21,2025,7,21,bfirat,3,0,0,3
4521,2025-07-21,2025,7,21,VBAYANER,0,24,0,24
4522,2025-07-21,2025,7,21,bunver,3,0,0,3
4523,2025-07-21,2025,7,21,aapak,10,2,0,12
4524,2025-07-21,2025,7,21,egonce,0,9,0,9
4525,2025-07-21,2025,7,21,nakilli,0,4,0,4
4526,2025-07-21,2025,7,21,abarkod,4,0,0,4
4527,2025-07-21,2025,7,21,gakca,10,31,0,41
4528,2025-07-21,2025,7,21,dayakta,0,2,0,2
4529,2025-07-21,2025,7,21,tcapkin,1,11,0,12
4530,2025-07-21,2025,7,21,fbasak,4,3,0,7
4531,2025-07-21,2025,7,21,aaksoy,1,0,0,1
4532,2025-07-21,2025,7,21,aayhan,11,17,3,31
4533,2025-07-21,2025,7,21,MMUTLU,72,2,4,78
4534,2025-07-21,2025,7,21,ggirgin,50,1,0,51
4535,2025-07-21,2025,7,21,tevirgen,12,16,4,32
4536,2025-07-21,2025,7,21,gayilmaz,8,0,0,8
4537,2025-07-21,2025,7,21,akamera,1,10,0,11
4538,2025-07-21,2025,7,21,okanat,1,2,0,3
4539,2025-07-21,2025,7,21,ogungor,1,1,0,2
4540,2025-07-21,2025,7,21,gekim,0,74,0,74
4541,2025-07-21,2025,7,21,gbakanoglu,1,34,0,35
4542,2025-07-21,2025,7,21,iunlu,12,0,0,12
4543,2025-07-21,2025,7,21,amasun,0,14,0,14
4544,2025-07-21,2025,7,21,ebalaban,9,0,0,9
4545,2025-07-21,2025,7,21,aavcil,13,0,0,13
4546,2025-07-21,2025,7,21,ekaragoz,1,3,0,4
4547,2025-07-22,2025,7,22,gekim,0,52,0,52
4548,2025-07-22,2025,7,22,fyakut,41,0,0,41
4549,2025-07-22,2025,7,22,gakca,5,0,0,5
4550,2025-07-22,2025,7,22,hakand,2,1,0,3
4551,2025-07-22,2025,7,22,cdonmez,4,1,0,5
4552,2025-07-22,2025,7,22,fgulsever,0,52,0,52
4553,2025-07-22,2025,7,22,rkontrol,1,1,0,2
4554,2025-07-22,2025,7,22,tyilmaz,19,1,0,20
4555,2025-07-22,2025,7,22,stjegitim,7,0,7,14
4556,2025-07-22,2025,7,22,aakyildiz,2,0,0,2
4557,2025-07-22,2025,7,22,fcolak,1,14,0,15
4558,2025-07-22,2025,7,22,egonce,54,5,0,59
4559,2025-07-22,2025,7,22,hakdemir,13,0,0,13
4560,2025-07-22,2025,7,22,sapra,3,0,0,3
4561,2025-07-22,2025,7,22,dcolor,0,61,0,61
4562,2025-07-22,2025,7,22,eanli,0,2,0,2
4563,2025-07-22,2025,7,22,bfirat,21,0,0,21
4564,2025-07-22,2025,7,22,bbugdayci,0,4,0,4
4565,2025-07-22,2025,7,22,zkurt,0,0,2,2
4566,2025-07-22,2025,7,22,mkarsiv,3,0,0,3
4567,2025-07-22,2025,7,22,ebalaban,19,0,0,19
4568,2025-07-22,2025,7,22,amasun,0,27,0,27
4569,2025-07-22,2025,7,22,abarkod,34,0,0,34
4570,2025-07-22,2025,7,22,vgemici,2,0,0,2
4571,2025-07-22,2025,7,22,tcapkin,13,0,0,13
4572,2025-07-22,2025,7,22,ayetik,0,1,0,1
4573,2025-07-22,2025,7,22,bkibar,2,41,0,43
4574,2025-07-22,2025,7,22,fbasak,1,0,0,1
4575,2025-07-22,2025,7,22,obali,0,0,2,2
4576,2025-07-22,2025,7,22,MMUTLU,4,3,0,7
4577,2025-07-22,2025,7,22,akamera,0,14,0,14
4578,2025-07-22,2025,7,22,sucakir,8,0,0,8
4579,2025-07-22,2025,7,22,ggirgin,4,0,0,4
4580,2025-07-22,2025,7,22,mertan,4,0,0,4
4581,2025-07-22,2025,7,22,tevirgen,2,7,10,19
4582,2025-07-22,2025,7,22,gayilmaz,1,0,0,1
4583,2025-07-22,2025,7,22,ogungor,4,0,0,4
4584,2025-07-22,2025,7,22,aavcil,8,1,0,9
4585,2025-07-22,2025,7,22,dnoic,1,0,2,3
4586,2025-07-22,2025,7,22,fimetin,25,1,0,26
4587,2025-07-23,2025,7,23,fgulsever,0,4,0,4
4588,2025-07-23,2025,7,23,itopcu,2,0,0,2
4589,2025-07-23,2025,7,23,gsapmaz,41,0,0,41
4590,2025-07-23,2025,7,23,tyilmaz,3,4,0,7
4591,2025-07-23,2025,7,23,fcolak,7,0,0,7
4592,2025-07-23,2025,7,23,egonce,45,2,0,47
4593,2025-07-23,2025,7,23,hakdemir,12,2,0,14
4594,2025-07-23,2025,7,23,earslanbay,0,1,0,1
4595,2025-07-23,2025,7,23,hbinay,1,0,0,1
4596,2025-07-23,2025,7,23,mmollaoglu,113,6,0,119
4597,2025-07-23,2025,7,23,eozkan,0,0,4,4
4598,2025-07-23,2025,7,23,dcolor,0,62,0,62
4599,2025-07-23,2025,7,23,ekoksal,1,0,0,1
4600,2025-07-23,2025,7,23,bfirat,5,0,0,5
4601,2025-07-23,2025,7,23,hakand,72,99,0,171
4602,2025-07-23,2025,7,23,uunver,0,50,0,50
4603,2025-07-23,2025,7,23,aapak,0,13,0,13
4604,2025-07-23,2025,7,23,adogan,2,0,0,2
4605,2025-07-23,2025,7,23,fyakut,1,0,0,1
4606,2025-07-23,2025,7,23,gakca,2,1,0,3
4607,2025-07-23,2025,7,23,abarkod,1,0,0,1
4608,2025-07-23,2025,7,23,vgemici,5,2,0,7
4609,2025-07-23,2025,7,23,tcapkin,4,0,0,4
4610,2025-07-23,2025,7,23,fimetin,12,4,0,16
4611,2025-07-23,2025,7,23,ggirgin,2,1,0,3
4612,2025-07-23,2025,7,23,tevirgen,5,6,0,11
4613,2025-07-23,2025,7,23,MMUTLU,5,1,0,6
4614,2025-07-23,2025,7,23,aavcil,3,2,0,5
4615,2025-07-23,2025,7,23,dnoic,9,0,1,10
4616,2025-07-23,2025,7,23,ebalaban,21,0,0,21
4617,2025-07-23,2025,7,23,amasun,4,8,0,12
4618,2025-07-23,2025,7,23,fbalaban,1,0,0,1
4619,2025-07-23,2025,7,23,gekim,0,80,0,80
4620,2025-07-23,2025,7,23,eulsever,0,4,0,4
4621,2025-07-24,2025,7,24,tyilmaz,2,0,0,2
4622,2025-07-24,2025,7,24,gakca,0,1,0,1
4623,2025-07-24,2025,7,24,aapak,0,53,0,53
4624,2025-07-24,2025,7,24,hakand,0,10,6,16
4625,2025-07-24,2025,7,24,fgulsever,5,66,0,71
4626,2025-07-24,2025,7,24,kbtlideri,1,0,0,1
4627,2025-07-24,2025,7,24,ihasdemir,33,0,0,33
4628,2025-07-24,2025,7,24,gekim,0,77,0,77
4629,2025-07-24,2025,7,24,hakdemir,23,1,0,24
4630,2025-07-24,2025,7,24,eozkan,2,0,0,2
4631,2025-07-24,2025,7,24,dcolor,0,94,0,94
4632,2025-07-24,2025,7,24,sutetik,1,0,0,1
4633,2025-07-24,2025,7,24,bfirat,10,0,0,10
4634,2025-07-24,2025,7,24,VBAYANER,0,6,0,6
4635,2025-07-24,2025,7,24,stjegitim,0,0,52,52
4636,2025-07-24,2025,7,24,scabuker,1,0,1,2
4637,2025-07-24,2025,7,24,egonce,24,6,0,30
4638,2025-07-24,2025,7,24,dnoic,44,0,1,45
4639,2025-07-24,2025,7,24,akamera,0,4,0,4
4640,2025-07-24,2025,7,24,vgemici,3,0,0,3
4641,2025-07-24,2025,7,24,tcapkin,0,1,0,1
4642,2025-07-24,2025,7,24,mkarabiyik,0,1,0,1
4643,2025-07-24,2025,7,24,obali,4,12,13,29
4644,2025-07-24,2025,7,24,ebalaban,8,0,0,8
4645,2025-07-24,2025,7,24,MMUTLU,13,0,13,26
4646,2025-07-24,2025,7,24,abarkod,2,0,0,2
4647,2025-07-24,2025,7,24,ggirgin,2,1,0,3
4648,2025-07-24,2025,7,24,mertan,1,0,0,1
4649,2025-07-24,2025,7,24,tevirgen,5,6,24,35
4650,2025-07-24,2025,7,24,eulsever,1,0,0,1
4651,2025-07-24,2025,7,24,gayilmaz,0,2,0,2
4652,2025-07-24,2025,7,24,aavcil,3,0,0,3
4653,2025-07-24,2025,7,24,fimetin,22,2,0,24
4654,2025-07-25,2025,7,25,ebalaban,26,0,0,26
4655,2025-07-25,2025,7,25,amasun,0,13,0,13
4656,2025-07-25,2025,7,25,adogan,6,5,0,11
4657,2025-07-25,2025,7,25,gakca,0,2,0,2
4658,2025-07-25,2025,7,25,kdeda,3,3,0,6
4659,2025-07-25,2025,7,25,ierdil,2,0,0,2
4660,2025-07-25,2025,7,25,egonce,10,0,0,10
4661,2025-07-25,2025,7,25,tyilmaz,12,0,0,12
4662,2025-07-25,2025,7,25,hakdemir,7,0,0,7
4663,2025-07-25,2025,7,25,dcolor,0,69,0,69
4664,2025-07-25,2025,7,25,bfirat,9,0,0,9
4665,2025-07-25,2025,7,25,aavcil,9,27,3,39
4666,2025-07-25,2025,7,25,otanriverdi,2,0,0,2
4667,2025-07-25,2025,7,25,nibolkis,0,4,0,4
4668,2025-07-25,2025,7,25,stjegitim,1,0,26,27
4669,2025-07-25,2025,7,25,gayilmaz,4,0,0,4
4670,2025-07-25,2025,7,25,ogungor,2,1,0,3
4671,2025-07-25,2025,7,25,akamera,2,2,0,4
4672,2025-07-25,2025,7,25,vgemici,1,0,0,1
4673,2025-07-25,2025,7,25,ntanriverdi,4,0,0,4
4674,2025-07-25,2025,7,25,ogun,1,0,0,1
4675,2025-07-25,2025,7,25,mkarabiyik,0,2,0,2
4676,2025-07-25,2025,7,25,gmasistan,0,0,24,24
4677,2025-07-25,2025,7,25,MMUTLU,5,0,5,10
4678,2025-07-25,2025,7,25,fimetin,14,1,0,15
4679,2025-07-25,2025,7,25,gkenarli,1,0,0,1
4680,2025-07-25,2025,7,25,ggirgin,2,0,0,2
4681,2025-07-25,2025,7,25,tevirgen,7,9,3,19
4682,2025-07-25,2025,7,25,eulsever,1,0,0,1
4683,2025-07-25,2025,7,25,obali,5,4,0,9
4684,2025-07-26,2025,7,26,ebalaban,27,0,0,27
4685,2025-07-26,2025,7,26,dcolor,0,60,0,60
4686,2025-07-27,2025,7,27,dcolor,0,1,0,1
4687,2025-07-27,2025,7,27,ierdil,3,0,0,3
4688,2025-07-27,2025,7,27,mbayirli,14,0,0,14
4689,2025-07-27,2025,7,27,egonce,3,4,0,7
4690,2025-07-27,2025,7,27,ihasdemir,15,0,0,15
4691,2025-07-27,2025,7,27,rkontrol,1,3,0,4
4692,2025-07-27,2025,7,27,fgulsever,15,88,0,103
4693,2025-07-27,2025,7,27,aildeniz,9,0,0,9
4694,2025-07-27,2025,7,27,dnoic,7,1,0,8
4695,2025-07-27,2025,7,27,gcevik,5,0,0,5
4696,2025-07-27,2025,7,27,ogun,0,0,3,3
4697,2025-07-27,2025,7,27,fbasak,0,1,0,1
4698,2025-07-27,2025,7,27,gmasistan,4,1,0,5
4699,2025-07-27,2025,7,27,abarkod,15,0,0,15
4700,2025-07-27,2025,7,27,aapak,0,16,0,16
4701,2025-07-28,2025,7,28,ELOFCA,15,4,5,24
4702,2025-07-28,2025,7,28,dayakta,1,0,0,1
4703,2025-07-28,2025,7,28,nakilli,0,0,4,4
4704,2025-07-28,2025,7,28,aapak,10,0,0,10
4705,2025-07-28,2025,7,28,hakand,16,0,0,16
4706,2025-07-28,2025,7,28,BSOGUT,0,0,1,1
4707,2025-07-28,2025,7,28,fgulsever,0,7,0,7
4708,2025-07-28,2025,7,28,mguder,2,0,0,2
4709,2025-07-28,2025,7,28,ierdil,1,0,0,1
4710,2025-07-28,2025,7,28,hakdemir,4,5,0,9
4711,2025-07-28,2025,7,28,stjegitim,0,0,16,16
4712,2025-07-28,2025,7,28,fcolak,2,1,0,3
4713,2025-07-28,2025,7,28,mbayirli,12,0,0,12
4714,2025-07-28,2025,7,28,mmollaoglu,17,0,0,17
4715,2025-07-28,2025,7,28,dcolor,0,58,0,58
4716,2025-07-28,2025,7,28,ersener,2,0,0,2
4717,2025-07-28,2025,7,28,bfirat,126,0,0,126
4718,2025-07-28,2025,7,28,VBAYANER,0,21,0,21
4719,2025-07-28,2025,7,28,gakca,9,3,0,12
4720,2025-07-28,2025,7,28,tyilmaz,377,241,23,641
4721,2025-07-28,2025,7,28,gekim,0,151,0,151
4722,2025-07-28,2025,7,28,akamera,3,23,0,26
4723,2025-07-28,2025,7,28,SUYILMAZ,4,0,0,4
4724,2025-07-28,2025,7,28,gbakanoglu,0,30,0,30
4725,2025-07-28,2025,7,28,abarkod,1,0,0,1
4726,2025-07-28,2025,7,28,vgemici,54,9,0,63
4727,2025-07-28,2025,7,28,ntanriverdi,12,5,0,17
4728,2025-07-28,2025,7,28,aayhan,13,0,1,14
4729,2025-07-28,2025,7,28,mkarabiyik,0,2,0,2
4730,2025-07-28,2025,7,28,MMUTLU,3,3,0,6
4731,2025-07-28,2025,7,28,fimetin,33,0,0,33
4732,2025-07-28,2025,7,28,ggirgin,18,3,0,21
4733,2025-07-28,2025,7,28,obali,2,0,0,2
4734,2025-07-28,2025,7,28,ayyilmaz,1,0,0,1
4735,2025-07-28,2025,7,28,mertan,1,0,0,1
4736,2025-07-28,2025,7,28,amasun,0,2,0,2
4737,2025-07-28,2025,7,28,ebalaban,18,0,0,18
4738,2025-07-28,2025,7,28,aavcil,45,6,0,51
4739,2025-07-28,2025,7,28,ekaragoz,0,2,0,2
4740,2025-07-28,2025,7,28,ogungor,5,0,0,5
4741,2025-07-28,2025,7,28,gayilmaz,5,0,0,5
4742,2025-07-28,2025,7,28,tevirgen,11,6,1,18
4743,2025-07-28,2025,7,28,mkorucu,0,1,0,1
4744,2025-07-29,2025,7,29,tyilmaz,267,224,1,492
4745,2025-07-29,2025,7,29,gakca,18,49,0,67
4746,2025-07-29,2025,7,29,ubasdas,11,0,0,11
4747,2025-07-29,2025,7,29,aapak,0,9,0,9
4748,2025-07-29,2025,7,29,udalyan,0,0,2,2
4749,2025-07-29,2025,7,29,fgulsever,0,36,0,36
4750,2025-07-29,2025,7,29,baozturk,1,0,0,1
4751,2025-07-29,2025,7,29,mguray,21,0,0,21
4752,2025-07-29,2025,7,29,stjegitim,0,0,32,32
4753,2025-07-29,2025,7,29,fyakut,2,0,0,2
4754,2025-07-29,2025,7,29,fcolak,0,1,0,1
4755,2025-07-29,2025,7,29,mkarsiv,7,0,0,7
4756,2025-07-29,2025,7,29,egonce,8,12,0,20
4757,2025-07-29,2025,7,29,hakdemir,4,10,0,14
4758,2025-07-29,2025,7,29,uunver,0,11,0,11
4759,2025-07-29,2025,7,29,hbinay,27,1,0,28
4760,2025-07-29,2025,7,29,eozkan,7,0,0,7
4761,2025-07-29,2025,7,29,dcolor,0,43,0,43
4762,2025-07-29,2025,7,29,bfirat,33,0,0,33
4763,2025-07-29,2025,7,29,bunver,2,0,0,2
4764,2025-07-29,2025,7,29,iunlu,4,0,0,4
4765,2025-07-29,2025,7,29,eyuksel,1,0,0,1
4766,2025-07-29,2025,7,29,cisahin,2,0,0,2
4767,2025-07-29,2025,7,29,akamera,0,1,0,1
4768,2025-07-29,2025,7,29,abarkod,17,0,0,17
4769,2025-07-29,2025,7,29,gmasistan,6,0,2,8
4770,2025-07-29,2025,7,29,fbasak,5,0,0,5
4771,2025-07-29,2025,7,29,cer,0,1,0,1
4772,2025-07-29,2025,7,29,obali,1,0,0,1
4773,2025-07-29,2025,7,29,MMUTLU,10,3,4,17
4774,2025-07-29,2025,7,29,fimetin,14,0,0,14
4775,2025-07-29,2025,7,29,sucakir,18,0,2,20
4776,2025-07-29,2025,7,29,ggirgin,12,7,0,19
4777,2025-07-29,2025,7,29,gekim,0,68,0,68
4778,2025-07-29,2025,7,29,gayilmaz,2,0,0,2
4779,2025-07-29,2025,7,29,ogungor,3,0,0,3
4780,2025-07-29,2025,7,29,klaboratuar,2,1,0,3
4781,2025-07-29,2025,7,29,mkorucu,0,1,0,1
4782,2025-07-29,2025,7,29,aavcil,1,3,0,4
4783,2025-07-29,2025,7,29,dnoic,25,8,1,34
4784,2025-07-29,2025,7,29,ebalaban,23,0,0,23
4785,2025-07-29,2025,7,29,amasun,0,5,0,5
4786,2025-07-29,2025,7,29,SUYILMAZ,1,0,0,1
4787,2025-07-29,2025,7,29,tevirgen,10,17,0,27
4788,2025-07-30,2025,7,30,fgulsever,0,32,0,32
4789,2025-07-30,2025,7,30,BSOGUT,0,0,23,23
4790,2025-07-30,2025,7,30,hakand,5,0,0,5
4791,2025-07-30,2025,7,30,gekim,0,88,0,88
4792,2025-07-30,2025,7,30,ubasdas,1,0,0,1
4793,2025-07-30,2025,7,30,gakca,3,1,0,4
4794,2025-07-30,2025,7,30,itopcu,2,0,0,2
4795,2025-07-30,2025,7,30,udalyan,5,4,0,9
4796,2025-07-30,2025,7,30,tyilmaz,27,0,4,31
4797,2025-07-30,2025,7,30,hakdemir,5,0,0,5
4798,2025-07-30,2025,7,30,cyildiz,6,0,6,12
4799,2025-07-30,2025,7,30,aakyildiz,7,0,0,7
4800,2025-07-30,2025,7,30,egonce,9,2,0,11
4801,2025-07-30,2025,7,30,mbayirli,3,0,0,3
4802,2025-07-30,2025,7,30,hbinay,4,1,0,5
4803,2025-07-30,2025,7,30,dcolor,0,52,0,52
4804,2025-07-30,2025,7,30,ekoksal,1,0,0,1
4805,2025-07-30,2025,7,30,bfirat,95,0,0,95
4806,2025-07-30,2025,7,30,cisahin,18,0,0,18
4807,2025-07-30,2025,7,30,bbugdayci,2,0,0,2
4808,2025-07-30,2025,7,30,gbakanoglu,8,1,0,9
4809,2025-07-30,2025,7,30,cozkan,5,0,0,5
4810,2025-07-30,2025,7,30,aayhan,10,3,0,13
4811,2025-07-30,2025,7,30,fbalaban,22,0,0,22
4812,2025-07-30,2025,7,30,akamera,1,7,0,8
4813,2025-07-30,2025,7,30,abarkod,8,0,0,8
4814,2025-07-30,2025,7,30,dustasi,11,0,0,11
4815,2025-07-30,2025,7,30,ntanriverdi,5,3,0,8
4816,2025-07-30,2025,7,30,eatansay,1,0,0,1
4817,2025-07-30,2025,7,30,obali,6,4,0,10
4818,2025-07-30,2025,7,30,MMUTLU,3,0,0,3
4819,2025-07-30,2025,7,30,fimetin,28,9,0,37
4820,2025-07-30,2025,7,30,ggirgin,13,2,0,15
4821,2025-07-30,2025,7,30,sucakir,4,0,0,4
4822,2025-07-30,2025,7,30,ayyilmaz,1,0,0,1
4823,2025-07-30,2025,7,30,tevirgen,12,28,1,41
4824,2025-07-30,2025,7,30,uyigit,0,2,0,2
4825,2025-07-30,2025,7,30,klaboratuar,1,4,0,5
4826,2025-07-30,2025,7,30,oicoz,1,0,0,1
4827,2025-07-30,2025,7,30,aavcil,23,3,0,26
4828,2025-07-30,2025,7,30,ebalaban,64,0,0,64
4829,2025-07-30,2025,7,30,amasun,0,128,0,128
4830,2025-07-30,2025,7,30,bbusta,2,4,0,6
4831,2025-07-30,2025,7,30,mertan,6,18,0,24
4832,2025-07-31,2025,7,31,BSOGUT,0,1,0,1
4833,2025-07-31,2025,7,31,mguder,6,0,0,6
4834,2025-07-31,2025,7,31,fgulsever,0,15,0,15
4835,2025-07-31,2025,7,31,hakand,33,10,0,43
4836,2025-07-31,2025,7,31,cisahin,2,0,0,2
4837,2025-07-31,2025,7,31,gakca,15,6,0,21
4838,2025-07-31,2025,7,31,adogan,22,0,0,22
4839,2025-07-31,2025,7,31,gekim,0,59,0,59
4840,2025-07-31,2025,7,31,kbtlideri,1,0,0,1
4841,2025-07-31,2025,7,31,aapak,0,1,0,1
4842,2025-07-31,2025,7,31,aildeniz,1,1,0,2
4843,2025-07-31,2025,7,31,bfirat,15,0,0,15
4844,2025-07-31,2025,7,31,bunver,5,0,0,5
4845,2025-07-31,2025,7,31,stjegitim,3,0,0,3
4846,2025-07-31,2025,7,31,fcolak,4,0,0,4
4847,2025-07-31,2025,7,31,mkarsiv,6,4,0,10
4848,2025-07-31,2025,7,31,egonce,28,18,0,46
4849,2025-07-31,2025,7,31,hakdemir,9,10,0,19
4850,2025-07-31,2025,7,31,mbayirli,9,0,0,9
4851,2025-07-31,2025,7,31,neozdemir,0,3,0,3
4852,2025-07-31,2025,7,31,dcolor,0,54,0,54
4853,2025-07-31,2025,7,31,rkontrol,1,0,0,1
4854,2025-07-31,2025,7,31,amasun,2,71,0,73
4855,2025-07-31,2025,7,31,fimetin,34,0,0,34
4856,2025-07-31,2025,7,31,aavcil,4,0,0,4
4857,2025-07-31,2025,7,31,ebalaban,27,0,0,27
4858,2025-07-31,2025,7,31,akamera,0,1,0,1
4859,2025-07-31,2025,7,31,abarkod,31,0,0,31
4860,2025-07-31,2025,7,31,vgemici,1,0,0,1
4861,2025-07-31,2025,7,31,gmasistan,20,0,19,39
4862,2025-07-31,2025,7,31,fbasak,2,0,0,2
4863,2025-07-31,2025,7,31,aayhan,4,1,2,7
4864,2025-07-31,2025,7,31,obali,1,1,0,2
4865,2025-07-31,2025,7,31,MMUTLU,1,2,0,3
4866,2025-07-31,2025,7,31,sucakir,1,1,0,2
4867,2025-07-31,2025,7,31,ntanriverdi,5,1,0,6
4868,2025-07-31,2025,7,31,mertan,1,0,0,1
4869,2025-07-31,2025,7,31,ayyilmaz,2,0,0,2
4870,2025-07-31,2025,7,31,tevirgen,4,24,46,74
4871,2025-07-31,2025,7,31,gayilmaz,3,1,0,4
4872,2025-07-31,2025,7,31,ogungor,1,1,0,2
4873,2025-07-31,2025,7,31,nibolkis,1,1,0,2
4874,2025-07-31,2025,7,31,TIRMAK,0,9,0,9
4875,2025-07-31,2025,7,31,klaboratuar,0,5,0,5
4876,2025-07-31,2025,7,31,mkorucu,11,0,0,11
4877,2025-07-31,2025,7,31,ggirgin,12,3,0,15
4878,2025-08-01,2025,8,1,cisahin,5,0,0,5
4879,2025-08-01,2025,8,1,gakca,2,2,0,4
4880,2025-08-01,2025,8,1,hakand,21,73,0,94
4881,2025-08-01,2025,8,1,mguder,29,0,0,29
4882,2025-08-01,2025,8,1,tyilmaz,1,40,28,69
4883,2025-08-01,2025,8,1,hakdemir,56,3,0,59
4884,2025-08-01,2025,8,1,nkaya,1,1,0,2
4885,2025-08-01,2025,8,1,herbilgin,8,0,0,8
4886,2025-08-01,2025,8,1,dcolor,0,78,0,78
4887,2025-08-01,2025,8,1,bfirat,38,0,0,38
4888,2025-08-01,2025,8,1,amasun,1,27,0,28
4889,2025-08-01,2025,8,1,stjegitim,56,17,0,73
4890,2025-08-01,2025,8,1,ebalaban,16,0,0,16
4891,2025-08-01,2025,8,1,ggirgin,3,0,0,3
4892,2025-08-01,2025,8,1,ogungor,1,1,0,2
4893,2025-08-01,2025,8,1,aavcil,4,0,0,4
4894,2025-08-01,2025,8,1,akamera,0,12,0,12
4895,2025-08-01,2025,8,1,vgemici,2,1,0,3
4896,2025-08-01,2025,8,1,asablon,1,0,0,1
4897,2025-08-01,2025,8,1,cer,29,0,0,29
4898,2025-08-01,2025,8,1,ntanriverdi,2,0,0,2
4899,2025-08-01,2025,8,1,MMUTLU,1,0,0,1
4900,2025-08-01,2025,8,1,fimetin,18,0,0,18
4901,2025-08-01,2025,8,1,ayyilmaz,3,0,0,3
4902,2025-08-01,2025,8,1,tevirgen,12,16,15,43
4903,2025-08-01,2025,8,1,gayilmaz,6,1,0,7
4904,2025-08-01,2025,8,1,obali,0,3,0,3
4905,2025-08-02,2025,8,2,ebalaban,16,0,0,16
4906,2025-08-02,2025,8,2,eyuksel,11,2,0,13
4907,2025-08-02,2025,8,2,hakdemir,6,0,0,6
4908,2025-08-02,2025,8,2,hbinay,30,1,0,31
4909,2025-08-02,2025,8,2,dcolor,0,47,0,47
4910,2025-08-03,2025,8,3,fcolak,8,3,0,11
4911,2025-08-03,2025,8,3,mkarsiv,7,0,0,7
4912,2025-08-03,2025,8,3,ihasdemir,2,0,0,2
4913,2025-08-03,2025,8,3,dcolor,0,2,0,2
4914,2025-08-03,2025,8,3,ersener,27,0,0,27
4915,2025-08-03,2025,8,3,egonce,3,0,0,3
4916,2025-08-03,2025,8,3,fgulsever,0,13,0,13
4917,2025-08-03,2025,8,3,bbugdayci,0,1,0,1
4918,2025-08-03,2025,8,3,aapak,15,60,0,75
4919,2025-08-03,2025,8,3,gekim,0,25,0,25
4920,2025-08-03,2025,8,3,okelepe,2,2,0,4
4921,2025-08-03,2025,8,3,dnoic,1,0,0,1
4922,2025-08-03,2025,8,3,mkorucu,1,0,0,1
4923,2025-08-03,2025,8,3,aayhan,0,0,2,2
4924,2025-08-03,2025,8,3,fbasak,8,30,0,38
4925,2025-08-03,2025,8,3,abarkod,50,0,0,50
4926,2025-08-04,2025,8,4,udalyan,7,6,2,15
4927,2025-08-04,2025,8,4,fgulsever,0,34,2,36
4928,2025-08-04,2025,8,4,mguder,4,0,0,4
4929,2025-08-04,2025,8,4,zyuksel,5,0,0,5
4930,2025-08-04,2025,8,4,mguray,6,0,0,6
4931,2025-08-04,2025,8,4,tyilmaz,87,84,71,242
4932,2025-08-04,2025,8,4,bbugdayci,1,0,0,1
4933,2025-08-04,2025,8,4,sapra,4,5,0,9
4934,2025-08-04,2025,8,4,egonce,10,12,0,22
4935,2025-08-04,2025,8,4,hakdemir,9,0,0,9
4936,2025-08-04,2025,8,4,aapak,0,2,0,2
4937,2025-08-04,2025,8,4,dcolor,0,48,0,48
4938,2025-08-04,2025,8,4,ersener,19,0,0,19
4939,2025-08-04,2025,8,4,akapucu,18,0,0,18
4940,2025-08-04,2025,8,4,bfirat,8,0,0,8
4941,2025-08-04,2025,8,4,stjegitim,4,13,0,17
4942,2025-08-04,2025,8,4,gakca,6,1,0,7
4943,2025-08-04,2025,8,4,ihasdemir,4,0,0,4
4944,2025-08-04,2025,8,4,gekim,0,52,0,52
4945,2025-08-04,2025,8,4,adogan,0,4,0,4
4946,2025-08-04,2025,8,4,akamera,1,14,0,15
4947,2025-08-04,2025,8,4,abarkod,5,0,0,5
4948,2025-08-04,2025,8,4,vgemici,3,1,0,4
4949,2025-08-04,2025,8,4,MMUTLU,47,5,0,52
4950,2025-08-04,2025,8,4,ggirgin,3,0,3,6
4951,2025-08-04,2025,8,4,mertan,1,0,0,1
4952,2025-08-04,2025,8,4,ayyilmaz,1,0,0,1
4953,2025-08-04,2025,8,4,nkorkmaz,7,0,0,7
4954,2025-08-04,2025,8,4,ogungor,9,0,0,9
4955,2025-08-04,2025,8,4,okanat,2,0,0,2
4956,2025-08-04,2025,8,4,mkorucu,14,1,0,15
4957,2025-08-04,2025,8,4,aavcil,61,1,0,62
4958,2025-08-04,2025,8,4,ebalaban,21,0,0,21
4959,2025-08-04,2025,8,4,tevirgen,16,4,7,27
4960,2025-08-04,2025,8,4,amasun,0,70,0,70
4961,2025-08-05,2025,8,5,gakca,3,1,0,4
4962,2025-08-05,2025,8,5,tyilmaz,48,109,80,237
4963,2025-08-05,2025,8,5,mguray,13,0,0,13
4964,2025-08-05,2025,8,5,fgulsever,0,6,0,6
4965,2025-08-05,2025,8,5,cdonmez,0,53,0,53
4966,2025-08-05,2025,8,5,udalyan,1,3,3,7
4967,2025-08-05,2025,8,5,hakand,28,1,0,29
4968,2025-08-05,2025,8,5,aapak,0,9,0,9
4969,2025-08-05,2025,8,5,ihasdemir,16,0,32,48
4970,2025-08-05,2025,8,5,okelepe,0,14,0,14
4971,2025-08-05,2025,8,5,bbugdayci,1,0,0,1
4972,2025-08-05,2025,8,5,dcolor,0,61,0,61
4973,2025-08-05,2025,8,5,fcolak,1,0,0,1
4974,2025-08-05,2025,8,5,egonce,10,6,0,16
4975,2025-08-05,2025,8,5,hakdemir,8,0,0,8
4976,2025-08-05,2025,8,5,sapra,5,0,0,5
4977,2025-08-05,2025,8,5,eozkan,3,0,0,3
4978,2025-08-05,2025,8,5,akocak,6,3,0,9
4979,2025-08-05,2025,8,5,ekoksal,1,3,0,4
4980,2025-08-05,2025,8,5,bfirat,72,2,0,74
4981,2025-08-05,2025,8,5,bunver,1,0,0,1
4982,2025-08-05,2025,8,5,fyakut,14,0,0,14
4983,2025-08-05,2025,8,5,stjegitim,0,1,0,1
4984,2025-08-05,2025,8,5,adogan,6,0,0,6
4985,2025-08-05,2025,8,5,mguder,2,0,0,2
4986,2025-08-05,2025,8,5,amasun,0,6,0,6
4987,2025-08-05,2025,8,5,gekim,0,81,0,81
4988,2025-08-05,2025,8,5,akamera,0,1,0,1
4989,2025-08-05,2025,8,5,vgemici,2,0,0,2
4990,2025-08-05,2025,8,5,ntanriverdi,1,8,0,9
4991,2025-08-05,2025,8,5,ayetik,1,0,0,1
4992,2025-08-05,2025,8,5,gmasistan,41,15,39,95
4993,2025-08-05,2025,8,5,fbasak,4,0,0,4
4994,2025-08-05,2025,8,5,cer,1,0,0,1
4995,2025-08-05,2025,8,5,aayhan,4,6,2,12
4996,2025-08-05,2025,8,5,obali,27,4,0,31
4997,2025-08-05,2025,8,5,MMUTLU,8,0,7,15
4998,2025-08-05,2025,8,5,abarkod,4,0,0,4
4999,2025-08-05,2025,8,5,gkenarli,2,0,0,2
5000,2025-08-05,2025,8,5,alofca,12,1,0,13
5001,2025-08-05,2025,8,5,dnoic,3,0,1,4
5002,2025-08-05,2025,8,5,aavcil,14,3,0,17
5003,2025-08-05,2025,8,5,mkorucu,5,0,0,5
5004,2025-08-05,2025,8,5,ogungor,2,0,0,2
5005,2025-08-05,2025,8,5,ebalaban,12,1,0,13
5006,2025-08-05,2025,8,5,tevirgen,1,10,0,11
5007,2025-08-05,2025,8,5,mertan,1,0,0,1
5008,2025-08-05,2025,8,5,sulger,25,0,0,25
5009,2025-08-05,2025,8,5,ddtlideri,13,0,0,13
5010,2025-08-06,2025,8,6,cdonmez,0,1,0,1
5011,2025-08-06,2025,8,6,acelebi,10,6,0,16
5012,2025-08-06,2025,8,6,fgulsever,1,41,0,42
5013,2025-08-06,2025,8,6,baozturk,2,0,0,2
5014,2025-08-06,2025,8,6,zyuksel,40,0,0,40
5015,2025-08-06,2025,8,6,mguray,4,0,0,4
5016,2025-08-06,2025,8,6,tyilmaz,49,61,62,172
5017,2025-08-06,2025,8,6,bbugdayci,0,2,0,2
5018,2025-08-06,2025,8,6,cyildiz,5,1,0,6
5019,2025-08-06,2025,8,6,hakdemir,18,0,0,18
5020,2025-08-06,2025,8,6,fcolak,32,0,0,32
5021,2025-08-06,2025,8,6,sekisa,2,0,0,2
5022,2025-08-06,2025,8,6,mkarsiv,3,0,0,3
5023,2025-08-06,2025,8,6,uunver,4,5,0,9
5024,2025-08-06,2025,8,6,eozkan,1,0,0,1
5025,2025-08-06,2025,8,6,dcolor,0,79,0,79
5026,2025-08-06,2025,8,6,hbulut,0,5,0,5
5027,2025-08-06,2025,8,6,bfirat,10,1,0,11
5028,2025-08-06,2025,8,6,okelepe,1,0,0,1
5029,2025-08-06,2025,8,6,VBAYANER,0,12,0,12
5030,2025-08-06,2025,8,6,aakyildiz,2,0,0,2
5031,2025-08-06,2025,8,6,hakand,61,7,0,68
5032,2025-08-06,2025,8,6,SUYILMAZ,4,0,0,4
5033,2025-08-06,2025,8,6,dayakta,6,0,0,6
5034,2025-08-06,2025,8,6,akamera,0,11,0,11
5035,2025-08-06,2025,8,6,mecigdem,0,2,0,2
5036,2025-08-06,2025,8,6,nsonmez,2,0,0,2
5037,2025-08-06,2025,8,6,vgemici,1,0,0,1
5038,2025-08-06,2025,8,6,ntanriverdi,10,13,0,23
5039,2025-08-06,2025,8,6,asablon,17,0,0,17
5040,2025-08-06,2025,8,6,fbasak,1,0,0,1
5041,2025-08-06,2025,8,6,aayhan,7,1,2,10
5042,2025-08-06,2025,8,6,fyilanci,0,2,0,2
5043,2025-08-06,2025,8,6,mkarabiyik,0,4,0,4
5044,2025-08-06,2025,8,6,abarkod,8,0,0,8
5045,2025-08-06,2025,8,6,ggirgin,7,1,0,8
5046,2025-08-06,2025,8,6,MMUTLU,2,0,0,2
5047,2025-08-06,2025,8,6,gekim,0,42,0,42
5048,2025-08-06,2025,8,6,ebalaban,20,0,0,20
5049,2025-08-06,2025,8,6,aavcil,9,0,0,9
5050,2025-08-06,2025,8,6,gakca,2,6,0,8
5051,2025-08-06,2025,8,6,ogungor,22,0,0,22
5052,2025-08-06,2025,8,6,gayilmaz,0,1,0,1
5053,2025-08-06,2025,8,6,tevirgen,3,16,0,19
5054,2025-08-06,2025,8,6,mkorucu,9,0,0,9
5055,2025-08-07,2025,8,7,aildeniz,1,0,0,1
5056,2025-08-07,2025,8,7,BSOGUT,0,0,43,43
5057,2025-08-07,2025,8,7,cdonmez,1,5,0,6
5058,2025-08-07,2025,8,7,fgulsever,0,41,0,41
5059,2025-08-07,2025,8,7,zyuksel,1,0,0,1
5060,2025-08-07,2025,8,7,mguray,2,0,0,2
5061,2025-08-07,2025,8,7,tyilmaz,10,4,4,18
5062,2025-08-07,2025,8,7,eozkan,4,0,0,4
5063,2025-08-07,2025,8,7,fcolak,17,1,0,18
5064,2025-08-07,2025,8,7,sekisa,1,3,0,4
5065,2025-08-07,2025,8,7,hakdemir,0,6,0,6
5066,2025-08-07,2025,8,7,dcolor,0,71,0,71
5067,2025-08-07,2025,8,7,hbulut,17,0,0,17
5068,2025-08-07,2025,8,7,bfirat,22,0,0,22
5069,2025-08-07,2025,8,7,udalyan,3,3,1,7
5070,2025-08-07,2025,8,7,stjegitim,2,7,46,55
5071,2025-08-07,2025,8,7,aapak,0,14,0,14
5072,2025-08-07,2025,8,7,vgemici,1,0,0,1
5073,2025-08-07,2025,8,7,otufan,0,1,0,1
5074,2025-08-07,2025,8,7,akamera,0,7,0,7
5075,2025-08-07,2025,8,7,gakca,2,0,0,2
5076,2025-08-07,2025,8,7,gmasistan,5,0,8,13
5077,2025-08-07,2025,8,7,asablon,2,0,0,2
5078,2025-08-07,2025,8,7,fbasak,33,0,0,33
5079,2025-08-07,2025,8,7,aayhan,3,0,0,3
5080,2025-08-07,2025,8,7,MMUTLU,4,2,0,6
5081,2025-08-07,2025,8,7,abarkod,18,0,0,18
5082,2025-08-07,2025,8,7,tevirgen,1,2,0,3
5083,2025-08-07,2025,8,7,gayilmaz,1,0,0,1
5084,2025-08-07,2025,8,7,aavcil,10,0,15,25
5085,2025-08-07,2025,8,7,dnoic,9,0,0,9
5086,2025-08-07,2025,8,7,ebalaban,19,0,0,19
5087,2025-08-07,2025,8,7,amasun,0,5,0,5
5088,2025-08-07,2025,8,7,gekim,0,78,0,78
5089,2025-08-07,2025,8,7,mertan,1,30,0,31
5090,2025-08-08,2025,8,8,zyuksel,3,0,0,3
5091,2025-08-08,2025,8,8,ierdil,3,0,0,3
5092,2025-08-08,2025,8,8,mguray,3,0,0,3
5093,2025-08-08,2025,8,8,tyilmaz,1,27,0,28
5094,2025-08-08,2025,8,8,stjegitim,4,25,324,353
5095,2025-08-08,2025,8,8,mkarsiv,11,1,0,12
5096,2025-08-08,2025,8,8,akocak,0,4,0,4
5097,2025-08-08,2025,8,8,hbinay,2,0,0,2
5098,2025-08-08,2025,8,8,eozkan,9,0,0,9
5099,2025-08-08,2025,8,8,dcolor,0,80,0,80
5100,2025-08-08,2025,8,8,bfirat,7,0,0,7
5101,2025-08-08,2025,8,8,carican,5,0,0,5
5102,2025-08-08,2025,8,8,hakdemir,15,0,0,15
5103,2025-08-08,2025,8,8,hakand,8,4,0,12
5104,2025-08-08,2025,8,8,amasun,0,11,0,11
5105,2025-08-08,2025,8,8,gakca,7,1,0,8
5106,2025-08-08,2025,8,8,akamera,0,10,0,10
5107,2025-08-08,2025,8,8,udalyan,6,5,1,12
5108,2025-08-08,2025,8,8,asablon,2,0,0,2
5109,2025-08-08,2025,8,8,MMUTLU,1,0,0,1
5110,2025-08-08,2025,8,8,ggirgin,6,0,32,38
5111,2025-08-08,2025,8,8,ayyilmaz,2,0,0,2
5112,2025-08-08,2025,8,8,vgemici,5,2,0,7
5113,2025-08-08,2025,8,8,eulsever,4,2,0,6
5114,2025-08-08,2025,8,8,ogungor,3,0,0,3
5115,2025-08-08,2025,8,8,aavcil,133,10,0,143
5116,2025-08-08,2025,8,8,ebalaban,15,0,0,15
5117,2025-08-08,2025,8,8,aozbal,15,0,0,15
5118,2025-08-08,2025,8,8,tevirgen,8,6,0,14
5119,2025-08-09,2025,8,9,dcolor,0,73,0,73
5120,2025-08-09,2025,8,9,hakdemir,1,0,0,1
5121,2025-08-09,2025,8,9,ebtlideri,0,47,0,47
5122,2025-08-09,2025,8,9,asablon,1,0,0,1
5123,2025-08-09,2025,8,9,ebalaban,8,0,0,8
5124,2025-08-10,2025,8,10,aapak,5,44,0,49
5125,2025-08-10,2025,8,10,dcolor,0,2,0,2
5126,2025-08-10,2025,8,10,carican,0,2,0,2
5127,2025-08-10,2025,8,10,fgulsever,0,101,0,101
5128,2025-08-10,2025,8,10,okelepe,1,0,0,1
5129,2025-08-10,2025,8,10,fbalaban,2,0,0,2
5130,2025-08-10,2025,8,10,fcolak,2,0,0,2
5131,2025-08-10,2025,8,10,mkorucu,3,0,0,3
5132,2025-08-10,2025,8,10,aayhan,2,1,4,7
5133,2025-08-10,2025,8,10,fbasak,6,1,1,8
5134,2025-08-10,2025,8,10,tcapkin,31,0,0,31
5135,2025-08-10,2025,8,10,abarkod,63,0,0,63
5136,2025-08-10,2025,8,10,dnoic,2,0,59,61
5137,2025-08-11,2025,8,11,ebtlideri,0,24,0,24
5138,2025-08-11,2025,8,11,hakand,41,0,0,41
5139,2025-08-11,2025,8,11,cdonmez,1,0,0,1
5140,2025-08-11,2025,8,11,fgulsever,0,62,0,62
5141,2025-08-11,2025,8,11,gsapmaz,1,0,0,1
5142,2025-08-11,2025,8,11,mguray,7,0,0,7
5143,2025-08-11,2025,8,11,tyilmaz,21,6,30,57
5144,2025-08-11,2025,8,11,stjegitim,0,0,249,249
5145,2025-08-11,2025,8,11,herbilgin,20,0,0,20
5146,2025-08-11,2025,8,11,udalyan,0,1,2,3
5147,2025-08-11,2025,8,11,hakdemir,3,1,0,4
5148,2025-08-11,2025,8,11,uunver,2,0,0,2
5149,2025-08-11,2025,8,11,mbayirli,2,0,0,2
5150,2025-08-11,2025,8,11,dcolor,0,58,0,58
5151,2025-08-11,2025,8,11,hbulut,34,0,0,34
5152,2025-08-11,2025,8,11,bfirat,52,0,0,52
5153,2025-08-11,2025,8,11,bunver,4,0,0,4
5154,2025-08-11,2025,8,11,fcolak,14,4,0,18
5155,2025-08-11,2025,8,11,aapak,0,19,0,19
5156,2025-08-11,2025,8,11,ebadem,1,0,0,1
5157,2025-08-11,2025,8,11,bbusta,13,1,0,14
5158,2025-08-11,2025,8,11,SUYILMAZ,2,0,0,2
5159,2025-08-11,2025,8,11,akamera,1,5,0,6
5160,2025-08-11,2025,8,11,abarkod,2,0,0,2
5161,2025-08-11,2025,8,11,tcapkin,5,0,0,5
5162,2025-08-11,2025,8,11,asablon,2,0,0,2
5163,2025-08-11,2025,8,11,fbasak,1,0,0,1
5164,2025-08-11,2025,8,11,cer,2,3,0,5
5165,2025-08-11,2025,8,11,ogun,1,0,1,2
5166,2025-08-11,2025,8,11,ntanriverdi,5,2,0,7
5167,2025-08-11,2025,8,11,ggirgin,2,1,0,3
5168,2025-08-11,2025,8,11,tevirgen,9,4,5,18
5169,2025-08-11,2025,8,11,gayilmaz,1,0,0,1
5170,2025-08-11,2025,8,11,oicoz,3,0,0,3
5171,2025-08-11,2025,8,11,gcevik,2,0,0,2
5172,2025-08-11,2025,8,11,aavcil,13,0,0,13
5173,2025-08-11,2025,8,11,ebalaban,15,0,0,15
5174,2025-08-11,2025,8,11,MMUTLU,20,1,6,27
5175,2025-08-11,2025,8,11,aozbal,15,0,0,15
5176,2025-08-12,2025,8,12,rkontrol,1,0,0,1
5177,2025-08-12,2025,8,12,mguray,2,0,0,2
5178,2025-08-12,2025,8,12,bfirat,96,2,0,98
5179,2025-08-12,2025,8,12,zyuksel,1,0,0,1
5180,2025-08-12,2025,8,12,fgulsever,0,101,0,101
5181,2025-08-12,2025,8,12,itopcu,6,0,0,6
5182,2025-08-12,2025,8,12,mecigdem,0,6,0,6
5183,2025-08-12,2025,8,12,tyilmaz,44,76,1,121
5184,2025-08-12,2025,8,12,mguder,22,0,0,22
5185,2025-08-12,2025,8,12,cyildiz,1,0,0,1
5186,2025-08-12,2025,8,12,ekoksal,0,1,0,1
5187,2025-08-12,2025,8,12,mkarsiv,1,0,0,1
5188,2025-08-12,2025,8,12,egonce,4,2,0,6
5189,2025-08-12,2025,8,12,hakdemir,1,1,0,2
5190,2025-08-12,2025,8,12,hbinay,13,0,0,13
5191,2025-08-12,2025,8,12,tcakan,9,0,0,9
5192,2025-08-12,2025,8,12,eozkan,9,0,0,9
5193,2025-08-12,2025,8,12,dcolor,0,70,0,70
5194,2025-08-12,2025,8,12,hbulut,18,0,0,18
5195,2025-08-12,2025,8,12,ebtlideri,2,54,0,56
5196,2025-08-12,2025,8,12,aakyildiz,1,0,0,1
5197,2025-08-12,2025,8,12,udalyan,0,4,0,4
5198,2025-08-12,2025,8,12,ebalaban,11,0,0,11
5199,2025-08-12,2025,8,12,nakilli,1,1,0,2
5200,2025-08-12,2025,8,12,aapak,0,12,0,12
5201,2025-08-12,2025,8,12,abarkod,4,0,0,4
5202,2025-08-12,2025,8,12,vgemici,2,0,0,2
5203,2025-08-12,2025,8,12,tcapkin,19,1,0,20
5204,2025-08-12,2025,8,12,gmasistan,4,0,4,8
5205,2025-08-12,2025,8,12,mkarabiyik,0,1,0,1
5206,2025-08-12,2025,8,12,MMUTLU,39,1,2,42
5207,2025-08-12,2025,8,12,sucakir,1,0,0,1
5208,2025-08-12,2025,8,12,ggirgin,2,1,1,4
5209,2025-08-12,2025,8,12,mertan,22,0,0,22
5210,2025-08-12,2025,8,12,cer,3,0,0,3
5211,2025-08-12,2025,8,12,mkorucu,3,13,0,16
5212,2025-08-12,2025,8,12,aavcil,12,0,0,12
5213,2025-08-12,2025,8,12,dnoic,40,0,72,112
5214,2025-08-12,2025,8,12,aozbal,13,3,0,16
5215,2025-08-12,2025,8,12,bbusta,17,4,0,21
5216,2025-08-12,2025,8,12,cozkan,3,0,0,3
5217,2025-08-12,2025,8,12,gbakanoglu,1,0,0,1
5218,2025-08-12,2025,8,12,gakca,4,2,0,6
5219,2025-08-12,2025,8,12,oguler,0,0,3,3
5220,2025-08-12,2025,8,12,tevirgen,5,9,4,18
5221,2025-08-13,2025,8,13,itopcu,7,0,0,7
5222,2025-08-13,2025,8,13,fgulsever,0,23,0,23
5223,2025-08-13,2025,8,13,hakand,15,2,0,17
5224,2025-08-13,2025,8,13,mecigdem,0,2,0,2
5225,2025-08-13,2025,8,13,gakca,6,4,0,10
5226,2025-08-13,2025,8,13,udalyan,9,0,0,9
5227,2025-08-13,2025,8,13,aapak,0,41,0,41
5228,2025-08-13,2025,8,13,dayakta,0,1,0,1
5229,2025-08-13,2025,8,13,mguder,2,0,0,2
5230,2025-08-13,2025,8,13,ebtlideri,2,1,0,3
5231,2025-08-13,2025,8,13,zyuksel,3,0,0,3
5232,2025-08-13,2025,8,13,bfirat,25,0,0,25
5233,2025-08-13,2025,8,13,tyilmaz,15,83,2,100
5234,2025-08-13,2025,8,13,cyildiz,5,1,0,6
5235,2025-08-13,2025,8,13,fcolak,2,0,0,2
5236,2025-08-13,2025,8,13,egonce,24,10,0,34
5237,2025-08-13,2025,8,13,hakdemir,10,0,0,10
5238,2025-08-13,2025,8,13,fdeniz,41,0,0,41
5239,2025-08-13,2025,8,13,akocak,0,246,0,246
5240,2025-08-13,2025,8,13,sutetik,1,0,0,1
5241,2025-08-13,2025,8,13,ersener,0,0,1,1
5242,2025-08-13,2025,8,13,adogan,7,24,0,31
5243,2025-08-13,2025,8,13,VBAYANER,0,6,0,6
5244,2025-08-13,2025,8,13,mguray,25,4,0,29
5245,2025-08-13,2025,8,13,gbakanoglu,0,1,0,1
5246,2025-08-13,2025,8,13,dcolor,0,78,0,78
5247,2025-08-13,2025,8,13,cozkan,30,0,0,30
5248,2025-08-13,2025,8,13,SUYILMAZ,2,0,0,2
5249,2025-08-13,2025,8,13,akamera,2,9,0,11
5250,2025-08-13,2025,8,13,vgemici,2,1,0,3
5251,2025-08-13,2025,8,13,tcapkin,2,0,0,2
5252,2025-08-13,2025,8,13,ntanriverdi,83,2,0,85
5253,2025-08-13,2025,8,13,nkorkmaz,32,0,35,67
5254,2025-08-13,2025,8,13,fbasak,7,0,0,7
5255,2025-08-13,2025,8,13,cer,20,0,0,20
5256,2025-08-13,2025,8,13,ogun,1,0,10,11
5257,2025-08-13,2025,8,13,aerden,0,0,2,2
5258,2025-08-13,2025,8,13,mkarabiyik,0,2,0,2
5259,2025-08-13,2025,8,13,obali,6,1,1,8
5260,2025-08-13,2025,8,13,abarkod,2,0,0,2
5261,2025-08-13,2025,8,13,gkenarli,3,0,0,3
5262,2025-08-13,2025,8,13,ggirgin,21,4,0,25
5263,2025-08-13,2025,8,13,mertan,6,0,0,6
5264,2025-08-13,2025,8,13,ayyilmaz,4,2,0,6
5265,2025-08-13,2025,8,13,tevirgen,7,41,0,48
5266,2025-08-13,2025,8,13,gayilmaz,10,1,0,11
5267,2025-08-13,2025,8,13,mkorucu,2,12,0,14
5268,2025-08-13,2025,8,13,aavcil,14,1,0,15
5269,2025-08-13,2025,8,13,ebalaban,12,0,0,12
5270,2025-08-13,2025,8,13,aozbal,3,6,0,9
5271,2025-08-13,2025,8,13,bbusta,4,0,0,4
5272,2025-08-13,2025,8,13,MMUTLU,15,0,4,19
5273,2025-08-14,2025,8,14,baozturk,1,0,0,1
5274,2025-08-14,2025,8,14,itopcu,2,0,0,2
5275,2025-08-14,2025,8,14,fgulsever,0,77,0,77
5276,2025-08-14,2025,8,14,ebtlideri,2,0,0,2
5277,2025-08-14,2025,8,14,okelepe,1,0,0,1
5278,2025-08-14,2025,8,14,mecigdem,1,4,0,5
5279,2025-08-14,2025,8,14,zyuksel,212,0,0,212
5280,2025-08-14,2025,8,14,udalyan,6,4,0,10
5281,2025-08-14,2025,8,14,cdonmez,0,1,0,1
5282,2025-08-14,2025,8,14,mguray,2,0,0,2
5283,2025-08-14,2025,8,14,hbinay,15,0,0,15
5284,2025-08-14,2025,8,14,stjegitim,15,10,58,83
5285,2025-08-14,2025,8,14,fcolak,9,0,0,9
5286,2025-08-14,2025,8,14,egonce,16,8,0,24
5287,2025-08-14,2025,8,14,hakdemir,12,0,0,12
5288,2025-08-14,2025,8,14,eozkan,9,1,0,10
5289,2025-08-14,2025,8,14,dcolor,0,57,0,57
5290,2025-08-14,2025,8,14,sutetik,0,12,0,12
5291,2025-08-14,2025,8,14,ersener,0,0,4,4
5292,2025-08-14,2025,8,14,ydurur,0,1,1,2
5293,2025-08-14,2025,8,14,aapak,0,48,0,48
5294,2025-08-14,2025,8,14,bfirat,6,0,0,6
5295,2025-08-14,2025,8,14,tyilmaz,15,1,0,16
5296,2025-08-14,2025,8,14,oguler,28,1,0,29
5297,2025-08-14,2025,8,14,aavcil,24,2,0,26
5298,2025-08-14,2025,8,14,cozkan,5,0,0,5
5299,2025-08-14,2025,8,14,akamera,0,11,0,11
5300,2025-08-14,2025,8,14,abarkod,1,0,0,1
5301,2025-08-14,2025,8,14,vgemici,1,0,0,1
5302,2025-08-14,2025,8,14,scabuker,14,0,0,14
5303,2025-08-14,2025,8,14,ayetik,1,3,0,4
5304,2025-08-14,2025,8,14,gmasistan,26,8,6,40
5305,2025-08-14,2025,8,14,asablon,3,0,0,3
5306,2025-08-14,2025,8,14,merkan,2,0,0,2
5307,2025-08-14,2025,8,14,fbasak,4,0,0,4
5308,2025-08-14,2025,8,14,cer,0,2,0,2
5309,2025-08-14,2025,8,14,mkarabiyik,0,14,0,14
5310,2025-08-14,2025,8,14,ntanriverdi,91,21,0,112
5311,2025-08-14,2025,8,14,fimetin,5,1,0,6
5312,2025-08-14,2025,8,14,obali,16,6,0,22
5313,2025-08-14,2025,8,14,aozbal,7,3,0,10
5314,2025-08-14,2025,8,14,dnoic,17,0,1,18
5315,2025-08-14,2025,8,14,mkorucu,0,1,0,1
5316,2025-08-14,2025,8,14,ebalaban,10,0,0,10
5317,2025-08-14,2025,8,14,tevirgen,4,16,4,24
5318,2025-08-14,2025,8,14,ayyilmaz,3,0,0,3
5319,2025-08-14,2025,8,14,ggirgin,14,0,0,14
5320,2025-08-14,2025,8,14,sucakir,1,1,0,2
5321,2025-08-14,2025,8,14,gayilmaz,1,0,0,1
5322,2025-08-15,2025,8,15,tyilmaz,0,1,0,1
5323,2025-08-15,2025,8,15,mecigdem,0,2,0,2
5324,2025-08-15,2025,8,15,hakand,2,0,0,2
5325,2025-08-15,2025,8,15,mguder,5,0,0,5
5326,2025-08-15,2025,8,15,mguray,1,0,0,1
5327,2025-08-15,2025,8,15,VBAYANER,24,0,0,24
5328,2025-08-15,2025,8,15,mkarsiv,1,0,0,1
5329,2025-08-15,2025,8,15,sutetik,0,3,0,3
5330,2025-08-15,2025,8,15,hakdemir,5,1,0,6
5331,2025-08-15,2025,8,15,eozkan,3,0,0,3
5332,2025-08-15,2025,8,15,dcolor,0,74,0,74
5333,2025-08-15,2025,8,15,akapucu,0,31,0,31
5334,2025-08-15,2025,8,15,bfirat,6,0,0,6
5335,2025-08-15,2025,8,15,gakca,9,0,0,9
5336,2025-08-15,2025,8,15,egonce,1,2,0,3
5337,2025-08-15,2025,8,15,cozkan,3,0,0,3
5338,2025-08-15,2025,8,15,okorucu,0,1,0,1
5339,2025-08-15,2025,8,15,aavcil,5,1,0,6
5340,2025-08-15,2025,8,15,ebalaban,8,0,0,8
5341,2025-08-15,2025,8,15,akamera,0,17,0,17
5342,2025-08-15,2025,8,15,ntanriverdi,48,0,0,48
5343,2025-08-15,2025,8,15,gmasistan,6,1,0,7
5344,2025-08-15,2025,8,15,asablon,1,0,0,1
5345,2025-08-15,2025,8,15,obali,2,4,0,6
5346,2025-08-15,2025,8,15,vgemici,2,1,0,3
5347,2025-08-15,2025,8,15,fimetin,19,0,0,19
5348,2025-08-15,2025,8,15,ggirgin,3,0,0,3
5349,2025-08-15,2025,8,15,mertan,9,0,0,9
5350,2025-08-15,2025,8,15,ayyilmaz,1,0,0,1
5351,2025-08-15,2025,8,15,tevirgen,8,12,0,20
5352,2025-08-15,2025,8,15,eulsever,0,4,0,4
5353,2025-08-15,2025,8,15,MMUTLU,7,0,6,13
5354,2025-08-16,2025,8,16,bfirat,29,0,0,29
5355,2025-08-16,2025,8,16,dcolor,0,58,0,58
5356,2025-08-16,2025,8,16,kbtlideri,3,0,0,3
5357,2025-08-16,2025,8,16,ebalaban,16,0,0,16
5358,2025-08-16,2025,8,16,asablon,0,1,0,1
5359,2025-08-16,2025,8,16,mecigdem,0,4,0,4
5360,2025-08-17,2025,8,17,cyildiz,1,1,0,2
5361,2025-08-17,2025,8,17,dcolor,0,9,0,9
5362,2025-08-17,2025,8,17,egonce,16,2,0,18
5363,2025-08-17,2025,8,17,aakyildiz,2,0,0,2
5364,2025-08-17,2025,8,17,fgulsever,0,12,0,12
5365,2025-08-17,2025,8,17,mkorucu,1,1,0,2
5366,2025-08-17,2025,8,17,dnoic,0,0,1,1
5367,2025-08-17,2025,8,17,aayhan,30,2,13,45
5368,2025-08-17,2025,8,17,abarkod,1,0,0,1
5369,2025-08-17,2025,8,17,gekim,0,67,0,67
5370,2025-08-18,2025,8,18,dayakta,8,0,0,8
5371,2025-08-18,2025,8,18,nakilli,0,1,0,1
5372,2025-08-18,2025,8,18,udalyan,0,0,1,1
5373,2025-08-18,2025,8,18,hakand,1,0,0,1
5374,2025-08-18,2025,8,18,fgulsever,0,19,0,19
5375,2025-08-18,2025,8,18,mguray,1,0,0,1
5376,2025-08-18,2025,8,18,tyilmaz,3,0,0,3
5377,2025-08-18,2025,8,18,stjegitim,0,0,19,19
5378,2025-08-18,2025,8,18,fcolak,2,25,0,27
5379,2025-08-18,2025,8,18,egonce,9,12,0,21
5380,2025-08-18,2025,8,18,hakdemir,2,0,0,2
5381,2025-08-18,2025,8,18,bfirat,3,0,0,3
5382,2025-08-18,2025,8,18,dcolor,0,28,0,28
5383,2025-08-18,2025,8,18,ekoksal,10,0,0,10
5384,2025-08-18,2025,8,18,iunlu,12,0,0,12
5385,2025-08-18,2025,8,18,ihasdemir,319,0,0,319
5386,2025-08-18,2025,8,18,gekim,0,112,0,112
5387,2025-08-18,2025,8,18,eozkan,4,0,0,4
5388,2025-08-18,2025,8,18,ebalaban,1,0,0,1
5389,2025-08-18,2025,8,18,akamera,0,15,0,15
5390,2025-08-18,2025,8,18,abarkod,2,0,0,2
5391,2025-08-18,2025,8,18,edemirbas,0,0,4,4
5392,2025-08-18,2025,8,18,tcapkin,10,3,0,13
5393,2025-08-18,2025,8,18,aaksoy,1,0,0,1
5394,2025-08-18,2025,8,18,ogun,3,0,0,3
5395,2025-08-18,2025,8,18,aayhan,2,0,3,5
5396,2025-08-18,2025,8,18,amasun,0,13,0,13
5397,2025-08-18,2025,8,18,MMUTLU,9,11,0,20
5398,2025-08-18,2025,8,18,fimetin,28,0,0,28
5399,2025-08-18,2025,8,18,ggirgin,36,3,0,39
5400,2025-08-18,2025,8,18,sulger,7,0,0,7
5401,2025-08-18,2025,8,18,tevirgen,8,0,0,8
5402,2025-08-18,2025,8,18,TIRMAK,0,3,0,3
5403,2025-08-18,2025,8,18,aavcil,12,0,0,12
5404,2025-08-18,2025,8,18,obali,0,4,3,7
5405,2025-08-19,2025,8,19,gakca,5,2,0,7
5406,2025-08-19,2025,8,19,aapak,7,11,0,18
5407,2025-08-19,2025,8,19,udalyan,5,4,4,13
5408,2025-08-19,2025,8,19,mecigdem,0,2,0,2
5409,2025-08-19,2025,8,19,hakand,34,3,0,37
5410,2025-08-19,2025,8,19,fgulsever,0,109,0,109
5411,2025-08-19,2025,8,19,tyilmaz,10,8,0,18
5412,2025-08-19,2025,8,19,ihasdemir,300,0,0,300
5413,2025-08-19,2025,8,19,hakdemir,19,4,0,23
5414,2025-08-19,2025,8,19,mkarsiv,2,0,0,2
5415,2025-08-19,2025,8,19,egonce,5,12,0,17
5416,2025-08-19,2025,8,19,mmollaoglu,5,0,5,10
5417,2025-08-19,2025,8,19,eozkan,2,0,0,2
5418,2025-08-19,2025,8,19,akocak,0,197,0,197
5419,2025-08-19,2025,8,19,dcolor,0,81,0,81
5420,2025-08-19,2025,8,19,iunlu,12,0,0,12
5421,2025-08-19,2025,8,19,bfirat,0,2,0,2
5422,2025-08-19,2025,8,19,stjegitim,60,194,12,266
5423,2025-08-19,2025,8,19,hbulut,1,0,0,1
5424,2025-08-19,2025,8,19,gekim,0,87,0,87
5425,2025-08-19,2025,8,19,ebalaban,20,0,0,20
5426,2025-08-19,2025,8,19,amasun,1,21,0,22
5427,2025-08-19,2025,8,19,abarkod,5,0,0,5
5428,2025-08-19,2025,8,19,ayetik,1,1,0,2
5429,2025-08-19,2025,8,19,gmasistan,14,0,6,20
5430,2025-08-19,2025,8,19,cer,0,3,0,3
5431,2025-08-19,2025,8,19,ogun,1,1,1,3
5432,2025-08-19,2025,8,19,scolak,0,0,3,3
5433,2025-08-19,2025,8,19,obali,5,1,0,6
5434,2025-08-19,2025,8,19,MMUTLU,4,2,0,6
5435,2025-08-19,2025,8,19,aayhan,2,0,0,2
5436,2025-08-19,2025,8,19,ggirgin,2,3,0,5
5437,2025-08-19,2025,8,19,fimetin,9,1,0,10
5438,2025-08-19,2025,8,19,mkorucu,0,3,0,3
5439,2025-08-19,2025,8,19,nibolkis,3,0,0,3
5440,2025-08-19,2025,8,19,ogungor,2,2,0,4
5441,2025-08-19,2025,8,19,dnoic,15,0,1,16
5442,2025-08-19,2025,8,19,tevirgen,3,3,0,6
5443,2025-08-19,2025,8,19,ayyilmaz,1,0,0,1
5444,2025-08-19,2025,8,19,gayilmaz,3,2,0,5
5445,2025-08-20,2025,8,20,aildeniz,1,0,0,1
5446,2025-08-20,2025,8,20,aapak,0,6,0,6
5447,2025-08-20,2025,8,20,udalyan,6,3,0,9
5448,2025-08-20,2025,8,20,cdonmez,0,1,0,1
5449,2025-08-20,2025,8,20,fgulsever,2,64,0,66
5450,2025-08-20,2025,8,20,carican,1,0,0,1
5451,2025-08-20,2025,8,20,mguder,3,0,0,3
5452,2025-08-20,2025,8,20,rkontrol,2,2,0,4
5453,2025-08-20,2025,8,20,dayakta,9,0,0,9
5454,2025-08-20,2025,8,20,ihasdemir,44,0,0,44
5455,2025-08-20,2025,8,20,egonce,2,18,0,20
5456,2025-08-20,2025,8,20,hakdemir,7,0,0,7
5457,2025-08-20,2025,8,20,sapra,28,0,0,28
5458,2025-08-20,2025,8,20,earslanbay,0,1,0,1
5459,2025-08-20,2025,8,20,eozkan,46,1,0,47
5460,2025-08-20,2025,8,20,dcolor,0,75,0,75
5461,2025-08-20,2025,8,20,bunver,5,0,0,5
5462,2025-08-20,2025,8,20,tyilmaz,8,2,6,16
5463,2025-08-20,2025,8,20,ubasdas,10,0,0,10
5464,2025-08-20,2025,8,20,gbakanoglu,4,0,0,4
5465,2025-08-20,2025,8,20,aaksoy,2,0,0,2
5466,2025-08-20,2025,8,20,gekim,0,38,0,38
5467,2025-08-20,2025,8,20,akamera,4,7,0,11
5468,2025-08-20,2025,8,20,abarkod,10,0,0,10
5469,2025-08-20,2025,8,20,vgemici,3,7,0,10
5470,2025-08-20,2025,8,20,cer,0,1,0,1
5471,2025-08-20,2025,8,20,mkarabiyik,0,2,0,2
5472,2025-08-20,2025,8,20,obali,9,4,0,13
5473,2025-08-20,2025,8,20,ggirgin,65,2,0,67
5474,2025-08-20,2025,8,20,fimetin,1,1,0,2
5475,2025-08-20,2025,8,20,tevirgen,0,2,0,2
5476,2025-08-20,2025,8,20,gayilmaz,0,1,0,1
5477,2025-08-20,2025,8,20,ogungor,18,14,0,32
5478,2025-08-20,2025,8,20,dnoic,1,0,0,1
5479,2025-08-20,2025,8,20,ebalaban,22,0,0,22
5480,2025-08-20,2025,8,20,amasun,0,112,0,112
5481,2025-08-20,2025,8,20,cozkan,4,0,0,4
5482,2025-08-20,2025,8,20,SUYILMAZ,3,0,0,3
5483,2025-08-20,2025,8,20,ekaradavut,1,0,0,1
5484,2025-08-21,2025,8,21,kbtlideri,7,3,0,10
5485,2025-08-21,2025,8,21,ihasdemir,13,0,0,13
5486,2025-08-21,2025,8,21,tyilmaz,2,0,0,2
5487,2025-08-21,2025,8,21,zyuksel,3,0,0,3
5488,2025-08-21,2025,8,21,bunver,22,2,0,24
5489,2025-08-21,2025,8,21,fgulsever,0,2,0,2
5490,2025-08-21,2025,8,21,okelepe,12,17,0,29
5491,2025-08-21,2025,8,21,nkaya,0,1,0,1
5492,2025-08-21,2025,8,21,itopcu,2,0,0,2
5493,2025-08-21,2025,8,21,adsbayiroglu,1,0,0,1
5494,2025-08-21,2025,8,21,bfirat,2,2,0,4
5495,2025-08-21,2025,8,21,cyildiz,3,3,0,6
5496,2025-08-21,2025,8,21,egonce,9,6,0,15
5497,2025-08-21,2025,8,21,hakdemir,1,2,0,3
5498,2025-08-21,2025,8,21,hbinay,3,0,0,3
5499,2025-08-21,2025,8,21,akocak,2,0,0,2
5500,2025-08-21,2025,8,21,dcolor,36,72,0,108
5501,2025-08-21,2025,8,21,ersener,7,0,0,7
5502,2025-08-21,2025,8,21,hbulut,1,0,0,1
5503,2025-08-21,2025,8,21,hakand,1,0,0,1
5504,2025-08-21,2025,8,21,eyuksel,2,1,0,3
5505,2025-08-21,2025,8,21,mecigdem,0,2,0,2
5506,2025-08-21,2025,8,21,eozkan,3,0,0,3
5507,2025-08-21,2025,8,21,nakilli,0,22,0,22
5508,2025-08-21,2025,8,21,aapak,1,8,0,9
5509,2025-08-21,2025,8,21,abarkod,3,0,0,3
5510,2025-08-21,2025,8,21,vgemici,18,0,0,18
5511,2025-08-21,2025,8,21,gmasistan,0,16,0,16
5512,2025-08-21,2025,8,21,aaksoy,1,0,0,1
5513,2025-08-21,2025,8,21,akamera,0,4,0,4
5514,2025-08-21,2025,8,21,mkarabiyik,0,2,0,2
5515,2025-08-21,2025,8,21,obali,7,7,0,14
5516,2025-08-21,2025,8,21,MMUTLU,17,5,8,30
5517,2025-08-21,2025,8,21,fimetin,7,0,0,7
5518,2025-08-21,2025,8,21,ogun,1,0,0,1
5519,2025-08-21,2025,8,21,ekaradavut,38,1,0,39
5520,2025-08-21,2025,8,21,mertan,6,0,0,6
5521,2025-08-21,2025,8,21,tevirgen,2,5,0,7
5522,2025-08-21,2025,8,21,aavcil,3,1,0,4
5523,2025-08-21,2025,8,21,dnoic,0,11,0,11
5524,2025-08-21,2025,8,21,gakca,2,3,0,5
5525,2025-08-21,2025,8,21,ebalaban,18,0,0,18
5526,2025-08-21,2025,8,21,amasun,0,56,0,56
5527,2025-08-21,2025,8,21,cozkan,28,0,0,28
5528,2025-08-21,2025,8,21,gekim,0,43,0,43
5529,2025-08-21,2025,8,21,ggirgin,4,1,0,5
5530,2025-08-22,2025,8,22,udalyan,20,14,27,61
5531,2025-08-22,2025,8,22,hakand,1,0,0,1
5532,2025-08-22,2025,8,22,cdonmez,0,2,0,2
5533,2025-08-22,2025,8,22,kbtlideri,2,0,0,2
5534,2025-08-22,2025,8,22,dcolor,18,76,0,94
5535,2025-08-22,2025,8,22,stjegitim,0,3,10,13
5536,2025-08-22,2025,8,22,eyuksel,16,0,0,16
5537,2025-08-22,2025,8,22,hakdemir,1,0,0,1
5538,2025-08-22,2025,8,22,bfirat,3,0,0,3
5539,2025-08-22,2025,8,22,cisahin,1,0,0,1
5540,2025-08-22,2025,8,22,tyilmaz,10,0,1,11
5541,2025-08-22,2025,8,22,cozkan,1,0,0,1
5542,2025-08-22,2025,8,22,adogan,3,0,0,3
5543,2025-08-22,2025,8,22,amasun,0,29,0,29
5544,2025-08-22,2025,8,22,ebalaban,22,0,0,22
5545,2025-08-22,2025,8,22,mkorucu,0,3,0,3
5546,2025-08-22,2025,8,22,oicoz,2,0,0,2
5547,2025-08-22,2025,8,22,gayilmaz,7,0,0,7
5548,2025-08-22,2025,8,22,tevirgen,31,22,13,66
5549,2025-08-22,2025,8,22,ggirgin,122,12,0,134
5550,2025-08-22,2025,8,22,fimetin,2,0,0,2
5551,2025-08-22,2025,8,22,MMUTLU,12,0,0,12
5552,2025-08-22,2025,8,22,mkarabiyik,0,1,0,1
5553,2025-08-22,2025,8,22,akamera,0,3,0,3
5554,2025-08-22,2025,8,22,aozbal,8,2,0,10
5555,2025-08-23,2025,8,23,bfirat,39,0,0,39
5556,2025-08-23,2025,8,23,dcolor,0,56,0,56
5557,2025-08-23,2025,8,23,hbinay,8,0,0,8
5558,2025-08-23,2025,8,23,ebalaban,3,0,0,3
5559,2025-08-23,2025,8,23,mecigdem,0,2,0,2
5560,2025-08-23,2025,8,23,amasun,40,2,0,42
5561,2025-08-23,2025,8,23,hakdemir,16,0,0,16
5562,2025-08-24,2025,8,24,fgulsever,0,49,0,49
5563,2025-08-24,2025,8,24,dcolor,0,5,0,5
5564,2025-08-24,2025,8,24,ihasdemir,25,0,0,25
5565,2025-08-24,2025,8,24,aildeniz,26,0,0,26
5566,2025-08-24,2025,8,24,carican,1,0,0,1
5567,2025-08-24,2025,8,24,okelepe,0,7,0,7
5568,2025-08-24,2025,8,24,abarkod,9,0,0,9
5569,2025-08-24,2025,8,24,aapak,0,42,0,42
5570,2025-08-24,2025,8,24,gekim,0,80,0,80
5571,2025-08-24,2025,8,24,mkorucu,1,0,0,1
5572,2025-08-24,2025,8,24,ecelen,8,0,0,8
5573,2025-08-24,2025,8,24,fbasak,1,1,0,2
5574,2025-08-24,2025,8,24,BSOGUT,0,0,1,1
5575,2025-08-25,2025,8,25,gekim,0,49,0,49
5576,2025-08-25,2025,8,25,hakand,20,44,5,69
5577,2025-08-25,2025,8,25,adogan,5,0,0,5
5578,2025-08-25,2025,8,25,gakca,2,1,0,3
5579,2025-08-25,2025,8,25,aapak,6,6,0,12
5580,2025-08-25,2025,8,25,udalyan,26,4,3,33
5581,2025-08-25,2025,8,25,mecigdem,0,2,0,2
5582,2025-08-25,2025,8,25,okelepe,107,51,0,158
5583,2025-08-25,2025,8,25,gbakanoglu,10,0,0,10
5584,2025-08-25,2025,8,25,itopcu,10,0,0,10
5585,2025-08-25,2025,8,25,mguder,10,0,0,10
5586,2025-08-25,2025,8,25,tyilmaz,12,1,19,32
5587,2025-08-25,2025,8,25,egonce,6,15,0,21
5588,2025-08-25,2025,8,25,hakdemir,5,1,0,6
5589,2025-08-25,2025,8,25,eozkan,41,1,0,42
5590,2025-08-25,2025,8,25,dcolor,0,51,0,51
5591,2025-08-25,2025,8,25,cisahin,2,0,0,2
5592,2025-08-25,2025,8,25,fgulsever,12,113,0,125
5593,2025-08-25,2025,8,25,fbalaban,0,2,0,2
5594,2025-08-25,2025,8,25,eulsever,35,0,0,35
5595,2025-08-25,2025,8,25,ebalaban,8,0,0,8
5596,2025-08-25,2025,8,25,amasun,0,23,0,23
5597,2025-08-25,2025,8,25,vgemici,1,0,0,1
5598,2025-08-25,2025,8,25,ntanriverdi,18,42,0,60
5599,2025-08-25,2025,8,25,gmasistan,3,2,3,8
5600,2025-08-25,2025,8,25,bkibar,2,0,0,2
5601,2025-08-25,2025,8,25,cer,1,2,0,3
5602,2025-08-25,2025,8,25,aayhan,1,0,0,1
5603,2025-08-25,2025,8,25,obali,5,0,1,6
5604,2025-08-25,2025,8,25,fimetin,57,1,0,58
5605,2025-08-25,2025,8,25,fbasak,7,3,0,10
5606,2025-08-25,2025,8,25,ggirgin,7,0,0,7
5607,2025-08-25,2025,8,25,ayyilmaz,3,0,0,3
5608,2025-08-25,2025,8,25,tevirgen,7,0,0,7
5609,2025-08-25,2025,8,25,ogungor,1,1,0,2
5610,2025-08-25,2025,8,25,mkorucu,8,0,0,8
5611,2025-08-25,2025,8,25,dnoic,13,3,1,17
5612,2025-08-25,2025,8,25,sucakir,27,0,0,27
5613,2025-08-25,2025,8,25,akamera,0,6,0,6
5614,2025-08-26,2025,8,26,ierdil,2,0,0,2
5615,2025-08-26,2025,8,26,zyuksel,43,0,0,43
5616,2025-08-26,2025,8,26,mguder,2,0,0,2
5617,2025-08-26,2025,8,26,gsapmaz,35,0,0,35
5618,2025-08-26,2025,8,26,okelepe,49,36,1,86
5619,2025-08-26,2025,8,26,cdonmez,0,1,0,1
5620,2025-08-26,2025,8,26,mecigdem,0,2,0,2
5621,2025-08-26,2025,8,26,dakkaya,4,0,0,4
5622,2025-08-26,2025,8,26,fgulsever,3,52,0,55
5623,2025-08-26,2025,8,26,aildeniz,2,0,0,2
5624,2025-08-26,2025,8,26,bfirat,5,2,0,7
5625,2025-08-26,2025,8,26,mkarsiv,3,0,0,3
5626,2025-08-26,2025,8,26,egonce,14,4,0,18
5627,2025-08-26,2025,8,26,hakdemir,1,2,0,3
5628,2025-08-26,2025,8,26,hbinay,1,0,0,1
5629,2025-08-26,2025,8,26,mmollaoglu,0,0,2,2
5630,2025-08-26,2025,8,26,hbulut,8,0,0,8
5631,2025-08-26,2025,8,26,udalyan,0,0,2,2
5632,2025-08-26,2025,8,26,VBAYANER,67,11,0,78
5633,2025-08-26,2025,8,26,bunver,1,0,0,1
5634,2025-08-26,2025,8,26,tyilmaz,40,21,0,61
5635,2025-08-26,2025,8,26,aapak,0,94,0,94
5636,2025-08-26,2025,8,26,dcolor,0,37,0,37
5637,2025-08-26,2025,8,26,adogan,1,0,1,2
5638,2025-08-26,2025,8,26,gakca,3,1,0,4
5639,2025-08-26,2025,8,26,akamera,0,6,0,6
5640,2025-08-26,2025,8,26,abarkod,8,0,0,8
5641,2025-08-26,2025,8,26,vgemici,1,0,0,1
5642,2025-08-26,2025,8,26,ntanriverdi,4,0,0,4
5643,2025-08-26,2025,8,26,fbasak,17,0,0,17
5644,2025-08-26,2025,8,26,mkarabiyik,0,2,0,2
5645,2025-08-26,2025,8,26,sucakir,21,0,0,21
5646,2025-08-26,2025,8,26,ggirgin,1,0,9,10
5647,2025-08-26,2025,8,26,mertan,7,0,0,7
5648,2025-08-26,2025,8,26,aayhan,7,0,2,9
5649,2025-08-26,2025,8,26,eulsever,2,4,0,6
5650,2025-08-26,2025,8,26,gayilmaz,12,1,0,13
5651,2025-08-26,2025,8,26,ogungor,1,0,0,1
5652,2025-08-26,2025,8,26,klaboratuar,0,15,0,15
5653,2025-08-26,2025,8,26,mkorucu,31,0,0,31
5654,2025-08-26,2025,8,26,dnoic,2,0,0,2
5655,2025-08-26,2025,8,26,ebalaban,4,0,0,4
5656,2025-08-26,2025,8,26,amasun,8,55,0,63
5657,2025-08-26,2025,8,26,tevirgen,8,28,0,36
5658,2025-08-26,2025,8,26,gekim,0,149,0,149
5659,2025-08-27,2025,8,27,okelepe,0,1,0,1
5660,2025-08-27,2025,8,27,BSOGUT,1,0,2,3
5661,2025-08-27,2025,8,27,esaribuyuk,0,1,2,3
5662,2025-08-27,2025,8,27,aapak,0,53,0,53
5663,2025-08-27,2025,8,27,mecigdem,0,2,0,2
5664,2025-08-27,2025,8,27,udalyan,5,2,0,7
5665,2025-08-27,2025,8,27,fgulsever,2,21,0,23
5666,2025-08-27,2025,8,27,hakand,23,51,0,74
5667,2025-08-27,2025,8,27,itopcu,8,3,0,11
5668,2025-08-27,2025,8,27,bunver,2,0,0,2
5669,2025-08-27,2025,8,27,mguray,2,0,0,2
5670,2025-08-27,2025,8,27,rkontrol,2,2,0,4
5671,2025-08-27,2025,8,27,tyilmaz,2,0,10,12
5672,2025-08-27,2025,8,27,stjegitim,10,0,0,10
5673,2025-08-27,2025,8,27,eyuksel,3,0,0,3
5674,2025-08-27,2025,8,27,egonce,6,7,0,13
5675,2025-08-27,2025,8,27,hakdemir,2,0,0,2
5676,2025-08-27,2025,8,27,eozkan,2,1,0,3
5677,2025-08-27,2025,8,27,dcolor,0,48,0,48
5678,2025-08-27,2025,8,27,ubasdas,1,0,0,1
5679,2025-08-27,2025,8,27,gsapmaz,4,2,0,6
5680,2025-08-27,2025,8,27,gakca,3,0,0,3
5681,2025-08-27,2025,8,27,ebalaban,23,0,0,23
5682,2025-08-27,2025,8,27,gekim,0,103,0,103
5683,2025-08-27,2025,8,27,akamera,0,2,0,2
5684,2025-08-27,2025,8,27,abarkod,2,0,0,2
5685,2025-08-27,2025,8,27,fbasak,2,0,0,2
5686,2025-08-27,2025,8,27,cer,0,8,0,8
5687,2025-08-27,2025,8,27,adogan,2,0,0,2
5688,2025-08-27,2025,8,27,obali,5,12,1,18
5689,2025-08-27,2025,8,27,esalli,0,1,0,1
5690,2025-08-27,2025,8,27,ggirgin,20,6,6,32
5691,2025-08-27,2025,8,27,ekaradavut,16,2,0,18
5692,2025-08-27,2025,8,27,mertan,1,0,0,1
5693,2025-08-27,2025,8,27,aayhan,4,6,1,11
5694,2025-08-27,2025,8,27,eulsever,0,7,0,7
5695,2025-08-27,2025,8,27,gayilmaz,1,0,0,1
5696,2025-08-27,2025,8,27,ogungor,1,1,0,2
5697,2025-08-27,2025,8,27,okanat,3,0,0,3
5698,2025-08-27,2025,8,27,mkorucu,2,8,0,10
5699,2025-08-27,2025,8,27,amasun,0,23,0,23
5700,2025-08-27,2025,8,27,ekaragoz,9,0,0,9
5701,2025-08-27,2025,8,27,cozkan,2,0,0,2
5702,2025-08-27,2025,8,27,cisahin,17,2,0,19
5703,2025-08-27,2025,8,27,tevirgen,62,17,0,79
5704,2025-08-28,2025,8,28,ihasdemir,27,0,0,27
5705,2025-08-28,2025,8,28,tyilmaz,6,0,4,10
5706,2025-08-28,2025,8,28,otanriverdi,0,1,2,3
5707,2025-08-28,2025,8,28,mguray,6,0,0,6
5708,2025-08-28,2025,8,28,fgulsever,0,3,0,3
5709,2025-08-28,2025,8,28,mguder,2,0,0,2
5710,2025-08-28,2025,8,28,gsapmaz,3,0,0,3
5711,2025-08-28,2025,8,28,baozturk,1,0,0,1
5712,2025-08-28,2025,8,28,eyuksel,25,0,0,25
5713,2025-08-28,2025,8,28,ierdil,1,0,0,1
5714,2025-08-28,2025,8,28,mkarsiv,1,0,0,1
5715,2025-08-28,2025,8,28,gakca,6,1,0,7
5716,2025-08-28,2025,8,28,hakdemir,2,0,0,2
5717,2025-08-28,2025,8,28,uunver,12,1,0,13
5718,2025-08-28,2025,8,28,sapra,3,0,0,3
5719,2025-08-28,2025,8,28,eozkan,2,0,0,2
5720,2025-08-28,2025,8,28,neozdemir,12,0,0,12
5721,2025-08-28,2025,8,28,dcolor,0,49,0,49
5722,2025-08-28,2025,8,28,hbulut,1,0,0,1
5723,2025-08-28,2025,8,28,bfirat,160,0,0,160
5724,2025-08-28,2025,8,28,VBAYANER,134,22,0,156
5725,2025-08-28,2025,8,28,hakand,2,0,0,2
5726,2025-08-28,2025,8,28,egonce,15,12,0,27
5727,2025-08-28,2025,8,28,mecigdem,0,2,0,2
5728,2025-08-28,2025,8,28,amasun,2,3,0,5
5729,2025-08-28,2025,8,28,aapak,0,10,0,10
5730,2025-08-28,2025,8,28,abarkod,6,0,0,6
5731,2025-08-28,2025,8,28,ntanriverdi,14,0,0,14
5732,2025-08-28,2025,8,28,gmasistan,11,2,6,19
5733,2025-08-28,2025,8,28,ggirgin,26,10,0,36
5734,2025-08-28,2025,8,28,ayyilmaz,2,0,0,2
5735,2025-08-28,2025,8,28,tevirgen,1,1,0,2
5736,2025-08-28,2025,8,28,gayilmaz,10,0,0,10
5737,2025-08-28,2025,8,28,uyigit,0,100,0,100
5738,2025-08-28,2025,8,28,TIRMAK,0,2,0,2
5739,2025-08-28,2025,8,28,oicoz,6,0,0,6
5740,2025-08-28,2025,8,28,obali,2,1,0,3
5741,2025-08-28,2025,8,28,dnoic,160,25,0,185
5742,2025-08-28,2025,8,28,ebalaban,2,0,0,2
5743,2025-08-28,2025,8,28,udalyan,18,0,0,18
5744,2025-08-28,2025,8,28,ekaragoz,2,0,0,2
5745,2025-08-28,2025,8,28,cozkan,7,0,0,7
5746,2025-08-28,2025,8,28,cisahin,2,0,0,2
5747,2025-08-28,2025,8,28,gekim,0,70,0,70
5748,2025-08-28,2025,8,28,adogan,1,0,0,1
5749,2025-08-28,2025,8,28,akamera,0,1,0,1
5750,2025-08-28,2025,8,28,mkorucu,50,0,0,50
5751,2025-08-29,2025,8,29,udalyan,10,6,24,40
5752,2025-08-29,2025,8,29,mecigdem,0,3,0,3
5753,2025-08-29,2025,8,29,cdonmez,0,1,0,1
5754,2025-08-29,2025,8,29,mguder,2,0,0,2
5755,2025-08-29,2025,8,29,zyuksel,2,0,0,2
5756,2025-08-29,2025,8,29,mguray,76,0,0,76
5757,2025-08-29,2025,8,29,hbulut,0,2,0,2
5758,2025-08-29,2025,8,29,stjegitim,43,108,0,151
5759,2025-08-29,2025,8,29,hakdemir,0,1,0,1
5760,2025-08-29,2025,8,29,dcolor,0,56,0,56
5761,2025-08-29,2025,8,29,ydurur,1,0,0,1
5762,2025-08-29,2025,8,29,bfirat,0,2,0,2
5763,2025-08-29,2025,8,29,ELOFCA,4,8,0,12
5764,2025-08-29,2025,8,29,tyilmaz,0,20,8,28
5765,2025-08-29,2025,8,29,gakca,3,5,0,8
5766,2025-08-29,2025,8,29,VBAYANER,2,0,0,2
5767,2025-08-29,2025,8,29,amasun,0,15,0,15
5768,2025-08-29,2025,8,29,otufan,0,3,1,4
5769,2025-08-29,2025,8,29,akamera,0,3,0,3
5770,2025-08-29,2025,8,29,vgemici,3,1,0,4
5771,2025-08-29,2025,8,29,ntanriverdi,20,0,0,20
5772,2025-08-29,2025,8,29,bkibar,0,3,0,3
5773,2025-08-29,2025,8,29,mkarabiyik,0,3,0,3
5774,2025-08-29,2025,8,29,obali,4,2,2,8
5775,2025-08-29,2025,8,29,ggirgin,58,11,0,69
5776,2025-08-29,2025,8,29,tevirgen,35,58,13,106
5777,2025-08-29,2025,8,29,eulsever,44,0,0,44
5778,2025-08-29,2025,8,29,okanat,1,0,0,1
5779,2025-08-29,2025,8,29,oicoz,0,3,0,3
5780,2025-08-29,2025,8,29,ebalaban,114,0,0,114
5781,2025-08-29,2025,8,29,fimetin,10,0,0,10
5782,2025-08-30,2025,8,30,dcolor,0,58,0,58
5783,2025-08-30,2025,8,30,mecigdem,0,2,0,2
5784,2025-08-30,2025,8,30,asablon,1,0,0,1
5785,2025-08-30,2025,8,30,ebalaban,5,0,0,5
5786,2025-08-30,2025,8,30,udalyan,15,0,0,15
5787,2025-08-31,2025,8,31,BSOGUT,1,0,0,1
5788,2025-08-31,2025,8,31,dcolor,0,6,0,6
5789,2025-08-31,2025,8,31,sapra,1,0,0,1
5790,2025-08-31,2025,8,31,mbayirli,10,0,0,10
5791,2025-08-31,2025,8,31,egonce,6,5,0,11
5792,2025-08-31,2025,8,31,mkarsiv,2,0,0,2
5793,2025-08-31,2025,8,31,fcolak,130,69,0,199
5794,2025-08-31,2025,8,31,cyildiz,35,2,0,37
5795,2025-08-31,2025,8,31,ihasdemir,45,0,0,45
5796,2025-08-31,2025,8,31,seakin,0,0,2,2
5797,2025-08-31,2025,8,31,hakand,7,0,0,7
5798,2025-08-31,2025,8,31,okelepe,1,0,0,1
5799,2025-08-31,2025,8,31,gekim,0,132,0,132
5800,2025-08-31,2025,8,31,scabuker,3,0,3,6
5801,2025-08-31,2025,8,31,ekaragoz,1,2,0,3
5802,2025-08-31,2025,8,31,dnoic,22,5,6,33
5803,2025-08-31,2025,8,31,mkorucu,301,47,0,348
5804,2025-08-31,2025,8,31,kesmeray,20,0,0,20
5805,2025-08-31,2025,8,31,ogun,2,0,1,3
5806,2025-08-31,2025,8,31,nkorkmaz,2,0,0,2
5807,2025-08-31,2025,8,31,tcapkin,4,2,0,6
5808,2025-08-31,2025,8,31,abarkod,33,15,0,48
5809,2025-08-31,2025,8,31,aapak,0,4,0,4
5810,2025-09-01,2025,9,1,mguder,2,0,0,2
5811,2025-09-01,2025,9,1,fgulsever,0,61,0,61
5812,2025-09-01,2025,9,1,hakand,24,11,0,35
5813,2025-09-01,2025,9,1,mecigdem,0,3,0,3
5814,2025-09-01,2025,9,1,gekim,0,88,0,88
5815,2025-09-01,2025,9,1,aapak,11,6,0,17
5816,2025-09-01,2025,9,1,gakca,4,1,0,5
5817,2025-09-01,2025,9,1,adogan,0,21,0,21
5818,2025-09-01,2025,9,1,mguray,0,3,0,3
5819,2025-09-01,2025,9,1,udalyan,5,3,0,8
5820,2025-09-01,2025,9,1,tyilmaz,3,2,0,5
5821,2025-09-01,2025,9,1,egonce,3,28,0,31
5822,2025-09-01,2025,9,1,ihasdemir,67,0,0,67
5823,2025-09-01,2025,9,1,cyildiz,2,2,0,4
5824,2025-09-01,2025,9,1,VBAYANER,1,12,0,13
5825,2025-09-01,2025,9,1,mkarsiv,1,0,0,1
5826,2025-09-01,2025,9,1,hakdemir,7,2,0,9
5827,2025-09-01,2025,9,1,dcolor,0,31,0,31
5828,2025-09-01,2025,9,1,sutetik,2,0,0,2
5829,2025-09-01,2025,9,1,ersener,72,0,0,72
5830,2025-09-01,2025,9,1,hbulut,48,9,0,57
5831,2025-09-01,2025,9,1,bfirat,7,0,0,7
5832,2025-09-01,2025,9,1,eanli,2,4,0,6
5833,2025-09-01,2025,9,1,ytinmaz,22,0,0,22
5834,2025-09-01,2025,9,1,ekaragoz,1,0,1,2
5835,2025-09-01,2025,9,1,fcolak,8,0,0,8
5836,2025-09-01,2025,9,1,ebalaban,7,0,0,7
5837,2025-09-01,2025,9,1,amasun,0,23,0,23
5838,2025-09-01,2025,9,1,akamera,0,10,0,10
5839,2025-09-01,2025,9,1,abarkod,0,6,0,6
5840,2025-09-01,2025,9,1,edemirbas,0,0,4,4
5841,2025-09-01,2025,9,1,ttlideri,22,0,0,22
5842,2025-09-01,2025,9,1,vgemici,1,1,0,2
5843,2025-09-01,2025,9,1,tcapkin,3,0,0,3
5844,2025-09-01,2025,9,1,asablon,1,0,0,1
5845,2025-09-01,2025,9,1,fbasak,1,20,20,41
5846,2025-09-01,2025,9,1,cer,18,2,0,20
5847,2025-09-01,2025,9,1,aayhan,4,92,15,111
5848,2025-09-01,2025,9,1,ntanriverdi,39,3,0,42
5849,2025-09-01,2025,9,1,obali,1,0,0,1
5850,2025-09-01,2025,9,1,MMUTLU,35,1,0,36
5851,2025-09-01,2025,9,1,fimetin,24,0,0,24
5852,2025-09-01,2025,9,1,sucakir,2,0,0,2
5853,2025-09-01,2025,9,1,ggirgin,75,12,0,87
5854,2025-09-01,2025,9,1,ekaradavut,23,0,0,23
5855,2025-09-01,2025,9,1,ayyilmaz,1,0,0,1
5856,2025-09-01,2025,9,1,tevirgen,13,8,24,45
5857,2025-09-01,2025,9,1,eulsever,0,7,0,7
5858,2025-09-01,2025,9,1,ddtlideri,14,0,0,14
5859,2025-09-01,2025,9,1,fyilanci,1,0,0,1
5860,2025-09-01,2025,9,1,dnoic,32,3,0,35
5861,2025-09-02,2025,9,2,mguder,28,0,0,28
5862,2025-09-02,2025,9,2,fgulsever,0,11,0,11
5863,2025-09-02,2025,9,2,okelepe,6,0,0,6
5864,2025-09-02,2025,9,2,hakand,3,0,0,3
5865,2025-09-02,2025,9,2,gakca,5,0,0,5
5866,2025-09-02,2025,9,2,udalyan,9,6,3,18
5867,2025-09-02,2025,9,2,aapak,0,15,0,15
5868,2025-09-02,2025,9,2,ubasdas,4,0,0,4
5869,2025-09-02,2025,9,2,zyuksel,0,1,0,1
5870,2025-09-02,2025,9,2,mecigdem,6,2,0,8
5871,2025-09-02,2025,9,2,ierdil,8,0,0,8
5872,2025-09-02,2025,9,2,bunver,1,0,0,1
5873,2025-09-02,2025,9,2,tyilmaz,6,2,3,11
5874,2025-09-02,2025,9,2,stjegitim,2,0,0,2
5875,2025-09-02,2025,9,2,eyuksel,11,1,0,12
5876,2025-09-02,2025,9,2,fcolak,2,0,0,2
5877,2025-09-02,2025,9,2,mkarsiv,4,0,0,4
5878,2025-09-02,2025,9,2,hakdemir,2,0,0,2
5879,2025-09-02,2025,9,2,dcolor,0,73,0,73
5880,2025-09-02,2025,9,2,hbulut,51,0,0,51
5881,2025-09-02,2025,9,2,akapucu,19,0,0,19
5882,2025-09-02,2025,9,2,bfirat,11,1,0,12
5883,2025-09-02,2025,9,2,adogan,22,5,0,27
5884,2025-09-02,2025,9,2,kbtlideri,4,0,0,4
5885,2025-09-02,2025,9,2,gekim,0,62,0,62
5886,2025-09-02,2025,9,2,egonce,0,10,0,10
5887,2025-09-02,2025,9,2,amasun,0,13,0,13
5888,2025-09-02,2025,9,2,eanli,0,1,0,1
5889,2025-09-02,2025,9,2,akamera,0,2,0,2
5890,2025-09-02,2025,9,2,ttlideri,1,0,0,1
5891,2025-09-02,2025,9,2,ntanriverdi,35,0,0,35
5892,2025-09-02,2025,9,2,asablon,4,0,0,4
5893,2025-09-02,2025,9,2,fbasak,4,0,0,4
5894,2025-09-02,2025,9,2,aayhan,49,11,0,61
5895,2025-09-02,2025,9,2,mkarabiyik,0,3,0,3
5896,2025-09-02,2025,9,2,mkofis,0,1,0,1
5897,2025-09-02,2025,9,2,obali,0,3,0,3
5898,2025-09-02,2025,9,2,MMUTLU,20,2,7,29
5899,2025-09-02,2025,9,2,cer,1,1,0,2
5900,2025-09-02,2025,9,2,gkenarli,1,0,0,1
5901,2025-09-02,2025,9,2,ggirgin,10,2,0,12
5902,2025-09-02,2025,9,2,ayyilmaz,1,0,0,1
5903,2025-09-02,2025,9,2,tevirgen,12,29,30,71
5904,2025-09-02,2025,9,2,eulsever,0,8,0,8
5905,2025-09-02,2025,9,2,gayilmaz,1,0,0,1
5906,2025-09-02,2025,9,2,ogungor,1,0,0,1
5907,2025-09-02,2025,9,2,kkaplan,1,1,0,2
5908,2025-09-02,2025,9,2,oicoz,23,0,0,23
5909,2025-09-02,2025,9,2,dnoic,37,2,0,39
5910,2025-09-02,2025,9,2,fimetin,17,5,0,22
5911,2025-09-02,2025,9,2,ebalaban,22,0,0,22
5912,2025-09-03,2025,9,3,aildeniz,1,0,0,1
5913,2025-09-03,2025,9,3,kbtlideri,0,1,0,1
5914,2025-09-03,2025,9,3,zyuksel,3,0,0,3
5915,2025-09-03,2025,9,3,fgulsever,0,20,0,20
5916,2025-09-03,2025,9,3,gakca,10,1,0,11
5917,2025-09-03,2025,9,3,hakand,4,1,0,5
5918,2025-09-03,2025,9,3,mecigdem,0,4,0,4
5919,2025-09-03,2025,9,3,udalyan,0,0,1,1
5920,2025-09-03,2025,9,3,aapak,0,64,0,64
5921,2025-09-03,2025,9,3,rkontrol,1,0,0,1
5922,2025-09-03,2025,9,3,BSOGUT,0,1,0,1
5923,2025-09-03,2025,9,3,tyilmaz,2,1,0,3
5924,2025-09-03,2025,9,3,hbulut,3,2,0,5
5925,2025-09-03,2025,9,3,ihasdemir,60,0,0,60
5926,2025-09-03,2025,9,3,stjegitim,2,3,0,5
5927,2025-09-03,2025,9,3,eyuksel,1,1,0,2
5928,2025-09-03,2025,9,3,aakyildiz,3,0,0,3
5929,2025-09-03,2025,9,3,fcolak,18,8,0,26
5930,2025-09-03,2025,9,3,egonce,0,26,0,26
5931,2025-09-03,2025,9,3,hakdemir,6,5,0,11
5932,2025-09-03,2025,9,3,sapra,2,0,0,2
5933,2025-09-03,2025,9,3,eozkan,1,0,0,1
5934,2025-09-03,2025,9,3,dcolor,0,58,0,58
5935,2025-09-03,2025,9,3,adogan,1,2,0,3
5936,2025-09-03,2025,9,3,bfirat,4,0,0,4
5937,2025-09-03,2025,9,3,ytinmaz,4,0,0,4
5938,2025-09-03,2025,9,3,iunlu,8,0,0,8
5939,2025-09-03,2025,9,3,oicoz,4,5,0,9
5940,2025-09-03,2025,9,3,SUYILMAZ,1,0,0,1
5941,2025-09-03,2025,9,3,akamera,0,14,0,14
5942,2025-09-03,2025,9,3,abarkod,0,1,0,1
5943,2025-09-03,2025,9,3,ntanriverdi,19,0,0,19
5944,2025-09-03,2025,9,3,bkibar,1,3,0,4
5945,2025-09-03,2025,9,3,nkorkmaz,1,0,0,1
5946,2025-09-03,2025,9,3,cer,0,1,0,1
5947,2025-09-03,2025,9,3,mkarabiyik,0,3,0,3
5948,2025-09-03,2025,9,3,gekim,0,62,0,62
5949,2025-09-03,2025,9,3,obali,2,2,0,4
5950,2025-09-03,2025,9,3,MMUTLU,5,0,4,9
5951,2025-09-03,2025,9,3,ggirgin,6,1,0,7
5952,2025-09-03,2025,9,3,ekaradavut,5,0,0,5
5953,2025-09-03,2025,9,3,mkofis,2,0,0,2
5954,2025-09-03,2025,9,3,tevirgen,10,13,0,23
5955,2025-09-03,2025,9,3,mertan,5,0,0,5
5956,2025-09-03,2025,9,3,aozbal,1,0,0,1
5957,2025-09-03,2025,9,3,amasun,0,18,0,18
5958,2025-09-03,2025,9,3,ebalaban,18,0,0,18
5959,2025-09-03,2025,9,3,dnoic,76,0,58,134
5960,2025-09-03,2025,9,3,ekaragoz,0,1,0,1
5961,2025-09-03,2025,9,3,kkaplan,0,0,1,1
5962,2025-09-03,2025,9,3,ogungor,18,0,0,18
5963,2025-09-03,2025,9,3,gayilmaz,3,0,0,3
5964,2025-09-03,2025,9,3,eulsever,0,4,0,4
5965,2025-09-03,2025,9,3,mkorucu,1,0,0,1
5966,2025-09-04,2025,9,4,itopcu,9,0,0,9
5967,2025-09-04,2025,9,4,adogan,0,6,0,6
5968,2025-09-04,2025,9,4,gakca,2,0,0,2
5969,2025-09-04,2025,9,4,aapak,0,34,0,34
5970,2025-09-04,2025,9,4,udalyan,3,0,67,70
5971,2025-09-04,2025,9,4,mecigdem,4,2,0,6
5972,2025-09-04,2025,9,4,hakand,4,1,0,5
5973,2025-09-04,2025,9,4,fgulsever,0,15,0,15
5974,2025-09-04,2025,9,4,mguder,5,0,0,5
5975,2025-09-04,2025,9,4,bfirat,1,0,0,1
5976,2025-09-04,2025,9,4,stjegitim,3,1,0,4
5977,2025-09-04,2025,9,4,fcolak,1,3,0,4
5978,2025-09-04,2025,9,4,hakdemir,2,1,0,3
5979,2025-09-04,2025,9,4,msevim,0,1,0,1
5980,2025-09-04,2025,9,4,hbinay,17,0,0,17
5981,2025-09-04,2025,9,4,sapra,0,1,0,1
5982,2025-09-04,2025,9,4,dcolor,0,58,0,58
5983,2025-09-04,2025,9,4,iunlu,15,0,0,15
5984,2025-09-04,2025,9,4,tyilmaz,5,3,6,14
5985,2025-09-04,2025,9,4,gekim,0,51,0,51
5986,2025-09-04,2025,9,4,egonce,115,7,0,122
5987,2025-09-04,2025,9,4,bbusta,3,0,0,3
5988,2025-09-04,2025,9,4,akamera,1,10,0,11
5989,2025-09-04,2025,9,4,abarkod,0,4,0,4
5990,2025-09-04,2025,9,4,tcapkin,1,0,0,1
5991,2025-09-04,2025,9,4,ntanriverdi,67,3,0,70
5992,2025-09-04,2025,9,4,asablon,11,0,0,11
5993,2025-09-04,2025,9,4,ekaragoz,1,0,0,1
5994,2025-09-04,2025,9,4,fbasak,26,0,0,26
5995,2025-09-04,2025,9,4,ogun,5,0,0,5
5996,2025-09-04,2025,9,4,aayhan,9,0,2,11
5997,2025-09-04,2025,9,4,vgemici,1,0,0,1
5998,2025-09-04,2025,9,4,MMUTLU,6,0,0,6
5999,2025-09-04,2025,9,4,obali,1,0,0,1
6000,2025-09-04,2025,9,4,amasun,0,9,0,9
6001,2025-09-04,2025,9,4,dnoic,3,0,0,3
6002,2025-09-04,2025,9,4,tevirgen,3,27,16,46
6003,2025-09-04,2025,9,4,ebalaban,7,0,0,7
6004,2025-09-04,2025,9,4,mertan,4,0,0,4
6005,2025-09-04,2025,9,4,ggirgin,17,0,0,17
6006,2025-09-04,2025,9,4,fimetin,27,1,0,28
6007,2025-09-04,2025,9,4,ayyilmaz,1,0,0,1
6008,2025-09-05,2025,9,5,udalyan,20,13,0,33
6009,2025-09-05,2025,9,5,gsapmaz,1,0,0,1
6010,2025-09-05,2025,9,5,mecigdem,0,2,0,2
6011,2025-09-05,2025,9,5,hakand,1,0,0,1
6012,2025-09-05,2025,9,5,cdonmez,3,1,0,4
6013,2025-09-05,2025,9,5,itopcu,4,0,0,4
6014,2025-09-05,2025,9,5,carican,5,0,0,5
6015,2025-09-05,2025,9,5,akocak,2,343,0,345
6016,2025-09-05,2025,9,5,hakdemir,2,3,0,5
6017,2025-09-05,2025,9,5,msevim,0,2,0,2
6018,2025-09-05,2025,9,5,hbinay,8,0,0,8
6019,2025-09-05,2025,9,5,hbulut,1,2,0,3
6020,2025-09-05,2025,9,5,bfirat,18,0,0,18
6021,2025-09-05,2025,9,5,adogan,2,0,0,2
6022,2025-09-05,2025,9,5,tyilmaz,1,0,8,9
6023,2025-09-05,2025,9,5,bsakrak,8,0,0,8
6024,2025-09-05,2025,9,5,dcolor,0,47,0,47
6025,2025-09-05,2025,9,5,ebalaban,12,0,0,12
6026,2025-09-05,2025,9,5,amasun,0,4,0,4
6027,2025-09-05,2025,9,5,oyurtsever,0,53,0,53
6028,2025-09-05,2025,9,5,asablon,6,0,0,6
6029,2025-09-05,2025,9,5,mkarabiyik,6,8,0,14
6030,2025-09-05,2025,9,5,obali,0,0,3,3
6031,2025-09-05,2025,9,5,MMUTLU,2,0,0,2
6032,2025-09-05,2025,9,5,fimetin,2,2,0,4
6033,2025-09-05,2025,9,5,ntanriverdi,33,0,0,33
6034,2025-09-05,2025,9,5,ekaradavut,4,0,0,4
6035,2025-09-05,2025,9,5,ayyilmaz,1,0,0,1
6036,2025-09-05,2025,9,5,tevirgen,13,16,0,29
6037,2025-09-05,2025,9,5,eulsever,0,18,0,18
6038,2025-09-05,2025,9,5,okanat,1,0,0,1
6039,2025-09-05,2025,9,5,kkaplan,1,1,0,2
6040,2025-09-05,2025,9,5,ggirgin,59,4,1,64
6041,2025-09-06,2025,9,6,dcolor,0,33,0,33
6042,2025-09-06,2025,9,6,hakdemir,16,0,0,16
6043,2025-09-06,2025,9,6,mecigdem,1,0,0,1
6044,2025-09-06,2025,9,6,mertan,5,0,0,5
6045,2025-09-06,2025,9,6,ebalaban,7,0,0,7
6046,2025-09-07,2025,9,7,aapak,24,8,0,32
6047,2025-09-07,2025,9,7,vdemirkaya,0,10,0,10
6048,2025-09-07,2025,9,7,uunver,2,0,0,2
6049,2025-09-07,2025,9,7,egonce,4,3,0,7
6050,2025-09-07,2025,9,7,fcolak,16,0,0,16
6051,2025-09-07,2025,9,7,fgulsever,5,30,0,35
6052,2025-09-07,2025,9,7,dcolor,0,12,0,12
6053,2025-09-07,2025,9,7,gekim,0,152,0,152
6054,2025-09-07,2025,9,7,okelepe,1,0,1,2
6055,2025-09-07,2025,9,7,ekaragoz,0,6,0,6
6056,2025-09-07,2025,9,7,dnoic,7,1,63,71
6057,2025-09-07,2025,9,7,mkorucu,2,0,0,2
6058,2025-09-07,2025,9,7,uyigit,4,33,0,37
6059,2025-09-07,2025,9,7,mkofis,2,0,0,2
6060,2025-09-07,2025,9,7,aayhan,11,62,22,95
6061,2025-09-07,2025,9,7,nkorkmaz,1,0,0,1
6062,2025-09-07,2025,9,7,abarkod,0,5,0,5
6063,2025-09-07,2025,9,7,fbalaban,3,0,0,3
6064,2025-09-08,2025,9,8,aildeniz,11,0,0,11
6065,2025-09-08,2025,9,8,mguray,7,0,0,7
6066,2025-09-08,2025,9,8,zyuksel,1,0,0,1
6067,2025-09-08,2025,9,8,mguder,7,0,0,7
6068,2025-09-08,2025,9,8,hakand,2,0,0,2
6069,2025-09-08,2025,9,8,fgulsever,0,9,0,9
6070,2025-09-08,2025,9,8,okelepe,0,0,1,1
6071,2025-09-08,2025,9,8,ytinmaz,2,0,0,2
6072,2025-09-08,2025,9,8,mecigdem,0,2,0,2
6073,2025-09-08,2025,9,8,udalyan,10,11,1,22
6074,2025-09-08,2025,9,8,gsapmaz,13,0,0,13
6075,2025-09-08,2025,9,8,stjegitim,92,19,0,111
6076,2025-09-08,2025,9,8,herbilgin,16,0,0,16
6077,2025-09-08,2025,9,8,fcolak,1,0,0,1
6078,2025-09-08,2025,9,8,mkarsiv,7,1,0,8
6079,2025-09-08,2025,9,8,egonce,2,25,0,27
6080,2025-09-08,2025,9,8,hakdemir,10,1,0,11
6081,2025-09-08,2025,9,8,mbayirli,11,0,0,11
6082,2025-09-08,2025,9,8,sapra,2,0,0,2
6083,2025-09-08,2025,9,8,earslanbay,0,1,0,1
6084,2025-09-08,2025,9,8,dcolor,0,60,0,60
6085,2025-09-08,2025,9,8,ersener,11,1,0,12
6086,2025-09-08,2025,9,8,hbulut,4,1,0,5
6087,2025-09-08,2025,9,8,bfirat,3,0,0,3
6088,2025-09-08,2025,9,8,aapak,0,20,0,20
6089,2025-09-08,2025,9,8,nkaya,0,1,0,1
6090,2025-09-08,2025,9,8,nakilli,1,0,0,1
6091,2025-09-08,2025,9,8,eozkan,2,0,0,2
6092,2025-09-08,2025,9,8,ubasdas,2,0,0,2
6093,2025-09-08,2025,9,8,dayakta,7,0,0,7
6094,2025-09-08,2025,9,8,abarkod,0,4,0,4
6095,2025-09-08,2025,9,8,ntanriverdi,17,4,0,21
6096,2025-09-08,2025,9,8,bkibar,0,5,0,5
6097,2025-09-08,2025,9,8,fbasak,7,0,0,7
6098,2025-09-08,2025,9,8,ogun,32,0,0,32
6099,2025-09-08,2025,9,8,aayhan,2,0,2,4
6100,2025-09-08,2025,9,8,mkofis,4,0,0,4
6101,2025-09-08,2025,9,8,obali,9,0,1,10
6102,2025-09-08,2025,9,8,MMUTLU,24,5,0,29
6103,2025-09-08,2025,9,8,fimetin,83,0,0,83
6104,2025-09-08,2025,9,8,sucakir,12,0,0,12
6105,2025-09-08,2025,9,8,ggirgin,20,0,1,21
6106,2025-09-08,2025,9,8,akamera,0,1,0,1
6107,2025-09-08,2025,9,8,ayyilmaz,3,0,0,3
6108,2025-09-08,2025,9,8,mertan,33,3,0,36
6109,2025-09-08,2025,9,8,gekim,0,67,0,67
6110,2025-09-08,2025,9,8,gbakanoglu,4,0,0,4
6111,2025-09-08,2025,9,8,eanli,0,7,0,7
6112,2025-09-08,2025,9,8,ekaragoz,6,0,2,8
6113,2025-09-08,2025,9,8,gakca,6,1,0,7
6114,2025-09-08,2025,9,8,zkurt,2,1,0,3
6115,2025-09-08,2025,9,8,amasun,0,8,0,8
6116,2025-09-08,2025,9,8,ebalaban,26,0,0,26
6117,2025-09-08,2025,9,8,mkorucu,2,0,0,2
6118,2025-09-08,2025,9,8,ogungor,1,0,0,1
6119,2025-09-08,2025,9,8,aozbal,5,0,0,5
6120,2025-09-09,2025,9,9,tyilmaz,2,0,0,2
6121,2025-09-09,2025,9,9,rkontrol,14,3,0,17
6122,2025-09-09,2025,9,9,mguray,15,0,0,15
6123,2025-09-09,2025,9,9,zyuksel,69,3,0,72
6124,2025-09-09,2025,9,9,cdonmez,0,1,0,1
6125,2025-09-09,2025,9,9,fgulsever,0,25,0,25
6126,2025-09-09,2025,9,9,okelepe,0,0,25,25
6127,2025-09-09,2025,9,9,hakand,2,1,0,3
6128,2025-09-09,2025,9,9,udalyan,6,4,5,15
6129,2025-09-09,2025,9,9,aapak,0,20,0,20
6130,2025-09-09,2025,9,9,carican,0,1,0,1
6131,2025-09-09,2025,9,9,acelebi,2,0,0,2
6132,2025-09-09,2025,9,9,egonce,0,12,0,12
6133,2025-09-09,2025,9,9,mkarsiv,12,2,0,14
6134,2025-09-09,2025,9,9,hakdemir,1,6,0,7
6135,2025-09-09,2025,9,9,uunver,24,0,0,24
6136,2025-09-09,2025,9,9,rshazirlama,6,0,0,6
6137,2025-09-09,2025,9,9,eozkan,3,0,0,3
6138,2025-09-09,2025,9,9,neozdemir,1,0,1,2
6139,2025-09-09,2025,9,9,dcolor,10,46,0,56
6140,2025-09-09,2025,9,9,ersener,10,0,0,10
6141,2025-09-09,2025,9,9,hbulut,4,3,0,7
6142,2025-09-09,2025,9,9,ydurur,1,0,0,1
6143,2025-09-09,2025,9,9,gakca,1,1,0,2
6144,2025-09-09,2025,9,9,bfirat,42,2,0,44
6145,2025-09-09,2025,9,9,fcolak,1,3,0,4
6146,2025-09-09,2025,9,9,fyakut,2,0,0,2
6147,2025-09-09,2025,9,9,mmollaoglu,0,0,7,7
6148,2025-09-09,2025,9,9,gekim,0,65,0,65
6149,2025-09-09,2025,9,9,adogan,1,0,3,4
6150,2025-09-09,2025,9,9,akamera,4,16,0,20
6151,2025-09-09,2025,9,9,vgemici,2,4,0,6
6152,2025-09-09,2025,9,9,ntanriverdi,22,3,0,25
6153,2025-09-09,2025,9,9,gmasistan,1,0,1,2
6154,2025-09-09,2025,9,9,nkorkmaz,2,1,2,5
6155,2025-09-09,2025,9,9,mkarabiyik,0,3,0,3
6156,2025-09-09,2025,9,9,mkofis,5,0,0,5
6157,2025-09-09,2025,9,9,obali,2,0,0,2
6158,2025-09-09,2025,9,9,MMUTLU,2,1,0,3
6159,2025-09-09,2025,9,9,fimetin,40,1,0,41
6160,2025-09-09,2025,9,9,ggirgin,3,0,0,3
6161,2025-09-09,2025,9,9,abarkod,0,1,0,1
6162,2025-09-09,2025,9,9,ekaradavut,0,2,0,2
6163,2025-09-09,2025,9,9,okorucu,4,0,0,4
6164,2025-09-09,2025,9,9,gbakanoglu,6,4,0,10
6165,2025-09-09,2025,9,9,eanli,0,2,0,2
6166,2025-09-09,2025,9,9,aozbal,1,0,0,1
6167,2025-09-09,2025,9,9,amasun,0,2,0,2
6168,2025-09-09,2025,9,9,SUYILMAZ,2,0,0,2
6169,2025-09-09,2025,9,9,dnoic,27,1,0,28
6170,2025-09-09,2025,9,9,okanat,8,0,0,8
6171,2025-09-09,2025,9,9,ogungor,2,2,0,4
6172,2025-09-09,2025,9,9,tevirgen,4,10,26,40
6173,2025-09-09,2025,9,9,mertan,2,0,0,2
6174,2025-09-09,2025,9,9,ebalaban,12,0,0,12
6175,2025-09-10,2025,9,10,zyuksel,2,0,0,2
6176,2025-09-10,2025,9,10,aapak,0,1,0,1
6177,2025-09-10,2025,9,10,udalyan,4,2,3,9
6178,2025-09-10,2025,9,10,hakand,24,2,0,26
6179,2025-09-10,2025,9,10,BSOGUT,0,1,24,25
6180,2025-09-10,2025,9,10,okelepe,2,0,0,2
6181,2025-09-10,2025,9,10,cdonmez,10,0,0,10
6182,2025-09-10,2025,9,10,fgulsever,10,57,0,67
6183,2025-09-10,2025,9,10,mguder,45,0,0,45
6184,2025-09-10,2025,9,10,ihasdemir,16,0,0,16
6185,2025-09-10,2025,9,10,eozkan,2,0,0,2
6186,2025-09-10,2025,9,10,fcolak,7,0,0,7
6187,2025-09-10,2025,9,10,egonce,2,8,0,10
6188,2025-09-10,2025,9,10,hakdemir,5,0,0,5
6189,2025-09-10,2025,9,10,mmollaoglu,5,1,0,6
6190,2025-09-10,2025,9,10,dcolor,0,73,0,73
6191,2025-09-10,2025,9,10,sutetik,3,0,0,3
6192,2025-09-10,2025,9,10,hbulut,3,1,0,4
6193,2025-09-10,2025,9,10,bfirat,10,0,0,10
6194,2025-09-10,2025,9,10,bunver,1,0,0,1
6195,2025-09-10,2025,9,10,dayakta,1,0,0,1
6196,2025-09-10,2025,9,10,stjegitim,60,0,0,60
6197,2025-09-10,2025,9,10,gakca,5,1,0,6
6198,2025-09-10,2025,9,10,aozbal,4,2,0,6
6199,2025-09-10,2025,9,10,gbakanoglu,1,0,0,1
6200,2025-09-10,2025,9,10,gekim,0,82,0,82
6201,2025-09-10,2025,9,10,akamera,2,10,0,12
6202,2025-09-10,2025,9,10,tcapkin,14,0,0,14
6203,2025-09-10,2025,9,10,ntanriverdi,26,0,0,26
6204,2025-09-10,2025,9,10,asablon,2,1,0,3
6205,2025-09-10,2025,9,10,fbasak,2,0,0,2
6206,2025-09-10,2025,9,10,obali,0,0,7,7
6207,2025-09-10,2025,9,10,MMUTLU,1,2,1,4
6208,2025-09-10,2025,9,10,fimetin,152,1,0,153
6209,2025-09-10,2025,9,10,ggirgin,4,0,0,4
6210,2025-09-10,2025,9,10,mkarabiyik,0,5,0,5
6211,2025-09-10,2025,9,10,mertan,55,2,0,57
6212,2025-09-10,2025,9,10,okorucu,2,0,0,2
6213,2025-09-10,2025,9,10,zkurt,6,3,0,9
6214,2025-09-10,2025,9,10,ebalaban,8,0,0,8
6215,2025-09-10,2025,9,10,dnoic,2,0,1,3
6216,2025-09-10,2025,9,10,oicoz,1,5,0,6
6217,2025-09-10,2025,9,10,eanli,0,2,0,2
6218,2025-09-10,2025,9,10,ogungor,23,2,0,25
6219,2025-09-10,2025,9,10,eulsever,0,12,0,12
6220,2025-09-10,2025,9,10,tevirgen,3,6,0,9
6221,2025-09-10,2025,9,10,okanat,2,0,0,2
6222,2025-09-11,2025,9,11,ierdil,1,12,0,13
6223,2025-09-11,2025,9,11,gakca,8,3,0,11
6224,2025-09-11,2025,9,11,nakilli,1,0,0,1
6225,2025-09-11,2025,9,11,aapak,0,9,0,9
6226,2025-09-11,2025,9,11,udalyan,8,5,25,38
6227,2025-09-11,2025,9,11,mecigdem,9,1,0,10
6228,2025-09-11,2025,9,11,BSOGUT,0,0,2,2
6229,2025-09-11,2025,9,11,fgulsever,0,17,0,17
6230,2025-09-11,2025,9,11,mguder,15,0,0,15
6231,2025-09-11,2025,9,11,tyilmaz,7,0,0,7
6232,2025-09-11,2025,9,11,bsakrak,8,0,0,8
6233,2025-09-11,2025,9,11,fcolak,0,8,0,8
6234,2025-09-11,2025,9,11,mkarsiv,2,0,0,2
6235,2025-09-11,2025,9,11,egonce,0,9,0,9
6236,2025-09-11,2025,9,11,hakdemir,7,4,0,11
6237,2025-09-11,2025,9,11,uunver,2,0,0,2
6238,2025-09-11,2025,9,11,bfirat,42,0,0,42
6239,2025-09-11,2025,9,11,eozkan,35,1,0,36
6240,2025-09-11,2025,9,11,dcolor,0,73,0,73
6241,2025-09-11,2025,9,11,hbulut,1,0,0,1
6242,2025-09-11,2025,9,11,ihasdemir,25,0,0,25
6243,2025-09-11,2025,9,11,iunlu,26,1,0,27
6244,2025-09-11,2025,9,11,sapra,0,1,2,3
6245,2025-09-11,2025,9,11,gbakanoglu,10,0,0,10
6246,2025-09-11,2025,9,11,gekim,0,55,0,55
6247,2025-09-11,2025,9,11,akamera,2,3,0,5
6248,2025-09-11,2025,9,11,abarkod,0,12,0,12
6249,2025-09-11,2025,9,11,vgemici,1,1,0,2
6250,2025-09-11,2025,9,11,fbasak,2,1,0,3
6251,2025-09-11,2025,9,11,mkarabiyik,0,1,0,1
6252,2025-09-11,2025,9,11,MMUTLU,8,1,4,13
6253,2025-09-11,2025,9,11,fimetin,82,5,0,87
6254,2025-09-11,2025,9,11,ggirgin,107,12,0,119
6255,2025-09-11,2025,9,11,mertan,4,1,0,5
6256,2025-09-11,2025,9,11,gmasistan,3,10,2,15
6257,2025-09-11,2025,9,11,tevirgen,9,13,22,44
6258,2025-09-11,2025,9,11,ogungor,5,1,0,6
6259,2025-09-11,2025,9,11,nibolkis,6,0,0,6
6260,2025-09-11,2025,9,11,okanat,1,0,0,1
6261,2025-09-11,2025,9,11,oicoz,0,2,0,2
6262,2025-09-11,2025,9,11,dnoic,3,1,62,66
6263,2025-09-11,2025,9,11,ebalaban,21,0,0,21
6264,2025-09-11,2025,9,11,amasun,0,4,0,4
6265,2025-09-11,2025,9,11,zkurt,2,1,2,5
6266,2025-09-11,2025,9,11,ayyilmaz,1,0,0,1
6267,2025-09-12,2025,9,12,udalyan,1,1,1,3
6268,2025-09-12,2025,9,12,mecigdem,0,2,0,2
6269,2025-09-12,2025,9,12,cdonmez,2,0,0,2
6270,2025-09-12,2025,9,12,mguder,5,0,0,5
6271,2025-09-12,2025,9,12,zyuksel,2,0,0,2
6272,2025-09-12,2025,9,12,ierdil,1,12,0,13
6273,2025-09-12,2025,9,12,bfirat,34,2,0,36
6274,2025-09-12,2025,9,12,eozkan,78,0,0,78
6275,2025-09-12,2025,9,12,akocak,0,17,0,17
6276,2025-09-12,2025,9,12,dcolor,0,65,0,65
6277,2025-09-12,2025,9,12,VBAYANER,0,2,0,2
6278,2025-09-12,2025,9,12,ELOFCA,21,16,0,37
6279,2025-09-12,2025,9,12,mkarsiv,1,0,0,1
6280,2025-09-12,2025,9,12,bsakrak,2,0,0,2
6281,2025-09-12,2025,9,12,ayyilmaz,15,0,0,15
6282,2025-09-12,2025,9,12,ebalaban,10,0,0,10
6283,2025-09-12,2025,9,12,ogungor,2,0,0,2
6284,2025-09-12,2025,9,12,tevirgen,8,15,16,39
6285,2025-09-12,2025,9,12,ggirgin,9,3,0,12
6286,2025-09-12,2025,9,12,fimetin,13,6,0,19
6287,2025-09-12,2025,9,12,MMUTLU,9,0,2,11
6288,2025-09-12,2025,9,12,mkarabiyik,0,4,0,4
6289,2025-09-12,2025,9,12,ogun,3,0,0,3
6290,2025-09-12,2025,9,12,ntanriverdi,0,1,0,1
6291,2025-09-12,2025,9,12,vgemici,2,0,0,2
6292,2025-09-12,2025,9,12,ttlideri,4,0,0,4
6293,2025-09-12,2025,9,12,akamera,0,5,0,5
6294,2025-09-12,2025,9,12,amasun,0,9,0,9
6295,2025-09-13,2025,9,13,dcolor,0,65,0,65
6296,2025-09-13,2025,9,13,hbinay,3,0,0,3
6297,2025-09-13,2025,9,13,mkarsiv,1,0,0,1
6298,2025-09-13,2025,9,13,ebalaban,16,0,0,16
6299,2025-09-13,2025,9,13,ierdil,0,8,0,8
6300,2025-09-13,2025,9,13,amasun,1,0,0,1
6301,2025-09-13,2025,9,13,rkontrol,1,0,0,1
6302,2025-09-14,2025,9,14,fgulsever,0,27,0,27
6303,2025-09-14,2025,9,14,dcolor,0,8,0,8
6304,2025-09-14,2025,9,14,egonce,1,13,0,14
6305,2025-09-14,2025,9,14,mkarsiv,1,0,0,1
6306,2025-09-14,2025,9,14,fcolak,0,31,0,31
6307,2025-09-14,2025,9,14,ierdil,5,7,0,12
6308,2025-09-14,2025,9,14,esaribuyuk,0,1,0,1
6309,2025-09-14,2025,9,14,ihasdemir,6,0,0,6
6310,2025-09-14,2025,9,14,bsakrak,2,0,0,2
6311,2025-09-14,2025,9,14,ekaragoz,4,0,5,9
6312,2025-09-14,2025,9,14,uyigit,45,0,0,45
6313,2025-09-14,2025,9,14,ogun,19,0,0,19
6314,2025-09-14,2025,9,14,fbasak,7,0,0,7
6315,2025-09-14,2025,9,14,abarkod,0,7,0,7
6316,2025-09-14,2025,9,14,aapak,0,108,0,108
6317,2025-09-15,2025,9,15,mecigdem,0,1,0,1
6318,2025-09-15,2025,9,15,BSOGUT,0,1,0,1
6319,2025-09-15,2025,9,15,cdonmez,0,14,0,14
6320,2025-09-15,2025,9,15,fgulsever,1,12,0,13
6321,2025-09-15,2025,9,15,ierdil,9,10,0,19
6322,2025-09-15,2025,9,15,ytinmaz,4,0,0,4
6323,2025-09-15,2025,9,15,ihasdemir,13,0,0,13
6324,2025-09-15,2025,9,15,stjegitim,17,1,1,19
6325,2025-09-15,2025,9,15,egonce,0,20,0,20
6326,2025-09-15,2025,9,15,mkarsiv,11,2,0,13
6327,2025-09-15,2025,9,15,udalyan,3,4,2,9
6328,2025-09-15,2025,9,15,hakdemir,1,2,0,3
6329,2025-09-15,2025,9,15,uunver,0,14,0,14
6330,2025-09-15,2025,9,15,earslanbay,0,1,0,1
6331,2025-09-15,2025,9,15,eozkan,190,2,0,192
6332,2025-09-15,2025,9,15,dcolor,0,31,0,31
6333,2025-09-15,2025,9,15,hbulut,5,3,0,8
6334,2025-09-15,2025,9,15,VBAYANER,0,18,0,18
6335,2025-09-15,2025,9,15,fcolak,0,1,0,1
6336,2025-09-15,2025,9,15,aapak,18,3,0,21
6337,2025-09-15,2025,9,15,aildeniz,1,0,0,1
6338,2025-09-15,2025,9,15,adogan,19,1,16,36
6339,2025-09-15,2025,9,15,fyakut,12,0,0,12
6340,2025-09-15,2025,9,15,akamera,9,3,0,12
6341,2025-09-15,2025,9,15,abarkod,0,4,0,4
6342,2025-09-15,2025,9,15,ntanriverdi,3,0,0,3
6343,2025-09-15,2025,9,15,asablon,4,0,0,4
6344,2025-09-15,2025,9,15,cer,0,2,0,2
6345,2025-09-15,2025,9,15,mkarabiyik,0,5,0,5
6346,2025-09-15,2025,9,15,MMUTLU,9,2,0,11
6347,2025-09-15,2025,9,15,fimetin,24,0,0,24
6348,2025-09-15,2025,9,15,fbasak,2,0,0,2
6349,2025-09-15,2025,9,15,ekaradavut,1,0,0,1
6350,2025-09-15,2025,9,15,mertan,1,1,0,2
6351,2025-09-15,2025,9,15,tevirgen,21,18,0,39
6352,2025-09-15,2025,9,15,gayilmaz,17,0,0,17
6353,2025-09-15,2025,9,15,ogungor,1,0,0,1
6354,2025-09-15,2025,9,15,dnoic,7,2,5,14
6355,2025-09-15,2025,9,15,ebalaban,16,0,0,16
6356,2025-09-15,2025,9,15,ekaragoz,1,0,0,1
6357,2025-09-15,2025,9,15,ggirgin,131,8,0,139
6358,2025-09-15,2025,9,15,gekim,0,56,0,56
6359,2025-09-16,2025,9,16,zyuksel,1,0,0,1
6360,2025-09-16,2025,9,16,fgulsever,0,20,0,20
6361,2025-09-16,2025,9,16,okelepe,0,4,0,4
6362,2025-09-16,2025,9,16,hakand,2,0,0,2
6363,2025-09-16,2025,9,16,adogan,8,0,0,8
6364,2025-09-16,2025,9,16,udalyan,10,6,0,16
6365,2025-09-16,2025,9,16,aapak,0,34,0,34
6366,2025-09-16,2025,9,16,bunver,5,0,0,5
6367,2025-09-16,2025,9,16,mecigdem,0,1,0,1
6368,2025-09-16,2025,9,16,ytinmaz,2,0,0,2
6369,2025-09-16,2025,9,16,VBAYANER,0,2,0,2
6370,2025-09-16,2025,9,16,bbugdayci,1,0,0,1
6371,2025-09-16,2025,9,16,stjegitim,0,51,0,51
6372,2025-09-16,2025,9,16,mkarsiv,11,4,0,15
6373,2025-09-16,2025,9,16,egonce,0,41,0,41
6374,2025-09-16,2025,9,16,hakdemir,0,1,0,1
6375,2025-09-16,2025,9,16,hbinay,13,0,0,13
6376,2025-09-16,2025,9,16,dcolor,0,17,0,17
6377,2025-09-16,2025,9,16,hbulut,1,1,0,2
6378,2025-09-16,2025,9,16,sfirinci,11,0,0,11
6379,2025-09-16,2025,9,16,ihasdemir,16,0,0,16
6380,2025-09-16,2025,9,16,saskin,16,1,0,17
6381,2025-09-16,2025,9,16,rkontrol,1,1,0,2
6382,2025-09-16,2025,9,16,gekim,0,31,0,31
6383,2025-09-16,2025,9,16,akamera,0,2,0,2
6384,2025-09-16,2025,9,16,abarkod,0,2,0,2
6385,2025-09-16,2025,9,16,ntanriverdi,14,5,0,19
6386,2025-09-16,2025,9,16,fbasak,3,0,0,3
6387,2025-09-16,2025,9,16,aayhan,2,0,14,16
6388,2025-09-16,2025,9,16,scolak,3,0,0,3
6389,2025-09-16,2025,9,16,mkarabiyik,0,4,0,4
6390,2025-09-16,2025,9,16,obali,22,22,10,54
6391,2025-09-16,2025,9,16,MMUTLU,0,2,0,2
6392,2025-09-16,2025,9,16,fimetin,3,0,0,3
6393,2025-09-16,2025,9,16,bsakrak,1,0,0,1
6394,2025-09-16,2025,9,16,ayyilmaz,3,0,0,3
6395,2025-09-16,2025,9,16,tevirgen,24,0,0,24
6396,2025-09-16,2025,9,16,uyigit,2,0,0,2
6397,2025-09-16,2025,9,16,ogungor,1,0,0,1
6398,2025-09-16,2025,9,16,oicoz,2,0,0,2
6399,2025-09-16,2025,9,16,dnoic,10,1,0,11
6400,2025-09-16,2025,9,16,ebalaban,10,0,0,10
6401,2025-09-16,2025,9,16,amasun,0,2,0,2
6402,2025-09-16,2025,9,16,eanli,0,3,0,3
6403,2025-09-16,2025,9,16,mertan,1,0,0,1
6404,2025-09-17,2025,9,17,fgulsever,0,32,0,32
6405,2025-09-17,2025,9,17,okelepe,2,1,0,3
6406,2025-09-17,2025,9,17,hakand,14,3,0,17
6407,2025-09-17,2025,9,17,dayakta,1,0,0,1
6408,2025-09-17,2025,9,17,udalyan,10,6,53,69
6409,2025-09-17,2025,9,17,aapak,0,47,0,47
6410,2025-09-17,2025,9,17,zyuksel,2,0,0,2
6411,2025-09-17,2025,9,17,mecigdem,0,2,0,2
6412,2025-09-17,2025,9,17,ierdil,1,16,0,17
6413,2025-09-17,2025,9,17,hakdemir,6,0,0,6
6414,2025-09-17,2025,9,17,bbugdayci,1,0,0,1
6415,2025-09-17,2025,9,17,mkarsiv,6,0,0,6
6416,2025-09-17,2025,9,17,egonce,1,34,0,35
6417,2025-09-17,2025,9,17,gbalvan,1,0,0,1
6418,2025-09-17,2025,9,17,dcolor,0,54,0,54
6419,2025-09-17,2025,9,17,sutetik,1,0,0,1
6420,2025-09-17,2025,9,17,hbulut,7,0,0,7
6421,2025-09-17,2025,9,17,bunver,1,2,0,3
6422,2025-09-17,2025,9,17,sfirinci,3,0,0,3
6423,2025-09-17,2025,9,17,rkontrol,1,0,0,1
6424,2025-09-17,2025,9,17,gekim,0,24,0,24
6425,2025-09-17,2025,9,17,eanli,0,5,0,5
6426,2025-09-17,2025,9,17,cozkan,19,0,0,19
6427,2025-09-17,2025,9,17,akamera,0,5,0,5
6428,2025-09-17,2025,9,17,abarkod,0,4,0,4
6429,2025-09-17,2025,9,17,gbakanoglu,1,0,0,1
6430,2025-09-17,2025,9,17,bkibar,0,1,0,1
6431,2025-09-17,2025,9,17,cer,7,0,0,7
6432,2025-09-17,2025,9,17,aayhan,10,9,3,22
6433,2025-09-17,2025,9,17,mkarabiyik,0,1,0,1
6434,2025-09-17,2025,9,17,obali,6,21,21,48
6435,2025-09-17,2025,9,17,ggirgin,2,5,0,7
6436,2025-09-17,2025,9,17,ekaradavut,31,0,0,31
6437,2025-09-17,2025,9,17,ntanriverdi,3,0,0,3
6438,2025-09-17,2025,9,17,tevirgen,6,8,3,17
6439,2025-09-17,2025,9,17,gayilmaz,15,0,0,15
6440,2025-09-17,2025,9,17,ogungor,2,1,0,3
6441,2025-09-17,2025,9,17,okanat,1,0,0,1
6442,2025-09-17,2025,9,17,klaboratuar,0,1,0,1
6443,2025-09-17,2025,9,17,mkorucu,35,0,0,35
6444,2025-09-17,2025,9,17,ebalaban,21,0,0,21
6445,2025-09-17,2025,9,17,fbalaban,2,0,0,2
6446,2025-09-17,2025,9,17,mertan,10,32,0,42
6447,2025-09-18,2025,9,18,fgulsever,1,9,0,10
6448,2025-09-18,2025,9,18,hbulut,1,0,0,1
6449,2025-09-18,2025,9,18,mguder,3,0,0,3
6450,2025-09-18,2025,9,18,zyuksel,63,0,0,63
6451,2025-09-18,2025,9,18,pstjbmetiner,0,6,0,6
6452,2025-09-18,2025,9,18,ierdil,6,7,0,13
6453,2025-09-18,2025,9,18,rkontrol,1,0,0,1
6454,2025-09-18,2025,9,18,egonce,4,7,0,11
6455,2025-09-18,2025,9,18,stjegitim,20,0,0,20
6456,2025-09-18,2025,9,18,fcolak,3,0,0,3
6457,2025-09-18,2025,9,18,mkarsiv,1,0,0,1
6458,2025-09-18,2025,9,18,eozkan,1,1,0,2
6459,2025-09-18,2025,9,18,dcolor,0,70,0,70
6460,2025-09-18,2025,9,18,sutetik,7,0,0,7
6461,2025-09-18,2025,9,18,hakand,12,0,0,12
6462,2025-09-18,2025,9,18,ihasdemir,47,0,0,47
6463,2025-09-18,2025,9,18,udalyan,6,2,0,8
6464,2025-09-18,2025,9,18,gbakanoglu,0,0,1,1
6465,2025-09-18,2025,9,18,saskin,5,1,0,6
6466,2025-09-18,2025,9,18,aapak,0,32,0,32
6467,2025-09-18,2025,9,18,abarkod,0,30,0,30
6468,2025-09-18,2025,9,18,mkarabiyik,0,7,0,7
6469,2025-09-18,2025,9,18,MMUTLU,1,1,0,2
6470,2025-09-18,2025,9,18,ggirgin,10,0,0,10
6471,2025-09-18,2025,9,18,mertan,0,7,0,7
6472,2025-09-18,2025,9,18,ayyilmaz,2,0,0,2
6473,2025-09-18,2025,9,18,nkorkmaz,5,0,0,5
6474,2025-09-18,2025,9,18,gayilmaz,0,1,0,1
6475,2025-09-18,2025,9,18,mkorucu,1,0,0,1
6476,2025-09-18,2025,9,18,dnoic,49,3,0,52
6477,2025-09-18,2025,9,18,caozturk,7,0,0,7
6478,2025-09-18,2025,9,18,ebalaban,11,0,0,11
6479,2025-09-18,2025,9,18,scabuker,107,0,0,107
6480,2025-09-18,2025,9,18,tevirgen,7,20,0,27
6481,2025-09-18,2025,9,18,gekim,0,48,0,48
6482,2025-09-19,2025,9,19,cdonmez,8,0,0,8
6483,2025-09-19,2025,9,19,gsapmaz,4,0,0,4
6484,2025-09-19,2025,9,19,mguder,1,0,0,1
6485,2025-09-19,2025,9,19,zyuksel,1,0,0,1
6486,2025-09-19,2025,9,19,msevim,0,1,0,1
6487,2025-09-19,2025,9,19,stjegitim,20,0,0,20
6488,2025-09-19,2025,9,19,hakdemir,4,1,0,5
6489,2025-09-19,2025,9,19,dcolor,0,52,0,52
6490,2025-09-19,2025,9,19,hbulut,41,0,0,41
6491,2025-09-19,2025,9,19,hakand,2,0,0,2
6492,2025-09-19,2025,9,19,mguray,87,20,0,107
6493,2025-09-19,2025,9,19,udalyan,70,0,6,76
6494,2025-09-19,2025,9,19,pstjbmetiner,2,2,0,4
6495,2025-09-19,2025,9,19,ebalaban,59,4,0,63
6496,2025-09-19,2025,9,19,dnoic,5,1,0,6
6497,2025-09-19,2025,9,19,ogungor,5,3,0,8
6498,2025-09-19,2025,9,19,tevirgen,7,3,15,25
6499,2025-09-19,2025,9,19,mertan,5,2,0,7
6500,2025-09-19,2025,9,19,ekaradavut,2,0,0,2
6501,2025-09-19,2025,9,19,ggirgin,385,40,0,425
6502,2025-09-19,2025,9,19,obali,14,0,0,14
6503,2025-09-19,2025,9,19,mkarabiyik,0,1,0,1
6504,2025-09-19,2025,9,19,ntanriverdi,1,10,0,11
6505,2025-09-19,2025,9,19,vgemici,1,0,0,1
6506,2025-09-19,2025,9,19,akamera,0,7,0,7
6507,2025-09-19,2025,9,19,bsakrak,58,0,0,58
6508,2025-09-20,2025,9,20,dcolor,0,51,0,51
6509,2025-09-20,2025,9,20,hakdemir,5,0,0,5
6510,2025-09-20,2025,9,20,eyuksel,0,16,0,16
6511,2025-09-20,2025,9,20,klaboratuar,0,19,0,19
6512,2025-09-20,2025,9,20,ebalaban,101,69,0,170
6513,2025-09-20,2025,9,20,kcakir,3,0,0,3
6514,2025-09-20,2025,9,20,rkontrol,1,0,0,1
6515,2025-09-21,2025,9,21,okelepe,2,0,0,2
6516,2025-09-21,2025,9,21,egonce,1,11,0,12
6517,2025-09-21,2025,9,21,dcolor,0,2,0,2
6518,2025-09-21,2025,9,21,fcolak,1,0,0,1
6519,2025-09-21,2025,9,21,ierdil,2,8,0,10
6520,2025-09-21,2025,9,21,fgulsever,2,21,0,23
6521,2025-09-21,2025,9,21,aapak,0,8,0,8
6522,2025-09-21,2025,9,21,edemirbas,0,0,1,1
6523,2025-09-21,2025,9,21,dnoic,24,0,3,27
6524,2025-09-21,2025,9,21,mkorucu,9,1,0,10
6525,2025-09-21,2025,9,21,klaboratuar,0,12,0,12
6526,2025-09-21,2025,9,21,aayhan,7,10,18,35
6527,2025-09-21,2025,9,21,tcapkin,1,0,0,1
6528,2025-09-21,2025,9,21,abarkod,0,3,0,3
6529,2025-09-21,2025,9,21,gekim,0,117,0,117
6530,2025-09-22,2025,9,22,pstjbmetiner,5,0,0,5
6531,2025-09-22,2025,9,22,aapak,12,0,0,12
6532,2025-09-22,2025,9,22,udalyan,0,0,11,11
6533,2025-09-22,2025,9,22,hakand,2,0,0,2
6534,2025-09-22,2025,9,22,fgulsever,0,6,0,6
6535,2025-09-22,2025,9,22,gsapmaz,1,0,0,1
6536,2025-09-22,2025,9,22,mguder,1,0,0,1
6537,2025-09-22,2025,9,22,zyuksel,6,1,0,7
6538,2025-09-22,2025,9,22,ierdil,6,7,0,13
6539,2025-09-22,2025,9,22,gekim,0,64,0,64
6540,2025-09-22,2025,9,22,ihasdemir,30,0,0,30
6541,2025-09-22,2025,9,22,bbugdayci,0,10,0,10
6542,2025-09-22,2025,9,22,cyildiz,4,4,0,8
6543,2025-09-22,2025,9,22,egonce,1,9,0,10
6544,2025-09-22,2025,9,22,hakdemir,5,0,0,5
6545,2025-09-22,2025,9,22,uunver,1,0,0,1
6546,2025-09-22,2025,9,22,dcolor,0,46,0,46
6547,2025-09-22,2025,9,22,bfirat,4,1,0,5
6548,2025-09-22,2025,9,22,kbtlideri,2,0,0,2
6549,2025-09-22,2025,9,22,scabuker,27,63,0,90
6550,2025-09-22,2025,9,22,hbulut,40,0,0,40
6551,2025-09-22,2025,9,22,ekaragoz,3,0,0,3
6552,2025-09-22,2025,9,22,eanli,0,2,0,2
6553,2025-09-22,2025,9,22,akamera,0,5,0,5
6554,2025-09-22,2025,9,22,abarkod,0,1,0,1
6555,2025-09-22,2025,9,22,tcapkin,5,0,0,5
6556,2025-09-22,2025,9,22,ntanriverdi,6,1,0,7
6557,2025-09-22,2025,9,22,asablon,2,0,0,2
6558,2025-09-22,2025,9,22,fbasak,2,0,0,2
6559,2025-09-22,2025,9,22,cer,2,0,0,2
6560,2025-09-22,2025,9,22,mkarabiyik,0,2,0,2
6561,2025-09-22,2025,9,22,ayetik,4,4,0,8
6562,2025-09-22,2025,9,22,fimetin,22,2,0,24
6563,2025-09-22,2025,9,22,MMUTLU,17,6,1,24
6564,2025-09-22,2025,9,22,ebalaban,27,0,0,27
6565,2025-09-22,2025,9,22,ogungor,2,1,0,3
6566,2025-09-22,2025,9,22,gayilmaz,4,0,0,4
6567,2025-09-22,2025,9,22,amasun,2,25,0,27
6568,2025-09-22,2025,9,22,tevirgen,17,7,5,29
6569,2025-09-22,2025,9,22,mertan,1,0,0,1
6570,2025-09-22,2025,9,22,ggirgin,40,10,0,50
6571,2025-09-22,2025,9,22,eulsever,5,3,0,8
6572,2025-09-23,2025,9,23,fcolak,5,0,0,5
6573,2025-09-23,2025,9,23,aapak,0,19,0,19
6574,2025-09-23,2025,9,23,udalyan,1,1,1,3
6575,2025-09-23,2025,9,23,hakand,2,0,20,22
6576,2025-09-23,2025,9,23,fgulsever,0,21,0,21
6577,2025-09-23,2025,9,23,mguder,1,0,0,1
6578,2025-09-23,2025,9,23,zyuksel,1,0,0,1
6579,2025-09-23,2025,9,23,ierdil,0,7,0,7
6580,2025-09-23,2025,9,23,ihasdemir,72,0,0,72
6581,2025-09-23,2025,9,23,sekisa,18,0,0,18
6582,2025-09-23,2025,9,23,bunver,1,0,0,1
6583,2025-09-23,2025,9,23,egonce,6,41,0,47
6584,2025-09-23,2025,9,23,hakdemir,7,3,0,10
6585,2025-09-23,2025,9,23,uunver,0,1,0,1
6586,2025-09-23,2025,9,23,mmollaoglu,0,27,0,27
6587,2025-09-23,2025,9,23,eakgollu,0,3,0,3
6588,2025-09-23,2025,9,23,earslanbay,0,2,0,2
6589,2025-09-23,2025,9,23,dcolor,0,64,0,64
6590,2025-09-23,2025,9,23,hbulut,11,0,0,11
6591,2025-09-23,2025,9,23,bfirat,11,3,0,14
6592,2025-09-23,2025,9,23,mceylan,11,0,0,11
6593,2025-09-23,2025,9,23,mkarsiv,8,0,0,8
6594,2025-09-23,2025,9,23,fyakut,0,9,0,9
6595,2025-09-23,2025,9,23,ubasdas,10,0,0,10
6596,2025-09-23,2025,9,23,gekim,0,63,0,63
6597,2025-09-23,2025,9,23,sfirinci,4,1,0,5
6598,2025-09-23,2025,9,23,abarkod,0,2,0,2
6599,2025-09-23,2025,9,23,vgemici,1,0,0,1
6600,2025-09-23,2025,9,23,ntanriverdi,16,0,0,16
6601,2025-09-23,2025,9,23,gmasistan,6,0,0,6
6602,2025-09-23,2025,9,23,fbasak,0,0,2,2
6603,2025-09-23,2025,9,23,ogun,0,1,1,2
6604,2025-09-23,2025,9,23,aayhan,3,0,2,5
6605,2025-09-23,2025,9,23,mkarabiyik,0,3,0,3
6606,2025-09-23,2025,9,23,obali,7,0,0,7
6607,2025-09-23,2025,9,23,MMUTLU,8,0,0,8
6608,2025-09-23,2025,9,23,akamera,0,1,0,1
6609,2025-09-23,2025,9,23,ggirgin,21,3,0,24
6610,2025-09-23,2025,9,23,mertan,1,35,0,36
6611,2025-09-23,2025,9,23,ayyilmaz,6,3,0,9
6612,2025-09-23,2025,9,23,tevirgen,1,1,3,5
6613,2025-09-23,2025,9,23,gayilmaz,22,0,0,22
6614,2025-09-23,2025,9,23,kkaplan,9,0,0,9
6615,2025-09-23,2025,9,23,mkorucu,2,0,0,2
6616,2025-09-23,2025,9,23,dnoic,35,0,4,39
6617,2025-09-23,2025,9,23,ebalaban,19,3,0,22
6618,2025-09-23,2025,9,23,amasun,0,1,0,1
6619,2025-09-23,2025,9,23,fimetin,75,0,0,75
6620,2025-09-24,2025,9,24,ierdil,2,5,0,7
6621,2025-09-24,2025,9,24,mguder,5,0,0,5
6622,2025-09-24,2025,9,24,itopcu,4,0,0,4
6623,2025-09-24,2025,9,24,fgulsever,0,24,0,24
6624,2025-09-24,2025,9,24,fyakut,12,0,0,12
6625,2025-09-24,2025,9,24,hakand,12,0,0,12
6626,2025-09-24,2025,9,24,udalyan,3,0,99,102
6627,2025-09-24,2025,9,24,aapak,0,36,0,36
6628,2025-09-24,2025,9,24,stjegitim,0,0,88,88
6629,2025-09-24,2025,9,24,cdonmez,0,1,0,1
6630,2025-09-24,2025,9,24,aakyildiz,2,0,0,2
6631,2025-09-24,2025,9,24,hakdemir,19,3,0,22
6632,2025-09-24,2025,9,24,sekisa,11,0,0,11
6633,2025-09-24,2025,9,24,mkarsiv,2,0,0,2
6634,2025-09-24,2025,9,24,egonce,2,61,0,63
6635,2025-09-24,2025,9,24,mbayirli,1,0,0,1
6636,2025-09-24,2025,9,24,eakgollu,0,2,0,2
6637,2025-09-24,2025,9,24,eozkan,0,2,0,2
6638,2025-09-24,2025,9,24,dcolor,8,85,0,93
6639,2025-09-24,2025,9,24,bfirat,7,0,0,7
6640,2025-09-24,2025,9,24,VBAYANER,2,12,0,14
6641,2025-09-24,2025,9,24,sfirinci,8,0,0,8
6642,2025-09-24,2025,9,24,fcolak,27,0,0,27
6643,2025-09-24,2025,9,24,gekim,0,70,0,70
6644,2025-09-24,2025,9,24,tcapkin,2,0,0,2
6645,2025-09-24,2025,9,24,eanli,0,2,0,2
6646,2025-09-24,2025,9,24,gbakanoglu,1,0,0,1
6647,2025-09-24,2025,9,24,abarkod,0,3,0,3
6648,2025-09-24,2025,9,24,edemirbas,2,0,0,2
6649,2025-09-24,2025,9,24,ntanriverdi,2,2,0,4
6650,2025-09-24,2025,9,24,fbasak,2,1,0,3
6651,2025-09-24,2025,9,24,cer,0,1,0,1
6652,2025-09-24,2025,9,24,ogun,1,0,1,2
6653,2025-09-24,2025,9,24,obali,6,11,11,28
6654,2025-09-24,2025,9,24,MMUTLU,9,4,0,13
6655,2025-09-24,2025,9,24,fimetin,5,1,0,6
6656,2025-09-24,2025,9,24,ggirgin,10,4,6,20
6657,2025-09-24,2025,9,24,aaksoy,1,0,0,1
6658,2025-09-24,2025,9,24,mertan,1,0,0,1
6659,2025-09-24,2025,9,24,amasun,0,47,0,47
6660,2025-09-24,2025,9,24,sulger,4,0,0,4
6661,2025-09-24,2025,9,24,caozturk,16,0,0,16
6662,2025-09-24,2025,9,24,mkorucu,1,0,0,1
6663,2025-09-24,2025,9,24,okanat,1,0,0,1
6664,2025-09-24,2025,9,24,ebalaban,22,0,0,22
6665,2025-09-24,2025,9,24,ogungor,2,4,0,6
6666,2025-09-24,2025,9,24,gayilmaz,7,4,0,11
6667,2025-09-24,2025,9,24,tevirgen,4,2,0,6
6668,2025-09-24,2025,9,24,nibolkis,11,0,0,11
6669,2025-09-25,2025,9,25,fcolak,1,0,0,1
6670,2025-09-25,2025,9,25,kdeda,1,0,0,1
6671,2025-09-25,2025,9,25,aapak,0,22,0,22
6672,2025-09-25,2025,9,25,udalyan,4,0,1,5
6673,2025-09-25,2025,9,25,hakand,2,0,0,2
6674,2025-09-25,2025,9,25,fgulsever,0,63,0,63
6675,2025-09-25,2025,9,25,mguder,1,0,0,1
6676,2025-09-25,2025,9,25,ierdil,3,7,0,10
6677,2025-09-25,2025,9,25,aildeniz,0,3,0,3
6678,2025-09-25,2025,9,25,ihasdemir,65,0,0,65
6679,2025-09-25,2025,9,25,sekisa,1,0,0,1
6680,2025-09-25,2025,9,25,VBAYANER,3,0,0,3
6681,2025-09-25,2025,9,25,egonce,8,6,0,14
6682,2025-09-25,2025,9,25,herbilgin,2,0,0,2
6683,2025-09-25,2025,9,25,hakdemir,3,0,0,3
6684,2025-09-25,2025,9,25,eozkan,12,0,0,12
6685,2025-09-25,2025,9,25,neozdemir,0,1,0,1
6686,2025-09-25,2025,9,25,akocak,0,139,0,139
6687,2025-09-25,2025,9,25,dcolor,0,35,0,35
6688,2025-09-25,2025,9,25,sutetik,1,0,0,1
6689,2025-09-25,2025,9,25,hbulut,4,0,0,4
6690,2025-09-25,2025,9,25,bfirat,0,3,0,3
6691,2025-09-25,2025,9,25,daktas,24,9,0,33
6692,2025-09-25,2025,9,25,mkarsiv,1,0,0,1
6693,2025-09-25,2025,9,25,gekim,0,60,0,60
6694,2025-09-25,2025,9,25,ucelebi,0,0,10,10
6695,2025-09-25,2025,9,25,SUYILMAZ,2,0,0,2
6696,2025-09-25,2025,9,25,akamera,0,4,0,4
6697,2025-09-25,2025,9,25,abarkod,0,7,0,7
6698,2025-09-25,2025,9,25,tcapkin,12,0,0,12
6699,2025-09-25,2025,9,25,gmasistan,3,0,10,13
6700,2025-09-25,2025,9,25,bkibar,0,2,0,2
6701,2025-09-25,2025,9,25,ogun,1,1,1,3
6702,2025-09-25,2025,9,25,aayhan,7,16,0,23
6703,2025-09-25,2025,9,25,mkarabiyik,0,2,1,3
6704,2025-09-25,2025,9,25,obali,1,7,0,8
6705,2025-09-25,2025,9,25,MMUTLU,0,1,0,1
6706,2025-09-25,2025,9,25,fimetin,6,0,0,6
6707,2025-09-25,2025,9,25,ntanriverdi,12,0,0,12
6708,2025-09-25,2025,9,25,sulger,0,2,0,2
6709,2025-09-25,2025,9,25,ggirgin,14,0,0,14
6710,2025-09-25,2025,9,25,fbalaban,24,0,0,24
6711,2025-09-25,2025,9,25,amasun,3,12,0,15
6712,2025-09-25,2025,9,25,dnoic,12,0,10,22
6713,2025-09-25,2025,9,25,kkaplan,1,1,0,2
6714,2025-09-25,2025,9,25,ebalaban,31,0,0,31
6715,2025-09-25,2025,9,25,eulsever,3,0,0,3
6716,2025-09-25,2025,9,25,cisahin,15,0,0,15
6717,2025-09-25,2025,9,25,tevirgen,5,4,7,16
6718,2025-09-25,2025,9,25,ayyilmaz,6,0,0,6
6719,2025-09-25,2025,9,25,gayilmaz,1,0,0,1
6720,2025-09-26,2025,9,26,amasun,0,23,0,23
6721,2025-09-26,2025,9,26,pstjbmetiner,0,6,0,6
6722,2025-09-26,2025,9,26,fbalaban,1,0,0,1
6723,2025-09-26,2025,9,26,adogan,0,4,2,6
6724,2025-09-26,2025,9,26,gakca,8,0,0,8
6725,2025-09-26,2025,9,26,udalyan,2,0,1,3
6726,2025-09-26,2025,9,26,hakand,3,0,0,3
6727,2025-09-26,2025,9,26,ierdil,3,9,0,12
6728,2025-09-26,2025,9,26,ekoksal,1,0,0,1
6729,2025-09-26,2025,9,26,mkarsiv,2,0,0,2
6730,2025-09-26,2025,9,26,hakdemir,0,1,0,1
6731,2025-09-26,2025,9,26,eozkan,1,2,0,3
6732,2025-09-26,2025,9,26,dcolor,0,55,0,55
6733,2025-09-26,2025,9,26,hbulut,2,0,0,2
6734,2025-09-26,2025,9,26,bfirat,28,0,0,28
6735,2025-09-26,2025,9,26,ebalaban,38,0,0,38
6736,2025-09-26,2025,9,26,stjegitim,0,0,1,1
6737,2025-09-26,2025,9,26,kcakir,16,0,0,16
6738,2025-09-26,2025,9,26,mertan,0,1,0,1
6739,2025-09-26,2025,9,26,gayilmaz,2,0,0,2
6740,2025-09-26,2025,9,26,akamera,0,2,0,2
6741,2025-09-26,2025,9,26,ogungor,2,2,0,4
6742,2025-09-26,2025,9,26,vgemici,1,0,0,1
6743,2025-09-26,2025,9,26,ntanriverdi,15,6,0,21
6744,2025-09-26,2025,9,26,aaksoy,1,0,0,1
6745,2025-09-26,2025,9,26,mkarabiyik,0,0,2,2
6746,2025-09-26,2025,9,26,obali,8,2,0,10
6747,2025-09-26,2025,9,26,MMUTLU,39,9,48,96
6748,2025-09-26,2025,9,26,ttlideri,0,6,0,6
6749,2025-09-26,2025,9,26,sucakir,1,0,0,1
6750,2025-09-26,2025,9,26,ggirgin,249,32,0,281
6751,2025-09-26,2025,9,26,ekaradavut,18,0,0,18
6752,2025-09-26,2025,9,26,ayyilmaz,2,0,0,2
6753,2025-09-26,2025,9,26,tevirgen,7,15,0,22
6754,2025-09-26,2025,9,26,eulsever,0,6,0,6
6755,2025-09-26,2025,9,26,fimetin,4,0,0,4
6756,2025-09-27,2025,9,27,dcolor,0,49,0,49
6757,2025-09-27,2025,9,27,hakdemir,0,3,0,3
6758,2025-09-27,2025,9,27,mkarsiv,3,0,0,3
6759,2025-09-27,2025,9,27,ebalaban,18,0,0,18
6760,2025-09-27,2025,9,27,asablon,18,0,0,18
6761,2025-09-27,2025,9,27,ierdil,0,8,0,8
6762,2025-09-28,2025,9,28,okelepe,1,0,0,1
6763,2025-09-28,2025,9,28,sapra,2,0,0,2
6764,2025-09-28,2025,9,28,mbayirli,19,0,0,19
6765,2025-09-28,2025,9,28,egonce,12,9,0,21
6766,2025-09-28,2025,9,28,dcolor,0,9,0,9
6767,2025-09-28,2025,9,28,ierdil,0,5,0,5
6768,2025-09-28,2025,9,28,fgulsever,5,26,0,31
6769,2025-09-28,2025,9,28,aapak,0,26,0,26
6770,2025-09-28,2025,9,28,mkarsiv,3,0,0,3
6771,2025-09-28,2025,9,28,gekim,0,90,0,90
6772,2025-09-28,2025,9,28,scabuker,0,0,6,6
6773,2025-09-28,2025,9,28,fbalaban,2,0,0,2
6774,2025-09-28,2025,9,28,dnoic,21,4,1,26
6775,2025-09-28,2025,9,28,aayhan,4,0,3,7
6776,2025-09-28,2025,9,28,nkorkmaz,19,0,0,19
6777,2025-09-28,2025,9,28,tcapkin,0,1,0,1
6778,2025-09-28,2025,9,28,abarkod,0,3,0,3
6779,2025-09-28,2025,9,28,iunlu,3,0,0,3
6780,2025-09-29,2025,9,29,baozturk,4,1,0,5
6781,2025-09-29,2025,9,29,BSOGUT,1,1,0,2
6782,2025-09-29,2025,9,29,hakand,1,0,0,1
6783,2025-09-29,2025,9,29,gakca,6,5,0,11
6784,2025-09-29,2025,9,29,aapak,12,28,0,40
6785,2025-09-29,2025,9,29,dayakta,2,0,0,2
6786,2025-09-29,2025,9,29,pstjbmetiner,0,2,0,2
6787,2025-09-29,2025,9,29,adogan,0,1,1,2
6788,2025-09-29,2025,9,29,udalyan,5,4,1,10
6789,2025-09-29,2025,9,29,ierdil,2,9,0,11
6790,2025-09-29,2025,9,29,fcolak,3,2,0,5
6791,2025-09-29,2025,9,29,eyuksel,11,2,0,13
6792,2025-09-29,2025,9,29,cyildiz,2,0,0,2
6793,2025-09-29,2025,9,29,sfirinci,12,4,0,16
6794,2025-09-29,2025,9,29,ddcozgu,1,0,0,1
6795,2025-09-29,2025,9,29,egonce,5,0,0,5
6796,2025-09-29,2025,9,29,hakdemir,3,30,0,33
6797,2025-09-29,2025,9,29,eozkan,2,0,0,2
6798,2025-09-29,2025,9,29,dcolor,0,35,0,35
6799,2025-09-29,2025,9,29,hbulut,2,0,0,2
6800,2025-09-29,2025,9,29,bfirat,8,0,0,8
6801,2025-09-29,2025,9,29,VBAYANER,0,2,0,2
6802,2025-09-29,2025,9,29,ytinmaz,4,0,0,4
6803,2025-09-29,2025,9,29,iunlu,2,0,0,2
6804,2025-09-29,2025,9,29,fgulsever,2,30,0,32
6805,2025-09-29,2025,9,29,fbalaban,1,0,0,1
6806,2025-09-29,2025,9,29,gekim,0,144,0,144
6807,2025-09-29,2025,9,29,akamera,0,2,0,2
6808,2025-09-29,2025,9,29,abarkod,0,5,0,5
6809,2025-09-29,2025,9,29,tcapkin,18,1,0,19
6810,2025-09-29,2025,9,29,ntanriverdi,2,2,0,4
6811,2025-09-29,2025,9,29,asablon,2,0,0,2
6812,2025-09-29,2025,9,29,nkorkmaz,40,0,0,40
6813,2025-09-29,2025,9,29,fbasak,4,0,0,4
6814,2025-09-29,2025,9,29,cer,0,4,0,4
6815,2025-09-29,2025,9,29,obali,1,1,0,2
6816,2025-09-29,2025,9,29,MMUTLU,34,3,0,37
6817,2025-09-29,2025,9,29,eatansay,6,1,0,7
6818,2025-09-29,2025,9,29,ggirgin,7,0,0,7
6819,2025-09-29,2025,9,29,mertan,0,1,0,1
6820,2025-09-29,2025,9,29,ayyilmaz,3,1,0,4
6821,2025-09-29,2025,9,29,tevirgen,16,12,0,28
6822,2025-09-29,2025,9,29,gayilmaz,4,0,0,4
6823,2025-09-29,2025,9,29,ogungor,2,0,0,2
6824,2025-09-29,2025,9,29,okanat,7,0,0,7
6825,2025-09-29,2025,9,29,klaboratuar,0,1,0,1
6826,2025-09-29,2025,9,29,ebalaban,17,0,0,17
6827,2025-09-29,2025,9,29,fimetin,22,6,0,28
6828,2025-09-29,2025,9,29,amasun,0,10,0,10
6829,2025-09-30,2025,9,30,ihasdemir,60,0,0,60
6830,2025-09-30,2025,9,30,aildeniz,1,1,0,2
6831,2025-09-30,2025,9,30,ierdil,0,5,0,5
6832,2025-09-30,2025,9,30,pstjbmetiner,0,2,0,2
6833,2025-09-30,2025,9,30,zyuksel,1,0,0,1
6834,2025-09-30,2025,9,30,BSOGUT,0,1,0,1
6835,2025-09-30,2025,9,30,fgulsever,1,7,0,8
6836,2025-09-30,2025,9,30,okelepe,1,0,0,1
6837,2025-09-30,2025,9,30,hakand,127,0,0,127
6838,2025-09-30,2025,9,30,bbugdayci,0,2,0,2
6839,2025-09-30,2025,9,30,gsapmaz,22,2,0,24
6840,2025-09-30,2025,9,30,aakyildiz,1,0,0,1
6841,2025-09-30,2025,9,30,bfirat,26,0,0,26
6842,2025-09-30,2025,9,30,mkarsiv,1,0,0,1
6843,2025-09-30,2025,9,30,ddcozgu,2,0,0,2
6844,2025-09-30,2025,9,30,egonce,22,46,0,68
6845,2025-09-30,2025,9,30,hakdemir,1,3,0,4
6846,2025-09-30,2025,9,30,sapra,14,1,0,15
6847,2025-09-30,2025,9,30,eozkan,4,10,0,14
6848,2025-09-30,2025,9,30,dcolor,0,65,0,65
6849,2025-09-30,2025,9,30,ersener,53,0,0,53
6850,2025-09-30,2025,9,30,hbulut,33,0,0,33
6851,2025-09-30,2025,9,30,akapucu,18,0,0,18
6852,2025-09-30,2025,9,30,VBAYANER,0,2,0,2
6853,2025-09-30,2025,9,30,mecigdem,3,2,0,5
6854,2025-09-30,2025,9,30,fcolak,2,0,0,2
6855,2025-09-30,2025,9,30,udalyan,1,1,0,2
6856,2025-09-30,2025,9,30,tcapkin,48,0,0,48
6857,2025-09-30,2025,9,30,dayakta,1,0,0,1
6858,2025-09-30,2025,9,30,abarkod,0,2,0,2
6859,2025-09-30,2025,9,30,aapak,0,35,0,35
6860,2025-09-30,2025,9,30,ntanriverdi,8,0,0,8
6861,2025-09-30,2025,9,30,bkibar,0,3,0,3
6862,2025-09-30,2025,9,30,nkorkmaz,68,0,0,68
6863,2025-09-30,2025,9,30,aayhan,7,0,0,7
6864,2025-09-30,2025,9,30,mkarabiyik,0,1,0,1
6865,2025-09-30,2025,9,30,obali,6,6,5,17
6866,2025-09-30,2025,9,30,fimetin,21,49,0,70
6867,2025-09-30,2025,9,30,ggirgin,30,5,1,36
6868,2025-09-30,2025,9,30,mertan,3,0,0,3
6869,2025-09-30,2025,9,30,ayyilmaz,1,4,0,5
6870,2025-09-30,2025,9,30,dustasi,10,0,0,10
6871,2025-09-30,2025,9,30,gayilmaz,1,4,0,5
6872,2025-09-30,2025,9,30,ubasdas,3,4,0,7
6873,2025-09-30,2025,9,30,gakca,3,5,0,8
6874,2025-09-30,2025,9,30,adogan,0,15,0,15
6875,2025-09-30,2025,9,30,tevirgen,8,15,2,25
6876,2025-09-30,2025,9,30,gekim,0,59,0,59
6877,2025-09-30,2025,9,30,saskin,12,0,0,12
6878,2025-09-30,2025,9,30,eanli,2,1,0,3
6879,2025-09-30,2025,9,30,amasun,0,2,0,2
6880,2025-09-30,2025,9,30,ebalaban,22,4,0,26
6881,2025-09-30,2025,9,30,dnoic,33,2,50,85
6882,2025-09-30,2025,9,30,ogungor,1,1,0,2
6883,2025-09-30,2025,9,30,scabuker,10,0,0,10
6884,2025-10-01,2025,10,1,kbtlideri,1,0,0,1
6885,2025-10-01,2025,10,1,ierdil,4,5,0,9
6886,2025-10-01,2025,10,1,itopcu,2,0,0,2
6887,2025-10-01,2025,10,1,fgulsever,0,27,0,27
6888,2025-10-01,2025,10,1,udalyan,1,0,1,2
6889,2025-10-01,2025,10,1,BSOGUT,0,0,24,24
6890,2025-10-01,2025,10,1,hakand,2,1,0,3
6891,2025-10-01,2025,10,1,mecigdem,1,2,0,3
6892,2025-10-01,2025,10,1,aildeniz,1,0,0,1
6893,2025-10-01,2025,10,1,cdonmez,2,0,0,2
6894,2025-10-01,2025,10,1,rkontrol,1,1,0,2
6895,2025-10-01,2025,10,1,eozkan,4,0,0,4
6896,2025-10-01,2025,10,1,fcolak,4,0,0,4
6897,2025-10-01,2025,10,1,mkarsiv,1,0,0,1
6898,2025-10-01,2025,10,1,egonce,4,4,0,8
6899,2025-10-01,2025,10,1,hbinay,38,0,0,38
6900,2025-10-01,2025,10,1,mmollaoglu,1,2,0,3
6901,2025-10-01,2025,10,1,dcolor,0,39,0,39
6902,2025-10-01,2025,10,1,ersener,3,0,0,3
6903,2025-10-01,2025,10,1,hbulut,5,0,0,5
6904,2025-10-01,2025,10,1,bfirat,14,0,0,14
6905,2025-10-01,2025,10,1,bunver,12,0,0,12
6906,2025-10-01,2025,10,1,aapak,0,17,0,17
6907,2025-10-01,2025,10,1,ihasdemir,3,0,3,6
6908,2025-10-01,2025,10,1,kdeda,3,1,0,4
6909,2025-10-01,2025,10,1,hakdemir,12,2,0,14
6910,2025-10-01,2025,10,1,adogan,16,0,0,16
6911,2025-10-01,2025,10,1,gakca,3,1,0,4
6912,2025-10-01,2025,10,1,akamera,2,4,0,6
6913,2025-10-01,2025,10,1,ttlideri,1,0,0,1
6914,2025-10-01,2025,10,1,vgemici,0,11,0,11
6915,2025-10-01,2025,10,1,ntanriverdi,13,0,0,13
6916,2025-10-01,2025,10,1,asablon,1,0,0,1
6917,2025-10-01,2025,10,1,fbasak,27,5,0,32
6918,2025-10-01,2025,10,1,aayhan,7,7,0,14
6919,2025-10-01,2025,10,1,mkarabiyik,0,7,0,7
6920,2025-10-01,2025,10,1,obali,5,6,0,11
6921,2025-10-01,2025,10,1,MMUTLU,1,1,0,2
6922,2025-10-01,2025,10,1,fimetin,2,225,0,227
6923,2025-10-01,2025,10,1,abarkod,0,3,0,3
6924,2025-10-01,2025,10,1,ggirgin,3,0,0,3
6925,2025-10-01,2025,10,1,mertan,2,1,0,3
6926,2025-10-01,2025,10,1,ayyilmaz,1,0,0,1
6927,2025-10-01,2025,10,1,tevirgen,2,2,16,20
6928,2025-10-01,2025,10,1,gayilmaz,4,0,0,4
6929,2025-10-01,2025,10,1,ogungor,2,1,0,3
6930,2025-10-01,2025,10,1,klaboratuar,0,1,0,1
6931,2025-10-01,2025,10,1,dnoic,18,0,3,21
6932,2025-10-01,2025,10,1,ebalaban,14,0,0,14
6933,2025-10-01,2025,10,1,gekim,0,103,0,103
6934,2025-10-01,2025,10,1,gkenarli,1,0,0,1
6935,2025-10-01,2025,10,1,sfirinci,3,4,0,7
6936,2025-10-02,2025,10,2,ierdil,0,6,0,6
6937,2025-10-02,2025,10,2,zyuksel,50,0,0,50
6938,2025-10-02,2025,10,2,itopcu,4,0,0,4
6939,2025-10-02,2025,10,2,mecigdem,1,1,0,2
6940,2025-10-02,2025,10,2,BSOGUT,0,12,0,12
6941,2025-10-02,2025,10,2,esaribuyuk,0,1,0,1
6942,2025-10-02,2025,10,2,aildeniz,4,0,0,4
6943,2025-10-02,2025,10,2,udalyan,11,4,18,33
6944,2025-10-02,2025,10,2,fgulsever,0,20,0,20
6945,2025-10-02,2025,10,2,ihasdemir,100,11,3,114
6946,2025-10-02,2025,10,2,herbilgin,26,0,0,26
6947,2025-10-02,2025,10,2,fcolak,3,0,0,3
6948,2025-10-02,2025,10,2,mkarsiv,9,3,0,12
6949,2025-10-02,2025,10,2,egonce,5,4,0,9
6950,2025-10-02,2025,10,2,hakdemir,6,1,0,7
6951,2025-10-02,2025,10,2,mmollaoglu,1,0,0,1
6952,2025-10-02,2025,10,2,akocak,0,21,0,21
6953,2025-10-02,2025,10,2,dcolor,0,51,0,51
6954,2025-10-02,2025,10,2,bfirat,20,0,0,20
6955,2025-10-02,2025,10,2,aapak,0,42,0,42
6956,2025-10-02,2025,10,2,VBAYANER,0,12,0,12
6957,2025-10-02,2025,10,2,stjegitim,24,42,0,66
6958,2025-10-02,2025,10,2,dayakta,8,0,0,8
6959,2025-10-02,2025,10,2,ebalaban,9,0,0,9
6960,2025-10-02,2025,10,2,bsakrak,11,0,0,11
6961,2025-10-02,2025,10,2,akamera,0,6,0,6
6962,2025-10-02,2025,10,2,abarkod,0,20,0,20
6963,2025-10-02,2025,10,2,edemirbas,2,9,0,11
6964,2025-10-02,2025,10,2,gakca,2,1,0,3
6965,2025-10-02,2025,10,2,asablon,12,0,0,12
6966,2025-10-02,2025,10,2,nkorkmaz,172,3,0,175
6967,2025-10-02,2025,10,2,cer,0,1,0,1
6968,2025-10-02,2025,10,2,aayhan,0,1,1,2
6969,2025-10-02,2025,10,2,mkarabiyik,0,4,0,4
6970,2025-10-02,2025,10,2,obali,7,5,0,12
6971,2025-10-02,2025,10,2,ntanriverdi,6,1,0,7
6972,2025-10-02,2025,10,2,fimetin,13,104,0,117
6973,2025-10-02,2025,10,2,MMUTLU,1,0,1,2
6974,2025-10-02,2025,10,2,gekim,0,77,0,77
6975,2025-10-02,2025,10,2,fbalaban,1,0,0,1
6976,2025-10-02,2025,10,2,amasun,0,16,0,16
6977,2025-10-02,2025,10,2,gbakanoglu,13,0,0,13
6978,2025-10-02,2025,10,2,ogungor,7,0,0,7
6979,2025-10-02,2025,10,2,ddtlideri,13,0,0,13
6980,2025-10-02,2025,10,2,tevirgen,3,20,0,23
6981,2025-10-02,2025,10,2,mertan,5,2,0,7
6982,2025-10-02,2025,10,2,dnoic,0,1,0,1
6983,2025-10-03,2025,10,3,cdonmez,4,5,0,9
6984,2025-10-03,2025,10,3,gakca,2,3,0,5
6985,2025-10-03,2025,10,3,udalyan,3,4,54,61
6986,2025-10-03,2025,10,3,mecigdem,0,2,0,2
6987,2025-10-03,2025,10,3,hakand,3,0,0,3
6988,2025-10-03,2025,10,3,carican,6,0,0,6
6989,2025-10-03,2025,10,3,bfirat,28,0,0,28
6990,2025-10-03,2025,10,3,stjegitim,0,0,9,9
6991,2025-10-03,2025,10,3,mkarsiv,13,5,0,18
6992,2025-10-03,2025,10,3,aerdogan,0,0,13,13
6993,2025-10-03,2025,10,3,hakdemir,0,2,0,2
6994,2025-10-03,2025,10,3,dcolor,0,44,0,44
6995,2025-10-03,2025,10,3,fyakut,4,0,0,4
6996,2025-10-03,2025,10,3,ierdil,7,7,0,14
6997,2025-10-03,2025,10,3,amasun,0,6,0,6
6998,2025-10-03,2025,10,3,ntanriverdi,110,10,0,120
6999,2025-10-03,2025,10,3,caozturk,0,2,0,2
7000,2025-10-03,2025,10,3,akamera,1,3,0,4
7001,2025-10-03,2025,10,3,gmasistan,0,0,5,5
7002,2025-10-03,2025,10,3,asablon,1,0,0,1
7003,2025-10-03,2025,10,3,mkarabiyik,0,21,0,21
7004,2025-10-03,2025,10,3,MMUTLU,2,0,0,2
7005,2025-10-03,2025,10,3,fimetin,0,197,0,197
7006,2025-10-03,2025,10,3,ebalaban,11,0,0,11
7007,2025-10-03,2025,10,3,ggirgin,27,7,6,40
7008,2025-10-03,2025,10,3,ayyilmaz,2,0,0,2
7009,2025-10-03,2025,10,3,tevirgen,12,11,25,48
7010,2025-10-03,2025,10,3,gayilmaz,1,0,0,1
7011,2025-10-03,2025,10,3,okanat,2,0,0,2
7012,2025-10-03,2025,10,3,dnoic,18,0,5,23
7013,2025-10-03,2025,10,3,gkenarli,0,2,0,2
7014,2025-10-04,2025,10,4,dcolor,0,49,0,49
7015,2025-10-04,2025,10,4,mkarsiv,8,0,0,8
7016,2025-10-04,2025,10,4,hakdemir,8,0,0,8
7017,2025-10-04,2025,10,4,ebalaban,7,0,0,7
7018,2025-10-04,2025,10,4,mecigdem,0,2,0,2
7019,2025-10-05,2025,10,5,ihasdemir,50,3,0,53
7020,2025-10-05,2025,10,5,ersener,2,0,15,17
7021,2025-10-05,2025,10,5,dcolor,0,5,0,5
7022,2025-10-05,2025,10,5,uunver,0,1,0,1
7023,2025-10-05,2025,10,5,egonce,6,5,0,11
7024,2025-10-05,2025,10,5,mkarsiv,1,0,0,1
7025,2025-10-05,2025,10,5,fcolak,3,0,0,3
7026,2025-10-05,2025,10,5,aakyildiz,2,0,0,2
7027,2025-10-05,2025,10,5,cyildiz,1,1,0,2
7028,2025-10-05,2025,10,5,ierdil,6,7,0,13
7029,2025-10-05,2025,10,5,aildeniz,7,0,0,7
7030,2025-10-05,2025,10,5,okelepe,2,0,0,2
7031,2025-10-05,2025,10,5,fgulsever,0,10,0,10
7032,2025-10-05,2025,10,5,aayhan,15,11,0,26
7033,2025-10-05,2025,10,5,dnoic,10,0,0,10
7034,2025-10-05,2025,10,5,ekaragoz,1,0,0,1
7035,2025-10-05,2025,10,5,fbalaban,19,0,0,19
7036,2025-10-05,2025,10,5,abarkod,0,1,0,1
7037,2025-10-05,2025,10,5,iunlu,6,1,0,7
7038,2025-10-05,2025,10,5,ubasdas,210,0,0,210
7039,2025-10-05,2025,10,5,aapak,0,42,1,43
7040,2025-10-05,2025,10,5,gekim,0,47,0,47
7041,2025-10-06,2025,10,6,pstjbmetiner,0,2,0,2
7042,2025-10-06,2025,10,6,hakand,2,1,0,3
7043,2025-10-06,2025,10,6,BSOGUT,0,0,1,1
7044,2025-10-06,2025,10,6,okelepe,3,0,0,3
7045,2025-10-06,2025,10,6,fgulsever,0,27,0,27
7046,2025-10-06,2025,10,6,mguder,33,0,0,33
7047,2025-10-06,2025,10,6,mecigdem,0,2,0,2
7048,2025-10-06,2025,10,6,VBAYANER,1,14,0,15
7049,2025-10-06,2025,10,6,zyuksel,155,0,0,155
7050,2025-10-06,2025,10,6,ierdil,0,5,0,5
7051,2025-10-06,2025,10,6,egonce,9,9,0,18
7052,2025-10-06,2025,10,6,aildeniz,1,1,0,2
7053,2025-10-06,2025,10,6,acelebi,3,0,0,3
7054,2025-10-06,2025,10,6,cyildiz,2,2,0,4
7055,2025-10-06,2025,10,6,mkarsiv,14,0,0,14
7056,2025-10-06,2025,10,6,hakdemir,3,0,0,3
7057,2025-10-06,2025,10,6,eozkan,3,0,0,3
7058,2025-10-06,2025,10,6,dcolor,1,44,0,45
7059,2025-10-06,2025,10,6,hbulut,42,0,0,42
7060,2025-10-06,2025,10,6,bfirat,7,0,0,7
7061,2025-10-06,2025,10,6,udalyan,0,1,1,2
7062,2025-10-06,2025,10,6,mguray,5,0,0,5
7063,2025-10-06,2025,10,6,aapak,12,6,0,18
7064,2025-10-06,2025,10,6,gayilmaz,8,0,0,8
7065,2025-10-06,2025,10,6,ubasdas,187,2,0,189
7066,2025-10-06,2025,10,6,dayakta,1,0,0,1
7067,2025-10-06,2025,10,6,akamera,16,10,0,26
7068,2025-10-06,2025,10,6,ngogce,25,0,2,27
7069,2025-10-06,2025,10,6,abarkod,0,2,0,2
7070,2025-10-06,2025,10,6,vgemici,1,0,0,1
7071,2025-10-06,2025,10,6,ntanriverdi,2,0,0,2
7072,2025-10-06,2025,10,6,fbasak,16,2,0,18
7073,2025-10-06,2025,10,6,cer,21,0,0,21
7074,2025-10-06,2025,10,6,makkus,2,0,0,2
7075,2025-10-06,2025,10,6,MMUTLU,0,2,0,2
7076,2025-10-06,2025,10,6,nkorkmaz,3,2,7,12
7077,2025-10-06,2025,10,6,ggirgin,37,4,11,52
7078,2025-10-06,2025,10,6,mertan,1,0,0,1
7079,2025-10-06,2025,10,6,tevirgen,48,14,1,63
7080,2025-10-06,2025,10,6,ogungor,3,2,0,5
7081,2025-10-06,2025,10,6,dnoic,3,0,0,3
7082,2025-10-06,2025,10,6,ebalaban,27,4,0,31
7083,2025-10-06,2025,10,6,amasun,4,19,0,23
7084,2025-10-06,2025,10,6,gekim,0,52,1,53
7085,2025-10-06,2025,10,6,adogan,1,8,0,9
7086,2025-10-06,2025,10,6,fimetin,16,152,0,168
7087,2025-10-06,2025,10,6,gakca,1,2,0,3
7088,2025-10-07,2025,10,7,gsapmaz,1,0,0,1
7089,2025-10-07,2025,10,7,fgulsever,1,32,0,33
7090,2025-10-07,2025,10,7,okelepe,5,69,0,74
7091,2025-10-07,2025,10,7,hakand,8,0,0,8
7092,2025-10-07,2025,10,7,gekim,0,122,0,122
7093,2025-10-07,2025,10,7,aapak,6,42,0,48
7094,2025-10-07,2025,10,7,gakca,2,0,0,2
7095,2025-10-07,2025,10,7,adogan,1,0,1,2
7096,2025-10-07,2025,10,7,zyuksel,7,0,0,7
7097,2025-10-07,2025,10,7,mecigdem,0,3,0,3
7098,2025-10-07,2025,10,7,pstjbmetiner,1,1,0,2
7099,2025-10-07,2025,10,7,VBAYANER,0,4,0,4
7100,2025-10-07,2025,10,7,ihasdemir,119,0,0,119
7101,2025-10-07,2025,10,7,mkarsiv,2,0,0,2
7102,2025-10-07,2025,10,7,egonce,29,11,0,40
7103,2025-10-07,2025,10,7,hakdemir,32,23,0,55
7104,2025-10-07,2025,10,7,BDEMIRAL,0,1,0,1
7105,2025-10-07,2025,10,7,dcolor,0,72,0,72
7106,2025-10-07,2025,10,7,ersener,0,0,4,4
7107,2025-10-07,2025,10,7,hbulut,0,1,0,1
7108,2025-10-07,2025,10,7,bfirat,55,0,0,55
7109,2025-10-07,2025,10,7,gbakanoglu,26,0,0,26
7110,2025-10-07,2025,10,7,ierdil,5,7,0,12
7111,2025-10-07,2025,10,7,amasun,0,32,0,32
7112,2025-10-07,2025,10,7,mkofis,0,3,0,3
7113,2025-10-07,2025,10,7,dnoic,3,0,53,56
7114,2025-10-07,2025,10,7,abarkod,0,23,0,23
7115,2025-10-07,2025,10,7,edemirbas,0,4,0,4
7116,2025-10-07,2025,10,7,vgemici,0,3,0,3
7117,2025-10-07,2025,10,7,ntanriverdi,3,2,0,5
7118,2025-10-07,2025,10,7,nkorkmaz,0,1,0,1
7119,2025-10-07,2025,10,7,fbasak,6,1,0,7
7120,2025-10-07,2025,10,7,cer,2,1,0,3
7121,2025-10-07,2025,10,7,aayhan,0,0,1,1
7122,2025-10-07,2025,10,7,ebalaban,14,0,0,14
7123,2025-10-07,2025,10,7,obali,1,1,0,2
7124,2025-10-07,2025,10,7,ngogce,12,0,0,12
7125,2025-10-07,2025,10,7,fimetin,6,136,0,142
7126,2025-10-07,2025,10,7,alofca,0,5,0,5
7127,2025-10-07,2025,10,7,ggirgin,1,2,13,16
7128,2025-10-07,2025,10,7,mertan,1,3,0,4
7129,2025-10-07,2025,10,7,ayyilmaz,1,0,0,1
7130,2025-10-07,2025,10,7,tevirgen,4,4,0,8
7131,2025-10-07,2025,10,7,eulsever,0,14,0,14
7132,2025-10-07,2025,10,7,gayilmaz,11,2,0,13
7133,2025-10-07,2025,10,7,ogungor,20,4,0,24
7134,2025-10-07,2025,10,7,okanat,1,0,0,1
7135,2025-10-07,2025,10,7,MMUTLU,4,1,4,9
7136,2025-10-08,2025,10,8,rkontrol,2,2,0,4
7137,2025-10-08,2025,10,8,ierdil,4,5,0,9
7138,2025-10-08,2025,10,8,pstjbmetiner,7,8,0,15
7139,2025-10-08,2025,10,8,udalyan,13,0,26,39
7140,2025-10-08,2025,10,8,fgulsever,0,26,0,26
7141,2025-10-08,2025,10,8,hakand,0,1,0,1
7142,2025-10-08,2025,10,8,mecigdem,0,4,0,4
7143,2025-10-08,2025,10,8,stjegitim,8,0,6,14
7144,2025-10-08,2025,10,8,itopcu,1,0,0,1
7145,2025-10-08,2025,10,8,fcolak,7,1,0,8
7146,2025-10-08,2025,10,8,gbalvan,8,4,0,12
7147,2025-10-08,2025,10,8,hakdemir,3,4,0,7
7148,2025-10-08,2025,10,8,hbinay,3,0,0,3
7149,2025-10-08,2025,10,8,eozkan,1,0,0,1
7150,2025-10-08,2025,10,8,dcolor,0,68,0,68
7151,2025-10-08,2025,10,8,ersener,3,0,7,10
7152,2025-10-08,2025,10,8,hbulut,13,1,0,14
7153,2025-10-08,2025,10,8,bfirat,40,6,0,46
7154,2025-10-08,2025,10,8,VBAYANER,0,8,0,8
7155,2025-10-08,2025,10,8,aapak,0,9,0,9
7156,2025-10-08,2025,10,8,egonce,9,2,0,11
7157,2025-10-08,2025,10,8,dayakta,77,3,0,80
7158,2025-10-08,2025,10,8,gakca,0,1,0,1
7159,2025-10-08,2025,10,8,MMUTLU,1,0,1,2
7160,2025-10-08,2025,10,8,bsakrak,8,0,0,8
7161,2025-10-08,2025,10,8,abarkod,0,5,0,5
7162,2025-10-08,2025,10,8,vgemici,12,0,0,12
7163,2025-10-08,2025,10,8,tcapkin,1,0,0,1
7164,2025-10-08,2025,10,8,ntanriverdi,0,1,0,1
7165,2025-10-08,2025,10,8,nkorkmaz,0,0,6,6
7166,2025-10-08,2025,10,8,fbasak,1,1,0,2
7167,2025-10-08,2025,10,8,fimetin,3,217,0,220
7168,2025-10-08,2025,10,8,ggirgin,11,10,0,21
7169,2025-10-08,2025,10,8,ayyilmaz,1,0,0,1
7170,2025-10-08,2025,10,8,ekaradavut,5,1,0,6
7171,2025-10-08,2025,10,8,gayilmaz,6,0,0,6
7172,2025-10-08,2025,10,8,ogungor,34,1,0,35
7173,2025-10-08,2025,10,8,nibolkis,2,0,0,2
7174,2025-10-08,2025,10,8,klaboratuar,0,3,0,3
7175,2025-10-08,2025,10,8,gcevik,2,0,0,2
7176,2025-10-08,2025,10,8,ebalaban,5,0,0,5
7177,2025-10-08,2025,10,8,amasun,0,6,0,6
7178,2025-10-08,2025,10,8,ekaragoz,1,0,0,1
7179,2025-10-08,2025,10,8,SUYILMAZ,2,0,0,2
7180,2025-10-08,2025,10,8,gekim,0,122,0,122
7181,2025-10-08,2025,10,8,tevirgen,15,1,19,35
7182,2025-10-09,2025,10,9,mguder,4,0,0,4
7183,2025-10-09,2025,10,9,sakgumus,0,1,0,1
7184,2025-10-09,2025,10,9,zyuksel,2,0,0,2
7185,2025-10-09,2025,10,9,itopcu,4,0,0,4
7186,2025-10-09,2025,10,9,udalyan,7,0,1,8
7187,2025-10-09,2025,10,9,okelepe,3,0,0,3
7188,2025-10-09,2025,10,9,hakand,2,1,0,3
7189,2025-10-09,2025,10,9,mecigdem,0,4,0,4
7190,2025-10-09,2025,10,9,ierdil,1,5,0,6
7191,2025-10-09,2025,10,9,fgulsever,0,61,0,61
7192,2025-10-09,2025,10,9,kbtlideri,2,0,0,2
7193,2025-10-09,2025,10,9,bunver,110,0,45,155
7194,2025-10-09,2025,10,9,bbugdayci,0,1,0,1
7195,2025-10-09,2025,10,9,stjegitim,42,84,0,126
7196,2025-10-09,2025,10,9,mkarsiv,2,0,0,2
7197,2025-10-09,2025,10,9,egonce,55,8,0,63
7198,2025-10-09,2025,10,9,hakdemir,0,3,0,3
7199,2025-10-09,2025,10,9,BDEMIRAL,1,0,0,1
7200,2025-10-09,2025,10,9,eozkan,10,1,0,11
7201,2025-10-09,2025,10,9,dcolor,0,52,0,52
7202,2025-10-09,2025,10,9,hbulut,3,0,0,3
7203,2025-10-09,2025,10,9,bfirat,90,3,0,93
7204,2025-10-09,2025,10,9,aildeniz,6,0,0,6
7205,2025-10-09,2025,10,9,aapak,0,29,0,29
7206,2025-10-09,2025,10,9,tcapkin,0,1,0,1
7207,2025-10-09,2025,10,9,gakca,8,5,0,13
7208,2025-10-09,2025,10,9,dayakta,0,2,0,2
7209,2025-10-09,2025,10,9,ngogce,11,15,3,29
7210,2025-10-09,2025,10,9,abarkod,0,2,0,2
7211,2025-10-09,2025,10,9,vgemici,1,0,0,1
7212,2025-10-09,2025,10,9,ntanriverdi,0,2,0,2
7213,2025-10-09,2025,10,9,ogun,1,6,0,7
7214,2025-10-09,2025,10,9,obali,9,1,0,10
7215,2025-10-09,2025,10,9,MMUTLU,1,2,2,5
7216,2025-10-09,2025,10,9,fimetin,18,229,0,247
7217,2025-10-09,2025,10,9,ggirgin,28,0,0,28
7218,2025-10-09,2025,10,9,ayyilmaz,6,0,0,6
7219,2025-10-09,2025,10,9,aayhan,2,5,8,15
7220,2025-10-09,2025,10,9,eulsever,0,20,0,20
7221,2025-10-09,2025,10,9,ogungor,5,1,0,6
7222,2025-10-09,2025,10,9,nibolkis,2,0,0,2
7223,2025-10-09,2025,10,9,gcevik,4,0,0,4
7224,2025-10-09,2025,10,9,dnoic,6,4,3,13
7225,2025-10-09,2025,10,9,ebalaban,10,0,0,10
7226,2025-10-09,2025,10,9,amasun,0,4,0,4
7227,2025-10-09,2025,10,9,ekaragoz,2,0,3,5
7228,2025-10-09,2025,10,9,gekim,0,135,0,135
7229,2025-10-09,2025,10,9,tevirgen,17,19,1,37
7230,2025-10-09,2025,10,9,fyakut,3,0,0,3
7231,2025-10-10,2025,10,10,hakand,4,4,0,8
7232,2025-10-10,2025,10,10,gsapmaz,5,0,0,5
7233,2025-10-10,2025,10,10,carican,6,0,0,6
7234,2025-10-10,2025,10,10,ierdil,0,5,0,5
7235,2025-10-10,2025,10,10,stjegitim,0,0,36,36
7236,2025-10-10,2025,10,10,bfirat,26,0,0,26
7237,2025-10-10,2025,10,10,dcolor,0,68,0,68
7238,2025-10-10,2025,10,10,hbulut,3,0,0,3
7239,2025-10-10,2025,10,10,VBAYANER,0,6,0,6
7240,2025-10-10,2025,10,10,mecigdem,0,2,0,2
7241,2025-10-10,2025,10,10,hakdemir,2,5,0,7
7242,2025-10-10,2025,10,10,udalyan,7,2,0,9
7243,2025-10-10,2025,10,10,obali,4,1,0,5
7244,2025-10-10,2025,10,10,bsakrak,2,0,0,2
7245,2025-10-10,2025,10,10,amasun,0,29,0,29
7246,2025-10-10,2025,10,10,ebalaban,12,0,0,12
7247,2025-10-10,2025,10,10,okanat,0,53,0,53
7248,2025-10-10,2025,10,10,eulsever,0,8,0,8
7249,2025-10-10,2025,10,10,tevirgen,6,10,1,17
7250,2025-10-10,2025,10,10,ayyilmaz,2,0,0,2
7251,2025-10-10,2025,10,10,ggirgin,25,0,0,25
7252,2025-10-10,2025,10,10,fimetin,12,131,0,143
7253,2025-10-10,2025,10,10,MMUTLU,2,1,1,4
7254,2025-10-10,2025,10,10,vgemici,4,0,0,4
7255,2025-10-10,2025,10,10,gakca,1,1,0,2
7256,2025-10-11,2025,10,11,hbinay,6,0,0,6
7257,2025-10-11,2025,10,11,dcolor,0,58,0,58
7258,2025-10-11,2025,10,11,mkarsiv,1,0,0,1
7259,2025-10-11,2025,10,11,asablon,27,0,0,27
7260,2025-10-11,2025,10,11,kbtlideri,6,0,0,6
7261,2025-10-11,2025,10,11,ebalaban,8,0,0,8
7262,2025-10-11,2025,10,11,rkontrol,1,0,0,1
7263,2025-10-12,2025,10,12,bunver,0,0,109,109
7264,2025-10-12,2025,10,12,dcolor,0,14,0,14
7265,2025-10-12,2025,10,12,egonce,3,20,0,23
7266,2025-10-12,2025,10,12,mkarsiv,2,0,0,2
7267,2025-10-12,2025,10,12,aildeniz,1,0,0,1
7268,2025-10-12,2025,10,12,ierdil,3,5,0,8
7269,2025-10-12,2025,10,12,fgulsever,0,16,0,16
7270,2025-10-12,2025,10,12,fcolak,4,2,0,6
7271,2025-10-12,2025,10,12,aapak,0,9,0,9
7272,2025-10-12,2025,10,12,ubasdas,0,2,0,2
7273,2025-10-12,2025,10,12,gekim,0,158,0,158
7274,2025-10-12,2025,10,12,fbalaban,1,0,0,1
7275,2025-10-12,2025,10,12,dnoic,14,0,1,15
7276,2025-10-12,2025,10,12,nkorkmaz,2,1,0,3
7277,2025-10-12,2025,10,12,abarkod,0,27,0,27
7278,2025-10-12,2025,10,12,okelepe,11,4,0,15
7279,2025-10-13,2025,10,13,pstjbmetiner,4,8,0,12
7280,2025-10-13,2025,10,13,mguder,7,0,0,7
7281,2025-10-13,2025,10,13,fgulsever,0,27,0,27
7282,2025-10-13,2025,10,13,okelepe,25,0,0,25
7283,2025-10-13,2025,10,13,aapak,0,43,0,43
7284,2025-10-13,2025,10,13,mecigdem,0,2,0,2
7285,2025-10-13,2025,10,13,udalyan,5,5,1,11
7286,2025-10-13,2025,10,13,ierdil,3,5,0,8
7287,2025-10-13,2025,10,13,hakand,2,0,0,2
7288,2025-10-13,2025,10,13,ihasdemir,26,1,0,27
7289,2025-10-13,2025,10,13,VBAYANER,0,18,0,18
7290,2025-10-13,2025,10,13,mkarsiv,1,0,0,1
7291,2025-10-13,2025,10,13,egonce,9,4,0,13
7292,2025-10-13,2025,10,13,mmollaoglu,0,0,3,3
7293,2025-10-13,2025,10,13,eozkan,4,0,0,4
7294,2025-10-13,2025,10,13,dcolor,0,46,0,46
7295,2025-10-13,2025,10,13,hbulut,2,0,0,2
7296,2025-10-13,2025,10,13,bfirat,33,0,0,33
7297,2025-10-13,2025,10,13,mceylan,4,0,0,4
7298,2025-10-13,2025,10,13,bunver,1,0,1,2
7299,2025-10-13,2025,10,13,stjegitim,0,1,0,1
7300,2025-10-13,2025,10,13,gakca,1,0,0,1
7301,2025-10-13,2025,10,13,dayakta,21,9,0,30
7302,2025-10-13,2025,10,13,fbalaban,4,10,0,14
7303,2025-10-13,2025,10,13,gekim,0,84,0,84
7304,2025-10-13,2025,10,13,abarkod,0,2,0,2
7305,2025-10-13,2025,10,13,vgemici,7,1,0,8
7306,2025-10-13,2025,10,13,ntanriverdi,3,9,0,12
7307,2025-10-13,2025,10,13,gmasistan,0,0,1,1
7308,2025-10-13,2025,10,13,asablon,3,0,0,3
7309,2025-10-13,2025,10,13,obali,3,1,0,4
7310,2025-10-13,2025,10,13,MMUTLU,21,2,0,23
7311,2025-10-13,2025,10,13,fimetin,2,99,0,101
7312,2025-10-13,2025,10,13,ggirgin,44,7,0,51
7313,2025-10-13,2025,10,13,ogun,2,0,0,2
7314,2025-10-13,2025,10,13,ayyilmaz,1,0,0,1
7315,2025-10-13,2025,10,13,tevirgen,8,7,0,15
7316,2025-10-13,2025,10,13,ogungor,5,3,0,8
7317,2025-10-13,2025,10,13,kkaplan,3,0,0,3
7318,2025-10-13,2025,10,13,gcevik,15,0,0,15
7319,2025-10-13,2025,10,13,ebalaban,17,0,0,17
7320,2025-10-13,2025,10,13,amasun,0,80,0,80
7321,2025-10-13,2025,10,13,ekaragoz,1,0,0,1
7322,2025-10-13,2025,10,13,eanli,2,0,0,2
7323,2025-10-13,2025,10,13,mertan,59,0,0,59
7324,2025-10-14,2025,10,14,ihasdemir,7,0,0,7
7325,2025-10-14,2025,10,14,ierdil,1,7,0,8
7326,2025-10-14,2025,10,14,pstjbmetiner,0,1,0,1
7327,2025-10-14,2025,10,14,zyuksel,2,0,0,2
7328,2025-10-14,2025,10,14,aapak,0,45,0,45
7329,2025-10-14,2025,10,14,hakand,0,2,0,2
7330,2025-10-14,2025,10,14,mecigdem,3,2,0,5
7331,2025-10-14,2025,10,14,udalyan,7,2,3,12
7332,2025-10-14,2025,10,14,bbugdayci,0,2,0,2
7333,2025-10-14,2025,10,14,fgulsever,66,106,0,172
7334,2025-10-14,2025,10,14,cyildiz,2,0,0,2
7335,2025-10-14,2025,10,14,VBAYANER,1,0,0,1
7336,2025-10-14,2025,10,14,mkarsiv,2,2,0,4
7337,2025-10-14,2025,10,14,egonce,8,29,0,37
7338,2025-10-14,2025,10,14,hakdemir,5,2,0,7
7339,2025-10-14,2025,10,14,uunver,26,0,0,26
7340,2025-10-14,2025,10,14,bunver,45,2,1,48
7341,2025-10-14,2025,10,14,eozkan,4,0,0,4
7342,2025-10-14,2025,10,14,dcolor,0,81,0,81
7343,2025-10-14,2025,10,14,hbulut,2,0,0,2
7344,2025-10-14,2025,10,14,bfirat,94,2,0,96
7345,2025-10-14,2025,10,14,dayakta,8,9,0,17
7346,2025-10-14,2025,10,14,fcolak,12,0,0,12
7347,2025-10-14,2025,10,14,gakca,2,0,0,2
7348,2025-10-14,2025,10,14,nkorkmaz,0,0,3,3
7349,2025-10-14,2025,10,14,gekim,0,116,0,116
7350,2025-10-14,2025,10,14,iunlu,4,0,0,4
7351,2025-10-14,2025,10,14,akamera,0,4,0,4
7352,2025-10-14,2025,10,14,abarkod,0,2,0,2
7353,2025-10-14,2025,10,14,vgemici,2,0,0,2
7354,2025-10-14,2025,10,14,ntanriverdi,16,0,0,16
7355,2025-10-14,2025,10,14,fbasak,8,0,0,8
7356,2025-10-14,2025,10,14,mkarabiyik,1,3,0,4
7357,2025-10-14,2025,10,14,fimetin,0,24,0,24
7358,2025-10-14,2025,10,14,ggirgin,5,1,0,6
7359,2025-10-14,2025,10,14,mertan,3,6,0,9
7360,2025-10-14,2025,10,14,gmasistan,10,1,0,11
7361,2025-10-14,2025,10,14,tevirgen,4,3,43,50
7362,2025-10-14,2025,10,14,eulsever,0,29,0,29
7363,2025-10-14,2025,10,14,ogungor,2,1,0,3
7364,2025-10-14,2025,10,14,klaboratuar,3,0,0,3
7365,2025-10-14,2025,10,14,caozturk,14,0,0,14
7366,2025-10-14,2025,10,14,ebalaban,9,0,0,9
7367,2025-10-14,2025,10,14,amasun,0,71,0,71
7368,2025-10-14,2025,10,14,ekaragoz,1,1,0,2
7369,2025-10-14,2025,10,14,cozkan,1,0,0,1
7370,2025-10-14,2025,10,14,ayyilmaz,7,1,0,8
7371,2025-10-14,2025,10,14,cisahin,19,0,0,19
7372,2025-10-15,2025,10,15,ierdil,4,7,0,11
7373,2025-10-15,2025,10,15,pstjbmetiner,2,1,0,3
7374,2025-10-15,2025,10,15,itopcu,2,0,0,2
7375,2025-10-15,2025,10,15,fgulsever,1,75,0,76
7376,2025-10-15,2025,10,15,okelepe,0,1,0,1
7377,2025-10-15,2025,10,15,aapak,30,66,0,96
7378,2025-10-15,2025,10,15,mecigdem,16,1,0,17
7379,2025-10-15,2025,10,15,ebtlideri,2,0,0,2
7380,2025-10-15,2025,10,15,udalyan,5,0,0,5
7381,2025-10-15,2025,10,15,dayakta,8,1,0,9
7382,2025-10-15,2025,10,15,kbtlideri,1,0,0,1
7383,2025-10-15,2025,10,15,hakand,3,0,0,3
7384,2025-10-15,2025,10,15,aildeniz,1,1,0,2
7385,2025-10-15,2025,10,15,ersener,3,0,0,3
7386,2025-10-15,2025,10,15,ytinmaz,8,0,0,8
7387,2025-10-15,2025,10,15,bbugdayci,0,1,0,1
7388,2025-10-15,2025,10,15,stjegitim,0,2,0,2
7389,2025-10-15,2025,10,15,cyildiz,2,0,0,2
7390,2025-10-15,2025,10,15,fcolak,2,0,0,2
7391,2025-10-15,2025,10,15,bunver,0,2,0,2
7392,2025-10-15,2025,10,15,sekisa,15,1,0,16
7393,2025-10-15,2025,10,15,egonce,4,3,0,7
7394,2025-10-15,2025,10,15,dcolor,0,77,0,77
7395,2025-10-15,2025,10,15,hbulut,1,0,0,1
7396,2025-10-15,2025,10,15,bfirat,51,1,0,52
7397,2025-10-15,2025,10,15,ubasdas,18,0,0,18
7398,2025-10-15,2025,10,15,rkontrol,6,0,0,6
7399,2025-10-15,2025,10,15,gakca,2,0,0,2
7400,2025-10-15,2025,10,15,obali,0,0,2,2
7401,2025-10-15,2025,10,15,adogan,0,28,0,28
7402,2025-10-15,2025,10,15,akamera,3,0,0,3
7403,2025-10-15,2025,10,15,abarkod,0,28,0,28
7404,2025-10-15,2025,10,15,vgemici,2,0,0,2
7405,2025-10-15,2025,10,15,ntanriverdi,7,8,0,15
7406,2025-10-15,2025,10,15,nkorkmaz,4,0,0,4
7407,2025-10-15,2025,10,15,fbasak,690,0,0,690
7408,2025-10-15,2025,10,15,MMUTLU,2,3,5,10
7409,2025-10-15,2025,10,15,fimetin,0,14,0,14
7410,2025-10-15,2025,10,15,ggirgin,15,4,0,19
7411,2025-10-15,2025,10,15,sulger,8,3,0,11
7412,2025-10-15,2025,10,15,mertan,4,1,0,5
7413,2025-10-15,2025,10,15,ayyilmaz,4,5,0,9
7414,2025-10-15,2025,10,15,fyakut,5,5,0,10
7415,2025-10-15,2025,10,15,gayilmaz,3,0,0,3
7416,2025-10-15,2025,10,15,gekim,0,94,0,94
7417,2025-10-15,2025,10,15,cisahin,5,0,0,5
7418,2025-10-15,2025,10,15,gbakanoglu,4,0,0,4
7419,2025-10-15,2025,10,15,cozkan,3,0,0,3
7420,2025-10-15,2025,10,15,fbalaban,4,0,0,4
7421,2025-10-15,2025,10,15,tevirgen,6,14,0,20
7422,2025-10-15,2025,10,15,ebalaban,8,0,0,8
7423,2025-10-15,2025,10,15,caozturk,4,2,0,6
7424,2025-10-15,2025,10,15,dnoic,18,1,0,19
7425,2025-10-15,2025,10,15,caki,2,1,0,3
7426,2025-10-15,2025,10,15,ogungor,10,0,0,10
7427,2025-10-15,2025,10,15,amasun,0,9,0,9
7428,2025-10-16,2025,10,16,dayakta,6,14,0,20
7429,2025-10-16,2025,10,16,aapak,0,54,0,54
7430,2025-10-16,2025,10,16,udalyan,5,3,3,11
7431,2025-10-16,2025,10,16,ebtlideri,2,0,0,2
7432,2025-10-16,2025,10,16,mecigdem,0,2,0,2
7433,2025-10-16,2025,10,16,hakand,15,1,0,16
7434,2025-10-16,2025,10,16,fgulsever,0,29,0,29
7435,2025-10-16,2025,10,16,ierdil,1,7,0,8
7436,2025-10-16,2025,10,16,ihasdemir,119,1,0,120
7437,2025-10-16,2025,10,16,mkarsiv,1,0,0,1
7438,2025-10-16,2025,10,16,msevim,16,4,0,20
7439,2025-10-16,2025,10,16,hakdemir,4,0,0,4
7440,2025-10-16,2025,10,16,hbinay,7,0,0,7
7441,2025-10-16,2025,10,16,eozkan,1,0,0,1
7442,2025-10-16,2025,10,16,fyakut,14,1,0,15
7443,2025-10-16,2025,10,16,ersener,5,0,0,5
7444,2025-10-16,2025,10,16,hbulut,7,0,0,7
7445,2025-10-16,2025,10,16,bfirat,122,0,0,122
7446,2025-10-16,2025,10,16,VBAYANER,0,10,0,10
7447,2025-10-16,2025,10,16,bunver,4,18,0,22
7448,2025-10-16,2025,10,16,egonce,11,12,0,23
7449,2025-10-16,2025,10,16,sfirinci,1,0,0,1
7450,2025-10-16,2025,10,16,dcolor,0,57,0,57
7451,2025-10-16,2025,10,16,gekim,0,95,0,95
7452,2025-10-16,2025,10,16,bsakrak,1,0,0,1
7453,2025-10-16,2025,10,16,ngogce,0,0,12,12
7454,2025-10-16,2025,10,16,edemirbas,1,0,2,3
7455,2025-10-16,2025,10,16,ntanriverdi,10,0,0,10
7456,2025-10-16,2025,10,16,fbasak,6,2,0,8
7457,2025-10-16,2025,10,16,mkarabiyik,0,1,0,1
7458,2025-10-16,2025,10,16,MMUTLU,1,0,0,1
7459,2025-10-16,2025,10,16,fimetin,30,7,0,37
7460,2025-10-16,2025,10,16,ggirgin,5,3,0,8
7461,2025-10-16,2025,10,16,mertan,1,0,0,1
7462,2025-10-16,2025,10,16,ayyilmaz,2,0,0,2
7463,2025-10-16,2025,10,16,fcolak,9,0,0,9
7464,2025-10-16,2025,10,16,eulsever,2,13,0,15
7465,2025-10-16,2025,10,16,ogungor,4,1,0,5
7466,2025-10-16,2025,10,16,gcevik,2,0,0,2
7467,2025-10-16,2025,10,16,dnoic,27,1,63,91
7468,2025-10-16,2025,10,16,caozturk,5,18,0,23
7469,2025-10-16,2025,10,16,ebalaban,15,0,0,15
7470,2025-10-16,2025,10,16,amasun,0,144,0,144
7471,2025-10-16,2025,10,16,SUYILMAZ,3,0,0,3
7472,2025-10-16,2025,10,16,gbakanoglu,11,0,0,11
7473,2025-10-16,2025,10,16,tevirgen,9,16,38,63
7474,2025-10-17,2025,10,17,mecigdem,0,2,0,2
7475,2025-10-17,2025,10,17,hakand,2,0,0,2
7476,2025-10-17,2025,10,17,mguder,1,0,0,1
7477,2025-10-17,2025,10,17,ierdil,5,110,0,115
7478,2025-10-17,2025,10,17,mguray,1,0,0,1
7479,2025-10-17,2025,10,17,stjegitim,35,72,8,115
7480,2025-10-17,2025,10,17,dcolor,0,72,0,72
7481,2025-10-17,2025,10,17,mmollaoglu,1,0,0,1
7482,2025-10-17,2025,10,17,akocak,0,221,0,221
7483,2025-10-17,2025,10,17,udalyan,1,0,38,39
7484,2025-10-17,2025,10,17,hbulut,1,0,0,1
7485,2025-10-17,2025,10,17,mkortak,2,0,0,2
7486,2025-10-17,2025,10,17,bfirat,115,0,0,115
7487,2025-10-17,2025,10,17,hakdemir,5,2,0,7
7488,2025-10-17,2025,10,17,gakca,8,5,0,13
7489,2025-10-17,2025,10,17,caozturk,13,0,0,13
7490,2025-10-17,2025,10,17,amasun,0,124,0,124
7491,2025-10-17,2025,10,17,bsakrak,1,0,0,1
7492,2025-10-17,2025,10,17,vgemici,1,0,0,1
7493,2025-10-17,2025,10,17,ntanriverdi,9,0,0,9
7494,2025-10-17,2025,10,17,bkibar,0,1,0,1
7495,2025-10-17,2025,10,17,obali,6,0,0,6
7496,2025-10-17,2025,10,17,MMUTLU,0,8,2,10
7497,2025-10-17,2025,10,17,fimetin,12,20,0,32
7498,2025-10-17,2025,10,17,mertan,4,25,0,29
7499,2025-10-17,2025,10,17,tevirgen,40,43,1,84
7500,2025-10-17,2025,10,17,eulsever,1,4,0,5
7501,2025-10-17,2025,10,17,ogungor,2,0,0,2
7502,2025-10-17,2025,10,17,ekoyun,10,0,6,16
7503,2025-10-17,2025,10,17,ebalaban,21,0,0,21
7504,2025-10-17,2025,10,17,ggirgin,29,1,3,33
7505,2025-10-18,2025,10,18,hakdemir,1,0,0,1
7506,2025-10-18,2025,10,18,dcolor,0,69,0,69
7507,2025-10-18,2025,10,18,kbtlideri,0,5,0,5
7508,2025-10-18,2025,10,18,mkofis,3,0,0,3
7509,2025-10-18,2025,10,18,bsakrak,9,0,0,9
7510,2025-10-18,2025,10,18,ebalaban,1,0,0,1
7511,2025-10-18,2025,10,18,mecigdem,16,2,0,18
7512,2025-10-19,2025,10,19,bunver,0,4,0,4
7513,2025-10-19,2025,10,19,mkortak,3,2,0,5
7514,2025-10-19,2025,10,19,dcolor,0,1,0,1
7515,2025-10-19,2025,10,19,uunver,7,0,0,7
7516,2025-10-19,2025,10,19,egonce,21,6,0,27
7517,2025-10-19,2025,10,19,fcolak,3,0,0,3
7518,2025-10-19,2025,10,19,ihasdemir,134,2,0,136
7519,2025-10-19,2025,10,19,kbtlideri,1,0,0,1
7520,2025-10-19,2025,10,19,ierdil,7,5,0,12
7521,2025-10-19,2025,10,19,carican,5,0,0,5
7522,2025-10-19,2025,10,19,fgulsever,3,9,0,12
7523,2025-10-19,2025,10,19,gekim,0,78,0,78
7524,2025-10-19,2025,10,19,abarkod,0,2,0,2
7525,2025-10-19,2025,10,19,edemirbas,0,1,0,1
7526,2025-10-19,2025,10,19,tcapkin,14,17,0,31
7527,2025-10-19,2025,10,19,fbasak,2,1,0,3
7528,2025-10-19,2025,10,19,aapak,24,45,0,69
7529,2025-10-19,2025,10,19,dnoic,3,2,0,5
7530,2025-10-19,2025,10,19,fbalaban,1,3,0,4
7531,2025-10-19,2025,10,19,gbakanoglu,18,0,0,18
7532,2025-10-19,2025,10,19,mkorucu,2,0,0,2
7533,2025-10-20,2025,10,20,mguray,1,0,0,1
7534,2025-10-20,2025,10,20,aapak,3,1,0,4
7535,2025-10-20,2025,10,20,udalyan,0,1,1,2
7536,2025-10-20,2025,10,20,mecigdem,0,2,0,2
7537,2025-10-20,2025,10,20,hakand,6,1,0,7
7538,2025-10-20,2025,10,20,esaribuyuk,1,2,0,3
7539,2025-10-20,2025,10,20,fgulsever,0,28,0,28
7540,2025-10-20,2025,10,20,zyuksel,2,0,0,2
7541,2025-10-20,2025,10,20,ierdil,6,8,0,14
7542,2025-10-20,2025,10,20,ihasdemir,16,0,0,16
7543,2025-10-20,2025,10,20,eozkan,3,0,0,3
7544,2025-10-20,2025,10,20,hakdemir,11,0,0,11
7545,2025-10-20,2025,10,20,uunver,9,0,0,9
7546,2025-10-20,2025,10,20,mmollaoglu,2,0,0,2
7547,2025-10-20,2025,10,20,dayakta,1,0,0,1
7548,2025-10-20,2025,10,20,dcolor,0,54,0,54
7549,2025-10-20,2025,10,20,hbulut,3,0,0,3
7550,2025-10-20,2025,10,20,mkortak,0,1,0,1
7551,2025-10-20,2025,10,20,bfirat,18,0,0,18
7552,2025-10-20,2025,10,20,VBAYANER,0,27,0,27
7553,2025-10-20,2025,10,20,fcolak,1,13,0,14
7554,2025-10-20,2025,10,20,gakca,3,0,0,3
7555,2025-10-20,2025,10,20,BSOGUT,2,0,2,4
7556,2025-10-20,2025,10,20,gekim,0,84,0,84
7557,2025-10-20,2025,10,20,bsakrak,1,0,0,1
7558,2025-10-20,2025,10,20,akamera,0,5,0,5
7559,2025-10-20,2025,10,20,ngogce,1,21,0,22
7560,2025-10-20,2025,10,20,abarkod,0,6,0,6
7561,2025-10-20,2025,10,20,edemirbas,12,0,12,24
7562,2025-10-20,2025,10,20,ntanriverdi,2,5,0,7
7563,2025-10-20,2025,10,20,aayhan,1,6,0,7
7564,2025-10-20,2025,10,20,MMUTLU,0,1,0,1
7565,2025-10-20,2025,10,20,ggirgin,59,7,0,66
7566,2025-10-20,2025,10,20,sulger,4,0,0,4
7567,2025-10-20,2025,10,20,nkorkmaz,0,37,0,37
7568,2025-10-20,2025,10,20,uyigit,1,0,0,1
7569,2025-10-20,2025,10,20,tevirgen,8,28,15,51
7570,2025-10-20,2025,10,20,zkurt,1,1,0,2
7571,2025-10-20,2025,10,20,amasun,0,142,0,142
7572,2025-10-20,2025,10,20,ebalaban,59,0,0,59
7573,2025-10-20,2025,10,20,caozturk,13,0,0,13
7574,2025-10-20,2025,10,20,eanli,0,1,0,1
7575,2025-10-20,2025,10,20,dnoic,22,0,0,22
7576,2025-10-20,2025,10,20,okanat,5,2,0,7
7577,2025-10-20,2025,10,20,ogungor,3,3,0,6
7578,2025-10-21,2025,10,21,mguray,1,0,0,1
7579,2025-10-21,2025,10,21,udalyan,2,0,0,2
7580,2025-10-21,2025,10,21,mecigdem,9,2,0,11
7581,2025-10-21,2025,10,21,hakand,27,0,0,27
7582,2025-10-21,2025,10,21,esaribuyuk,0,1,0,1
7583,2025-10-21,2025,10,21,BSOGUT,22,0,0,22
7584,2025-10-21,2025,10,21,fgulsever,0,7,0,7
7585,2025-10-21,2025,10,21,pstjbmetiner,5,5,0,10
7586,2025-10-21,2025,10,21,ierdil,5,5,0,10
7587,2025-10-21,2025,10,21,aapak,0,6,0,6
7588,2025-10-21,2025,10,21,aildeniz,2,0,0,2
7589,2025-10-21,2025,10,21,hbulut,20,1,0,21
7590,2025-10-21,2025,10,21,mkarsiv,2,0,0,2
7591,2025-10-21,2025,10,21,egonce,85,6,0,91
7592,2025-10-21,2025,10,21,hakdemir,4,0,0,4
7593,2025-10-21,2025,10,21,eozkan,1,0,0,1
7594,2025-10-21,2025,10,21,bfirat,12,1,0,13
7595,2025-10-21,2025,10,21,dcolor,0,83,0,83
7596,2025-10-21,2025,10,21,ekoksal,3,3,0,6
7597,2025-10-21,2025,10,21,sutetik,1,0,0,1
7598,2025-10-21,2025,10,21,ersener,1,1,0,2
7599,2025-10-21,2025,10,21,bsakrak,14,0,0,14
7600,2025-10-21,2025,10,21,rkontrol,1,0,0,1
7601,2025-10-21,2025,10,21,gekim,0,77,0,77
7602,2025-10-21,2025,10,21,aayhan,17,12,3,32
7603,2025-10-21,2025,10,21,fbalaban,27,10,17,54
7604,2025-10-21,2025,10,21,abarkod,0,2,0,2
7605,2025-10-21,2025,10,21,gbakanoglu,0,2,0,2
7606,2025-10-21,2025,10,21,ntanriverdi,40,11,0,51
7607,2025-10-21,2025,10,21,nkorkmaz,0,2,14,16
7608,2025-10-21,2025,10,21,fbasak,124,0,0,124
7609,2025-10-21,2025,10,21,fyilanci,0,0,6,6
7610,2025-10-21,2025,10,21,mkarabiyik,0,1,0,1
7611,2025-10-21,2025,10,21,obali,1,2,1,4
7612,2025-10-21,2025,10,21,MMUTLU,0,6,0,6
7613,2025-10-21,2025,10,21,fimetin,14,0,0,14
7614,2025-10-21,2025,10,21,tcapkin,1,0,0,1
7615,2025-10-21,2025,10,21,mertan,0,6,0,6
7616,2025-10-21,2025,10,21,ggirgin,9,0,2,11
7617,2025-10-21,2025,10,21,zkurt,3,0,0,3
7618,2025-10-21,2025,10,21,amasun,0,116,0,116
7619,2025-10-21,2025,10,21,ebalaban,10,0,0,10
7620,2025-10-21,2025,10,21,ekaragoz,2,0,2,4
7621,2025-10-21,2025,10,21,ogungor,6,1,0,7
7622,2025-10-21,2025,10,21,uyigit,1,0,0,1
7623,2025-10-21,2025,10,21,gayilmaz,4,0,0,4
7624,2025-10-21,2025,10,21,tevirgen,8,27,0,35
7625,2025-10-21,2025,10,21,dnoic,38,0,0,38
7626,2025-10-22,2025,10,22,fgulsever,0,30,0,30
7627,2025-10-22,2025,10,22,fyakut,3,0,0,3
7628,2025-10-22,2025,10,22,gakca,5,0,0,5
7629,2025-10-22,2025,10,22,aapak,0,58,0,58
7630,2025-10-22,2025,10,22,udalyan,7,2,36,45
7631,2025-10-22,2025,10,22,mecigdem,0,2,0,2
7632,2025-10-22,2025,10,22,hakand,0,1,0,1
7633,2025-10-22,2025,10,22,zyuksel,0,1,0,1
7634,2025-10-22,2025,10,22,hakdemir,38,2,0,40
7635,2025-10-22,2025,10,22,fcolak,14,0,0,14
7636,2025-10-22,2025,10,22,bfirat,7,0,0,7
7637,2025-10-22,2025,10,22,egonce,2,6,0,8
7638,2025-10-22,2025,10,22,sapra,1,0,1,2
7639,2025-10-22,2025,10,22,dcolor,0,74,0,74
7640,2025-10-22,2025,10,22,hbulut,1,0,0,1
7641,2025-10-22,2025,10,22,bsakrak,1,1,0,2
7642,2025-10-22,2025,10,22,ierdil,4,7,0,11
7643,2025-10-22,2025,10,22,gekim,0,42,0,42
7644,2025-10-22,2025,10,22,mkarsiv,5,0,0,5
7645,2025-10-22,2025,10,22,amasun,0,100,0,100
7646,2025-10-22,2025,10,22,eanli,16,1,0,17
7647,2025-10-22,2025,10,22,akamera,0,6,0,6
7648,2025-10-22,2025,10,22,abarkod,0,13,0,13
7649,2025-10-22,2025,10,22,ttlideri,52,0,0,52
7650,2025-10-22,2025,10,22,tcapkin,2,0,0,2
7651,2025-10-22,2025,10,22,fbasak,4,0,0,4
7652,2025-10-22,2025,10,22,aayhan,4,0,0,4
7653,2025-10-22,2025,10,22,obali,10,0,6,16
7654,2025-10-22,2025,10,22,vgemici,4,7,0,11
7655,2025-10-22,2025,10,22,ggirgin,7,0,0,7
7656,2025-10-22,2025,10,22,ekaradavut,33,0,0,33
7657,2025-10-22,2025,10,22,mertan,0,8,0,8
7658,2025-10-22,2025,10,22,tevirgen,3,13,14,30
7659,2025-10-22,2025,10,22,eulsever,0,4,0,4
7660,2025-10-22,2025,10,22,ogungor,3,1,0,4
7661,2025-10-22,2025,10,22,dnoic,160,2,3,165
7662,2025-10-22,2025,10,22,ebalaban,5,0,0,5
7663,2025-10-22,2025,10,22,fimetin,31,2,0,33
7664,2025-10-23,2025,10,23,mguder,2,0,0,2
7665,2025-10-23,2025,10,23,baozturk,2,0,0,2
7666,2025-10-23,2025,10,23,fgulsever,0,20,0,20
7667,2025-10-23,2025,10,23,okelepe,3,0,0,3
7668,2025-10-23,2025,10,23,nakilli,1,13,0,14
7669,2025-10-23,2025,10,23,hakand,5,0,0,5
7670,2025-10-23,2025,10,23,mecigdem,0,2,0,2
7671,2025-10-23,2025,10,23,udalyan,2,0,4,6
7672,2025-10-23,2025,10,23,zyuksel,1,0,0,1
7673,2025-10-23,2025,10,23,BSOGUT,0,8,0,8
7674,2025-10-23,2025,10,23,ierdil,7,11,0,18
7675,2025-10-23,2025,10,23,ersener,5,0,0,5
7676,2025-10-23,2025,10,23,stjegitim,59,112,0,171
7677,2025-10-23,2025,10,23,fcolak,4,2,0,6
7678,2025-10-23,2025,10,23,mkarsiv,1,0,0,1
7679,2025-10-23,2025,10,23,egonce,2,8,0,10
7680,2025-10-23,2025,10,23,hakdemir,4,0,0,4
7681,2025-10-23,2025,10,23,mmollaoglu,0,2,0,2
7682,2025-10-23,2025,10,23,dcolor,0,87,0,87
7683,2025-10-23,2025,10,23,dayakta,1,0,0,1
7684,2025-10-23,2025,10,23,hbulut,3,0,0,3
7685,2025-10-23,2025,10,23,bfirat,41,0,0,41
7686,2025-10-23,2025,10,23,aildeniz,1,0,0,1
7687,2025-10-23,2025,10,23,gakca,2,0,0,2
7688,2025-10-23,2025,10,23,VBAYANER,0,18,0,18
7689,2025-10-23,2025,10,23,fbalaban,1,0,0,1
7690,2025-10-23,2025,10,23,gekim,0,62,0,62
7691,2025-10-23,2025,10,23,abarkod,0,31,0,31
7692,2025-10-23,2025,10,23,vgemici,4,0,0,4
7693,2025-10-23,2025,10,23,ntanriverdi,60,0,0,60
7694,2025-10-23,2025,10,23,bkibar,0,1,0,1
7695,2025-10-23,2025,10,23,nkorkmaz,0,1,0,1
7696,2025-10-23,2025,10,23,ogun,3,0,0,3
7697,2025-10-23,2025,10,23,obali,13,1,0,14
7698,2025-10-23,2025,10,23,MMUTLU,0,1,0,1
7699,2025-10-23,2025,10,23,fimetin,11,22,0,33
7700,2025-10-23,2025,10,23,ggirgin,104,6,2,112
7701,2025-10-23,2025,10,23,cer,4,0,0,4
7702,2025-10-23,2025,10,23,tevirgen,3,0,0,3
7703,2025-10-23,2025,10,23,mertan,2,3,0,5
7704,2025-10-23,2025,10,23,ebalaban,31,0,0,31
7705,2025-10-23,2025,10,23,caozturk,2,0,0,2
7706,2025-10-23,2025,10,23,amasun,1,79,0,80
7707,2025-10-23,2025,10,23,gcevik,1,0,0,1
7708,2025-10-23,2025,10,23,dnoic,31,0,2,33
7709,2025-10-23,2025,10,23,nibolkis,8,0,0,8
7710,2025-10-23,2025,10,23,ogungor,3,2,0,5
7711,2025-10-23,2025,10,23,uyigit,12,21,0,33
7712,2025-10-23,2025,10,23,eulsever,2,5,0,7
7713,2025-10-23,2025,10,23,kkaplan,1,0,0,1
7714,2025-10-24,2025,10,24,gakca,4,0,0,4
7715,2025-10-24,2025,10,24,udalyan,3,0,0,3
7716,2025-10-24,2025,10,24,mecigdem,2,5,0,7
7717,2025-10-24,2025,10,24,ierdil,0,9,0,9
7718,2025-10-24,2025,10,24,mguray,2,1,0,3
7719,2025-10-24,2025,10,24,bfirat,10,0,0,10
7720,2025-10-24,2025,10,24,dcolor,0,67,0,67
7721,2025-10-24,2025,10,24,sutetik,2,0,0,2
7722,2025-10-24,2025,10,24,hbulut,5,0,0,5
7723,2025-10-24,2025,10,24,adogan,0,2,0,2
7724,2025-10-24,2025,10,24,mkarsiv,1,0,0,1
7725,2025-10-24,2025,10,24,bsakrak,62,0,0,62
7726,2025-10-24,2025,10,24,hakdemir,6,0,0,6
7727,2025-10-24,2025,10,24,ebalaban,29,0,0,29
7728,2025-10-24,2025,10,24,caozturk,18,0,0,18
7729,2025-10-24,2025,10,24,ogungor,1,1,0,2
7730,2025-10-24,2025,10,24,tevirgen,5,12,0,17
7731,2025-10-24,2025,10,24,ggirgin,54,16,3,73
7732,2025-10-24,2025,10,24,fimetin,15,128,0,143
7733,2025-10-24,2025,10,24,MMUTLU,0,1,0,1
7734,2025-10-24,2025,10,24,obali,0,3,0,3
7735,2025-10-24,2025,10,24,bkibar,0,1,0,1
7736,2025-10-24,2025,10,24,ntanriverdi,34,1,0,35
7737,2025-10-24,2025,10,24,vgemici,16,0,0,16
7738,2025-10-24,2025,10,24,akamera,5,6,0,11
7739,2025-10-24,2025,10,24,amasun,0,83,0,83
7740,2025-10-25,2025,10,25,dcolor,0,51,0,51
7741,2025-10-25,2025,10,25,hakdemir,17,1,0,18
7742,2025-10-25,2025,10,25,rkontrol,1,0,0,1
7743,2025-10-25,2025,10,25,ebalaban,19,0,0,19
7744,2025-10-25,2025,10,25,asablon,33,0,0,33
7745,2025-10-25,2025,10,25,mecigdem,2,2,0,4
7746,2025-10-26,2025,10,26,ersener,1,0,0,1
7747,2025-10-26,2025,10,26,mbayirli,23,0,0,23
7748,2025-10-26,2025,10,26,egonce,9,6,0,15
7749,2025-10-26,2025,10,26,mkarsiv,1,0,0,1
7750,2025-10-26,2025,10,26,fcolak,4,6,0,10
7751,2025-10-26,2025,10,26,ierdil,2,9,0,11
7752,2025-10-26,2025,10,26,zyuksel,20,0,0,20
7753,2025-10-26,2025,10,26,fgulsever,0,22,2,24
7754,2025-10-26,2025,10,26,okelepe,5,0,0,5
7755,2025-10-26,2025,10,26,nakilli,0,1,0,1
7756,2025-10-26,2025,10,26,ekaragoz,1,0,0,1
7757,2025-10-26,2025,10,26,gekim,0,165,0,165
7758,2025-10-26,2025,10,26,dayakta,18,4,0,22
7759,2025-10-26,2025,10,26,edemirbas,2,2,0,4
7760,2025-10-26,2025,10,26,tcapkin,0,1,0,1
7761,2025-10-26,2025,10,26,fbasak,1,0,0,1
7762,2025-10-26,2025,10,26,abarkod,0,5,0,5
7763,2025-10-26,2025,10,26,kcakir,1,0,0,1
7764,2025-10-26,2025,10,26,mkorucu,1,0,0,1
7765,2025-10-26,2025,10,26,gcevik,2,0,0,2
7766,2025-10-26,2025,10,26,mkofis,30,0,0,30
7767,2025-10-27,2025,10,27,mkarsiv,7,2,0,9
7768,2025-10-27,2025,10,27,hakand,13,3,0,16
7769,2025-10-27,2025,10,27,gsapmaz,1,0,0,1
7770,2025-10-27,2025,10,27,zyuksel,20,0,0,20
7771,2025-10-27,2025,10,27,ierdil,1,7,0,8
7772,2025-10-27,2025,10,27,mguray,2,0,0,2
7773,2025-10-27,2025,10,27,egonce,5,0,0,5
7774,2025-10-27,2025,10,27,hbulut,1,0,0,1
7775,2025-10-27,2025,10,27,eozkan,8,0,0,8
7776,2025-10-27,2025,10,27,akocak,0,359,0,359
7777,2025-10-27,2025,10,27,dcolor,0,67,0,67
7778,2025-10-27,2025,10,27,bfirat,60,6,0,66
7779,2025-10-27,2025,10,27,VBAYANER,0,21,0,21
7780,2025-10-27,2025,10,27,udalyan,3,1,0,4
7781,2025-10-27,2025,10,27,hakdemir,37,2,0,39
7782,2025-10-27,2025,10,27,gakca,3,0,0,3
7783,2025-10-27,2025,10,27,mecigdem,2,2,0,4
7784,2025-10-27,2025,10,27,eanli,2,0,0,2
7785,2025-10-27,2025,10,27,akamera,0,11,0,11
7786,2025-10-27,2025,10,27,ngogce,15,0,13,28
7787,2025-10-27,2025,10,27,abarkod,0,2,0,2
7788,2025-10-27,2025,10,27,vgemici,2,0,0,2
7789,2025-10-27,2025,10,27,mkarabiyik,0,18,0,18
7790,2025-10-27,2025,10,27,obali,16,18,5,39
7791,2025-10-27,2025,10,27,ggirgin,22,27,0,49
7792,2025-10-27,2025,10,27,ntanriverdi,16,0,0,16
7793,2025-10-27,2025,10,27,ogungor,8,1,0,9
7794,2025-10-27,2025,10,27,kkaplan,43,12,0,55
7795,2025-10-27,2025,10,27,caki,0,25,0,25
7796,2025-10-27,2025,10,27,caozturk,34,1,0,35
7797,2025-10-27,2025,10,27,ebalaban,63,0,0,63
7798,2025-10-27,2025,10,27,adogan,0,0,2,2
7799,2025-10-27,2025,10,27,amasun,5,258,0,263
7800,2025-10-27,2025,10,27,tevirgen,25,19,1,45
7801,2025-10-28,2025,10,28,mecigdem,18,2,0,20
7802,2025-10-28,2025,10,28,VBAYANER,0,1,0,1
7803,2025-10-28,2025,10,28,bfirat,66,0,0,66
7804,2025-10-28,2025,10,28,dcolor,0,61,0,61
7805,2025-10-28,2025,10,28,hakdemir,1,0,0,1
7806,2025-10-28,2025,10,28,mkarsiv,2,0,0,2
7807,2025-10-28,2025,10,28,ierdil,2,9,0,11
7808,2025-10-28,2025,10,28,udalyan,0,0,1,1
7809,2025-10-28,2025,10,28,sucakir,1,0,0,1
7810,2025-10-28,2025,10,28,ebalaban,14,0,0,14
7811,2025-10-28,2025,10,28,eulsever,16,4,0,20
7812,2025-10-28,2025,10,28,cer,0,2,0,2
7813,2025-10-28,2025,10,28,ntanriverdi,72,0,0,72
7814,2025-10-28,2025,10,28,vgemici,1,0,0,1
7815,2025-10-28,2025,10,28,ngogce,6,0,0,6
7816,2025-10-28,2025,10,28,amasun,9,52,0,61
7817,2025-10-29,2025,10,29,fgulsever,0,14,0,14
7818,2025-10-29,2025,10,29,ierdil,12,9,0,21
7819,2025-10-29,2025,10,29,ebadem,1,0,0,1
7820,2025-10-29,2025,10,29,rkontrol,2,2,0,4
7821,2025-10-29,2025,10,29,dcolor,0,2,0,2
7822,2025-10-29,2025,10,29,egonce,4,9,0,13
7823,2025-10-29,2025,10,29,bunver,3,1,0,4
7824,2025-10-29,2025,10,29,BSOGUT,0,7,0,7
7825,2025-10-29,2025,10,29,fcolak,1,3,0,4
7826,2025-10-29,2025,10,29,aapak,18,38,0,56
7827,2025-10-29,2025,10,29,eulsever,6,4,0,10
7828,2025-10-29,2025,10,29,sfirinci,0,1,0,1
7829,2025-10-29,2025,10,29,ubasdas,1,0,0,1
7830,2025-10-29,2025,10,29,tcapkin,3,0,0,3
7831,2025-10-29,2025,10,29,fbasak,4,2,0,6
7832,2025-10-29,2025,10,29,mkofis,1,0,0,1
7833,2025-10-29,2025,10,29,abarkod,0,3,0,3
7834,2025-10-29,2025,10,29,mkorucu,3,0,0,3
7835,2025-10-29,2025,10,29,amasun,9,0,0,9
7836,2025-10-29,2025,10,29,gekim,0,133,0,133
7837,2025-10-29,2025,10,29,fimetin,1,1,0,2
7838,2025-10-30,2025,10,30,gakca,3,3,0,6
7839,2025-10-30,2025,10,30,mguder,11,0,0,11
7840,2025-10-30,2025,10,30,aapak,0,105,0,105
7841,2025-10-30,2025,10,30,bunver,14,0,0,14
7842,2025-10-30,2025,10,30,udalyan,8,3,0,11
7843,2025-10-30,2025,10,30,mecigdem,4,11,0,15
7844,2025-10-30,2025,10,30,hakand,2,1,0,3
7845,2025-10-30,2025,10,30,fgulsever,0,3,0,3
7846,2025-10-30,2025,10,30,itopcu,13,0,0,13
7847,2025-10-30,2025,10,30,sakgumus,0,1,0,1
7848,2025-10-30,2025,10,30,fcolak,3,0,0,3
7849,2025-10-30,2025,10,30,ierdil,11,9,0,20
7850,2025-10-30,2025,10,30,mguray,2,0,0,2
7851,2025-10-30,2025,10,30,stjegitim,9,0,0,9
7852,2025-10-30,2025,10,30,egonce,14,9,0,23
7853,2025-10-30,2025,10,30,hakdemir,3,1,0,4
7854,2025-10-30,2025,10,30,msevim,2,0,0,2
7855,2025-10-30,2025,10,30,dcolor,0,39,0,39
7856,2025-10-30,2025,10,30,bfirat,17,0,0,17
7857,2025-10-30,2025,10,30,VBAYANER,46,9,0,55
7858,2025-10-30,2025,10,30,adogan,1,0,0,1
7859,2025-10-30,2025,10,30,pstjbmetiner,0,2,0,2
7860,2025-10-30,2025,10,30,gekim,0,122,0,122
7861,2025-10-30,2025,10,30,dnoic,20,1,0,21
7862,2025-10-30,2025,10,30,amasun,1,70,0,71
7863,2025-10-30,2025,10,30,fbalaban,2,0,0,2
7864,2025-10-30,2025,10,30,ngogce,3,0,0,3
7865,2025-10-30,2025,10,30,abarkod,0,3,0,3
7866,2025-10-30,2025,10,30,vgemici,2,1,0,3
7867,2025-10-30,2025,10,30,tcapkin,4,0,0,4
7868,2025-10-30,2025,10,30,bkibar,0,4,0,4
7869,2025-10-30,2025,10,30,cer,18,0,0,18
7870,2025-10-30,2025,10,30,aayhan,2,3,0,5
7871,2025-10-30,2025,10,30,obali,8,11,4,23
7872,2025-10-30,2025,10,30,MMUTLU,0,1,0,1
7873,2025-10-30,2025,10,30,akamera,5,15,0,20
7874,2025-10-30,2025,10,30,eatasoy,2,0,0,2
7875,2025-10-30,2025,10,30,ggirgin,0,1,0,1
7876,2025-10-30,2025,10,30,tevirgen,0,24,0,24
7877,2025-10-30,2025,10,30,gayilmaz,9,1,0,10
7878,2025-10-30,2025,10,30,ogungor,1,1,0,2
7879,2025-10-30,2025,10,30,mkorucu,4,0,0,4
7880,2025-10-30,2025,10,30,caki,0,2,0,2
7881,2025-10-30,2025,10,30,caozturk,2,1,0,3
7882,2025-10-30,2025,10,30,ebalaban,31,2,0,33
7883,2025-10-30,2025,10,30,fimetin,13,12,0,25
7884,2025-10-31,2025,10,31,stjegitim,0,1,32,33
7885,2025-10-31,2025,10,31,ierdil,4,9,0,13
7886,2025-10-31,2025,10,31,mecigdem,0,3,0,3
7887,2025-10-31,2025,10,31,mguder,26,0,0,26
7888,2025-10-31,2025,10,31,carican,6,0,0,6
7889,2025-10-31,2025,10,31,eyuksel,2,1,0,3
7890,2025-10-31,2025,10,31,pstjbmetiner,0,2,0,2
7891,2025-10-31,2025,10,31,acelebi,2,0,0,2
7892,2025-10-31,2025,10,31,dcolor,0,91,0,91
7893,2025-10-31,2025,10,31,hakdemir,0,1,0,1
7894,2025-10-31,2025,10,31,msevim,1,0,0,1
7895,2025-10-31,2025,10,31,mmollaoglu,0,1,0,1
7896,2025-10-31,2025,10,31,ekoksal,1,0,0,1
7897,2025-10-31,2025,10,31,sutetik,3,0,0,3
7898,2025-10-31,2025,10,31,hbulut,1,0,0,1
7899,2025-10-31,2025,10,31,bfirat,12,0,0,12
7900,2025-10-31,2025,10,31,VBAYANER,0,2,0,2
7901,2025-10-31,2025,10,31,udalyan,3,2,67,72
7902,2025-10-31,2025,10,31,mkarsiv,4,1,0,5
7903,2025-10-31,2025,10,31,gakca,6,0,0,6
7904,2025-10-31,2025,10,31,tevirgen,2,6,0,8
7905,2025-10-31,2025,10,31,ebalaban,32,4,0,36
7906,2025-10-31,2025,10,31,akamera,1,7,0,8
7907,2025-10-31,2025,10,31,ngogce,3,1,12,16
7908,2025-10-31,2025,10,31,vgemici,4,1,0,5
7909,2025-10-31,2025,10,31,bkibar,0,2,0,2
7910,2025-10-31,2025,10,31,asablon,2,0,0,2
7911,2025-10-31,2025,10,31,mkarabiyik,0,5,0,5
7912,2025-10-31,2025,10,31,obali,1,10,0,11
7913,2025-10-31,2025,10,31,amasun,0,2,0,2
7914,2025-10-31,2025,10,31,fimetin,4,12,0,16
7915,2025-10-31,2025,10,31,MMUTLU,5,0,6,11
7916,2025-10-31,2025,10,31,mertan,9,0,0,9
7917,2025-10-31,2025,10,31,eulsever,0,1,0,1
7918,2025-10-31,2025,10,31,gayilmaz,2,0,0,2
7919,2025-10-31,2025,10,31,ogungor,4,6,0,10
7920,2025-10-31,2025,10,31,okanat,12,0,0,12
7921,2025-10-31,2025,10,31,klaboratuar,0,7,0,7
7922,2025-10-31,2025,10,31,kcakir,6,0,0,6
7923,2025-10-31,2025,10,31,oicoz,0,1,0,1
7924,2025-10-31,2025,10,31,ggirgin,5,20,0,25
7925,2025-11-01,2025,11,1,rkontrol,1,0,0,1
7926,2025-11-01,2025,11,1,hakdemir,4,2,0,6
7927,2025-11-01,2025,11,1,mkarsiv,3,0,0,3
7928,2025-11-01,2025,11,1,kbtlideri,17,0,0,17
7929,2025-11-01,2025,11,1,dcolor,0,58,0,58
7930,2025-11-01,2025,11,1,ebalaban,123,2,0,125
7931,2025-11-01,2025,11,1,asablon,2,0,0,2
7932,2025-11-01,2025,11,1,ttlideri,23,0,0,23
7933,2025-11-01,2025,11,1,mecigdem,12,1,0,13
7934,2025-11-02,2025,11,2,ersener,6,0,0,6
7935,2025-11-02,2025,11,2,dcolor,0,7,0,7
7936,2025-11-02,2025,11,2,egonce,23,32,0,55
7937,2025-11-02,2025,11,2,fcolak,2,23,0,25
7938,2025-11-02,2025,11,2,aakyildiz,1,0,0,1
7939,2025-11-02,2025,11,2,aildeniz,2,3,0,5
7940,2025-11-02,2025,11,2,ierdil,5,10,0,15
7941,2025-11-02,2025,11,2,fgulsever,0,49,0,49
7942,2025-11-02,2025,11,2,BSOGUT,4,1,0,5
7943,2025-11-02,2025,11,2,akapucu,18,0,0,18
7944,2025-11-02,2025,11,2,ubasdas,3,15,0,18
7945,2025-11-02,2025,11,2,gekim,0,149,0,149
7946,2025-11-02,2025,11,2,ekaragoz,0,1,0,1
7947,2025-11-02,2025,11,2,dnoic,20,4,1,25
7948,2025-11-02,2025,11,2,mkofis,6,3,0,9
7949,2025-11-02,2025,11,2,aayhan,8,12,0,20
7950,2025-11-02,2025,11,2,fbasak,2,0,0,2
7951,2025-11-02,2025,11,2,tcapkin,26,0,0,26
7952,2025-11-02,2025,11,2,abarkod,0,4,0,4
7953,2025-11-02,2025,11,2,aapak,18,130,0,148
7954,2025-11-03,2025,11,3,zyuksel,60,40,0,100
7955,2025-11-03,2025,11,3,mguder,8,0,0,8
7956,2025-11-03,2025,11,3,itopcu,9,0,0,9
7957,2025-11-03,2025,11,3,fgulsever,0,35,0,35
7958,2025-11-03,2025,11,3,ubasdas,2,0,0,2
7959,2025-11-03,2025,11,3,udalyan,1,2,1,4
7960,2025-11-03,2025,11,3,aapak,0,59,0,59
7961,2025-11-03,2025,11,3,pstjbmetiner,4,1,0,5
7962,2025-11-03,2025,11,3,gakca,4,4,0,8
7963,2025-11-03,2025,11,3,mecigdem,0,1,0,1
7964,2025-11-03,2025,11,3,ierdil,2,7,0,9
7965,2025-11-03,2025,11,3,egonce,8,4,0,12
7966,2025-11-03,2025,11,3,eyuksel,11,2,0,13
7967,2025-11-03,2025,11,3,fcolak,20,7,0,27
7968,2025-11-03,2025,11,3,mkarsiv,1,0,0,1
7969,2025-11-03,2025,11,3,hakdemir,6,2,0,8
7970,2025-11-03,2025,11,3,dcolor,0,59,0,59
7971,2025-11-03,2025,11,3,ekoksal,7,0,0,7
7972,2025-11-03,2025,11,3,ersener,26,0,0,26
7973,2025-11-03,2025,11,3,bfirat,20,0,0,20
7974,2025-11-03,2025,11,3,bunver,8,0,0,8
7975,2025-11-03,2025,11,3,sfirinci,23,0,0,23
7976,2025-11-03,2025,11,3,rkontrol,1,0,0,1
7977,2025-11-03,2025,11,3,saskin,16,0,0,16
7978,2025-11-03,2025,11,3,hbulut,44,0,0,44
7979,2025-11-03,2025,11,3,gbakanoglu,0,2,0,2
7980,2025-11-03,2025,11,3,akamera,0,9,0,9
7981,2025-11-03,2025,11,3,edemirbas,2,0,1,3
7982,2025-11-03,2025,11,3,ttlideri,1,0,0,1
7983,2025-11-03,2025,11,3,ntanriverdi,20,7,0,27
7984,2025-11-03,2025,11,3,asablon,1,1,0,2
7985,2025-11-03,2025,11,3,mkofis,8,1,0,9
7986,2025-11-03,2025,11,3,obali,20,21,2,43
7987,2025-11-03,2025,11,3,MMUTLU,16,3,2,21
7988,2025-11-03,2025,11,3,fimetin,12,2,0,14
7989,2025-11-03,2025,11,3,ggirgin,10,2,2,14
7990,2025-11-03,2025,11,3,abarkod,0,8,0,8
7991,2025-11-03,2025,11,3,mertan,15,2,0,17
7992,2025-11-03,2025,11,3,ekaradavut,4,0,0,4
7993,2025-11-03,2025,11,3,fbalaban,1,0,0,1
7994,2025-11-03,2025,11,3,amasun,0,202,0,202
7995,2025-11-03,2025,11,3,ebalaban,8,0,0,8
7996,2025-11-03,2025,11,3,caozturk,13,0,0,13
7997,2025-11-03,2025,11,3,gekim,0,82,0,82
7998,2025-11-03,2025,11,3,caki,0,1,0,1
7999,2025-11-03,2025,11,3,ogungor,1,0,0,1
8000,2025-11-03,2025,11,3,gayilmaz,2,0,0,2
8001,2025-11-03,2025,11,3,tevirgen,13,3,15,31
8002,2025-11-03,2025,11,3,dnoic,5,7,17,29
8003,2025-11-04,2025,11,4,udalyan,3,2,0,5
8004,2025-11-04,2025,11,4,mecigdem,1,2,0,3
8005,2025-11-04,2025,11,4,hakand,22,4,0,26
8006,2025-11-04,2025,11,4,BSOGUT,0,0,10,10
8007,2025-11-04,2025,11,4,okelepe,0,1,0,1
8008,2025-11-04,2025,11,4,fgulsever,0,168,0,168
8009,2025-11-04,2025,11,4,itopcu,0,1,0,1
8010,2025-11-04,2025,11,4,mguder,6,0,0,6
8011,2025-11-04,2025,11,4,zyuksel,40,0,0,40
8012,2025-11-04,2025,11,4,ierdil,2,7,0,9
8013,2025-11-04,2025,11,4,fcolak,6,0,0,6
8014,2025-11-04,2025,11,4,egonce,9,24,0,33
8015,2025-11-04,2025,11,4,hakdemir,7,2,0,9
8016,2025-11-04,2025,11,4,uunver,17,0,0,17
8017,2025-11-04,2025,11,4,dcolor,0,71,0,71
8018,2025-11-04,2025,11,4,sutetik,1,0,0,1
8019,2025-11-04,2025,11,4,ersener,12,0,0,12
8020,2025-11-04,2025,11,4,hbulut,2,0,0,2
8021,2025-11-04,2025,11,4,aapak,0,22,0,22
8022,2025-11-04,2025,11,4,bfirat,38,1,0,39
8023,2025-11-04,2025,11,4,bbugdayci,0,1,0,1
8024,2025-11-04,2025,11,4,eozkan,2,10,0,12
8025,2025-11-04,2025,11,4,gakca,1,0,0,1
8026,2025-11-04,2025,11,4,iunlu,2,0,0,2
8027,2025-11-04,2025,11,4,dayakta,1,0,0,1
8028,2025-11-04,2025,11,4,akamera,2,9,0,11
8029,2025-11-04,2025,11,4,abarkod,0,3,0,3
8030,2025-11-04,2025,11,4,vgemici,27,2,0,29
8031,2025-11-04,2025,11,4,nkorkmaz,1,0,0,1
8032,2025-11-04,2025,11,4,fbasak,3,0,0,3
8033,2025-11-04,2025,11,4,MMUTLU,1,1,1,3
8034,2025-11-04,2025,11,4,fimetin,11,5,0,16
8035,2025-11-04,2025,11,4,gkenarli,4,0,0,4
8036,2025-11-04,2025,11,4,ggirgin,0,3,1,4
8037,2025-11-04,2025,11,4,obali,2,1,0,3
8038,2025-11-04,2025,11,4,mertan,3,3,0,6
8039,2025-11-04,2025,11,4,tevirgen,1,4,0,5
8040,2025-11-04,2025,11,4,eulsever,0,15,0,15
8041,2025-11-04,2025,11,4,ogungor,8,0,0,8
8042,2025-11-04,2025,11,4,caki,1,0,0,1
8043,2025-11-04,2025,11,4,gcevik,6,0,0,6
8044,2025-11-04,2025,11,4,ebalaban,13,0,0,13
8045,2025-11-04,2025,11,4,amasun,0,152,0,152
8046,2025-11-04,2025,11,4,ekaradavut,15,0,0,15
8047,2025-11-04,2025,11,4,gekim,0,97,0,97
8048,2025-11-05,2025,11,5,BSOGUT,0,0,22,22
8049,2025-11-05,2025,11,5,hakand,3,1,0,4
8050,2025-11-05,2025,11,5,mecigdem,12,1,0,13
8051,2025-11-05,2025,11,5,udalyan,6,6,2,14
8052,2025-11-05,2025,11,5,sfirinci,9,0,0,9
8053,2025-11-05,2025,11,5,bfirat,47,0,0,47
8054,2025-11-05,2025,11,5,gakca,0,3,0,3
8055,2025-11-05,2025,11,5,fgulsever,0,39,0,39
8056,2025-11-05,2025,11,5,aapak,0,9,0,9
8057,2025-11-05,2025,11,5,ierdil,1,5,0,6
8058,2025-11-05,2025,11,5,hbulut,102,1,0,103
8059,2025-11-05,2025,11,5,aakyildiz,1,0,0,1
8060,2025-11-05,2025,11,5,fcolak,4,0,0,4
8061,2025-11-05,2025,11,5,egonce,7,6,0,13
8062,2025-11-05,2025,11,5,hakdemir,2,0,0,2
8063,2025-11-05,2025,11,5,uunver,22,0,0,22
8064,2025-11-05,2025,11,5,mmollaoglu,0,1,0,1
8065,2025-11-05,2025,11,5,sapra,16,0,0,16
8066,2025-11-05,2025,11,5,eozkan,2,4,0,6
8067,2025-11-05,2025,11,5,dcolor,0,74,0,74
8068,2025-11-05,2025,11,5,gekim,0,61,0,61
8069,2025-11-05,2025,11,5,aildeniz,1,0,0,1
8070,2025-11-05,2025,11,5,gbakanoglu,0,2,0,2
8071,2025-11-05,2025,11,5,ubasdas,2,0,0,2
8072,2025-11-05,2025,11,5,eanli,2,1,0,3
8073,2025-11-05,2025,11,5,akamera,4,3,0,7
8074,2025-11-05,2025,11,5,abarkod,0,22,0,22
8075,2025-11-05,2025,11,5,tcapkin,3,3,0,6
8076,2025-11-05,2025,11,5,ntanriverdi,2,9,0,11
8077,2025-11-05,2025,11,5,gmasistan,4,0,0,4
8078,2025-11-05,2025,11,5,fbasak,3,0,0,3
8079,2025-11-05,2025,11,5,aayhan,10,1,1,12
8080,2025-11-05,2025,11,5,obali,1,3,0,4
8081,2025-11-05,2025,11,5,MMUTLU,1,0,0,1
8082,2025-11-05,2025,11,5,fimetin,4,0,0,4
8083,2025-11-05,2025,11,5,ggirgin,1,19,0,20
8084,2025-11-05,2025,11,5,fbalaban,3,0,0,3
8085,2025-11-05,2025,11,5,mertan,0,2,0,2
8086,2025-11-05,2025,11,5,tevirgen,12,5,1,18
8087,2025-11-05,2025,11,5,eulsever,0,13,0,13
8088,2025-11-05,2025,11,5,ogungor,14,2,0,16
8089,2025-11-05,2025,11,5,kkaplan,1,1,0,2
8090,2025-11-05,2025,11,5,klaboratuar,0,10,0,10
8091,2025-11-05,2025,11,5,dnoic,21,1,0,22
8092,2025-11-05,2025,11,5,ebalaban,22,0,0,22
8093,2025-11-05,2025,11,5,amasun,9,190,0,199
8094,2025-11-05,2025,11,5,ekaragoz,13,3,1,17
8095,2025-11-05,2025,11,5,ekaradavut,3,0,0,3
8096,2025-11-06,2025,11,6,BSOGUT,6,0,0,6
8097,2025-11-06,2025,11,6,hakand,5,0,0,5
8098,2025-11-06,2025,11,6,mecigdem,42,1,0,43
8099,2025-11-06,2025,11,6,fyakut,11,1,0,12
8100,2025-11-06,2025,11,6,aapak,0,22,0,22
8101,2025-11-06,2025,11,6,dayakta,1,0,0,1
8102,2025-11-06,2025,11,6,gakca,0,5,0,5
8103,2025-11-06,2025,11,6,fgulsever,0,87,0,87
8104,2025-11-06,2025,11,6,udalyan,3,0,3,6
8105,2025-11-06,2025,11,6,mguder,19,8,0,27
8106,2025-11-06,2025,11,6,egonce,30,12,0,42
8107,2025-11-06,2025,11,6,pstjbmetiner,0,1,0,1
8108,2025-11-06,2025,11,6,ierdil,1,5,0,6
8109,2025-11-06,2025,11,6,fcolak,3,0,0,3
8110,2025-11-06,2025,11,6,mkarsiv,2,0,0,2
8111,2025-11-06,2025,11,6,hakdemir,1,3,0,4
8112,2025-11-06,2025,11,6,dcolor,0,74,0,74
8113,2025-11-06,2025,11,6,hbulut,1,0,0,1
8114,2025-11-06,2025,11,6,bfirat,31,0,0,31
8115,2025-11-06,2025,11,6,VBAYANER,0,14,0,14
8116,2025-11-06,2025,11,6,adogan,23,0,0,23
8117,2025-11-06,2025,11,6,zyuksel,1,0,0,1
8118,2025-11-06,2025,11,6,iunlu,9,1,0,10
8119,2025-11-06,2025,11,6,aozbal,2,0,0,2
8120,2025-11-06,2025,11,6,scabuker,0,0,2,2
8121,2025-11-06,2025,11,6,akamera,0,11,0,11
8122,2025-11-06,2025,11,6,abarkod,0,3,0,3
8123,2025-11-06,2025,11,6,gekim,0,90,0,90
8124,2025-11-06,2025,11,6,ntanriverdi,2,0,0,2
8125,2025-11-06,2025,11,6,gmasistan,15,0,0,15
8126,2025-11-06,2025,11,6,bkibar,0,1,0,1
8127,2025-11-06,2025,11,6,fbasak,2,0,0,2
8128,2025-11-06,2025,11,6,ogun,3,2,2,7
8129,2025-11-06,2025,11,6,aayhan,9,6,4,19
8130,2025-11-06,2025,11,6,fimetin,23,3,0,26
8131,2025-11-06,2025,11,6,ggirgin,8,26,3,37
8132,2025-11-06,2025,11,6,vgemici,2,2,0,4
8133,2025-11-06,2025,11,6,tevirgen,12,12,6,30
8134,2025-11-06,2025,11,6,eulsever,0,12,0,12
8135,2025-11-06,2025,11,6,ogungor,2,0,0,2
8136,2025-11-06,2025,11,6,caki,1,0,0,1
8137,2025-11-06,2025,11,6,dnoic,4,0,16,20
8138,2025-11-06,2025,11,6,caozturk,11,0,0,11
8139,2025-11-06,2025,11,6,ebalaban,4,0,0,4
8140,2025-11-06,2025,11,6,amasun,0,197,0,197
8141,2025-11-06,2025,11,6,gbakanoglu,0,4,0,4
8142,2025-11-06,2025,11,6,ekaradavut,1,0,0,1
8143,2025-11-07,2025,11,7,pstjbmetiner,1,2,0,3
8144,2025-11-07,2025,11,7,zyuksel,1,0,0,1
8145,2025-11-07,2025,11,7,udalyan,0,0,27,27
8146,2025-11-07,2025,11,7,hakand,0,2,0,2
8147,2025-11-07,2025,11,7,mecigdem,0,3,0,3
8148,2025-11-07,2025,11,7,ierdil,0,9,0,9
8149,2025-11-07,2025,11,7,itopcu,29,0,0,29
8150,2025-11-07,2025,11,7,kbtlideri,27,0,0,27
8151,2025-11-07,2025,11,7,hakdemir,2,5,0,7
8152,2025-11-07,2025,11,7,ytinmaz,0,2,0,2
8153,2025-11-07,2025,11,7,stjegitim,0,0,8,8
8154,2025-11-07,2025,11,7,VBAYANER,0,1,0,1
8155,2025-11-07,2025,11,7,dcolor,0,67,0,67
8156,2025-11-07,2025,11,7,hbulut,2,0,0,2
8157,2025-11-07,2025,11,7,bfirat,45,0,0,45
8158,2025-11-07,2025,11,7,gakca,2,4,0,6
8159,2025-11-07,2025,11,7,rkontrol,1,1,0,2
8160,2025-11-07,2025,11,7,adogan,1,1,1,3
8161,2025-11-07,2025,11,7,MMUTLU,9,1,3,13
8162,2025-11-07,2025,11,7,amasun,5,52,0,57
8163,2025-11-07,2025,11,7,vgemici,1,0,0,1
8164,2025-11-07,2025,11,7,ntanriverdi,56,1,0,57
8165,2025-11-07,2025,11,7,mkarabiyik,0,1,0,1
8166,2025-11-07,2025,11,7,fimetin,108,69,0,177
8167,2025-11-07,2025,11,7,ggirgin,1,32,0,33
8168,2025-11-07,2025,11,7,mertan,3,1,0,4
8169,2025-11-07,2025,11,7,tevirgen,3,6,18,27
8170,2025-11-07,2025,11,7,akamera,0,4,0,4
8171,2025-11-07,2025,11,7,gayilmaz,20,8,0,28
8172,2025-11-07,2025,11,7,eulsever,0,4,0,4
8173,2025-11-07,2025,11,7,ebalaban,8,0,0,8
8174,2025-11-07,2025,11,7,caozturk,145,2,0,147
8175,2025-11-07,2025,11,7,bsakrak,4,0,0,4
8176,2025-11-07,2025,11,7,oicoz,12,0,0,12
8177,2025-11-07,2025,11,7,caki,2,0,0,2
8178,2025-11-07,2025,11,7,ogungor,6,11,0,17
8179,2025-11-08,2025,11,8,dcolor,0,56,0,56
8180,2025-11-08,2025,11,8,hbinay,25,0,0,25
8181,2025-11-08,2025,11,8,hakdemir,0,1,0,1
8182,2025-11-08,2025,11,8,ebalaban,9,0,0,9
8183,2025-11-08,2025,11,8,mecigdem,0,2,0,2
8184,2025-11-09,2025,11,9,bunver,0,1,0,1
8185,2025-11-09,2025,11,9,aapak,30,77,0,107
8186,2025-11-09,2025,11,9,egonce,1,5,0,6
8187,2025-11-09,2025,11,9,bbugdayci,2,0,2,4
8188,2025-11-09,2025,11,9,kbtlideri,1,0,0,1
8189,2025-11-09,2025,11,9,ierdil,9,9,0,18
8190,2025-11-09,2025,11,9,fgulsever,2,57,0,59
8191,2025-11-09,2025,11,9,BSOGUT,0,8,0,8
8192,2025-11-09,2025,11,9,dcolor,0,6,0,6
8193,2025-11-09,2025,11,9,dayakta,1,0,0,1
8194,2025-11-09,2025,11,9,iunlu,6,44,0,50
8195,2025-11-09,2025,11,9,gekim,0,57,0,57
8196,2025-11-09,2025,11,9,gbakanoglu,4,0,0,4
8197,2025-11-09,2025,11,9,dnoic,43,2,2,47
8198,2025-11-09,2025,11,9,aayhan,4,1,2,7
8199,2025-11-09,2025,11,9,nkorkmaz,0,1,4,5
8200,2025-11-09,2025,11,9,abarkod,0,1,0,1
8201,2025-11-09,2025,11,9,mceylan,4,1,0,5
8202,2025-11-10,2025,11,10,mecigdem,219,0,0,219
8203,2025-11-10,2025,11,10,udalyan,3,4,1,8
8204,2025-11-10,2025,11,10,aapak,0,67,0,67
8205,2025-11-10,2025,11,10,adogan,0,0,2,2
8206,2025-11-10,2025,11,10,gakca,0,1,0,1
8207,2025-11-10,2025,11,10,esaribuyuk,0,5,0,5
8208,2025-11-10,2025,11,10,bsakrak,25,0,0,25
8209,2025-11-10,2025,11,10,ubasdas,2,0,0,2
8210,2025-11-10,2025,11,10,fgulsever,1,40,0,41
8211,2025-11-10,2025,11,10,egonce,9,1,0,10
8212,2025-11-10,2025,11,10,ierdil,5,9,0,14
8213,2025-11-10,2025,11,10,mkarsiv,1,0,0,1
8214,2025-11-10,2025,11,10,hakdemir,3,1,0,4
8215,2025-11-10,2025,11,10,hbinay,7,0,0,7
8216,2025-11-10,2025,11,10,dcolor,0,56,0,56
8217,2025-11-10,2025,11,10,bunver,10,60,0,70
8218,2025-11-10,2025,11,10,hbulut,9,1,0,10
8219,2025-11-10,2025,11,10,bfirat,16,0,0,16
8220,2025-11-10,2025,11,10,iunlu,3,13,0,16
8221,2025-11-10,2025,11,10,mguder,28,0,0,28
8222,2025-11-10,2025,11,10,gekim,0,35,0,35
8223,2025-11-10,2025,11,10,tcapkin,4,1,0,5
8224,2025-11-10,2025,11,10,ekaragoz,3,9,0,12
8225,2025-11-10,2025,11,10,eanli,0,1,0,1
8226,2025-11-10,2025,11,10,akamera,0,7,0,7
8227,2025-11-10,2025,11,10,abarkod,0,12,0,12
8228,2025-11-10,2025,11,10,bkibar,0,1,0,1
8229,2025-11-10,2025,11,10,fbasak,11,1,0,12
8230,2025-11-10,2025,11,10,mkarabiyik,0,2,0,2
8231,2025-11-10,2025,11,10,obali,1,3,2,6
8232,2025-11-10,2025,11,10,MMUTLU,10,3,0,13
8233,2025-11-10,2025,11,10,fimetin,6,0,0,6
8234,2025-11-10,2025,11,10,eatansay,0,1,0,1
8235,2025-11-10,2025,11,10,mertan,4,3,0,7
8236,2025-11-10,2025,11,10,tevirgen,10,7,0,17
8237,2025-11-10,2025,11,10,ogungor,8,2,0,10
8238,2025-11-10,2025,11,10,nibolkis,1,0,0,1
8239,2025-11-10,2025,11,10,mkorucu,2,2,0,4
8240,2025-11-10,2025,11,10,gcevik,4,0,0,4
8241,2025-11-10,2025,11,10,ebalaban,18,0,0,18
8242,2025-11-10,2025,11,10,amasun,0,194,0,194
8243,2025-11-10,2025,11,10,ggirgin,6,3,0,9
8244,2025-11-11,2025,11,11,ierdil,4,5,0,9
8245,2025-11-11,2025,11,11,zyuksel,81,0,0,81
8246,2025-11-11,2025,11,11,mguder,2,0,0,2
8247,2025-11-11,2025,11,11,fgulsever,2,23,0,25
8248,2025-11-11,2025,11,11,BSOGUT,1,0,4,5
8249,2025-11-11,2025,11,11,dayakta,26,61,0,87
8250,2025-11-11,2025,11,11,udalyan,2,4,0,6
8251,2025-11-11,2025,11,11,aapak,1,49,0,50
8252,2025-11-11,2025,11,11,ubasdas,1,0,0,1
8253,2025-11-11,2025,11,11,kbtlideri,1,0,0,1
8254,2025-11-11,2025,11,11,hakand,2,2,0,4
8255,2025-11-11,2025,11,11,ucelebi,0,0,6,6
8256,2025-11-11,2025,11,11,ersener,3,0,0,3
8257,2025-11-11,2025,11,11,aildeniz,0,1,0,1
8258,2025-11-11,2025,11,11,eyuksel,1,0,0,1
8259,2025-11-11,2025,11,11,fcolak,2,0,0,2
8260,2025-11-11,2025,11,11,mkarsiv,2,0,0,2
8261,2025-11-11,2025,11,11,egonce,4,0,0,4
8262,2025-11-11,2025,11,11,hakdemir,6,4,0,10
8263,2025-11-11,2025,11,11,uunver,22,0,0,22
8264,2025-11-11,2025,11,11,dcolor,0,94,0,94
8265,2025-11-11,2025,11,11,gakca,1,5,0,6
8266,2025-11-11,2025,11,11,hbulut,5,0,0,5
8267,2025-11-11,2025,11,11,VBAYANER,0,1,0,1
8268,2025-11-11,2025,11,11,ebadem,19,0,0,19
8269,2025-11-11,2025,11,11,bsakrak,36,0,0,36
8270,2025-11-11,2025,11,11,bfirat,17,0,0,17
8271,2025-11-11,2025,11,11,gekim,0,57,0,57
8272,2025-11-11,2025,11,11,iunlu,4,0,0,4
8273,2025-11-11,2025,11,11,abarkod,0,11,0,11
8274,2025-11-11,2025,11,11,ttlideri,2,0,0,2
8275,2025-11-11,2025,11,11,tcapkin,3,0,0,3
8276,2025-11-11,2025,11,11,ntanriverdi,79,1,0,80
8277,2025-11-11,2025,11,11,gmasistan,6,0,0,6
8278,2025-11-11,2025,11,11,asablon,10,11,0,21
8279,2025-11-11,2025,11,11,fbasak,6,0,0,6
8280,2025-11-11,2025,11,11,aayhan,17,0,0,17
8281,2025-11-11,2025,11,11,obali,0,3,3,6
8282,2025-11-11,2025,11,11,MMUTLU,0,3,0,3
8283,2025-11-11,2025,11,11,fimetin,5,4,0,9
8284,2025-11-11,2025,11,11,akamera,0,5,0,5
8285,2025-11-11,2025,11,11,mertan,10,45,0,55
8286,2025-11-11,2025,11,11,ggirgin,1,44,0,45
8287,2025-11-11,2025,11,11,amasun,0,143,0,143
8288,2025-11-11,2025,11,11,ebalaban,6,0,0,6
8289,2025-11-11,2025,11,11,dnoic,7,0,0,7
8290,2025-11-11,2025,11,11,gcevik,12,0,0,12
8291,2025-11-11,2025,11,11,eanli,2,1,0,3
8292,2025-11-11,2025,11,11,ogungor,4,1,0,5
8293,2025-11-11,2025,11,11,gayilmaz,42,0,0,42
8294,2025-11-11,2025,11,11,tevirgen,6,11,0,17
8295,2025-11-11,2025,11,11,ayyilmaz,2,4,0,6
8296,2025-11-11,2025,11,11,oicoz,3,0,0,3
8297,2025-11-12,2025,11,12,iunlu,2,0,0,2
8298,2025-11-12,2025,11,12,ierdil,9,5,0,14
8299,2025-11-12,2025,11,12,bsakrak,61,0,0,61
8300,2025-11-12,2025,11,12,sfirinci,1,0,0,1
8301,2025-11-12,2025,11,12,nakilli,0,4,0,4
8302,2025-11-12,2025,11,12,aapak,0,35,0,35
8303,2025-11-12,2025,11,12,udalyan,4,0,0,4
8304,2025-11-12,2025,11,12,BSOGUT,113,26,0,139
8305,2025-11-12,2025,11,12,fgulsever,0,5,0,5
8306,2025-11-12,2025,11,12,gsapmaz,21,0,0,21
8307,2025-11-12,2025,11,12,kbtlideri,2,0,0,2
8308,2025-11-12,2025,11,12,mbayirli,3,0,0,3
8309,2025-11-12,2025,11,12,mkarsiv,2,25,0,27
8310,2025-11-12,2025,11,12,egonce,2,4,0,6
8311,2025-11-12,2025,11,12,hakdemir,21,2,0,23
8312,2025-11-12,2025,11,12,tcakan,6,0,0,6
8313,2025-11-12,2025,11,12,eozkan,12,0,0,12
8314,2025-11-12,2025,11,12,dcolor,0,87,0,87
8315,2025-11-12,2025,11,12,ersener,5,0,0,5
8316,2025-11-12,2025,11,12,hbulut,5,0,0,5
8317,2025-11-12,2025,11,12,bfirat,25,0,0,25
8318,2025-11-12,2025,11,12,gekim,0,47,0,47
8319,2025-11-12,2025,11,12,VBAYANER,0,1,0,1
8320,2025-11-12,2025,11,12,fcolak,7,0,0,7
8321,2025-11-12,2025,11,12,amasun,0,185,0,185
8322,2025-11-12,2025,11,12,gcevik,40,0,0,40
8323,2025-11-12,2025,11,12,caozturk,2,0,0,2
8324,2025-11-12,2025,11,12,akamera,3,0,0,3
8325,2025-11-12,2025,11,12,ebalaban,7,0,0,7
8326,2025-11-12,2025,11,12,abarkod,0,2,0,2
8327,2025-11-12,2025,11,12,edemirbas,0,0,1,1
8328,2025-11-12,2025,11,12,vgemici,5,0,0,5
8329,2025-11-12,2025,11,12,ntanriverdi,75,0,0,75
8330,2025-11-12,2025,11,12,fbasak,2,0,0,2
8331,2025-11-12,2025,11,12,ogun,2,0,0,2
8332,2025-11-12,2025,11,12,aayhan,6,0,0,6
8333,2025-11-12,2025,11,12,mkarabiyik,0,1,0,1
8334,2025-11-12,2025,11,12,obali,7,0,2,9
8335,2025-11-12,2025,11,12,ngogce,10,0,7,17
8336,2025-11-12,2025,11,12,fimetin,2,60,0,62
8337,2025-11-12,2025,11,12,MMUTLU,21,1,0,22
8338,2025-11-12,2025,11,12,mkorucu,1,0,0,1
8339,2025-11-12,2025,11,12,kkaplan,7,0,0,7
8340,2025-11-12,2025,11,12,gayilmaz,10,0,0,10
8341,2025-11-12,2025,11,12,dnoic,17,12,13,42
8342,2025-11-12,2025,11,12,tevirgen,10,14,0,24
8343,2025-11-12,2025,11,12,mertan,6,3,0,9
8344,2025-11-12,2025,11,12,ggirgin,10,2,0,12
8345,2025-11-12,2025,11,12,gkenarli,2,0,0,2
8346,2025-11-12,2025,11,12,eulsever,0,4,0,4
8347,2025-11-13,2025,11,13,pstjbmetiner,4,2,0,6
8348,2025-11-13,2025,11,13,fyakut,72,1,0,73
8349,2025-11-13,2025,11,13,gakca,0,1,0,1
8350,2025-11-13,2025,11,13,aapak,0,61,0,61
8351,2025-11-13,2025,11,13,udalyan,3,4,0,7
8352,2025-11-13,2025,11,13,BSOGUT,0,2,0,2
8353,2025-11-13,2025,11,13,fgulsever,6,41,0,47
8354,2025-11-13,2025,11,13,itopcu,1,0,0,1
8355,2025-11-13,2025,11,13,ierdil,9,9,0,18
8356,2025-11-13,2025,11,13,eozkan,2,2,0,4
8357,2025-11-13,2025,11,13,egonce,140,24,0,164
8358,2025-11-13,2025,11,13,herbilgin,1,0,0,1
8359,2025-11-13,2025,11,13,sapra,15,1,0,16
8360,2025-11-13,2025,11,13,dcolor,0,67,0,67
8361,2025-11-13,2025,11,13,hbulut,7,0,0,7
8362,2025-11-13,2025,11,13,bfirat,29,4,0,33
8363,2025-11-13,2025,11,13,VBAYANER,0,7,0,7
8364,2025-11-13,2025,11,13,gekim,0,102,0,102
8365,2025-11-13,2025,11,13,nkaya,64,14,0,78
8366,2025-11-13,2025,11,13,SUYILMAZ,3,0,0,3
8367,2025-11-13,2025,11,13,ebalaban,22,0,0,22
8368,2025-11-13,2025,11,13,caozturk,0,2,0,2
8369,2025-11-13,2025,11,13,akamera,0,1,0,1
8370,2025-11-13,2025,11,13,ngogce,8,0,6,14
8371,2025-11-13,2025,11,13,vgemici,1,0,0,1
8372,2025-11-13,2025,11,13,ntanriverdi,24,3,0,27
8373,2025-11-13,2025,11,13,asablon,1,0,0,1
8374,2025-11-13,2025,11,13,fbasak,1,0,0,1
8375,2025-11-13,2025,11,13,aayhan,5,0,0,5
8376,2025-11-13,2025,11,13,obali,11,7,0,18
8377,2025-11-13,2025,11,13,MMUTLU,62,1,0,63
8378,2025-11-13,2025,11,13,tcapkin,4,0,0,4
8379,2025-11-13,2025,11,13,ggirgin,1,32,1,34
8380,2025-11-13,2025,11,13,mertan,0,1,0,1
8381,2025-11-13,2025,11,13,tevirgen,6,6,0,12
8382,2025-11-13,2025,11,13,eulsever,0,4,0,4
8383,2025-11-13,2025,11,13,ogungor,2,1,0,3
8384,2025-11-13,2025,11,13,nibolkis,4,0,0,4
8385,2025-11-13,2025,11,13,mkorucu,2,4,0,6
8386,2025-11-13,2025,11,13,dnoic,1,8,0,9
8387,2025-11-13,2025,11,13,fimetin,15,0,0,15
8388,2025-11-14,2025,11,14,gakca,0,1,0,1
8389,2025-11-14,2025,11,14,udalyan,6,5,0,11
8390,2025-11-14,2025,11,14,mecigdem,0,2,0,2
8391,2025-11-14,2025,11,14,hakand,6,4,0,10
8392,2025-11-14,2025,11,14,ierdil,2,10,0,12
8393,2025-11-14,2025,11,14,sekisa,194,0,0,194
8394,2025-11-14,2025,11,14,sutetik,5,0,0,5
8395,2025-11-14,2025,11,14,hakdemir,12,6,0,18
8396,2025-11-14,2025,11,14,dcolor,0,115,0,115
8397,2025-11-14,2025,11,14,hbulut,24,1,0,25
8398,2025-11-14,2025,11,14,bfirat,7,0,0,7
8399,2025-11-14,2025,11,14,adogan,24,0,2,26
8400,2025-11-14,2025,11,14,mkarsiv,4,0,0,4
8401,2025-11-14,2025,11,14,fbalaban,0,1,0,1
8402,2025-11-14,2025,11,14,ogungor,2,2,0,4
8403,2025-11-14,2025,11,14,ebalaban,6,0,0,6
8404,2025-11-14,2025,11,14,amasun,3,22,0,25
8405,2025-11-14,2025,11,14,ngogce,27,3,0,30
8406,2025-11-14,2025,11,14,ttlideri,2,6,0,8
8407,2025-11-14,2025,11,14,vgemici,4,0,0,4
8408,2025-11-14,2025,11,14,ntanriverdi,10,0,0,10
8409,2025-11-14,2025,11,14,MMUTLU,0,0,1,1
8410,2025-11-14,2025,11,14,akamera,1,10,0,11
8411,2025-11-14,2025,11,14,ggirgin,19,50,0,69
8412,2025-11-14,2025,11,14,mertan,0,25,0,25
8413,2025-11-14,2025,11,14,tevirgen,0,7,3,10
8414,2025-11-14,2025,11,14,fimetin,9,2,0,11
8415,2025-11-14,2025,11,14,oicoz,0,7,0,7
8416,2025-11-14,2025,11,14,caozturk,0,0,6,6
8417,2025-11-15,2025,11,15,rkontrol,1,0,0,1
8418,2025-11-15,2025,11,15,dcolor,0,54,0,54
8419,2025-11-15,2025,11,15,ebalaban,61,0,0,61
8420,2025-11-15,2025,11,15,mecigdem,0,1,0,1
8421,2025-11-16,2025,11,16,aapak,1,47,0,48
8422,2025-11-16,2025,11,16,egonce,15,4,0,19
8423,2025-11-16,2025,11,16,fcolak,15,3,0,18
8424,2025-11-16,2025,11,16,cyildiz,2,2,0,4
8425,2025-11-16,2025,11,16,bbugdayci,1,7,0,8
8426,2025-11-16,2025,11,16,aildeniz,3,0,0,3
8427,2025-11-16,2025,11,16,ierdil,0,5,0,5
8428,2025-11-16,2025,11,16,fgulsever,0,7,0,7
8429,2025-11-16,2025,11,16,ubasdas,1,0,0,1
8430,2025-11-16,2025,11,16,dcolor,0,6,0,6
8431,2025-11-16,2025,11,16,gekim,0,57,0,57
8432,2025-11-16,2025,11,16,dnoic,10,2,1,13
8433,2025-11-16,2025,11,16,mkorucu,1,0,0,1
8434,2025-11-16,2025,11,16,TIRMAK,5,9,0,14
8435,2025-11-16,2025,11,16,ogun,0,0,2,2
8436,2025-11-16,2025,11,16,fbasak,1,2,0,3
8437,2025-11-16,2025,11,16,tcapkin,7,24,0,31
8438,2025-11-16,2025,11,16,abarkod,0,1,0,1
8439,2025-11-16,2025,11,16,iunlu,1,1,0,2
8440,2025-11-17,2025,11,17,mguder,6,0,0,6
8441,2025-11-17,2025,11,17,fgulsever,1,2,0,3
8442,2025-11-17,2025,11,17,BSOGUT,48,0,0,48
8443,2025-11-17,2025,11,17,ubasdas,3,0,0,3
8444,2025-11-17,2025,11,17,udalyan,1,0,2,3
8445,2025-11-17,2025,11,17,aapak,0,94,0,94
8446,2025-11-17,2025,11,17,zyuksel,9,1,0,10
8447,2025-11-17,2025,11,17,gakca,3,14,0,17
8448,2025-11-17,2025,11,17,mecigdem,0,2,0,2
8449,2025-11-17,2025,11,17,ierdil,3,7,0,10
8450,2025-11-17,2025,11,17,egonce,60,9,0,69
8451,2025-11-17,2025,11,17,sekisa,48,0,0,48
8452,2025-11-17,2025,11,17,mkarsiv,2,0,0,2
8453,2025-11-17,2025,11,17,adogan,5,26,0,31
8454,2025-11-17,2025,11,17,mmollaoglu,1,0,0,1
8455,2025-11-17,2025,11,17,eozkan,1,0,0,1
8456,2025-11-17,2025,11,17,dcolor,0,55,0,55
8457,2025-11-17,2025,11,17,ekoksal,1,0,0,1
8458,2025-11-17,2025,11,17,ersener,2,2,0,4
8459,2025-11-17,2025,11,17,hbulut,8,0,0,8
8460,2025-11-17,2025,11,17,bfirat,2,0,0,2
8461,2025-11-17,2025,11,17,bunver,5,0,0,5
8462,2025-11-17,2025,11,17,mguray,10,0,0,10
8463,2025-11-17,2025,11,17,iunlu,2,20,0,22
8464,2025-11-17,2025,11,17,hakand,26,2,0,28
8465,2025-11-17,2025,11,17,cisahin,2,58,0,60
8466,2025-11-17,2025,11,17,gekim,0,54,0,54
8467,2025-11-17,2025,11,17,akamera,3,25,0,28
8468,2025-11-17,2025,11,17,ngogce,44,3,0,47
8469,2025-11-17,2025,11,17,abarkod,0,2,0,2
8470,2025-11-17,2025,11,17,vgemici,4,0,0,4
8471,2025-11-17,2025,11,17,tcapkin,3,0,0,3
8472,2025-11-17,2025,11,17,ntanriverdi,8,0,0,8
8473,2025-11-17,2025,11,17,aayhan,14,1,3,18
8474,2025-11-17,2025,11,17,obali,5,0,0,5
8475,2025-11-17,2025,11,17,MMUTLU,2942,0,3,2945
8476,2025-11-17,2025,11,17,fimetin,2,0,0,2
8477,2025-11-17,2025,11,17,asablon,1,0,0,1
8478,2025-11-17,2025,11,17,mertan,0,1,0,1
8479,2025-11-17,2025,11,17,ggirgin,30,8,1,39
8480,2025-11-17,2025,11,17,amasun,0,15,0,15
8481,2025-11-17,2025,11,17,ebalaban,13,1,0,14
8482,2025-11-17,2025,11,17,caozturk,13,1,0,14
8483,2025-11-17,2025,11,17,oicoz,3,44,0,47
8484,2025-11-17,2025,11,17,eanli,6,0,0,6
8485,2025-11-17,2025,11,17,ogungor,3,2,0,5
8486,2025-11-17,2025,11,17,tevirgen,9,7,2,18
8487,2025-11-17,2025,11,17,ayyilmaz,0,1,0,1
8488,2025-11-17,2025,11,17,okanat,6,0,0,6
8489,2025-11-18,2025,11,18,BSOGUT,70,0,0,70
8490,2025-11-18,2025,11,18,gekim,0,63,0,63
8491,2025-11-18,2025,11,18,iunlu,4,2,0,6
8492,2025-11-18,2025,11,18,adogan,3,7,0,10
8493,2025-11-18,2025,11,18,fyakut,2,0,0,2
8494,2025-11-18,2025,11,18,aapak,18,25,0,43
8495,2025-11-18,2025,11,18,udalyan,1,3,0,4
8496,2025-11-18,2025,11,18,mecigdem,0,3,0,3
8497,2025-11-18,2025,11,18,hakand,19,1,0,20
8498,2025-11-18,2025,11,18,fgulsever,2,21,0,23
8499,2025-11-18,2025,11,18,zkurt,0,0,1,1
8500,2025-11-18,2025,11,18,aakyildiz,2,0,0,2
8501,2025-11-18,2025,11,18,egonce,23,12,0,35
8502,2025-11-18,2025,11,18,hakdemir,10,4,0,14
8503,2025-11-18,2025,11,18,fdeniz,0,0,15,15
8504,2025-11-18,2025,11,18,tcakan,2,1,0,3
8505,2025-11-18,2025,11,18,bunver,1,0,0,1
8506,2025-11-18,2025,11,18,eozkan,1,0,0,1
8507,2025-11-18,2025,11,18,dcolor,0,76,0,76
8508,2025-11-18,2025,11,18,ersener,1,0,0,1
8509,2025-11-18,2025,11,18,hbulut,6,0,0,6
8510,2025-11-18,2025,11,18,ierdil,8,8,0,16
8511,2025-11-18,2025,11,18,amasun,2,6,0,8
8512,2025-11-18,2025,11,18,ntanriverdi,0,1,0,1
8513,2025-11-18,2025,11,18,dnoic,13,7,0,20
8514,2025-11-18,2025,11,18,ebalaban,20,0,0,20
8515,2025-11-18,2025,11,18,akamera,1,6,0,7
8516,2025-11-18,2025,11,18,abarkod,0,4,0,4
8517,2025-11-18,2025,11,18,edemirbas,0,0,1,1
8518,2025-11-18,2025,11,18,vgemici,1,0,0,1
8519,2025-11-18,2025,11,18,bkibar,0,2,0,2
8520,2025-11-18,2025,11,18,nkorkmaz,4,0,0,4
8521,2025-11-18,2025,11,18,cer,0,1,0,1
8522,2025-11-18,2025,11,18,aayhan,0,0,10,10
8523,2025-11-18,2025,11,18,mkarabiyik,0,1,0,1
8524,2025-11-18,2025,11,18,gmasistan,10,6,0,16
8525,2025-11-18,2025,11,18,MMUTLU,607,4,0,611
8526,2025-11-18,2025,11,18,fimetin,39,7,0,46
8527,2025-11-18,2025,11,18,ggirgin,7,17,0,24
8528,2025-11-18,2025,11,18,tevirgen,2,14,7,23
8529,2025-11-18,2025,11,18,gayilmaz,23,1,0,24
8530,2025-11-18,2025,11,18,ogungor,4,0,0,4
8531,2025-11-18,2025,11,18,nibolkis,3,0,0,3
8532,2025-11-18,2025,11,18,okanat,1,4,0,5
8533,2025-11-18,2025,11,18,mkorucu,5,0,0,5
8534,2025-11-18,2025,11,18,obali,11,0,0,11
8535,2025-11-19,2025,11,19,ytinmaz,3,0,0,3
8536,2025-11-19,2025,11,19,ierdil,3,5,0,8
8537,2025-11-19,2025,11,19,mguder,0,11,2,13
8538,2025-11-19,2025,11,19,fgulsever,0,131,0,131
8539,2025-11-19,2025,11,19,BSOGUT,4,0,0,4
8540,2025-11-19,2025,11,19,dayakta,29,40,0,69
8541,2025-11-19,2025,11,19,mecigdem,0,2,0,2
8542,2025-11-19,2025,11,19,udalyan,4,0,0,4
8543,2025-11-19,2025,11,19,aapak,0,4,0,4
8544,2025-11-19,2025,11,19,stjegitim,105,210,0,315
8545,2025-11-19,2025,11,19,hakand,10,3,0,13
8546,2025-11-19,2025,11,19,eyuksel,4,0,0,4
8547,2025-11-19,2025,11,19,ersener,4,0,0,4
8548,2025-11-19,2025,11,19,aakyildiz,19,0,0,19
8549,2025-11-19,2025,11,19,fcolak,10,0,0,10
8550,2025-11-19,2025,11,19,egonce,66,13,0,79
8551,2025-11-19,2025,11,19,hakdemir,0,9,0,9
8552,2025-11-19,2025,11,19,tcakan,0,0,11,11
8553,2025-11-19,2025,11,19,vdemirkaya,45,0,0,45
8554,2025-11-19,2025,11,19,eozkan,2,0,0,2
8555,2025-11-19,2025,11,19,gbalvan,1,2,0,3
8556,2025-11-19,2025,11,19,dcolor,0,77,0,77
8557,2025-11-19,2025,11,19,gakca,1,0,0,1
8558,2025-11-19,2025,11,19,hbulut,4,2,0,6
8559,2025-11-19,2025,11,19,bfirat,2,0,0,2
8560,2025-11-19,2025,11,19,cyildiz,1,1,0,2
8561,2025-11-19,2025,11,19,adogan,3,0,0,3
8562,2025-11-19,2025,11,19,ubasdas,10,0,0,10
8563,2025-11-19,2025,11,19,iunlu,2,0,0,2
8564,2025-11-19,2025,11,19,sfirinci,0,1,0,1
8565,2025-11-19,2025,11,19,abarkod,0,1,0,1
8566,2025-11-19,2025,11,19,vgemici,1,0,0,1
8567,2025-11-19,2025,11,19,ntanriverdi,2,0,0,2
8568,2025-11-19,2025,11,19,bkibar,2,0,0,2
8569,2025-11-19,2025,11,19,nkorkmaz,1,6,5,12
8570,2025-11-19,2025,11,19,fbasak,1,0,0,1
8571,2025-11-19,2025,11,19,aayhan,0,9,1,10
8572,2025-11-19,2025,11,19,mkarabiyik,8,1,0,9
8573,2025-11-19,2025,11,19,obali,3,2,1,6
8574,2025-11-19,2025,11,19,MMUTLU,4,0,5,9
8575,2025-11-19,2025,11,19,fimetin,0,1,0,1
8576,2025-11-19,2025,11,19,ggirgin,2,14,3,19
8577,2025-11-19,2025,11,19,akamera,0,1,0,1
8578,2025-11-19,2025,11,19,ayyilmaz,2,0,0,2
8579,2025-11-19,2025,11,19,tevirgen,31,13,0,44
8580,2025-11-19,2025,11,19,ogungor,2,2,0,4
8581,2025-11-19,2025,11,19,klaboratuar,0,2,0,2
8582,2025-11-19,2025,11,19,gcevik,15,0,0,15
8583,2025-11-19,2025,11,19,caozturk,0,42,0,42
8584,2025-11-19,2025,11,19,ebalaban,9,0,0,9
8585,2025-11-19,2025,11,19,amasun,3,35,0,38
8586,2025-11-19,2025,11,19,SUYILMAZ,4,0,0,4
8587,2025-11-19,2025,11,19,gbakanoglu,6,0,0,6
8588,2025-11-19,2025,11,19,gekim,0,57,0,57
8589,2025-11-19,2025,11,19,mertan,3,6,0,9
8590,2025-11-20,2025,11,20,mguray,2,0,0,2
8591,2025-11-20,2025,11,20,ierdil,8,5,0,13
8592,2025-11-20,2025,11,20,pstjbmetiner,6,0,0,6
8593,2025-11-20,2025,11,20,mguder,6,0,0,6
8594,2025-11-20,2025,11,20,aapak,0,54,0,54
8595,2025-11-20,2025,11,20,esaribuyuk,0,2,0,2
8596,2025-11-20,2025,11,20,hakand,0,11,0,11
8597,2025-11-20,2025,11,20,mecigdem,0,2,0,2
8598,2025-11-20,2025,11,20,udalyan,0,1,41,42
8599,2025-11-20,2025,11,20,stjegitim,54,16,0,70
8600,2025-11-20,2025,11,20,BSOGUT,8,1,0,9
8601,2025-11-20,2025,11,20,nkaya,12,3,0,15
8602,2025-11-20,2025,11,20,msevim,2,0,0,2
8603,2025-11-20,2025,11,20,fcolak,3,10,0,13
8604,2025-11-20,2025,11,20,sekisa,3,1,0,4
8605,2025-11-20,2025,11,20,egonce,8,7,0,15
8606,2025-11-20,2025,11,20,hakdemir,11,7,0,18
8607,2025-11-20,2025,11,20,hbinay,5,0,0,5
8608,2025-11-20,2025,11,20,VBAYANER,0,28,0,28
8609,2025-11-20,2025,11,20,dcolor,0,79,0,79
8610,2025-11-20,2025,11,20,sutetik,6,0,0,6
8611,2025-11-20,2025,11,20,hbulut,6,0,0,6
8612,2025-11-20,2025,11,20,bfirat,8,0,0,8
8613,2025-11-20,2025,11,20,gakca,1,0,0,1
8614,2025-11-20,2025,11,20,cyildiz,1,1,0,2
8615,2025-11-20,2025,11,20,adogan,9,0,0,9
8616,2025-11-20,2025,11,20,eozkan,1,0,0,1
8617,2025-11-20,2025,11,20,gekim,0,51,0,51
8618,2025-11-20,2025,11,20,akamera,0,17,0,17
8619,2025-11-20,2025,11,20,abarkod,0,33,0,33
8620,2025-11-20,2025,11,20,edemirbas,1,0,1,2
8621,2025-11-20,2025,11,20,vgemici,1,1,0,2
8622,2025-11-20,2025,11,20,ntanriverdi,97,3,0,100
8623,2025-11-20,2025,11,20,asablon,3,0,0,3
8624,2025-11-20,2025,11,20,nkorkmaz,5,3,67,75
8625,2025-11-20,2025,11,20,fbasak,2,0,0,2
8626,2025-11-20,2025,11,20,aayhan,10,1,0,11
8627,2025-11-20,2025,11,20,fyilanci,1,0,0,1
8628,2025-11-20,2025,11,20,mkarabiyik,0,2,0,2
8629,2025-11-20,2025,11,20,obali,0,4,0,4
8630,2025-11-20,2025,11,20,iunlu,11,11,0,22
8631,2025-11-20,2025,11,20,ggirgin,0,12,0,12
8632,2025-11-20,2025,11,20,gbakanoglu,1,1,0,2
8633,2025-11-20,2025,11,20,zkurt,0,0,1,1
8634,2025-11-20,2025,11,20,amasun,0,2,0,2
8635,2025-11-20,2025,11,20,ebalaban,19,0,0,19
8636,2025-11-20,2025,11,20,gcevik,0,0,1,1
8637,2025-11-20,2025,11,20,MMUTLU,1,1,0,2
8638,2025-11-20,2025,11,20,mkorucu,2,0,0,2
8639,2025-11-20,2025,11,20,nbolkis,7,0,0,7
8640,2025-11-20,2025,11,20,ogungor,2,0,0,2
8641,2025-11-20,2025,11,20,tevirgen,8,11,0,19
8642,2025-11-20,2025,11,20,mertan,5,1,0,6
8643,2025-11-20,2025,11,20,caki,8,7,0,15
8644,2025-11-21,2025,11,21,udalyan,3,0,0,3
8645,2025-11-21,2025,11,21,mecigdem,16,0,0,16
8646,2025-11-21,2025,11,21,gsapmaz,63,0,0,63
8647,2025-11-21,2025,11,21,mguder,8,21,1,30
8648,2025-11-21,2025,11,21,zyuksel,40,0,0,40
8649,2025-11-21,2025,11,21,ierdil,0,5,0,5
8650,2025-11-21,2025,11,21,stjegitim,0,0,17,17
8651,2025-11-21,2025,11,21,msevim,1,0,0,1
8652,2025-11-21,2025,11,21,hakdemir,3,0,0,3
8653,2025-11-21,2025,11,21,eozkan,34,6,0,40
8654,2025-11-21,2025,11,21,dcolor,0,82,0,82
8655,2025-11-21,2025,11,21,oguler,0,2,0,2
8656,2025-11-21,2025,11,21,hbulut,6,0,0,6
8657,2025-11-21,2025,11,21,VBAYANER,24,0,0,24
8658,2025-11-21,2025,11,21,mkarsiv,1,0,0,1
8659,2025-11-21,2025,11,21,ekoksal,2,0,0,2
8660,2025-11-21,2025,11,21,gakca,2,3,0,5
8661,2025-11-21,2025,11,21,dnoic,17,1,8,26
8662,2025-11-21,2025,11,21,ebalaban,8,0,0,8
8663,2025-11-21,2025,11,21,vgemici,2,1,0,3
8664,2025-11-21,2025,11,21,ntanriverdi,78,0,0,78
8665,2025-11-21,2025,11,21,bkibar,1,0,0,1
8666,2025-11-21,2025,11,21,MMUTLU,42,1,0,43
8667,2025-11-21,2025,11,21,fimetin,0,2,0,2
8668,2025-11-21,2025,11,21,ngogce,1,0,0,1
8669,2025-11-21,2025,11,21,ekaradavut,3,0,0,3
8670,2025-11-21,2025,11,21,ggirgin,7,7,0,14
8671,2025-11-21,2025,11,21,ogungor,2,1,0,3
8672,2025-11-21,2025,11,21,eulsever,0,4,0,4
8673,2025-11-21,2025,11,21,mertan,0,3,0,3
8674,2025-11-21,2025,11,21,ayyilmaz,20,0,0,20
8675,2025-11-21,2025,11,21,tevirgen,33,9,28,70
8676,2025-11-22,2025,11,22,ebalaban,7,0,0,7
8677,2025-11-22,2025,11,22,mecigdem,1,2,0,3
8678,2025-11-22,2025,11,22,dcolor,0,73,0,73
8679,2025-11-22,2025,11,22,hakdemir,1,3,0,4
8680,2025-11-23,2025,11,23,akapucu,11,0,0,11
8681,2025-11-23,2025,11,23,aapak,0,38,0,38
8682,2025-11-23,2025,11,23,dcolor,0,5,0,5
8683,2025-11-23,2025,11,23,egonce,3,10,0,13
8684,2025-11-23,2025,11,23,mkarsiv,0,3,0,3
8685,2025-11-23,2025,11,23,fcolak,12,0,0,12
8686,2025-11-23,2025,11,23,ierdil,0,7,0,7
8687,2025-11-23,2025,11,23,fgulsever,0,21,0,21
8688,2025-11-23,2025,11,23,esaribuyuk,0,5,0,5
8689,2025-11-23,2025,11,23,ubasdas,1,2,0,3
8690,2025-11-23,2025,11,23,SUYILMAZ,5,4,0,9
8691,2025-11-23,2025,11,23,gekim,0,72,0,72
8692,2025-11-23,2025,11,23,fbasak,19,0,0,19
8693,2025-11-23,2025,11,23,aayhan,0,9,3,12
8694,2025-11-23,2025,11,23,nbolkis,1,0,0,1
8695,2025-11-23,2025,11,23,abarkod,0,3,0,3
8696,2025-11-23,2025,11,23,kcakir,4,0,0,4
8697,2025-11-23,2025,11,23,mkorucu,6,0,0,6
8698,2025-11-23,2025,11,23,dnoic,67,2,1,70
8699,2025-11-23,2025,11,23,TIRMAK,1,1,0,2
8700,2025-11-24,2025,11,24,BSOGUT,1,0,0,1
8701,2025-11-24,2025,11,24,gakca,2,8,0,10
8702,2025-11-24,2025,11,24,ubasdas,0,2,0,2
8703,2025-11-24,2025,11,24,dayakta,4,0,0,4
8704,2025-11-24,2025,11,24,aapak,18,9,0,27
8705,2025-11-24,2025,11,24,udalyan,1,1,1,3
8706,2025-11-24,2025,11,24,mecigdem,0,2,0,2
8707,2025-11-24,2025,11,24,fgulsever,0,52,0,52
8708,2025-11-24,2025,11,24,mkarsiv,3,0,0,3
8709,2025-11-24,2025,11,24,pstjbmetiner,2,0,0,2
8710,2025-11-24,2025,11,24,ierdil,4,5,0,9
8711,2025-11-24,2025,11,24,aildeniz,2,2,0,4
8712,2025-11-24,2025,11,24,gekim,0,73,0,73
8713,2025-11-24,2025,11,24,egonce,15,6,0,21
8714,2025-11-24,2025,11,24,hakdemir,10,2,0,12
8715,2025-11-24,2025,11,24,uunver,12,0,0,12
8716,2025-11-24,2025,11,24,mmollaoglu,1,0,0,1
8717,2025-11-24,2025,11,24,dcolor,0,37,0,37
8718,2025-11-24,2025,11,24,mguder,2,0,0,2
8719,2025-11-24,2025,11,24,SUYILMAZ,3,0,0,3
8720,2025-11-24,2025,11,24,nakilli,1,0,0,1
8721,2025-11-24,2025,11,24,amasun,0,10,0,10
8722,2025-11-24,2025,11,24,aozbal,1,0,0,1
8723,2025-11-24,2025,11,24,akamera,2,60,0,62
8724,2025-11-24,2025,11,24,ngogce,12,0,0,12
8725,2025-11-24,2025,11,24,abarkod,0,1,0,1
8726,2025-11-24,2025,11,24,edemirbas,0,2,2,4
8727,2025-11-24,2025,11,24,ntanriverdi,8,1,0,9
8728,2025-11-24,2025,11,24,mkarabiyik,0,2,0,2
8729,2025-11-24,2025,11,24,obali,1,0,14,15
8730,2025-11-24,2025,11,24,MMUTLU,0,4,0,4
8731,2025-11-24,2025,11,24,tcapkin,5,0,0,5
8732,2025-11-24,2025,11,24,ggirgin,21,2,0,23
8733,2025-11-24,2025,11,24,tevirgen,5,46,13,64
8734,2025-11-24,2025,11,24,gayilmaz,5,0,0,5
8735,2025-11-24,2025,11,24,ogungor,5,5,0,10
8736,2025-11-24,2025,11,24,TIRMAK,2,0,0,2
8737,2025-11-24,2025,11,24,okanat,0,2,0,2
8738,2025-11-24,2025,11,24,gcevik,5,0,0,5
8739,2025-11-24,2025,11,24,dnoic,51,0,0,51
8740,2025-11-24,2025,11,24,fimetin,0,1,0,1
8741,2025-11-24,2025,11,24,ebalaban,12,0,0,12
8742,2025-11-25,2025,11,25,ytinmaz,1,0,0,1
8743,2025-11-25,2025,11,25,ierdil,2,9,0,11
8744,2025-11-25,2025,11,25,pstjbmetiner,22,3,0,25
8745,2025-11-25,2025,11,25,fgulsever,2,32,0,34
8746,2025-11-25,2025,11,25,aapak,0,23,0,23
8747,2025-11-25,2025,11,25,mecigdem,0,4,0,4
8748,2025-11-25,2025,11,25,udalyan,5,5,0,10
8749,2025-11-25,2025,11,25,acelebi,8,1,0,9
8750,2025-11-25,2025,11,25,BSOGUT,2,0,2,4
8751,2025-11-25,2025,11,25,sekisa,0,0,1,1
8752,2025-11-25,2025,11,25,VBAYANER,5,0,0,5
8753,2025-11-25,2025,11,25,hakdemir,1,2,0,3
8754,2025-11-25,2025,11,25,uunver,6,5,0,11
8755,2025-11-25,2025,11,25,mbayirli,2,0,0,2
8756,2025-11-25,2025,11,25,msevim,2,0,0,2
8757,2025-11-25,2025,11,25,eozkan,30,0,0,30
8758,2025-11-25,2025,11,25,dcolor,0,94,0,94
8759,2025-11-25,2025,11,25,hbulut,26,2,0,28
8760,2025-11-25,2025,11,25,bfirat,13,4,0,17
8761,2025-11-25,2025,11,25,gakca,1,0,0,1
8762,2025-11-25,2025,11,25,egonce,7,4,0,11
8763,2025-11-25,2025,11,25,fyakut,3,0,0,3
8764,2025-11-25,2025,11,25,caozturk,41,11,0,52
8765,2025-11-25,2025,11,25,gekim,0,75,0,75
8766,2025-11-25,2025,11,25,abarkod,0,3,0,3
8767,2025-11-25,2025,11,25,vgemici,1,0,0,1
8768,2025-11-25,2025,11,25,tcapkin,2,0,0,2
8769,2025-11-25,2025,11,25,nkorkmaz,3,1,6,10
8770,2025-11-25,2025,11,25,obali,4,0,2,6
8771,2025-11-25,2025,11,25,fimetin,1,3,0,4
8772,2025-11-25,2025,11,25,ggirgin,1,1,0,2
8773,2025-11-25,2025,11,25,mertan,0,1,0,1
8774,2025-11-25,2025,11,25,ayyilmaz,14,0,0,14
8775,2025-11-25,2025,11,25,akamera,0,15,0,15
8776,2025-11-25,2025,11,25,uyigit,45,0,0,45
8777,2025-11-25,2025,11,25,ogungor,4,1,0,5
8778,2025-11-25,2025,11,25,mkorucu,5,0,0,5
8779,2025-11-25,2025,11,25,dnoic,33,3,1,37
8780,2025-11-25,2025,11,25,sfirinci,0,2,0,2
8781,2025-11-25,2025,11,25,ebalaban,2,0,0,2
8782,2025-11-25,2025,11,25,amasun,4,26,0,30
8783,2025-11-25,2025,11,25,cozkan,2,0,0,2
8784,2025-11-25,2025,11,25,cisahin,1,36,0,37
8785,2025-11-25,2025,11,25,tevirgen,40,47,21,108
8786,2025-11-26,2025,11,26,ierdil,6,5,0,11
8787,2025-11-26,2025,11,26,pstjbmetiner,23,0,0,23
8788,2025-11-26,2025,11,26,fgulsever,0,11,0,11
8789,2025-11-26,2025,11,26,ubasdas,4,3,0,7
8790,2025-11-26,2025,11,26,udalyan,6,5,0,11
8791,2025-11-26,2025,11,26,aapak,0,34,0,34
8792,2025-11-26,2025,11,26,stjegitim,0,0,1,1
8793,2025-11-26,2025,11,26,mecigdem,0,2,0,2
8794,2025-11-26,2025,11,26,cyildiz,1,1,0,2
8795,2025-11-26,2025,11,26,eozkan,4,2,0,6
8796,2025-11-26,2025,11,26,egonce,5,8,0,13
8797,2025-11-26,2025,11,26,hakdemir,2,6,0,8
8798,2025-11-26,2025,11,26,sapra,11,0,0,11
8799,2025-11-26,2025,11,26,dcolor,0,81,0,81
8800,2025-11-26,2025,11,26,hbulut,1,0,0,1
8801,2025-11-26,2025,11,26,bfirat,0,3,0,3
8802,2025-11-26,2025,11,26,VBAYANER,1,0,0,1
8803,2025-11-26,2025,11,26,gakca,1,3,0,4
8804,2025-11-26,2025,11,26,mkarsiv,1,0,0,1
8805,2025-11-26,2025,11,26,fyakut,6,2,0,8
8806,2025-11-26,2025,11,26,gbakanoglu,57,0,0,57
8807,2025-11-26,2025,11,26,akamera,0,7,0,7
8808,2025-11-26,2025,11,26,gekim,0,92,0,92
8809,2025-11-26,2025,11,26,abarkod,0,1,0,1
8810,2025-11-26,2025,11,26,vgemici,2,0,0,2
8811,2025-11-26,2025,11,26,ntanriverdi,0,1,0,1
8812,2025-11-26,2025,11,26,bkibar,0,1,0,1
8813,2025-11-26,2025,11,26,fbasak,2,0,0,2
8814,2025-11-26,2025,11,26,obali,3,8,1,12
8815,2025-11-26,2025,11,26,fimetin,0,19,0,19
8816,2025-11-26,2025,11,26,nkorkmaz,0,2,0,2
8817,2025-11-26,2025,11,26,ekaradavut,0,2,0,2
8818,2025-11-26,2025,11,26,ggirgin,16,2,0,18
8819,2025-11-26,2025,11,26,ebalaban,6,0,0,6
8820,2025-11-26,2025,11,26,dnoic,76,0,1,77
8821,2025-11-26,2025,11,26,mkorucu,1,0,0,1
8822,2025-11-26,2025,11,26,amasun,0,52,0,52
8823,2025-11-26,2025,11,26,tevirgen,8,6,19,33
8824,2025-11-26,2025,11,26,mertan,3,0,0,3
8825,2025-11-26,2025,11,26,TIRMAK,33,7,0,40
8826,2025-11-27,2025,11,27,mguder,1,0,0,1
8827,2025-11-27,2025,11,27,gakca,2,3,0,5
8828,2025-11-27,2025,11,27,oguler,5,0,0,5
8829,2025-11-27,2025,11,27,aapak,0,65,0,65
8830,2025-11-27,2025,11,27,mecigdem,0,5,0,5
8831,2025-11-27,2025,11,27,hakand,2,0,0,2
8832,2025-11-27,2025,11,27,fgulsever,0,5,0,5
8833,2025-11-27,2025,11,27,ierdil,2,5,0,7
8834,2025-11-27,2025,11,27,adogan,13,0,0,13
8835,2025-11-27,2025,11,27,egonce,24,2,0,26
8836,2025-11-27,2025,11,27,hakdemir,6,3,0,9
8837,2025-11-27,2025,11,27,eozkan,1,2,0,3
8838,2025-11-27,2025,11,27,dcolor,0,86,0,86
8839,2025-11-27,2025,11,27,sutetik,4,0,0,4
8840,2025-11-27,2025,11,27,hbulut,40,0,0,40
8841,2025-11-27,2025,11,27,bfirat,10,0,0,10
8842,2025-11-27,2025,11,27,VBAYANER,4,0,0,4
8843,2025-11-27,2025,11,27,mkarsiv,1,0,0,1
8844,2025-11-27,2025,11,27,gekim,0,24,0,24
8845,2025-11-27,2025,11,27,eulsever,0,8,0,8
8846,2025-11-27,2025,11,27,amasun,0,42,0,42
8847,2025-11-27,2025,11,27,akamera,0,3,0,3
8848,2025-11-27,2025,11,27,ekaragoz,2,0,0,2
8849,2025-11-27,2025,11,27,vgemici,2,0,0,2
8850,2025-11-27,2025,11,27,tcapkin,2,3,0,5
8851,2025-11-27,2025,11,27,ntanriverdi,2,0,0,2
8852,2025-11-27,2025,11,27,aayhan,2,0,7,9
8853,2025-11-27,2025,11,27,obali,0,1,0,1
8854,2025-11-27,2025,11,27,MMUTLU,7,2,1,10
8855,2025-11-27,2025,11,27,abarkod,0,36,0,36
8856,2025-11-27,2025,11,27,ggirgin,15,6,0,21
8857,2025-11-27,2025,11,27,tevirgen,11,17,6,34
8858,2025-11-27,2025,11,27,ogungor,1,0,0,1
8859,2025-11-27,2025,11,27,TIRMAK,9,19,0,28
8860,2025-11-27,2025,11,27,oicoz,3,0,0,3
8861,2025-11-27,2025,11,27,dnoic,36,0,0,36
8862,2025-11-27,2025,11,27,ebalaban,17,0,0,17
8863,2025-11-27,2025,11,27,fimetin,1,1,0,2
8864,2025-11-28,2025,11,28,mecigdem,0,9,0,9
8865,2025-11-28,2025,11,28,hakand,11,0,22,33
8866,2025-11-28,2025,11,28,BSOGUT,0,30,0,30
8867,2025-11-28,2025,11,28,ierdil,0,5,0,5
8868,2025-11-28,2025,11,28,mguray,3,0,0,3
8869,2025-11-28,2025,11,28,acelebi,2,0,0,2
8870,2025-11-28,2025,11,28,eozkan,4,0,0,4
8871,2025-11-28,2025,11,28,uunver,64,24,0,88
8872,2025-11-28,2025,11,28,mmollaoglu,0,0,27,27
8873,2025-11-28,2025,11,28,dcolor,0,103,0,103
8874,2025-11-28,2025,11,28,sutetik,4,0,0,4
8875,2025-11-28,2025,11,28,hbulut,1,0,0,1
8876,2025-11-28,2025,11,28,bfirat,22,1,0,23
8877,2025-11-28,2025,11,28,hakdemir,0,3,0,3
8878,2025-11-28,2025,11,28,udalyan,3,0,0,3
8879,2025-11-28,2025,11,28,gakca,3,2,0,5
8880,2025-11-28,2025,11,28,oguler,10,0,0,10
8881,2025-11-28,2025,11,28,mceylan,8,0,0,8
8882,2025-11-28,2025,11,28,akamera,0,58,0,58
8883,2025-11-28,2025,11,28,vgemici,1,1,0,2
8884,2025-11-28,2025,11,28,fimetin,0,4,0,4
8885,2025-11-28,2025,11,28,ggirgin,20,4,16,40
8886,2025-11-28,2025,11,28,ayyilmaz,5,4,0,9
8887,2025-11-28,2025,11,28,obali,7,0,3,10
8888,2025-11-28,2025,11,28,gayilmaz,1,0,0,1
8889,2025-11-28,2025,11,28,ogungor,1,9,0,10
8890,2025-11-28,2025,11,28,okanat,1,0,0,1
8891,2025-11-28,2025,11,28,oicoz,0,1,0,1
8892,2025-11-28,2025,11,28,ebalaban,26,0,0,26
8893,2025-11-28,2025,11,28,amasun,0,4,0,4
8894,2025-11-28,2025,11,28,tevirgen,5,6,1,12
8895,2025-11-29,2025,11,29,ebalaban,32,0,0,32
8896,2025-11-29,2025,11,29,mecigdem,0,2,0,2
8897,2025-11-29,2025,11,29,kbtlideri,1,0,0,1
8898,2025-11-29,2025,11,29,hakdemir,2,0,0,2
8899,2025-11-29,2025,11,29,hbinay,16,0,0,16
8900,2025-11-29,2025,11,29,dcolor,0,97,0,97
8901,2025-11-30,2025,11,30,BSOGUT,0,0,36,36
8902,2025-11-30,2025,11,30,aapak,0,43,0,43
8903,2025-11-30,2025,11,30,fgulsever,0,64,0,64
8904,2025-11-30,2025,11,30,dayakta,1,0,0,1
8905,2025-11-30,2025,11,30,fcolak,6,16,0,22
8906,2025-11-30,2025,11,30,egonce,55,16,0,71
8907,2025-11-30,2025,11,30,dcolor,0,6,0,6
8908,2025-11-30,2025,11,30,ierdil,5,5,0,10
8909,2025-11-30,2025,11,30,mceylan,4,1,0,5
8910,2025-11-30,2025,11,30,mkofis,3,0,0,3
8911,2025-11-30,2025,11,30,gekim,20,100,0,120
8912,2025-11-30,2025,11,30,dnoic,21,17,0,38
8913,2025-11-30,2025,11,30,gcevik,4,0,0,4
8914,2025-11-30,2025,11,30,TIRMAK,29,0,6,35
8915,2025-11-30,2025,11,30,ubasdas,1,0,0,1
8916,2025-11-30,2025,11,30,fbasak,16,0,0,16
8917,2025-11-30,2025,11,30,tcapkin,10,10,0,20
8918,2025-11-30,2025,11,30,dustasi,9,0,0,9
8919,2025-11-30,2025,11,30,abarkod,0,5,0,5
8920,2025-12-01,2025,12,1,pstjbmetiner,4,0,0,4
8921,2025-12-01,2025,12,1,mguder,28,0,0,28
8922,2025-12-01,2025,12,1,gsapmaz,5,1,0,6
8923,2025-12-01,2025,12,1,fgulsever,0,37,0,37
8924,2025-12-01,2025,12,1,dayakta,1,3,0,4
8925,2025-12-01,2025,12,1,hakand,3,0,0,3
8926,2025-12-01,2025,12,1,udalyan,8,6,0,14
8927,2025-12-01,2025,12,1,aapak,12,25,0,37
8928,2025-12-01,2025,12,1,ierdil,5,7,0,12
8929,2025-12-01,2025,12,1,okelepe,0,3,0,3
8930,2025-12-01,2025,12,1,eyuksel,24,2,0,26
8931,2025-12-01,2025,12,1,hakdemir,2,1,0,3
8932,2025-12-01,2025,12,1,mkarsiv,1,0,0,1
8933,2025-12-01,2025,12,1,egonce,12,20,0,32
8934,2025-12-01,2025,12,1,ubasdas,1,0,0,1
8935,2025-12-01,2025,12,1,eozkan,0,1,0,1
8936,2025-12-01,2025,12,1,akocak,3,0,0,3
8937,2025-12-01,2025,12,1,dcolor,0,56,0,56
8938,2025-12-01,2025,12,1,ersener,32,1,0,33
8939,2025-12-01,2025,12,1,hbulut,54,0,0,54
8940,2025-12-01,2025,12,1,bfirat,4,0,0,4
8941,2025-12-01,2025,12,1,bunver,1,0,0,1
8942,2025-12-01,2025,12,1,aakyildiz,4,0,0,4
8943,2025-12-01,2025,12,1,gakca,2,4,0,6
8944,2025-12-01,2025,12,1,BSOGUT,3,2,18,23
8945,2025-12-01,2025,12,1,cisahin,0,2,0,2
8946,2025-12-01,2025,12,1,akamera,0,14,0,14
8947,2025-12-01,2025,12,1,gekim,0,26,0,26
8948,2025-12-01,2025,12,1,abarkod,0,1,0,1
8949,2025-12-01,2025,12,1,ntanriverdi,15,4,0,19
8950,2025-12-01,2025,12,1,asablon,25,0,0,25
8951,2025-12-01,2025,12,1,nkorkmaz,4,2,1,7
8952,2025-12-01,2025,12,1,cer,18,0,0,18
8953,2025-12-01,2025,12,1,aayhan,1,2,1,4
8954,2025-12-01,2025,12,1,mkarabiyik,0,1,0,1
8955,2025-12-01,2025,12,1,obali,9,12,0,21
8956,2025-12-01,2025,12,1,MMUTLU,0,2,0,2
8957,2025-12-01,2025,12,1,fimetin,17,132,0,149
8958,2025-12-01,2025,12,1,ngogce,2,12,0,14
8959,2025-12-01,2025,12,1,ggirgin,34,2,0,36
8960,2025-12-01,2025,12,1,alofca,0,1,0,1
8961,2025-12-01,2025,12,1,eanli,18,6,0,24
8962,2025-12-01,2025,12,1,ekaragoz,1,6,0,7
8963,2025-12-01,2025,12,1,amasun,0,7,0,7
8964,2025-12-01,2025,12,1,ebalaban,125,0,0,125
8965,2025-12-01,2025,12,1,gbakanoglu,0,1,0,1
8966,2025-12-01,2025,12,1,caozturk,2,0,0,2
8967,2025-12-01,2025,12,1,klaboratuar,0,1,0,1
8968,2025-12-01,2025,12,1,tevirgen,5,34,19,58
8969,2025-12-01,2025,12,1,ayyilmaz,0,25,0,25
8970,2025-12-02,2025,12,2,ebadem,15,0,0,15
8971,2025-12-02,2025,12,2,udalyan,5,3,0,8
8972,2025-12-02,2025,12,2,fgulsever,0,53,0,53
8973,2025-12-02,2025,12,2,baozturk,5,0,0,5
8974,2025-12-02,2025,12,2,mguder,5,0,0,5
8975,2025-12-02,2025,12,2,pstjbmetiner,2,0,0,2
8976,2025-12-02,2025,12,2,ierdil,1,11,0,12
8977,2025-12-02,2025,12,2,mguray,10,0,0,10
8978,2025-12-02,2025,12,2,aapak,0,18,0,18
8979,2025-12-02,2025,12,2,rkontrol,5,0,0,5
8980,2025-12-02,2025,12,2,hbinay,45,2,0,47
8981,2025-12-02,2025,12,2,egonce,24,6,0,30
8982,2025-12-02,2025,12,2,bunver,8,2,0,10
8983,2025-12-02,2025,12,2,hakdemir,6,2,0,8
8984,2025-12-02,2025,12,2,mbayirli,20,0,0,20
8985,2025-12-02,2025,12,2,mmollaoglu,1,0,0,1
8986,2025-12-02,2025,12,2,eozkan,6,0,0,6
8987,2025-12-02,2025,12,2,dcolor,0,103,0,103
8988,2025-12-02,2025,12,2,hbulut,15,0,0,15
8989,2025-12-02,2025,12,2,bfirat,8,0,0,8
8990,2025-12-02,2025,12,2,ubasdas,24,0,0,24
8991,2025-12-02,2025,12,2,fcolak,6,0,0,6
8992,2025-12-02,2025,12,2,gakca,1,2,0,3
8993,2025-12-02,2025,12,2,sucakir,4,21,0,25
8994,2025-12-02,2025,12,2,bsakrak,1,0,0,1
8995,2025-12-02,2025,12,2,fyakut,2,1,0,3
8996,2025-12-02,2025,12,2,akamera,0,9,0,9
8997,2025-12-02,2025,12,2,ngogce,352,19,0,371
8998,2025-12-02,2025,12,2,abarkod,0,3,0,3
8999,2025-12-02,2025,12,2,ttlideri,10,0,0,10
9000,2025-12-02,2025,12,2,fbasak,2,0,0,2
9001,2025-12-02,2025,12,2,aayhan,3,0,0,3
9002,2025-12-02,2025,12,2,fimetin,46,4,0,50
9003,2025-12-02,2025,12,2,gkenarli,5,0,0,5
9004,2025-12-02,2025,12,2,ggirgin,46,32,0,78
9005,2025-12-02,2025,12,2,ntanriverdi,4,0,0,4
9006,2025-12-02,2025,12,2,ayyilmaz,1,0,0,1
9007,2025-12-02,2025,12,2,tevirgen,1,2,0,3
9008,2025-12-02,2025,12,2,eulsever,0,4,0,4
9009,2025-12-02,2025,12,2,ogungor,6,0,0,6
9010,2025-12-02,2025,12,2,dnoic,77,0,72,149
9011,2025-12-02,2025,12,2,caozturk,3,1,0,4
9012,2025-12-02,2025,12,2,ebalaban,17,0,0,17
9013,2025-12-02,2025,12,2,amasun,0,4,0,4
9014,2025-12-02,2025,12,2,ekaragoz,0,1,0,1
9015,2025-12-02,2025,12,2,mertan,1,0,0,1
9016,2025-12-02,2025,12,2,gekim,0,51,0,51
9017,2025-12-03,2025,12,3,pstjbmetiner,3,0,0,3
9018,2025-12-03,2025,12,3,zyuksel,30,0,0,30
9019,2025-12-03,2025,12,3,fgulsever,0,62,0,62
9020,2025-12-03,2025,12,3,BSOGUT,12,17,0,29
9021,2025-12-03,2025,12,3,udalyan,4,0,0,4
9022,2025-12-03,2025,12,3,ESERT,2,0,0,2
9023,2025-12-03,2025,12,3,dayakta,73,0,0,73
9024,2025-12-03,2025,12,3,ubasdas,2,0,0,2
9025,2025-12-03,2025,12,3,gakca,0,7,0,7
9026,2025-12-03,2025,12,3,fyakut,1,0,0,1
9027,2025-12-03,2025,12,3,ierdil,0,11,0,11
9028,2025-12-03,2025,12,3,aapak,0,7,0,7
9029,2025-12-03,2025,12,3,mguray,8,0,0,8
9030,2025-12-03,2025,12,3,ersener,3,0,0,3
9031,2025-12-03,2025,12,3,aildeniz,2,0,0,2
9032,2025-12-03,2025,12,3,stjegitim,0,0,17,17
9033,2025-12-03,2025,12,3,aakyildiz,1,0,0,1
9034,2025-12-03,2025,12,3,fcolak,7,0,0,7
9035,2025-12-03,2025,12,3,mkarsiv,1,0,0,1
9036,2025-12-03,2025,12,3,egonce,11,32,0,43
9037,2025-12-03,2025,12,3,hakdemir,1,16,0,17
9038,2025-12-03,2025,12,3,msevim,3,4,0,7
9039,2025-12-03,2025,12,3,dcolor,0,80,0,80
9040,2025-12-03,2025,12,3,sutetik,2,0,0,2
9041,2025-12-03,2025,12,3,hbulut,3,3,0,6
9042,2025-12-03,2025,12,3,VBAYANER,2,0,0,2
9043,2025-12-03,2025,12,3,adogan,0,0,2,2
9044,2025-12-03,2025,12,3,nsevkiyat,27,0,0,27
9045,2025-12-03,2025,12,3,sfirinci,7,0,0,7
9046,2025-12-03,2025,12,3,nibolkis,25,0,0,25
9047,2025-12-03,2025,12,3,gekim,0,69,0,69
9048,2025-12-03,2025,12,3,akamera,0,3,0,3
9049,2025-12-03,2025,12,3,edemirbas,1,0,1,2
9050,2025-12-03,2025,12,3,ntanriverdi,2,0,0,2
9051,2025-12-03,2025,12,3,bkibar,0,1,0,1
9052,2025-12-03,2025,12,3,fbasak,24,0,0,24
9053,2025-12-03,2025,12,3,mkarabiyik,1,3,0,4
9054,2025-12-03,2025,12,3,MMUTLU,160,160,0,320
9055,2025-12-03,2025,12,3,fimetin,4,9,0,13
9056,2025-12-03,2025,12,3,sucakir,2,0,0,2
9057,2025-12-03,2025,12,3,alofca,0,2,0,2
9058,2025-12-03,2025,12,3,ggirgin,0,0,4,4
9059,2025-12-03,2025,12,3,ekaradavut,3,0,0,3
9060,2025-12-03,2025,12,3,mertan,0,104,0,104
9061,2025-12-03,2025,12,3,abarkod,0,2,0,2
9062,2025-12-03,2025,12,3,eulsever,0,4,0,4
9063,2025-12-03,2025,12,3,SUYILMAZ,1,0,0,1
9064,2025-12-03,2025,12,3,eanli,0,21,0,21
9065,2025-12-03,2025,12,3,ekaragoz,15,5,4,24
9066,2025-12-03,2025,12,3,tevirgen,6,18,0,24
9067,2025-12-03,2025,12,3,ebalaban,25,0,0,25
9068,2025-12-03,2025,12,3,amasun,0,6,0,6
9069,2025-12-03,2025,12,3,mkorucu,1,17,0,18
9070,2025-12-03,2025,12,3,kkaplan,0,3,0,3
9071,2025-12-03,2025,12,3,iunlu,1,0,0,1
9072,2025-12-03,2025,12,3,ogungor,10,0,0,10
9073,2025-12-03,2025,12,3,gayilmaz,1,0,0,1
9074,2025-12-03,2025,12,3,gcevik,2,0,0,2
9075,2025-12-04,2025,12,4,pstjbmetiner,1,0,0,1
9076,2025-12-04,2025,12,4,zyuksel,1,0,0,1
9077,2025-12-04,2025,12,4,mguder,5,0,0,5
9078,2025-12-04,2025,12,4,gsapmaz,6,0,0,6
9079,2025-12-04,2025,12,4,nakilli,0,3,0,3
9080,2025-12-04,2025,12,4,hakand,0,7,0,7
9081,2025-12-04,2025,12,4,udalyan,11,9,0,20
9082,2025-12-04,2025,12,4,aapak,0,6,0,6
9083,2025-12-04,2025,12,4,ierdil,2,9,0,11
9084,2025-12-04,2025,12,4,fgulsever,0,20,0,20
9085,2025-12-04,2025,12,4,mguray,6,0,0,6
9086,2025-12-04,2025,12,4,gbalvan,4,22,0,26
9087,2025-12-04,2025,12,4,fcolak,1,0,0,1
9088,2025-12-04,2025,12,4,egonce,8,8,0,16
9089,2025-12-04,2025,12,4,hakdemir,6,0,0,6
9090,2025-12-04,2025,12,4,msevim,7,6,0,13
9091,2025-12-04,2025,12,4,sapra,7,1,0,8
9092,2025-12-04,2025,12,4,dcolor,0,82,0,82
9093,2025-12-04,2025,12,4,sutetik,9,14,0,23
9094,2025-12-04,2025,12,4,ersener,21,0,0,21
9095,2025-12-04,2025,12,4,bfirat,13,1,0,14
9096,2025-12-04,2025,12,4,bunver,8,0,0,8
9097,2025-12-04,2025,12,4,iunlu,0,1,0,1
9098,2025-12-04,2025,12,4,aildeniz,3,0,0,3
9099,2025-12-04,2025,12,4,gekim,0,22,0,22
9100,2025-12-04,2025,12,4,hbulut,1,2,0,3
9101,2025-12-04,2025,12,4,fbalaban,0,20,0,20
9102,2025-12-04,2025,12,4,gbakanoglu,0,2,0,2
9103,2025-12-04,2025,12,4,akamera,0,5,0,5
9104,2025-12-04,2025,12,4,abarkod,0,3,0,3
9105,2025-12-04,2025,12,4,ttlideri,33,2,0,35
9106,2025-12-04,2025,12,4,vgemici,1,0,0,1
9107,2025-12-04,2025,12,4,ntanriverdi,0,1,0,1
9108,2025-12-04,2025,12,4,aayhan,1,0,0,1
9109,2025-12-04,2025,12,4,mkofis,3,0,0,3
9110,2025-12-04,2025,12,4,obali,0,3,0,3
9111,2025-12-04,2025,12,4,MMUTLU,2,2,0,4
9112,2025-12-04,2025,12,4,fimetin,12,0,0,12
9113,2025-12-04,2025,12,4,fbasak,20,0,0,20
9114,2025-12-04,2025,12,4,ekaradavut,8,0,0,8
9115,2025-12-04,2025,12,4,zkurt,2,4,0,6
9116,2025-12-04,2025,12,4,ggirgin,14,1,0,15
9117,2025-12-04,2025,12,4,ebalaban,6,0,0,6
9118,2025-12-04,2025,12,4,caozturk,5,0,0,5
9119,2025-12-04,2025,12,4,dnoic,6,1,1,8
9120,2025-12-04,2025,12,4,amasun,0,4,0,4
9121,2025-12-04,2025,12,4,klaboratuar,1,0,0,1
9122,2025-12-04,2025,12,4,ogungor,1,0,0,1
9123,2025-12-04,2025,12,4,tevirgen,18,10,1,29
9124,2025-12-04,2025,12,4,mertan,0,3,0,3
9125,2025-12-04,2025,12,4,oicoz,1,0,0,1
9126,2025-12-05,2025,12,5,mguder,11,0,0,11
9127,2025-12-05,2025,12,5,mguray,11,0,0,11
9128,2025-12-05,2025,12,5,kbtlideri,2,0,0,2
9129,2025-12-05,2025,12,5,mkarsiv,1,0,0,1
9130,2025-12-05,2025,12,5,hakdemir,29,3,0,32
9131,2025-12-05,2025,12,5,gbalvan,0,12,0,12
9132,2025-12-05,2025,12,5,msevim,16,16,0,32
9133,2025-12-05,2025,12,5,dcolor,0,90,0,90
9134,2025-12-05,2025,12,5,ekoksal,0,1,0,1
9135,2025-12-05,2025,12,5,bfirat,23,0,0,23
9136,2025-12-05,2025,12,5,uunver,67,39,0,106
9137,2025-12-05,2025,12,5,carican,6,0,0,6
9138,2025-12-05,2025,12,5,sutetik,0,11,0,11
9139,2025-12-05,2025,12,5,udalyan,6,4,0,10
9140,2025-12-05,2025,12,5,hakand,3,1,0,4
9141,2025-12-05,2025,12,5,vgemici,1,0,0,1
9142,2025-12-05,2025,12,5,MMUTLU,18,0,3,21
9143,2025-12-05,2025,12,5,ggirgin,50,46,0,96
9144,2025-12-05,2025,12,5,ayyilmaz,2,0,0,2
9145,2025-12-05,2025,12,5,akamera,0,4,0,4
9146,2025-12-05,2025,12,5,gayilmaz,33,0,0,33
9147,2025-12-05,2025,12,5,klaboratuar,0,1,0,1
9148,2025-12-05,2025,12,5,ebalaban,9,0,0,9
9149,2025-12-05,2025,12,5,amasun,2,0,0,2
9150,2025-12-05,2025,12,5,gakca,0,1,0,1
9151,2025-12-05,2025,12,5,tevirgen,12,9,6,27
9152,2025-12-06,2025,12,6,mecigdem,0,5,0,5
9153,2025-12-06,2025,12,6,dcolor,0,57,0,57
9154,2025-12-06,2025,12,6,ebalaban,8,0,0,8
9155,2025-12-07,2025,12,7,akapucu,9,0,0,9
9156,2025-12-07,2025,12,7,dcolor,0,7,0,7
9157,2025-12-07,2025,12,7,nsevkiyat,3,0,0,3
9158,2025-12-07,2025,12,7,mkarsiv,3,0,0,3
9159,2025-12-07,2025,12,7,fcolak,6,2,0,8
9160,2025-12-07,2025,12,7,aakyildiz,2,0,0,2
9161,2025-12-07,2025,12,7,cyildiz,1,0,0,1
9162,2025-12-07,2025,12,7,ierdil,23,10,0,33
9163,2025-12-07,2025,12,7,egonce,71,13,0,84
9164,2025-12-07,2025,12,7,aapak,12,71,0,83
9165,2025-12-07,2025,12,7,gekim,0,77,0,77
9166,2025-12-07,2025,12,7,ekaragoz,1,0,0,1
9167,2025-12-07,2025,12,7,TIRMAK,16,0,0,16
9168,2025-12-07,2025,12,7,ogun,3,0,0,3
9169,2025-12-07,2025,12,7,edemirbas,0,1,0,1
9170,2025-12-07,2025,12,7,abarkod,0,4,0,4
9171,2025-12-07,2025,12,7,fgulsever,0,26,0,26
9172,2025-12-08,2025,12,8,ierdil,3,9,0,12
9173,2025-12-08,2025,12,8,pstjbmetiner,1,0,0,1
9174,2025-12-08,2025,12,8,sakgumus,0,3,0,3
9175,2025-12-08,2025,12,8,zyuksel,1,0,0,1
9176,2025-12-08,2025,12,8,mguder,2,6,0,8
9177,2025-12-08,2025,12,8,hakand,24,1,0,25
9178,2025-12-08,2025,12,8,fgulsever,0,15,0,15
9179,2025-12-08,2025,12,8,aildeniz,1,0,0,1
9180,2025-12-08,2025,12,8,mecigdem,0,2,0,2
9181,2025-12-08,2025,12,8,udalyan,4,3,3,10
9182,2025-12-08,2025,12,8,aapak,4,4,0,8
9183,2025-12-08,2025,12,8,gsapmaz,12,0,0,12
9184,2025-12-08,2025,12,8,eyuksel,2,0,0,2
9185,2025-12-08,2025,12,8,egonce,8,4,0,12
9186,2025-12-08,2025,12,8,fcolak,3,10,0,13
9187,2025-12-08,2025,12,8,mkarsiv,3,0,0,3
9188,2025-12-08,2025,12,8,hakdemir,21,4,0,25
9189,2025-12-08,2025,12,8,mbayirli,1,0,0,1
9190,2025-12-08,2025,12,8,msevim,18,23,0,41
9191,2025-12-08,2025,12,8,gbalvan,0,5,0,5
9192,2025-12-08,2025,12,8,bfirat,7,0,0,7
9193,2025-12-08,2025,12,8,dcolor,0,39,0,39
9194,2025-12-08,2025,12,8,sutetik,1,12,0,13
9195,2025-12-08,2025,12,8,hbulut,29,1,0,30
9196,2025-12-08,2025,12,8,akapucu,9,0,0,9
9197,2025-12-08,2025,12,8,nakilli,1,0,0,1
9198,2025-12-08,2025,12,8,cyildiz,2,0,0,2
9199,2025-12-08,2025,12,8,dayakta,1,18,0,19
9200,2025-12-08,2025,12,8,ntanriverdi,1,2,0,3
9201,2025-12-08,2025,12,8,ESERT,1,0,0,1
9202,2025-12-08,2025,12,8,gakca,0,1,0,1
9203,2025-12-08,2025,12,8,akamera,0,24,0,24
9204,2025-12-08,2025,12,8,abarkod,0,1,0,1
9205,2025-12-08,2025,12,8,tcapkin,0,1,0,1
9206,2025-12-08,2025,12,8,oyurtsever,0,66,0,66
9207,2025-12-08,2025,12,8,nkorkmaz,6,3,0,9
9208,2025-12-08,2025,12,8,fbasak,5,0,0,5
9209,2025-12-08,2025,12,8,aayhan,13,6,0,19
9210,2025-12-08,2025,12,8,MMUTLU,0,2,0,2
9211,2025-12-08,2025,12,8,ggirgin,63,0,0,63
9212,2025-12-08,2025,12,8,ekaradavut,5,0,0,5
9213,2025-12-08,2025,12,8,ayyilmaz,9,132,0,141
9214,2025-12-08,2025,12,8,cer,2,0,0,2
9215,2025-12-08,2025,12,8,ddtlideri,13,1,0,14
9216,2025-12-08,2025,12,8,tevirgen,13,5,21,39
9217,2025-12-08,2025,12,8,gekim,0,38,0,38
9218,2025-12-08,2025,12,8,eanli,2,0,0,2
9219,2025-12-08,2025,12,8,ekaragoz,2,0,0,2
9220,2025-12-08,2025,12,8,ebalaban,8,0,0,8
9221,2025-12-08,2025,12,8,dnoic,26,1,1,28
9222,2025-12-08,2025,12,8,iunlu,8,0,0,8
9223,2025-12-08,2025,12,8,oicoz,1,0,0,1
9224,2025-12-08,2025,12,8,okanat,1,0,0,1
9225,2025-12-08,2025,12,8,ogungor,4,0,0,4
9226,2025-12-08,2025,12,8,gayilmaz,4,0,0,4
9227,2025-12-08,2025,12,8,gcevik,13,0,0,13
9228,2025-12-09,2025,12,9,otanriverdi,36,0,0,36
9229,2025-12-09,2025,12,9,mguray,4,0,0,4
9230,2025-12-09,2025,12,9,ierdil,3,5,0,8
9231,2025-12-09,2025,12,9,mguder,9,8,0,17
9232,2025-12-09,2025,12,9,fgulsever,0,5,0,5
9233,2025-12-09,2025,12,9,mecigdem,0,2,0,2
9234,2025-12-09,2025,12,9,hakand,2,5,0,7
9235,2025-12-09,2025,12,9,udalyan,1,6,0,7
9236,2025-12-09,2025,12,9,dayakta,27,0,0,27
9237,2025-12-09,2025,12,9,gakca,0,3,0,3
9238,2025-12-09,2025,12,9,okelepe,2,7,0,9
9239,2025-12-09,2025,12,9,aildeniz,6,0,0,6
9240,2025-12-09,2025,12,9,bunver,0,5,0,5
9241,2025-12-09,2025,12,9,mkarsiv,1,0,0,1
9242,2025-12-09,2025,12,9,egonce,26,8,0,34
9243,2025-12-09,2025,12,9,hakdemir,1,2,0,3
9244,2025-12-09,2025,12,9,msevim,12,1,0,13
9245,2025-12-09,2025,12,9,eozkan,0,1,0,1
9246,2025-12-09,2025,12,9,gbalvan,0,6,0,6
9247,2025-12-09,2025,12,9,dcolor,0,90,0,90
9248,2025-12-09,2025,12,9,ekoksal,0,36,0,36
9249,2025-12-09,2025,12,9,sutetik,0,12,0,12
9250,2025-12-09,2025,12,9,hbulut,18,4,0,22
9251,2025-12-09,2025,12,9,bfirat,27,3,0,30
9252,2025-12-09,2025,12,9,VBAYANER,39,0,0,39
9253,2025-12-09,2025,12,9,rkontrol,1,0,0,1
9254,2025-12-09,2025,12,9,fyakut,4,0,0,4
9255,2025-12-09,2025,12,9,zkurt,2,0,0,2
9256,2025-12-09,2025,12,9,gekim,0,61,0,61
9257,2025-12-09,2025,12,9,saskin,3,0,0,3
9258,2025-12-09,2025,12,9,abarkod,0,3,0,3
9259,2025-12-09,2025,12,9,edemirbas,40,0,0,40
9260,2025-12-09,2025,12,9,vgemici,2,1,0,3
9261,2025-12-09,2025,12,9,tcapkin,0,3,0,3
9262,2025-12-09,2025,12,9,ntanriverdi,0,4,0,4
9263,2025-12-09,2025,12,9,cer,3,0,0,3
9264,2025-12-09,2025,12,9,aayhan,27,114,74,215
9265,2025-12-09,2025,12,9,mkarabiyik,0,1,0,1
9266,2025-12-09,2025,12,9,mkofis,3,3,0,6
9267,2025-12-09,2025,12,9,fimetin,46,10,0,56
9268,2025-12-09,2025,12,9,ggirgin,12,3,0,15
9269,2025-12-09,2025,12,9,akamera,0,5,0,5
9270,2025-12-09,2025,12,9,mertan,31,0,0,31
9271,2025-12-09,2025,12,9,ekaradavut,1,1,0,2
9272,2025-12-09,2025,12,9,ebalaban,9,0,0,9
9273,2025-12-09,2025,12,9,caozturk,10,0,0,10
9274,2025-12-09,2025,12,9,dnoic,2,28,1,31
9275,2025-12-09,2025,12,9,klaboratuar,1,3,0,4
9276,2025-12-09,2025,12,9,amasun,0,28,0,28
9277,2025-12-09,2025,12,9,gayilmaz,3,0,0,3
9278,2025-12-09,2025,12,9,ddtlideri,10,3,0,13
9279,2025-12-09,2025,12,9,eulsever,0,1,0,1
9280,2025-12-09,2025,12,9,tevirgen,5,38,12,55
9281,2025-12-09,2025,12,9,ayyilmaz,2,0,0,2
9282,2025-12-09,2025,12,9,ogungor,2,1,0,3
9283,2025-12-10,2025,12,10,ierdil,0,5,0,5
9284,2025-12-10,2025,12,10,pstjbmetiner,2,0,0,2
9285,2025-12-10,2025,12,10,zyuksel,25,0,0,25
9286,2025-12-10,2025,12,10,mguder,2,0,0,2
9287,2025-12-10,2025,12,10,BSOGUT,0,0,5,5
9288,2025-12-10,2025,12,10,hakand,2,2,0,4
9289,2025-12-10,2025,12,10,udalyan,3,0,0,3
9290,2025-12-10,2025,12,10,ubasdas,1,4,0,5
9291,2025-12-10,2025,12,10,stjegitim,70,140,0,210
9292,2025-12-10,2025,12,10,fgulsever,0,120,0,120
9293,2025-12-10,2025,12,10,fcolak,0,4,0,4
9294,2025-12-10,2025,12,10,gbalvan,1,12,0,13
9295,2025-12-10,2025,12,10,egonce,18,16,0,34
9296,2025-12-10,2025,12,10,hakdemir,0,1,0,1
9297,2025-12-10,2025,12,10,msevim,28,3,0,31
9298,2025-12-10,2025,12,10,eozkan,3,0,0,3
9299,2025-12-10,2025,12,10,dcolor,0,97,0,97
9300,2025-12-10,2025,12,10,sutetik,0,8,0,8
9301,2025-12-10,2025,12,10,hbulut,3,2,0,5
9302,2025-12-10,2025,12,10,bfirat,3,0,0,3
9303,2025-12-10,2025,12,10,bunver,8,10,0,18
9304,2025-12-10,2025,12,10,gakca,2,5,0,7
9305,2025-12-10,2025,12,10,mkarsiv,4,0,0,4
9306,2025-12-10,2025,12,10,fyakut,3,26,0,29
9307,2025-12-10,2025,12,10,gsapmaz,25,0,0,25
9308,2025-12-10,2025,12,10,SUYILMAZ,12,0,0,12
9309,2025-12-10,2025,12,10,akamera,0,7,0,7
9310,2025-12-10,2025,12,10,abarkod,0,6,0,6
9311,2025-12-10,2025,12,10,ntanriverdi,2,0,0,2
9312,2025-12-10,2025,12,10,nkorkmaz,1,0,0,1
9313,2025-12-10,2025,12,10,fbasak,1,0,0,1
9314,2025-12-10,2025,12,10,cer,1,0,0,1
9315,2025-12-10,2025,12,10,aayhan,3,0,0,3
9316,2025-12-10,2025,12,10,mkofis,6,0,0,6
9317,2025-12-10,2025,12,10,obali,0,0,1,1
9318,2025-12-10,2025,12,10,fimetin,16,0,0,16
9319,2025-12-10,2025,12,10,ggirgin,18,3,0,21
9320,2025-12-10,2025,12,10,vgemici,1,0,0,1
9321,2025-12-10,2025,12,10,mertan,12,15,0,27
9322,2025-12-10,2025,12,10,ekaradavut,6,0,0,6
9323,2025-12-10,2025,12,10,eanli,0,2,0,2
9324,2025-12-10,2025,12,10,ebalaban,9,0,0,9
9325,2025-12-10,2025,12,10,dnoic,3,0,0,3
9326,2025-12-10,2025,12,10,caki,1,0,0,1
9327,2025-12-10,2025,12,10,amasun,0,2,0,2
9328,2025-12-10,2025,12,10,gekim,0,40,0,40
9329,2025-12-10,2025,12,10,gayilmaz,1,0,0,1
9330,2025-12-10,2025,12,10,tevirgen,3,11,0,14
9331,2025-12-10,2025,12,10,ayyilmaz,5,1,0,6
9332,2025-12-10,2025,12,10,mkorucu,0,1,0,1
9333,2025-12-11,2025,12,11,aapak,0,34,0,34
9334,2025-12-11,2025,12,11,fcolak,5,0,0,5
9335,2025-12-11,2025,12,11,udalyan,8,3,72,83
9336,2025-12-11,2025,12,11,fgulsever,2,29,0,31
9337,2025-12-11,2025,12,11,zyuksel,102,0,0,102
9338,2025-12-11,2025,12,11,ierdil,1,5,0,6
9339,2025-12-11,2025,12,11,mguray,3,0,0,3
9340,2025-12-11,2025,12,11,ebekyel,2,2,0,4
9341,2025-12-11,2025,12,11,mkarsiv,5,0,0,5
9342,2025-12-11,2025,12,11,dcolor,0,78,0,78
9343,2025-12-11,2025,12,11,hakdemir,1,4,0,5
9344,2025-12-11,2025,12,11,msevim,25,20,0,45
9345,2025-12-11,2025,12,11,sapra,6,4,0,10
9346,2025-12-11,2025,12,11,gbalvan,2,35,0,37
9347,2025-12-11,2025,12,11,sutetik,0,9,0,9
9348,2025-12-11,2025,12,11,hbulut,14,2,0,16
9349,2025-12-11,2025,12,11,bfirat,5,0,0,5
9350,2025-12-11,2025,12,11,VBAYANER,0,14,0,14
9351,2025-12-11,2025,12,11,gakca,1,0,0,1
9352,2025-12-11,2025,12,11,egonce,15,5,0,20
9353,2025-12-11,2025,12,11,saskin,25,0,0,25
9354,2025-12-11,2025,12,11,amasun,0,9,0,9
9355,2025-12-11,2025,12,11,cisahin,4,4,8,16
9356,2025-12-11,2025,12,11,gekim,0,29,0,29
9357,2025-12-11,2025,12,11,ngogce,8,0,1,9
9358,2025-12-11,2025,12,11,abarkod,0,30,0,30
9359,2025-12-11,2025,12,11,vgemici,1,1,0,2
9360,2025-12-11,2025,12,11,ntanriverdi,8,0,0,8
9361,2025-12-11,2025,12,11,obali,14,13,0,27
9362,2025-12-11,2025,12,11,MMUTLU,1,4,2,7
9363,2025-12-11,2025,12,11,fimetin,20,18,0,38
9364,2025-12-11,2025,12,11,ggirgin,26,5,771,802
9365,2025-12-11,2025,12,11,akamera,0,1,0,1
9366,2025-12-11,2025,12,11,tevirgen,0,3,0,3
9367,2025-12-11,2025,12,11,mertan,2,0,0,2
9368,2025-12-11,2025,12,11,ebalaban,6,0,0,6
9369,2025-12-11,2025,12,11,klaboratuar,1,4,0,5
9370,2025-12-11,2025,12,11,gbakanoglu,0,2,0,2
9371,2025-12-11,2025,12,11,nibolkis,12,2,0,14
9372,2025-12-11,2025,12,11,uyigit,34,2,0,36
9373,2025-12-11,2025,12,11,gayilmaz,4,0,0,4
9374,2025-12-11,2025,12,11,TIRMAK,1,0,2,3
9375,2025-12-12,2025,12,12,gsapmaz,3,2,0,5
9376,2025-12-12,2025,12,12,mkarsiv,1,0,0,1
9377,2025-12-12,2025,12,12,pstjbmetiner,6,0,0,6
9378,2025-12-12,2025,12,12,ierdil,4,4,0,8
9379,2025-12-12,2025,12,12,mguray,5,0,0,5
9380,2025-12-12,2025,12,12,stjegitim,0,0,19,19
9381,2025-12-12,2025,12,12,eyuksel,0,4,0,4
9382,2025-12-12,2025,12,12,hakdemir,4,1,0,5
9383,2025-12-12,2025,12,12,ekoksal,2,0,0,2
9384,2025-12-12,2025,12,12,mmollaoglu,122,3,0,125
9385,2025-12-12,2025,12,12,gbalvan,1,7,0,8
9386,2025-12-12,2025,12,12,dcolor,0,81,0,81
9387,2025-12-12,2025,12,12,sutetik,0,9,0,9
9388,2025-12-12,2025,12,12,hbulut,9,0,0,9
9389,2025-12-12,2025,12,12,bfirat,7,0,0,7
9390,2025-12-12,2025,12,12,VBAYANER,16,0,0,16
9391,2025-12-12,2025,12,12,hakand,4,1,0,5
9392,2025-12-12,2025,12,12,msevim,6,4,0,10
9393,2025-12-12,2025,12,12,udalyan,0,1,20,21
9394,2025-12-12,2025,12,12,fimetin,0,28,0,28
9395,2025-12-12,2025,12,12,fyakut,1,0,0,1
9396,2025-12-12,2025,12,12,akamera,0,7,0,7
9397,2025-12-12,2025,12,12,vgemici,1,0,0,1
9398,2025-12-12,2025,12,12,ntanriverdi,0,86,0,86
9399,2025-12-12,2025,12,12,mkarabiyik,0,0,4,4
9400,2025-12-12,2025,12,12,mkofis,22,0,0,22
9401,2025-12-12,2025,12,12,MMUTLU,4,5,1,10
9402,2025-12-12,2025,12,12,ggirgin,5,0,153,158
9403,2025-12-12,2025,12,12,mertan,0,4,0,4
9404,2025-12-12,2025,12,12,gmasistan,13,0,0,13
9405,2025-12-12,2025,12,12,tevirgen,4,12,0,16
9406,2025-12-12,2025,12,12,ayyilmaz,1,0,0,1
9407,2025-12-12,2025,12,12,amasun,0,7,0,7
9408,2025-12-12,2025,12,12,ebalaban,12,0,0,12
9409,2025-12-12,2025,12,12,dnoic,1,0,0,1
9410,2025-12-12,2025,12,12,gakca,1,1,0,2
9411,2025-12-12,2025,12,12,nibolkis,6,0,0,6
9412,2025-12-12,2025,12,12,ogungor,3,3,0,6
9413,2025-12-12,2025,12,12,eulsever,0,6,0,6
9414,2025-12-13,2025,12,13,klaboratuar,9,1,0,10
9415,2025-12-13,2025,12,13,eyuksel,0,7,0,7
9416,2025-12-13,2025,12,13,dcolor,0,81,0,81
9417,2025-12-13,2025,12,13,ebalaban,16,0,0,16
9418,2025-12-14,2025,12,14,bunver,0,0,1,1
9419,2025-12-14,2025,12,14,dcolor,0,5,0,5
9420,2025-12-14,2025,12,14,uunver,0,2,0,2
9421,2025-12-14,2025,12,14,egonce,21,14,0,35
9422,2025-12-14,2025,12,14,mkarsiv,1,0,0,1
9423,2025-12-14,2025,12,14,fcolak,0,1,0,1
9424,2025-12-14,2025,12,14,ierdil,0,5,0,5
9425,2025-12-14,2025,12,14,fgulsever,0,38,0,38
9426,2025-12-14,2025,12,14,aapak,6,38,0,44
9427,2025-12-14,2025,12,14,ekaragoz,1,0,1,2
9428,2025-12-14,2025,12,14,dnoic,1,0,0,1
9429,2025-12-14,2025,12,14,gcevik,12,0,0,12
9430,2025-12-14,2025,12,14,klaboratuar,2,0,0,2
9431,2025-12-14,2025,12,14,mkofis,3,0,0,3
9432,2025-12-14,2025,12,14,ogun,5,0,0,5
9433,2025-12-14,2025,12,14,fbasak,7,1,0,8
9434,2025-12-14,2025,12,14,tcapkin,1,0,0,1
9435,2025-12-14,2025,12,14,abarkod,0,2,0,2
9436,2025-12-14,2025,12,14,gekim,0,49,0,49
9437,2025-12-15,2025,12,15,ierdil,2,106,0,108
9438,2025-12-15,2025,12,15,pstjbmetiner,2,0,0,2
9439,2025-12-15,2025,12,15,sakgumus,0,1,0,1
9440,2025-12-15,2025,12,15,hakand,4,2,0,6
9441,2025-12-15,2025,12,15,gsapmaz,21,4,0,25
9442,2025-12-15,2025,12,15,fgulsever,0,37,0,37
9443,2025-12-15,2025,12,15,mguray,3,0,0,3
9444,2025-12-15,2025,12,15,zyuksel,40,0,0,40
9445,2025-12-15,2025,12,15,eyuksel,0,4,0,4
9446,2025-12-15,2025,12,15,dcolor,0,29,0,29
9447,2025-12-15,2025,12,15,hakdemir,1,0,0,1
9448,2025-12-15,2025,12,15,msevim,3,2,0,5
9449,2025-12-15,2025,12,15,gbalvan,2,25,0,27
9450,2025-12-15,2025,12,15,sutetik,0,8,0,8
9451,2025-12-15,2025,12,15,hbulut,3,0,0,3
9452,2025-12-15,2025,12,15,bfirat,31,0,0,31
9453,2025-12-15,2025,12,15,VBAYANER,22,0,0,22
9454,2025-12-15,2025,12,15,bunver,1,0,0,1
9455,2025-12-15,2025,12,15,mecigdem,4,4,0,8
9456,2025-12-15,2025,12,15,egonce,7,7,0,14
9457,2025-12-15,2025,12,15,udalyan,0,1,1,2
9458,2025-12-15,2025,12,15,gakca,5,2,0,7
9459,2025-12-15,2025,12,15,fbasak,4,1,0,5
9460,2025-12-15,2025,12,15,aapak,0,149,0,149
9461,2025-12-15,2025,12,15,akamera,0,11,0,11
9462,2025-12-15,2025,12,15,abarkod,0,3,0,3
9463,2025-12-15,2025,12,15,tcapkin,0,1,0,1
9464,2025-12-15,2025,12,15,ntanriverdi,8,0,0,8
9465,2025-12-15,2025,12,15,aayhan,5,65,1,71
9466,2025-12-15,2025,12,15,scolak,3,0,0,3
9467,2025-12-15,2025,12,15,MMUTLU,2,2,15,19
9468,2025-12-15,2025,12,15,ggirgin,37,3,0,40
9469,2025-12-15,2025,12,15,fimetin,11,4,0,15
9470,2025-12-15,2025,12,15,tevirgen,3,0,0,3
9471,2025-12-15,2025,12,15,ogungor,2,0,0,2
9472,2025-12-15,2025,12,15,dnoic,14,0,0,14
9473,2025-12-15,2025,12,15,ebalaban,6,0,0,6
9474,2025-12-15,2025,12,15,ekaragoz,1,0,0,1
9475,2025-12-15,2025,12,15,gbakanoglu,0,3,0,3
9476,2025-12-15,2025,12,15,gekim,0,86,0,86
9477,2025-12-15,2025,12,15,otufan,6,0,0,6
9478,2025-12-15,2025,12,15,bsakrak,69,0,0,69
9479,2025-12-15,2025,12,15,ekaradavut,42,0,0,42
9480,2025-12-16,2025,12,16,pstjbmetiner,3,0,0,3
9481,2025-12-16,2025,12,16,ebadem,2,0,0,2
9482,2025-12-16,2025,12,16,mguray,5,0,0,5
9483,2025-12-16,2025,12,16,ierdil,0,5,0,5
9484,2025-12-16,2025,12,16,zyuksel,20,0,0,20
9485,2025-12-16,2025,12,16,gbalvan,0,13,0,13
9486,2025-12-16,2025,12,16,baozturk,1,0,0,1
9487,2025-12-16,2025,12,16,fgulsever,0,78,0,78
9488,2025-12-16,2025,12,16,esaribuyuk,0,1,0,1
9489,2025-12-16,2025,12,16,rkontrol,1,0,0,1
9490,2025-12-16,2025,12,16,gsapmaz,2,0,0,2
9491,2025-12-16,2025,12,16,mkarsiv,1,0,0,1
9492,2025-12-16,2025,12,16,VBAYANER,3,21,0,24
9493,2025-12-16,2025,12,16,hakdemir,8,0,0,8
9494,2025-12-16,2025,12,16,msevim,6,0,0,6
9495,2025-12-16,2025,12,16,mmollaoglu,1,0,0,1
9496,2025-12-16,2025,12,16,eozkan,1,0,0,1
9497,2025-12-16,2025,12,16,dcolor,0,88,0,88
9498,2025-12-16,2025,12,16,sutetik,0,15,0,15
9499,2025-12-16,2025,12,16,ersener,19,0,0,19
9500,2025-12-16,2025,12,16,hbulut,3,0,0,3
9501,2025-12-16,2025,12,16,bfirat,36,0,0,36
9502,2025-12-16,2025,12,16,hakand,4,1,0,5
9503,2025-12-16,2025,12,16,herbilgin,6,0,0,6
9504,2025-12-16,2025,12,16,aapak,0,52,0,52
9505,2025-12-16,2025,12,16,mecigdem,3,1,0,4
9506,2025-12-16,2025,12,16,fyakut,4,49,0,53
9507,2025-12-16,2025,12,16,akamera,0,5,0,5
9508,2025-12-16,2025,12,16,abarkod,0,4,0,4
9509,2025-12-16,2025,12,16,gakca,2,0,0,2
9510,2025-12-16,2025,12,16,ntanriverdi,0,1,0,1
9511,2025-12-16,2025,12,16,fbasak,3,0,0,3
9512,2025-12-16,2025,12,16,aayhan,30,15,1,46
9513,2025-12-16,2025,12,16,mkofis,7,6,0,13
9514,2025-12-16,2025,12,16,MMUTLU,3,1,1,5
9515,2025-12-16,2025,12,16,fimetin,0,17,0,17
9516,2025-12-16,2025,12,16,ggirgin,3,1,0,4
9517,2025-12-16,2025,12,16,ekaradavut,7,0,0,7
9518,2025-12-16,2025,12,16,mertan,0,4,0,4
9519,2025-12-16,2025,12,16,vgemici,1,1,0,2
9520,2025-12-16,2025,12,16,tevirgen,6,22,0,28
9521,2025-12-16,2025,12,16,ayyilmaz,1,0,0,1
9522,2025-12-16,2025,12,16,ekaragoz,0,0,5,5
9523,2025-12-16,2025,12,16,bbusta,2,0,0,2
9524,2025-12-16,2025,12,16,fozay,19,0,0,19
9525,2025-12-16,2025,12,16,amasun,1,108,0,109
9526,2025-12-16,2025,12,16,gekim,0,68,0,68
9527,2025-12-16,2025,12,16,dnoic,97,0,1,98
9528,2025-12-16,2025,12,16,kcakir,12,0,0,12
9529,2025-12-16,2025,12,16,TIRMAK,1,0,0,1
9530,2025-12-16,2025,12,16,ogungor,1,0,0,1
9531,2025-12-16,2025,12,16,ebalaban,20,0,0,20
9532,2025-12-17,2025,12,17,mecigdem,20,2,0,22
9533,2025-12-17,2025,12,17,egonce,80,12,0,92
9534,2025-12-17,2025,12,17,hakand,2,1,0,3
9535,2025-12-17,2025,12,17,fgulsever,0,32,0,32
9536,2025-12-17,2025,12,17,gsapmaz,2,0,0,2
9537,2025-12-17,2025,12,17,zyuksel,2,0,0,2
9538,2025-12-17,2025,12,17,pstjbmetiner,7,0,0,7
9539,2025-12-17,2025,12,17,ierdil,5,6,0,11
9540,2025-12-17,2025,12,17,mguray,2,0,0,2
9541,2025-12-17,2025,12,17,fcolak,8,13,0,21
9542,2025-12-17,2025,12,17,herbilgin,18,0,0,18
9543,2025-12-17,2025,12,17,dcolor,0,68,0,68
9544,2025-12-17,2025,12,17,uunver,2,0,0,2
9545,2025-12-17,2025,12,17,msevim,17,2,0,19
9546,2025-12-17,2025,12,17,rshazirlama,4,0,0,4
9547,2025-12-17,2025,12,17,gbalvan,5,12,0,17
9548,2025-12-17,2025,12,17,sutetik,0,5,0,5
9549,2025-12-17,2025,12,17,ersener,2,0,0,2
9550,2025-12-17,2025,12,17,hbulut,11,0,0,11
9551,2025-12-17,2025,12,17,bfirat,36,1,0,37
9552,2025-12-17,2025,12,17,udalyan,4,0,6,10
9553,2025-12-17,2025,12,17,bunver,8,0,0,8
9554,2025-12-17,2025,12,17,hakdemir,1,7,0,8
9555,2025-12-17,2025,12,17,aapak,0,70,0,70
9556,2025-12-17,2025,12,17,akamera,0,3,0,3
9557,2025-12-17,2025,12,17,gakca,3,1,0,4
9558,2025-12-17,2025,12,17,abarkod,0,15,0,15
9559,2025-12-17,2025,12,17,ntanriverdi,84,2,0,86
9560,2025-12-17,2025,12,17,fbasak,4,1,0,5
9561,2025-12-17,2025,12,17,aayhan,12,28,9,49
9562,2025-12-17,2025,12,17,mkarabiyik,0,2,0,2
9563,2025-12-17,2025,12,17,kdeda,3,0,0,3
9564,2025-12-17,2025,12,17,obali,1,0,2,3
9565,2025-12-17,2025,12,17,fimetin,11,4,0,15
9566,2025-12-17,2025,12,17,ggirgin,6,14,0,20
9567,2025-12-17,2025,12,17,ekaradavut,43,0,0,43
9568,2025-12-17,2025,12,17,mertan,0,6,0,6
9569,2025-12-17,2025,12,17,mkofis,2,0,0,2
9570,2025-12-17,2025,12,17,gayilmaz,9,4,0,13
9571,2025-12-17,2025,12,17,mkorucu,3,0,0,3
9572,2025-12-17,2025,12,17,dnoic,0,0,1,1
9573,2025-12-17,2025,12,17,caozturk,1,2,0,3
9574,2025-12-17,2025,12,17,ebalaban,12,0,0,12
9575,2025-12-17,2025,12,17,amasun,3,52,0,55
9576,2025-12-17,2025,12,17,fozay,38,19,0,57
9577,2025-12-17,2025,12,17,SUYILMAZ,2,0,0,2
9578,2025-12-17,2025,12,17,gekim,0,51,0,51
9579,2025-12-17,2025,12,17,bsakrak,7,0,0,7
9580,2025-12-17,2025,12,17,tevirgen,1,35,0,36
9581,2025-12-18,2025,12,18,stjegitim,0,3,1,4
9582,2025-12-18,2025,12,18,ytinmaz,2,0,0,2
9583,2025-12-18,2025,12,18,mguray,1,0,0,1
9584,2025-12-18,2025,12,18,ierdil,2,7,0,9
9585,2025-12-18,2025,12,18,pstjbmetiner,3,0,0,3
9586,2025-12-18,2025,12,18,hakand,4,2,0,6
9587,2025-12-18,2025,12,18,gsapmaz,9,0,0,9
9588,2025-12-18,2025,12,18,baozturk,1,0,0,1
9589,2025-12-18,2025,12,18,fgulsever,0,102,0,102
9590,2025-12-18,2025,12,18,fcolak,7,2,0,9
9591,2025-12-18,2025,12,18,zyuksel,8,0,0,8
9592,2025-12-18,2025,12,18,mkarsiv,2,0,0,2
9593,2025-12-18,2025,12,18,mecigdem,0,2,0,2
9594,2025-12-18,2025,12,18,herbilgin,2,0,0,2
9595,2025-12-18,2025,12,18,hakdemir,41,3,0,44
9596,2025-12-18,2025,12,18,uunver,77,47,0,124
9597,2025-12-18,2025,12,18,msevim,32,25,0,57
9598,2025-12-18,2025,12,18,eozkan,2,0,0,2
9599,2025-12-18,2025,12,18,bunver,3,2,2,7
9600,2025-12-18,2025,12,18,gbalvan,9,32,0,41
9601,2025-12-18,2025,12,18,dcolor,0,76,0,76
9602,2025-12-18,2025,12,18,sutetik,0,6,0,6
9603,2025-12-18,2025,12,18,bfirat,39,1,0,40
9604,2025-12-18,2025,12,18,satinalmastajyer,0,171,0,171
9605,2025-12-18,2025,12,18,egonce,10,2,0,12
9606,2025-12-18,2025,12,18,udalyan,0,0,3,3
9607,2025-12-18,2025,12,18,fbasak,3,0,0,3
9608,2025-12-18,2025,12,18,nakilli,4,0,0,4
9609,2025-12-18,2025,12,18,aapak,0,27,0,27
9610,2025-12-18,2025,12,18,akamera,0,4,0,4
9611,2025-12-18,2025,12,18,abarkod,0,8,0,8
9612,2025-12-18,2025,12,18,edemirbas,22,1,0,23
9613,2025-12-18,2025,12,18,vgemici,3,1,0,4
9614,2025-12-18,2025,12,18,cer,23,1,0,24
9615,2025-12-18,2025,12,18,mkofis,9,0,0,9
9616,2025-12-18,2025,12,18,obali,1,0,2,3
9617,2025-12-18,2025,12,18,fimetin,2,1,0,3
9618,2025-12-18,2025,12,18,ggirgin,18,1,22,41
9619,2025-12-18,2025,12,18,mertan,22,7,0,29
9620,2025-12-18,2025,12,18,tevirgen,112,6,0,118
9621,2025-12-18,2025,12,18,tcapkin,0,4,0,4
9622,2025-12-18,2025,12,18,nibolkis,10,0,0,10
9623,2025-12-18,2025,12,18,gayilmaz,7,0,0,7
9624,2025-12-18,2025,12,18,adogan,9,5,0,14
9625,2025-12-18,2025,12,18,gekim,0,55,0,55
9626,2025-12-18,2025,12,18,gbakanoglu,9,0,0,9
9627,2025-12-18,2025,12,18,amasun,0,63,0,63
9628,2025-12-18,2025,12,18,fozay,29,5,0,34
9629,2025-12-18,2025,12,18,ebalaban,2,0,0,2
9630,2025-12-18,2025,12,18,dnoic,1,4,0,5
9631,2025-12-18,2025,12,18,mkorucu,3,0,0,3
9632,2025-12-18,2025,12,18,oicoz,0,3,0,3
9633,2025-12-18,2025,12,18,klaboratuar,5,0,0,5
9634,2025-12-19,2025,12,19,msevim,18,13,0,31
9635,2025-12-19,2025,12,19,stjegitim,36,0,7,43
9636,2025-12-19,2025,12,19,mkarsiv,2,1,0,3
9637,2025-12-19,2025,12,19,hakdemir,23,0,0,23
9638,2025-12-19,2025,12,19,ytinmaz,3,0,0,3
9639,2025-12-19,2025,12,19,hbinay,3,0,0,3
9640,2025-12-19,2025,12,19,bfirat,30,0,0,30
9641,2025-12-19,2025,12,19,gbalvan,4,13,0,17
9642,2025-12-19,2025,12,19,dcolor,0,66,0,66
9643,2025-12-19,2025,12,19,sutetik,1,15,0,16
9644,2025-12-19,2025,12,19,hbulut,1,0,0,1
9645,2025-12-19,2025,12,19,VBAYANER,17,0,0,17
9646,2025-12-19,2025,12,19,mguray,4,0,0,4
9647,2025-12-19,2025,12,19,eozkan,2,0,0,2
9648,2025-12-19,2025,12,19,ierdil,1,5,0,6
9649,2025-12-19,2025,12,19,gayilmaz,3,1,0,4
9650,2025-12-19,2025,12,19,mecigdem,0,2,0,2
9651,2025-12-19,2025,12,19,akamera,0,7,0,7
9652,2025-12-19,2025,12,19,gsapmaz,20,2,0,22
9653,2025-12-19,2025,12,19,ntanriverdi,6,6,0,12
9654,2025-12-19,2025,12,19,obali,11,3,0,14
9655,2025-12-19,2025,12,19,fimetin,0,6,0,6
9656,2025-12-19,2025,12,19,ggirgin,62,1,0,63
9657,2025-12-19,2025,12,19,mertan,2,0,0,2
9658,2025-12-19,2025,12,19,vgemici,5,3,0,8
9659,2025-12-19,2025,12,19,ebalaban,39,0,0,39
9660,2025-12-19,2025,12,19,amasun,0,22,0,22
9661,2025-12-19,2025,12,19,fozay,59,8,0,67
9662,2025-12-19,2025,12,19,cisahin,17,0,0,17
9663,2025-12-19,2025,12,19,udalyan,0,0,4,4
9664,2025-12-19,2025,12,19,tevirgen,0,9,9,18
9665,2025-12-20,2025,12,20,hakdemir,4,0,0,4
9666,2025-12-20,2025,12,20,ebalaban,29,0,0,29
9667,2025-12-20,2025,12,20,mecigdem,0,4,0,4
9668,2025-12-20,2025,12,20,eyuksel,1,0,0,1
9669,2025-12-20,2025,12,20,uunver,57,8,0,65
9670,2025-12-20,2025,12,20,dcolor,0,39,0,39
9671,2025-12-21,2025,12,21,kbtlideri,4,0,0,4
9672,2025-12-21,2025,12,21,fcolak,6,4,0,10
9673,2025-12-21,2025,12,21,ierdil,3,5,0,8
9674,2025-12-21,2025,12,21,egonce,91,7,0,98
9675,2025-12-21,2025,12,21,uunver,41,16,0,57
9676,2025-12-21,2025,12,21,mkarsiv,1,0,0,1
9677,2025-12-21,2025,12,21,fgulsever,0,33,0,33
9678,2025-12-21,2025,12,21,dcolor,0,12,0,12
9679,2025-12-21,2025,12,21,aapak,0,60,0,60
9680,2025-12-21,2025,12,21,sfirinci,12,1,0,13
9681,2025-12-21,2025,12,21,iunlu,7,0,0,7
9682,2025-12-21,2025,12,21,gekim,0,102,0,102
9683,2025-12-21,2025,12,21,oseker,2,0,0,2
9684,2025-12-21,2025,12,21,abarkod,0,6,0,6
9685,2025-12-21,2025,12,21,BSOGUT,17,16,2,35
9686,2025-12-22,2025,12,22,ytinmaz,2,0,0,2
9687,2025-12-22,2025,12,22,pstjbmetiner,4,0,0,4
9688,2025-12-22,2025,12,22,zyuksel,21,1,0,22
9689,2025-12-22,2025,12,22,hakand,6,0,0,6
9690,2025-12-22,2025,12,22,fgulsever,0,27,0,27
9691,2025-12-22,2025,12,22,sekisa,2,0,0,2
9692,2025-12-22,2025,12,22,mecigdem,40,3,0,43
9693,2025-12-22,2025,12,22,aapak,0,46,0,46
9694,2025-12-22,2025,12,22,gsapmaz,3,0,0,3
9695,2025-12-22,2025,12,22,egonce,14,6,0,20
9696,2025-12-22,2025,12,22,msevim,29,14,0,43
9697,2025-12-22,2025,12,22,uunver,5,0,0,5
9698,2025-12-22,2025,12,22,mceylan,5,0,0,5
9699,2025-12-22,2025,12,22,eozkan,0,2,0,2
9700,2025-12-22,2025,12,22,gbalvan,4,15,0,19
9701,2025-12-22,2025,12,22,dcolor,0,52,0,52
9702,2025-12-22,2025,12,22,sutetik,0,22,0,22
9703,2025-12-22,2025,12,22,ersener,2,0,0,2
9704,2025-12-22,2025,12,22,hbulut,3,0,0,3
9705,2025-12-22,2025,12,22,bfirat,7,0,0,7
9706,2025-12-22,2025,12,22,VBAYANER,4,0,0,4
9707,2025-12-22,2025,12,22,bunver,3,1,0,4
9708,2025-12-22,2025,12,22,hakdemir,63,13,0,76
9709,2025-12-22,2025,12,22,gakca,1,1,0,2
9710,2025-12-22,2025,12,22,ierdil,9,5,0,14
9711,2025-12-22,2025,12,22,bsakrak,7,0,0,7
9712,2025-12-22,2025,12,22,adogan,20,0,0,20
9713,2025-12-22,2025,12,22,akamera,0,12,0,12
9714,2025-12-22,2025,12,22,abarkod,0,8,0,8
9715,2025-12-22,2025,12,22,vgemici,1,0,0,1
9716,2025-12-22,2025,12,22,tcapkin,3,0,0,3
9717,2025-12-22,2025,12,22,ntanriverdi,13,3,0,16
9718,2025-12-22,2025,12,22,fbasak,1,2,0,3
9719,2025-12-22,2025,12,22,aayhan,2,0,1,3
9720,2025-12-22,2025,12,22,MMUTLU,4,2,0,6
9721,2025-12-22,2025,12,22,fimetin,6,0,0,6
9722,2025-12-22,2025,12,22,ggirgin,5,2,0,7
9723,2025-12-22,2025,12,22,asablon,5,0,0,5
9724,2025-12-22,2025,12,22,ayyilmaz,4,0,0,4
9725,2025-12-22,2025,12,22,iunlu,2,0,0,2
9726,2025-12-22,2025,12,22,mertan,5,2,0,7
9727,2025-12-22,2025,12,22,gekim,0,68,0,68
9728,2025-12-22,2025,12,22,eanli,2,5,0,7
9729,2025-12-22,2025,12,22,amasun,0,2,0,2
9730,2025-12-22,2025,12,22,fozay,18,1,0,19
9731,2025-12-22,2025,12,22,mkorucu,2,1,0,3
9732,2025-12-22,2025,12,22,ogungor,2,0,0,2
9733,2025-12-22,2025,12,22,gayilmaz,11,5,0,16
9734,2025-12-22,2025,12,22,tevirgen,7,10,4,21
9735,2025-12-22,2025,12,22,ebalaban,41,51,0,92
9736,2025-12-23,2025,12,23,stjegitim,2,0,0,2
9737,2025-12-23,2025,12,23,mguder,2,0,0,2
9738,2025-12-23,2025,12,23,ierdil,2,4,0,6
9739,2025-12-23,2025,12,23,pstjbmetiner,6,1,0,7
9740,2025-12-23,2025,12,23,fgulsever,0,96,0,96
9741,2025-12-23,2025,12,23,nakilli,0,37,0,37
9742,2025-12-23,2025,12,23,mecigdem,0,2,0,2
9743,2025-12-23,2025,12,23,udalyan,1,0,1,2
9744,2025-12-23,2025,12,23,aapak,6,21,0,27
9745,2025-12-23,2025,12,23,fcolak,7,0,0,7
9746,2025-12-23,2025,12,23,hakand,3,14,0,17
9747,2025-12-23,2025,12,23,sekisa,19,0,0,19
9748,2025-12-23,2025,12,23,bunver,1,3,0,4
9749,2025-12-23,2025,12,23,egonce,5,18,0,23
9750,2025-12-23,2025,12,23,herbilgin,3,0,0,3
9751,2025-12-23,2025,12,23,hakdemir,34,1,0,35
9752,2025-12-23,2025,12,23,uunver,14,2,0,16
9753,2025-12-23,2025,12,23,msevim,9,7,0,16
9754,2025-12-23,2025,12,23,sapra,1,0,0,1
9755,2025-12-23,2025,12,23,eozkan,25,1,0,26
9756,2025-12-23,2025,12,23,gbalvan,0,1,0,1
9757,2025-12-23,2025,12,23,dcolor,0,73,0,73
9758,2025-12-23,2025,12,23,sutetik,0,42,0,42
9759,2025-12-23,2025,12,23,bfirat,50,2,0,52
9760,2025-12-23,2025,12,23,dayakta,0,3,0,3
9761,2025-12-23,2025,12,23,mkarsiv,4,0,0,4
9762,2025-12-23,2025,12,23,gakca,2,0,0,2
9763,2025-12-23,2025,12,23,akamera,0,102,0,102
9764,2025-12-23,2025,12,23,sfirinci,6,0,0,6
9765,2025-12-23,2025,12,23,abarkod,0,20,0,20
9766,2025-12-23,2025,12,23,vgemici,3,0,0,3
9767,2025-12-23,2025,12,23,ntanriverdi,2,1,0,3
9768,2025-12-23,2025,12,23,cer,1,2,0,3
9769,2025-12-23,2025,12,23,aayhan,0,67,3,70
9770,2025-12-23,2025,12,23,mkarabiyik,0,2,0,2
9771,2025-12-23,2025,12,23,mkofis,2,0,0,2
9772,2025-12-23,2025,12,23,obali,1,0,0,1
9773,2025-12-23,2025,12,23,MMUTLU,2,2,0,4
9774,2025-12-23,2025,12,23,fimetin,5,12,0,17
9775,2025-12-23,2025,12,23,ggirgin,13,8,0,21
9776,2025-12-23,2025,12,23,tevirgen,9,23,13,45
9777,2025-12-23,2025,12,23,fyakut,21,30,0,51
9778,2025-12-23,2025,12,23,gayilmaz,3,0,0,3
9779,2025-12-23,2025,12,23,klaboratuar,0,4,0,4
9780,2025-12-23,2025,12,23,dnoic,20,3,1,24
9781,2025-12-23,2025,12,23,caozturk,2,0,0,2
9782,2025-12-23,2025,12,23,ebalaban,31,0,0,31
9783,2025-12-23,2025,12,23,fozay,6,0,0,6
9784,2025-12-23,2025,12,23,fbalaban,1,1,0,2
9785,2025-12-23,2025,12,23,gbakanoglu,4,8,0,12
9786,2025-12-23,2025,12,23,scabuker,14,0,0,14
9787,2025-12-23,2025,12,23,gekim,0,69,0,69
9788,2025-12-23,2025,12,23,iunlu,2,2,0,4
9789,2025-12-23,2025,12,23,eulsever,6,4,0,10
9790,2025-12-24,2025,12,24,acelebi,2,1,0,3
9791,2025-12-24,2025,12,24,stjegitim,1,0,0,1
9792,2025-12-24,2025,12,24,ytinmaz,2,0,0,2
9793,2025-12-24,2025,12,24,rkontrol,1,0,0,1
9794,2025-12-24,2025,12,24,mecigdem,8,2,0,10
9795,2025-12-24,2025,12,24,pstjbmetiner,4,1,0,5
9796,2025-12-24,2025,12,24,fgulsever,0,4,0,4
9797,2025-12-24,2025,12,24,hakand,7,0,0,7
9798,2025-12-24,2025,12,24,fcolak,11,17,0,28
9799,2025-12-24,2025,12,24,ierdil,2,5,0,7
9800,2025-12-24,2025,12,24,sekisa,29,1,0,30
9801,2025-12-24,2025,12,24,mmollaoglu,0,2,0,2
9802,2025-12-24,2025,12,24,egonce,4,2,0,6
9803,2025-12-24,2025,12,24,hakdemir,2,0,0,2
9804,2025-12-24,2025,12,24,uunver,0,60,0,60
9805,2025-12-24,2025,12,24,msevim,12,15,0,27
9806,2025-12-24,2025,12,24,BDEMIRAL,1,0,0,1
9807,2025-12-24,2025,12,24,gbalvan,0,16,0,16
9808,2025-12-24,2025,12,24,dcolor,0,74,0,74
9809,2025-12-24,2025,12,24,sutetik,0,7,0,7
9810,2025-12-24,2025,12,24,ersener,12,0,0,12
9811,2025-12-24,2025,12,24,hbulut,1,0,0,1
9812,2025-12-24,2025,12,24,aapak,0,64,0,64
9813,2025-12-24,2025,12,24,mkarsiv,12,0,0,12
9814,2025-12-24,2025,12,24,bfirat,89,0,0,89
9815,2025-12-24,2025,12,24,dayakta,9,0,0,9
9816,2025-12-24,2025,12,24,gakca,1,2,0,3
9817,2025-12-24,2025,12,24,ubasdas,11,0,0,11
9818,2025-12-24,2025,12,24,akamera,0,6,0,6
9819,2025-12-24,2025,12,24,ntanriverdi,16,0,0,16
9820,2025-12-24,2025,12,24,asablon,2,0,0,2
9821,2025-12-24,2025,12,24,fbasak,3,0,0,3
9822,2025-12-24,2025,12,24,cer,2,0,0,2
9823,2025-12-24,2025,12,24,mkarabiyik,0,2,0,2
9824,2025-12-24,2025,12,24,fimetin,3,13,0,16
9825,2025-12-24,2025,12,24,ggirgin,2,1,0,3
9826,2025-12-24,2025,12,24,ekaradavut,17,5,0,22
9827,2025-12-24,2025,12,24,mertan,6,1,0,7
9828,2025-12-24,2025,12,24,aayhan,5,7,0,12
9829,2025-12-24,2025,12,24,tevirgen,2,9,1,12
9830,2025-12-24,2025,12,24,ayyilmaz,1,1,0,2
9831,2025-12-24,2025,12,24,iunlu,0,2,0,2
9832,2025-12-24,2025,12,24,gekim,0,37,0,37
9833,2025-12-24,2025,12,24,fozay,40,4,0,44
9834,2025-12-24,2025,12,24,amasun,0,11,0,11
9835,2025-12-24,2025,12,24,saskin,6,0,0,6
9836,2025-12-24,2025,12,24,klaboratuar,3,5,0,8
9837,2025-12-24,2025,12,24,okanat,1,0,0,1
9838,2025-12-24,2025,12,24,ogungor,3,2,0,5
9839,2025-12-24,2025,12,24,ebalaban,12,0,0,12
9840,2025-12-25,2025,12,25,ebekyel,0,0,1,1
9841,2025-12-25,2025,12,25,dayakta,0,3,0,3
9842,2025-12-25,2025,12,25,aapak,0,49,0,49
9843,2025-12-25,2025,12,25,mecigdem,1,2,0,3
9844,2025-12-25,2025,12,25,fgulsever,0,2,0,2
9845,2025-12-25,2025,12,25,mguder,1,0,0,1
9846,2025-12-25,2025,12,25,zyuksel,0,2,0,2
9847,2025-12-25,2025,12,25,pstjbmetiner,12,1,0,13
9848,2025-12-25,2025,12,25,ierdil,4,5,0,9
9849,2025-12-25,2025,12,25,mguray,1,2,0,3
9850,2025-12-25,2025,12,25,kbtlideri,2,0,0,2
9851,2025-12-25,2025,12,25,stjegitim,5,1,5,11
9852,2025-12-25,2025,12,25,bfirat,63,2,0,65
9853,2025-12-25,2025,12,25,fcolak,18,1,0,19
9854,2025-12-25,2025,12,25,sekisa,14,0,0,14
9855,2025-12-25,2025,12,25,mkarsiv,2,0,0,2
9856,2025-12-25,2025,12,25,egonce,2,4,0,6
9857,2025-12-25,2025,12,25,hakdemir,3,2,0,5
9858,2025-12-25,2025,12,25,msevim,5,1,0,6
9859,2025-12-25,2025,12,25,sapra,2,2,0,4
9860,2025-12-25,2025,12,25,gbalvan,0,11,0,11
9861,2025-12-25,2025,12,25,dcolor,0,50,0,50
9862,2025-12-25,2025,12,25,sutetik,0,14,0,14
9863,2025-12-25,2025,12,25,mceylan,7,0,0,7
9864,2025-12-25,2025,12,25,acelebi,0,1,0,1
9865,2025-12-25,2025,12,25,gakca,8,0,0,8
9866,2025-12-25,2025,12,25,tevirgen,3,19,8,30
9867,2025-12-25,2025,12,25,iunlu,6,0,0,6
9868,2025-12-25,2025,12,25,abarkod,0,4,0,4
9869,2025-12-25,2025,12,25,vgemici,0,1,0,1
9870,2025-12-25,2025,12,25,tcapkin,0,4,0,4
9871,2025-12-25,2025,12,25,bkibar,0,11,0,11
9872,2025-12-25,2025,12,25,ogun,1,0,0,1
9873,2025-12-25,2025,12,25,aayhan,0,96,0,96
9874,2025-12-25,2025,12,25,mkarabiyik,10,0,0,10
9875,2025-12-25,2025,12,25,mkofis,20,1,0,21
9876,2025-12-25,2025,12,25,obali,4,0,0,4
9877,2025-12-25,2025,12,25,ggirgin,9,2,0,11
9878,2025-12-25,2025,12,25,ekaradavut,37,0,0,37
9879,2025-12-25,2025,12,25,ayyilmaz,2,0,0,2
9880,2025-12-25,2025,12,25,sfirinci,8,0,0,8
9881,2025-12-25,2025,12,25,eulsever,0,2,0,2
9882,2025-12-25,2025,12,25,gekim,0,21,0,21
9883,2025-12-25,2025,12,25,ekaragoz,4,0,0,4
9884,2025-12-25,2025,12,25,ebalaban,13,0,0,13
9885,2025-12-25,2025,12,25,caozturk,70,1,0,71
9886,2025-12-25,2025,12,25,dnoic,28,0,0,28
9887,2025-12-25,2025,12,25,amasun,3,13,0,16
9888,2025-12-25,2025,12,25,oicoz,2,0,0,2
9889,2025-12-25,2025,12,25,kcakir,7,0,0,7
9890,2025-12-25,2025,12,25,klaboratuar,0,5,0,5
9891,2025-12-25,2025,12,25,ogungor,1,0,0,1
9892,2025-12-25,2025,12,25,caki,0,2,0,2
9893,2025-12-26,2025,12,26,stjegitim,20,0,10,30
9894,2025-12-26,2025,12,26,udalyan,2,4,0,6
9895,2025-12-26,2025,12,26,mecigdem,0,2,0,2
9896,2025-12-26,2025,12,26,gsapmaz,53,2,0,55
9897,2025-12-26,2025,12,26,pstjbmetiner,2,1,0,3
9898,2025-12-26,2025,12,26,ierdil,5,21,0,26
9899,2025-12-26,2025,12,26,mguray,7,0,0,7
9900,2025-12-26,2025,12,26,mkarsiv,2,0,0,2
9901,2025-12-26,2025,12,26,dcolor,0,64,0,64
9902,2025-12-26,2025,12,26,hakdemir,34,2,0,36
9903,2025-12-26,2025,12,26,uunver,6,124,0,130
9904,2025-12-26,2025,12,26,msevim,14,3,0,17
9905,2025-12-26,2025,12,26,gbalvan,0,9,0,9
9906,2025-12-26,2025,12,26,gakca,1,0,0,1
9907,2025-12-26,2025,12,26,sutetik,0,4,0,4
9908,2025-12-26,2025,12,26,hbulut,6,6,0,12
9909,2025-12-26,2025,12,26,bfirat,53,0,0,53
9910,2025-12-26,2025,12,26,herbilgin,4,0,0,4
9911,2025-12-26,2025,12,26,adogan,0,1,3,4
9912,2025-12-26,2025,12,26,satinalmastajyer,1,0,0,1
9913,2025-12-26,2025,12,26,amasun,0,69,0,69
9914,2025-12-26,2025,12,26,akamera,0,12,0,12
9915,2025-12-26,2025,12,26,ntanriverdi,9,0,0,9
9916,2025-12-26,2025,12,26,ogun,1,0,0,1
9917,2025-12-26,2025,12,26,mkofis,69,0,0,69
9918,2025-12-26,2025,12,26,obali,3,0,0,3
9919,2025-12-26,2025,12,26,MMUTLU,4,0,0,4
9920,2025-12-26,2025,12,26,fimetin,83,9,0,92
9921,2025-12-26,2025,12,26,ggirgin,2,0,0,2
9922,2025-12-26,2025,12,26,vgemici,4,1,0,5
9923,2025-12-26,2025,12,26,ayyilmaz,2,0,0,2
9924,2025-12-26,2025,12,26,mertan,21,0,0,21
9925,2025-12-26,2025,12,26,ebalaban,14,0,0,14
9926,2025-12-26,2025,12,26,caozturk,14,0,0,14
9927,2025-12-26,2025,12,26,fozay,1,0,0,1
9928,2025-12-26,2025,12,26,klaboratuar,0,11,0,11
9929,2025-12-26,2025,12,26,oicoz,14,0,0,14
9930,2025-12-26,2025,12,26,ogungor,3,1,0,4
9931,2025-12-26,2025,12,26,tevirgen,7,4,0,11
9932,2025-12-27,2025,12,27,uunver,10,12,0,22
9933,2025-12-27,2025,12,27,dcolor,0,30,0,30
9934,2025-12-27,2025,12,27,ebalaban,6,0,0,6
9935,2025-12-27,2025,12,27,mecigdem,0,8,0,8
9936,2025-12-27,2025,12,27,hakdemir,2,0,0,2
9937,2025-12-28,2025,12,28,bunver,10,0,0,10
9938,2025-12-28,2025,12,28,fgulsever,3,19,0,22
9939,2025-12-28,2025,12,28,ersener,2,0,0,2
9940,2025-12-28,2025,12,28,dcolor,0,8,0,8
9941,2025-12-28,2025,12,28,egonce,13,1,0,14
9942,2025-12-28,2025,12,28,fcolak,1,12,0,13
9943,2025-12-28,2025,12,28,rkontrol,1,0,0,1
9944,2025-12-28,2025,12,28,otanriverdi,44,0,45,89
9945,2025-12-28,2025,12,28,ierdil,2,5,0,7
9946,2025-12-28,2025,12,28,BSOGUT,1,0,0,1
9947,2025-12-28,2025,12,28,aapak,6,148,0,154
9948,2025-12-28,2025,12,28,nakilli,1,0,0,1
9949,2025-12-28,2025,12,28,dayakta,0,3,0,3
9950,2025-12-28,2025,12,28,gekim,0,149,0,149
9951,2025-12-28,2025,12,28,dnoic,34,2,58,94
9952,2025-12-28,2025,12,28,klaboratuar,4,0,0,4
9953,2025-12-28,2025,12,28,mkofis,1,0,0,1
9954,2025-12-28,2025,12,28,aayhan,8,2,2,12
9955,2025-12-28,2025,12,28,abarkod,0,9,0,9
9956,2025-12-28,2025,12,28,esaribuyuk,0,1,0,1
9957,2025-12-29,2025,12,29,mkarsiv,2,0,0,2
9958,2025-12-29,2025,12,29,stjegitim,0,50,0,50
9959,2025-12-29,2025,12,29,rkontrol,1,2,0,3
9960,2025-12-29,2025,12,29,nsevkiyat,45,0,0,45
9961,2025-12-29,2025,12,29,gsapmaz,57,1,0,58
9962,2025-12-29,2025,12,29,ierdil,4,5,0,9
9963,2025-12-29,2025,12,29,pstjbmetiner,1,0,0,1
9964,2025-12-29,2025,12,29,egonce,15,6,0,21
9965,2025-12-29,2025,12,29,fgulsever,2,79,0,81
9966,2025-12-29,2025,12,29,mguray,4,0,0,4
9967,2025-12-29,2025,12,29,hakdemir,21,0,0,21
9968,2025-12-29,2025,12,29,sapra,3,0,0,3
9969,2025-12-29,2025,12,29,mbayirli,49,1,0,50
9970,2025-12-29,2025,12,29,msevim,9,0,0,9
9971,2025-12-29,2025,12,29,hbinay,3,0,0,3
9972,2025-12-29,2025,12,29,gbalvan,6,21,0,27
9973,2025-12-29,2025,12,29,dcolor,0,42,0,42
9974,2025-12-29,2025,12,29,ekoksal,1,0,0,1
9975,2025-12-29,2025,12,29,sutetik,0,23,0,23
9976,2025-12-29,2025,12,29,hbulut,32,4,0,36
9977,2025-12-29,2025,12,29,bfirat,68,0,0,68
9978,2025-12-29,2025,12,29,VBAYANER,54,0,0,54
9979,2025-12-29,2025,12,29,BSOGUT,1,0,17,18
9980,2025-12-29,2025,12,29,uunver,9,0,0,9
9981,2025-12-29,2025,12,29,hakand,0,1,0,1
9982,2025-12-29,2025,12,29,ersener,10,0,0,10
9983,2025-12-29,2025,12,29,aapak,0,135,0,135
9984,2025-12-29,2025,12,29,akamera,0,10,0,10
9985,2025-12-29,2025,12,29,abarkod,0,13,0,13
9986,2025-12-29,2025,12,29,ntanriverdi,2,4,0,6
9987,2025-12-29,2025,12,29,bkibar,0,3,0,3
9988,2025-12-29,2025,12,29,mkarabiyik,0,4,0,4
9989,2025-12-29,2025,12,29,obali,4,1,3,8
9990,2025-12-29,2025,12,29,fimetin,2,45,0,47
9991,2025-12-29,2025,12,29,eatasoy,0,1,0,1
9992,2025-12-29,2025,12,29,ggirgin,5,7,0,12
9993,2025-12-29,2025,12,29,ekaradavut,13,36,0,49
9994,2025-12-29,2025,12,29,ayyilmaz,1,0,0,1
9995,2025-12-29,2025,12,29,mecigdem,4,4,0,8
9996,2025-12-29,2025,12,29,eulsever,1,6,0,7
9997,2025-12-29,2025,12,29,tevirgen,1,15,2,18
9998,2025-12-29,2025,12,29,gakca,13,13,0,26
9999,2025-12-29,2025,12,29,sfirinci,2,0,0,2
10000,2025-12-29,2025,12,29,saskin,33,0,0,33
10001,2025-12-29,2025,12,29,gekim,0,87,0,87
10002,2025-12-29,2025,12,29,fyakut,2,0,0,2
10003,2025-12-29,2025,12,29,amasun,1,104,0,105
10004,2025-12-29,2025,12,29,ebalaban,23,0,0,23
10005,2025-12-29,2025,12,29,caozturk,5,2,0,7
10006,2025-12-29,2025,12,29,ogungor,1,0,0,1
10007,2025-12-29,2025,12,29,eanli,0,4,0,4
10008,2025-12-30,2025,12,30,fyakut,9,1,0,10
10009,2025-12-30,2025,12,30,zyuksel,30,0,0,30
10010,2025-12-30,2025,12,30,gakca,4,0,0,4
10011,2025-12-30,2025,12,30,udalyan,3,1,0,4
10012,2025-12-30,2025,12,30,mecigdem,0,5,0,5
10013,2025-12-30,2025,12,30,hakand,11,39,1,51
10014,2025-12-30,2025,12,30,gsapmaz,11,0,0,11
10015,2025-12-30,2025,12,30,mguder,30,0,0,30
10016,2025-12-30,2025,12,30,pstjbmetiner,1,0,0,1
10017,2025-12-30,2025,12,30,hakdemir,2,0,0,2
10018,2025-12-30,2025,12,30,mguray,11,0,0,11
10019,2025-12-30,2025,12,30,eyuksel,14,2,0,16
10020,2025-12-30,2025,12,30,mkarsiv,1,0,0,1
10021,2025-12-30,2025,12,30,egonce,4,6,0,10
10022,2025-12-30,2025,12,30,adogan,28,0,0,28
10023,2025-12-30,2025,12,30,msevim,6,8,0,14
10024,2025-12-30,2025,12,30,gbalvan,1,17,0,18
10025,2025-12-30,2025,12,30,dcolor,0,60,0,60
10026,2025-12-30,2025,12,30,sutetik,0,14,0,14
10027,2025-12-30,2025,12,30,bfirat,20,0,0,20
10028,2025-12-30,2025,12,30,ierdil,3,5,0,8
10029,2025-12-30,2025,12,30,cisahin,0,11,0,11
10030,2025-12-30,2025,12,30,oicoz,1,0,0,1
10031,2025-12-30,2025,12,30,amasun,7,35,0,42
10032,2025-12-30,2025,12,30,akamera,0,18,0,18
10033,2025-12-30,2025,12,30,ngogce,13,0,0,13
10034,2025-12-30,2025,12,30,ttlideri,1,10,0,11
10035,2025-12-30,2025,12,30,ntanriverdi,6,3,0,9
10036,2025-12-30,2025,12,30,asablon,2,0,0,2
10037,2025-12-30,2025,12,30,cer,0,2,0,2
10038,2025-12-30,2025,12,30,mkarabiyik,0,4,0,4
10039,2025-12-30,2025,12,30,obali,0,1,0,1
10040,2025-12-30,2025,12,30,eanli,0,4,0,4
10041,2025-12-30,2025,12,30,MMUTLU,24,0,0,24
10042,2025-12-30,2025,12,30,ggirgin,4,6,4,14
10043,2025-12-30,2025,12,30,mertan,7,0,0,7
10044,2025-12-30,2025,12,30,ayyilmaz,5,0,0,5
10045,2025-12-30,2025,12,30,tevirgen,8,16,2,26
10046,2025-12-30,2025,12,30,ogungor,1,0,0,1
10047,2025-12-30,2025,12,30,dnoic,9,0,0,9
10048,2025-12-30,2025,12,30,caozturk,39,5,0,44
10049,2025-12-30,2025,12,30,ebalaban,14,0,0,14
10050,2025-12-30,2025,12,30,fimetin,8,0,0,8
10051,2025-12-30,2025,12,30,alofca,0,131,0,131
10052,2025-12-31,2025,12,31,bfirat,11,0,0,11
10053,2025-12-31,2025,12,31,VBAYANER,4,3,0,7
10054,2025-12-31,2025,12,31,dcolor,0,12,0,12
10055,2025-12-31,2025,12,31,mkarabiyik,3,0,0,3
10056,2025-12-31,2025,12,31,ngogce,5,0,15,20
10057,2025-12-31,2025,12,31,nibolkis,10,6,0,16
10058,2026-01-01,2026,1,1,akapucu,18,0,0,18
10059,2026-01-01,2026,1,1,ersener,38,0,0,38
10060,2026-01-01,2026,1,1,egonce,28,25,0,53
10061,2026-01-01,2026,1,1,mkarsiv,5,0,0,5
10062,2026-01-01,2026,1,1,fcolak,3,2,0,5
10063,2026-01-01,2026,1,1,cyildiz,2,2,0,4
10064,2026-01-01,2026,1,1,acelebi,2,1,0,3
10065,2026-01-01,2026,1,1,ierdil,0,4,0,4
10066,2026-01-01,2026,1,1,fgulsever,0,35,0,35
10067,2026-01-01,2026,1,1,sapra,12,2,0,14
10068,2026-01-01,2026,1,1,aapak,0,92,0,92
10069,2026-01-01,2026,1,1,BSOGUT,28,1,0,29
10070,2026-01-01,2026,1,1,hktlideri,1,0,0,1
10071,2026-01-01,2026,1,1,aayhan,14,60,0,74
10072,2026-01-01,2026,1,1,abarkod,0,1,0,1
10073,2026-01-01,2026,1,1,gekim,0,149,0,149
10074,2026-01-01,2026,1,1,iunlu,3,0,0,3
10075,2026-01-01,2026,1,1,dayakta,63,3,0,66
10076,2026-01-01,2026,1,1,gbakanoglu,31,0,0,31
10077,2026-01-02,2026,1,2,mecigdem,0,3,0,3
10078,2026-01-02,2026,1,2,zyuksel,50,60,0,110
10079,2026-01-02,2026,1,2,sutetik,0,17,0,17
10080,2026-01-02,2026,1,2,baozturk,1,0,0,1
10081,2026-01-02,2026,1,2,gsapmaz,5,0,0,5
10082,2026-01-02,2026,1,2,carican,8,0,0,8
10083,2026-01-02,2026,1,2,mguder,2,0,0,2
10084,2026-01-02,2026,1,2,ierdil,0,5,0,5
10085,2026-01-02,2026,1,2,msevim,3,17,0,20
10086,2026-01-02,2026,1,2,mkarsiv,1,0,0,1
10087,2026-01-02,2026,1,2,hakdemir,29,1,0,30
10088,2026-01-02,2026,1,2,hbinay,28,0,0,28
10089,2026-01-02,2026,1,2,eozkan,14,20,0,34
10090,2026-01-02,2026,1,2,dcolor,0,35,0,35
10091,2026-01-02,2026,1,2,ekoksal,1,0,0,1
10092,2026-01-02,2026,1,2,udalyan,2,2,0,4
10093,2026-01-02,2026,1,2,acelebi,1,2,0,3
10094,2026-01-02,2026,1,2,gakca,4,2,0,6
10095,2026-01-02,2026,1,2,ebalaban,12,1,0,13
10096,2026-01-02,2026,1,2,saskin,27,0,0,27
10097,2026-01-02,2026,1,2,adogan,11,0,0,11
10098,2026-01-02,2026,1,2,mkarabiyik,0,2,0,2
10099,2026-01-02,2026,1,2,mkofis,10,0,0,10
10100,2026-01-02,2026,1,2,obali,2,3,0,5
10101,2026-01-02,2026,1,2,MMUTLU,11,0,0,11
10102,2026-01-02,2026,1,2,fimetin,28,9,0,37
10103,2026-01-02,2026,1,2,sucakir,1,0,0,1
10104,2026-01-02,2026,1,2,eatasoy,1,0,0,1
10105,2026-01-02,2026,1,2,dustasi,11,0,0,11
10106,2026-01-02,2026,1,2,mertan,4,3,0,7
10107,2026-01-02,2026,1,2,ayyilmaz,2,0,0,2
10108,2026-01-02,2026,1,2,tevirgen,6,14,15,35
10109,2026-01-02,2026,1,2,ogungor,19,0,0,19
10110,2026-01-02,2026,1,2,caozturk,20,3,0,23
10111,2026-01-02,2026,1,2,amasun,11,98,0,109
10112,2026-01-02,2026,1,2,fozay,47,7,0,54
10113,2026-01-02,2026,1,2,ggirgin,42,13,0,55
10114,2026-01-03,2026,1,3,dcolor,0,40,0,40
10115,2026-01-03,2026,1,3,hakdemir,2,0,0,2
10116,2026-01-03,2026,1,3,rkontrol,1,0,0,1
10117,2026-01-03,2026,1,3,kbtlideri,8,0,0,8
10118,2026-01-03,2026,1,3,saskin,27,0,0,27
10119,2026-01-03,2026,1,3,ebalaban,4,0,0,4
10120,2026-01-03,2026,1,3,mceylan,7,0,0,7
10121,2026-01-04,2026,1,4,BSOGUT,0,0,1,1
10122,2026-01-04,2026,1,4,uunver,10,0,0,10
10123,2026-01-04,2026,1,4,egonce,11,4,0,15
10124,2026-01-04,2026,1,4,mkarsiv,3,2,0,5
10125,2026-01-04,2026,1,4,aildeniz,0,7,0,7
10126,2026-01-04,2026,1,4,ierdil,2,5,0,7
10127,2026-01-04,2026,1,4,fgulsever,0,16,0,16
10128,2026-01-04,2026,1,4,aapak,0,73,0,73
10129,2026-01-04,2026,1,4,acelebi,6,0,0,6
10130,2026-01-04,2026,1,4,gekim,0,177,0,177
10131,2026-01-04,2026,1,4,dnoic,7,0,0,7
10132,2026-01-04,2026,1,4,TIRMAK,18,30,45,93
10133,2026-01-04,2026,1,4,aayhan,101,24,0,125
10134,2026-01-04,2026,1,4,nakilli,1,0,0,1
10135,2026-01-04,2026,1,4,fbasak,3,0,0,3
10136,2026-01-04,2026,1,4,tcapkin,4,3,0,7
10137,2026-01-04,2026,1,4,abarkod,0,26,0,26
10138,2026-01-05,2026,1,5,kbtlideri,0,1,0,1
10139,2026-01-05,2026,1,5,ierdil,3,5,0,8
10140,2026-01-05,2026,1,5,pstjbmetiner,4,1,0,5
10141,2026-01-05,2026,1,5,sakgumus,0,1,0,1
10142,2026-01-05,2026,1,5,zyuksel,7,0,0,7
10143,2026-01-05,2026,1,5,hakand,77,0,0,77
10144,2026-01-05,2026,1,5,itopcu,8,0,0,8
10145,2026-01-05,2026,1,5,fgulsever,0,13,0,13
10146,2026-01-05,2026,1,5,bbugdayci,0,1,0,1
10147,2026-01-05,2026,1,5,mecigdem,10,2,0,12
10148,2026-01-05,2026,1,5,udalyan,0,3,1,4
10149,2026-01-05,2026,1,5,gsapmaz,2,0,0,2
10150,2026-01-05,2026,1,5,stjegitim,1,4,0,5
10151,2026-01-05,2026,1,5,hakdemir,4,0,0,4
10152,2026-01-05,2026,1,5,mkarsiv,2,0,0,2
10153,2026-01-05,2026,1,5,egonce,10,22,0,32
10154,2026-01-05,2026,1,5,aapak,12,14,0,26
10155,2026-01-05,2026,1,5,mbayirli,1,0,0,1
10156,2026-01-05,2026,1,5,msevim,10,9,0,19
10157,2026-01-05,2026,1,5,hbinay,2,0,0,2
10158,2026-01-05,2026,1,5,gbalvan,0,3,0,3
10159,2026-01-05,2026,1,5,dcolor,1,53,0,54
10160,2026-01-05,2026,1,5,sutetik,0,3,0,3
10161,2026-01-05,2026,1,5,ersener,1,0,0,1
10162,2026-01-05,2026,1,5,hbulut,37,0,0,37
10163,2026-01-05,2026,1,5,bfirat,22,1,0,23
10164,2026-01-05,2026,1,5,fcolak,2,0,0,2
10165,2026-01-05,2026,1,5,gakca,3,0,0,3
10166,2026-01-05,2026,1,5,ttlideri,19,0,0,19
10167,2026-01-05,2026,1,5,ekaragoz,47,0,0,47
10168,2026-01-05,2026,1,5,akamera,5,17,0,22
10169,2026-01-05,2026,1,5,edemirbas,4,0,0,4
10170,2026-01-05,2026,1,5,gekim,0,76,0,76
10171,2026-01-05,2026,1,5,tcapkin,0,2,0,2
10172,2026-01-05,2026,1,5,oyurtsever,1,0,0,1
10173,2026-01-05,2026,1,5,ntanriverdi,0,3,0,3
10174,2026-01-05,2026,1,5,asablon,12,0,0,12
10175,2026-01-05,2026,1,5,fbasak,3,0,0,3
10176,2026-01-05,2026,1,5,cer,39,0,0,39
10177,2026-01-05,2026,1,5,ogun,2,2,0,4
10178,2026-01-05,2026,1,5,aayhan,4,215,2,221
10179,2026-01-05,2026,1,5,mkofis,11,3,0,14
10180,2026-01-05,2026,1,5,obali,14,1,3,18
10181,2026-01-05,2026,1,5,abarkod,0,1,0,1
10182,2026-01-05,2026,1,5,fimetin,0,7,0,7
10183,2026-01-05,2026,1,5,MMUTLU,8,3,1,12
10184,2026-01-05,2026,1,5,amasun,8,64,0,72
10185,2026-01-05,2026,1,5,ebalaban,61,0,0,61
10186,2026-01-05,2026,1,5,caozturk,2,0,0,2
10187,2026-01-05,2026,1,5,dnoic,26,0,0,26
10188,2026-01-05,2026,1,5,fozay,1,0,0,1
10189,2026-01-05,2026,1,5,TIRMAK,4,0,0,4
10190,2026-01-05,2026,1,5,tevirgen,4,6,0,10
10191,2026-01-05,2026,1,5,mertan,9,0,0,9
10192,2026-01-05,2026,1,5,sulger,12,0,0,12
10193,2026-01-05,2026,1,5,ekaradavut,0,3,0,3
10194,2026-01-05,2026,1,5,oicoz,6,0,0,6
10195,2026-01-06,2026,1,6,ddcozgu,2,0,0,2
10196,2026-01-06,2026,1,6,cyildiz,1,1,0,2
10197,2026-01-06,2026,1,6,ebadem,3,0,0,3
10198,2026-01-06,2026,1,6,nsevkiyat,50,0,0,50
10199,2026-01-06,2026,1,6,fgulsever,0,41,0,41
10200,2026-01-06,2026,1,6,gsapmaz,6,1,0,7
10201,2026-01-06,2026,1,6,hakand,3,0,0,3
10202,2026-01-06,2026,1,6,mecigdem,0,2,0,2
10203,2026-01-06,2026,1,6,egonce,2,8,0,10
10204,2026-01-06,2026,1,6,udalyan,1,0,0,1
10205,2026-01-06,2026,1,6,ierdil,0,5,0,5
10206,2026-01-06,2026,1,6,herbilgin,8,0,0,8
10207,2026-01-06,2026,1,6,eozkan,3,0,0,3
10208,2026-01-06,2026,1,6,mbayirli,1,0,0,1
10209,2026-01-06,2026,1,6,msevim,5,3,0,8
10210,2026-01-06,2026,1,6,mmollaoglu,1,0,0,1
10211,2026-01-06,2026,1,6,sapra,0,7,0,7
10212,2026-01-06,2026,1,6,gbalvan,0,3,0,3
10213,2026-01-06,2026,1,6,dcolor,0,101,0,101
10214,2026-01-06,2026,1,6,sutetik,1,22,0,23
10215,2026-01-06,2026,1,6,ersener,1,0,0,1
10216,2026-01-06,2026,1,6,hbulut,28,3,0,31
10217,2026-01-06,2026,1,6,bfirat,27,15,0,42
10218,2026-01-06,2026,1,6,aapak,0,40,0,40
10219,2026-01-06,2026,1,6,hakdemir,4,1,0,5
10220,2026-01-06,2026,1,6,gakca,0,1,0,1
10221,2026-01-06,2026,1,6,saskin,53,0,0,53
10222,2026-01-06,2026,1,6,gekim,0,80,0,80
10223,2026-01-06,2026,1,6,akamera,0,2,0,2
10224,2026-01-06,2026,1,6,abarkod,0,1,0,1
10225,2026-01-06,2026,1,6,asablon,1,0,0,1
10226,2026-01-06,2026,1,6,cer,7,1,0,8
10227,2026-01-06,2026,1,6,ogun,1,0,0,1
10228,2026-01-06,2026,1,6,aayhan,8,49,0,57
10229,2026-01-06,2026,1,6,MMUTLU,0,2,0,2
10230,2026-01-06,2026,1,6,fimetin,14,0,0,14
10231,2026-01-06,2026,1,6,ggirgin,6,7,4,17
10232,2026-01-06,2026,1,6,ekaradavut,1,0,0,1
10233,2026-01-06,2026,1,6,mertan,1,0,0,1
10234,2026-01-06,2026,1,6,obali,0,1,0,1
10235,2026-01-06,2026,1,6,ogungor,1,0,0,1
10236,2026-01-06,2026,1,6,ayyilmaz,4,9,0,13
10237,2026-01-06,2026,1,6,zkurt,1,6,0,7
10238,2026-01-06,2026,1,6,fozay,10,0,0,10
10239,2026-01-06,2026,1,6,amasun,2,7,0,9
10240,2026-01-06,2026,1,6,ebalaban,25,0,0,25
10241,2026-01-06,2026,1,6,eanli,0,2,0,2
10242,2026-01-06,2026,1,6,dnoic,22,3,1,26
10243,2026-01-06,2026,1,6,oicoz,5,4,0,9
10244,2026-01-06,2026,1,6,nibolkis,4,0,0,4
10245,2026-01-06,2026,1,6,nbolkis,8,0,0,8
10246,2026-01-06,2026,1,6,caozturk,0,5,0,5
10247,2026-01-07,2026,1,7,rkontrol,1,0,0,1
10248,2026-01-07,2026,1,7,ierdil,2,7,0,9
10249,2026-01-07,2026,1,7,pstjbmetiner,3,0,0,3
10250,2026-01-07,2026,1,7,VBAYANER,5,0,0,5
10251,2026-01-07,2026,1,7,itopcu,2,1,0,3
10252,2026-01-07,2026,1,7,esaribuyuk,0,1,0,1
10253,2026-01-07,2026,1,7,BSOGUT,0,2,0,2
10254,2026-01-07,2026,1,7,mecigdem,4,2,0,6
10255,2026-01-07,2026,1,7,udalyan,1,1,0,2
10256,2026-01-07,2026,1,7,aapak,0,60,0,60
10257,2026-01-07,2026,1,7,fgulsever,0,100,0,100
10258,2026-01-07,2026,1,7,stjegitim,3,0,0,3
10259,2026-01-07,2026,1,7,bfirat,5,0,0,5
10260,2026-01-07,2026,1,7,fcolak,8,10,0,18
10261,2026-01-07,2026,1,7,mkarsiv,1,0,0,1
10262,2026-01-07,2026,1,7,egonce,2,11,0,13
10263,2026-01-07,2026,1,7,hakdemir,20,0,0,20
10264,2026-01-07,2026,1,7,uunver,4,0,0,4
10265,2026-01-07,2026,1,7,msevim,4,1,0,5
10266,2026-01-07,2026,1,7,sbayiroglu,0,0,1,1
10267,2026-01-07,2026,1,7,gbalvan,0,1,0,1
10268,2026-01-07,2026,1,7,dcolor,0,98,0,98
10269,2026-01-07,2026,1,7,sutetik,0,13,0,13
10270,2026-01-07,2026,1,7,hbulut,2,0,0,2
10271,2026-01-07,2026,1,7,oguler,1,0,0,1
10272,2026-01-07,2026,1,7,acelebi,1,1,0,2
10273,2026-01-07,2026,1,7,fyakut,2,0,0,2
10274,2026-01-07,2026,1,7,gsapmaz,26,13,0,39
10275,2026-01-07,2026,1,7,saskin,6,0,0,6
10276,2026-01-07,2026,1,7,adogan,1,0,0,1
10277,2026-01-07,2026,1,7,akamera,0,6,0,6
10278,2026-01-07,2026,1,7,abarkod,0,3,0,3
10279,2026-01-07,2026,1,7,ttlideri,0,5,0,5
10280,2026-01-07,2026,1,7,vgemici,7,1,0,8
10281,2026-01-07,2026,1,7,ntanriverdi,8,4,0,12
10282,2026-01-07,2026,1,7,bkibar,0,4,0,4
10283,2026-01-07,2026,1,7,asablon,1,0,0,1
10284,2026-01-07,2026,1,7,aayhan,2,3,0,5
10285,2026-01-07,2026,1,7,dyavuzkasap,1,0,0,1
10286,2026-01-07,2026,1,7,obali,33,12,0,45
10287,2026-01-07,2026,1,7,MMUTLU,7,1,6,14
10288,2026-01-07,2026,1,7,fimetin,9,21,0,30
10289,2026-01-07,2026,1,7,TIRMAK,0,0,3,3
10290,2026-01-07,2026,1,7,mertan,4,0,0,4
10291,2026-01-07,2026,1,7,ggirgin,13,2,0,15
10292,2026-01-07,2026,1,7,gekim,2,43,0,45
10293,2026-01-07,2026,1,7,ekaragoz,1,0,0,1
10294,2026-01-07,2026,1,7,amasun,0,6,0,6
10295,2026-01-07,2026,1,7,ebalaban,22,0,0,22
10296,2026-01-07,2026,1,7,caozturk,2,2,0,4
10297,2026-01-07,2026,1,7,eanli,7,0,0,7
10298,2026-01-07,2026,1,7,ogungor,34,2,0,36
10299,2026-01-07,2026,1,7,eulsever,0,8,0,8
10300,2026-01-07,2026,1,7,tevirgen,4,5,36,45
10301,2026-01-07,2026,1,7,ayyilmaz,13,0,0,13
10302,2026-01-07,2026,1,7,dnoic,24,0,0,24
10303,2026-01-08,2026,1,8,mecigdem,1,2,0,3
10304,2026-01-08,2026,1,8,fgulsever,0,43,0,43
10305,2026-01-08,2026,1,8,itopcu,17,1,0,18
10306,2026-01-08,2026,1,8,gsapmaz,4,29,0,33
10307,2026-01-08,2026,1,8,mguder,110,64,0,174
10308,2026-01-08,2026,1,8,zyuksel,140,0,0,140
10309,2026-01-08,2026,1,8,ierdil,0,7,0,7
10310,2026-01-08,2026,1,8,mguray,7,1,0,8
10311,2026-01-08,2026,1,8,ytinmaz,2,0,0,2
10312,2026-01-08,2026,1,8,fcolak,8,0,0,8
10313,2026-01-08,2026,1,8,eozkan,5,15,0,20
10314,2026-01-08,2026,1,8,uunver,1,0,0,1
10315,2026-01-08,2026,1,8,msevim,2,2,0,4
10316,2026-01-08,2026,1,8,sbayiroglu,0,0,3,3
10317,2026-01-08,2026,1,8,udalyan,2,0,0,2
10318,2026-01-08,2026,1,8,gbalvan,0,2,0,2
10319,2026-01-08,2026,1,8,dcolor,0,82,0,82
10320,2026-01-08,2026,1,8,ersener,19,0,0,19
10321,2026-01-08,2026,1,8,hbulut,41,18,0,59
10322,2026-01-08,2026,1,8,satinalmastajyer,14,1,0,15
10323,2026-01-08,2026,1,8,egonce,6,15,0,21
10324,2026-01-08,2026,1,8,aapak,0,27,0,27
10325,2026-01-08,2026,1,8,sutetik,1,0,0,1
10326,2026-01-08,2026,1,8,fyakut,3,0,0,3
10327,2026-01-08,2026,1,8,ubasdas,2,0,0,2
10328,2026-01-08,2026,1,8,akamera,0,4,0,4
10329,2026-01-08,2026,1,8,abarkod,0,2,0,2
10330,2026-01-08,2026,1,8,ttlideri,2,0,0,2
10331,2026-01-08,2026,1,8,fbasak,7,0,0,7
10332,2026-01-08,2026,1,8,aayhan,0,16,0,16
10333,2026-01-08,2026,1,8,obali,0,3,1,4
10334,2026-01-08,2026,1,8,MMUTLU,0,0,2,2
10335,2026-01-08,2026,1,8,fimetin,6,6,0,12
10336,2026-01-08,2026,1,8,ggirgin,9,4,147,160
10337,2026-01-08,2026,1,8,hakdemir,4,5,0,9
10338,2026-01-08,2026,1,8,tevirgen,5,2,0,7
10339,2026-01-08,2026,1,8,saskin,3,0,0,3
10340,2026-01-08,2026,1,8,gekim,0,25,0,25
10341,2026-01-08,2026,1,8,SUYILMAZ,3,0,0,3
10342,2026-01-08,2026,1,8,amasun,0,5,0,5
10343,2026-01-08,2026,1,8,mertan,7,1,0,8
10344,2026-01-08,2026,1,8,caozturk,15,0,0,15
10345,2026-01-08,2026,1,8,oicoz,3,0,0,3
10346,2026-01-08,2026,1,8,ogungor,2,1,0,3
10347,2026-01-08,2026,1,8,gayilmaz,40,0,0,40
10348,2026-01-08,2026,1,8,ebalaban,28,0,0,28
10349,2026-01-09,2026,1,9,itopcu,12,0,0,12
10350,2026-01-09,2026,1,9,gsapmaz,2,0,0,2
10351,2026-01-09,2026,1,9,mguder,0,4,0,4
10352,2026-01-09,2026,1,9,ierdil,0,9,0,9
10353,2026-01-09,2026,1,9,mguray,2,0,0,2
10354,2026-01-09,2026,1,9,rkontrol,1,0,0,1
10355,2026-01-09,2026,1,9,ytinmaz,9,0,0,9
10356,2026-01-09,2026,1,9,stjegitim,61,19,12,92
10357,2026-01-09,2026,1,9,hakdemir,0,3,0,3
10358,2026-01-09,2026,1,9,msevim,3,0,0,3
10359,2026-01-09,2026,1,9,eozkan,22,0,0,22
10360,2026-01-09,2026,1,9,mecigdem,0,3,0,3
10361,2026-01-09,2026,1,9,dcolor,0,71,0,71
10362,2026-01-09,2026,1,9,sutetik,1,5,0,6
10363,2026-01-09,2026,1,9,hbulut,1,0,0,1
10364,2026-01-09,2026,1,9,bfirat,19,0,0,19
10365,2026-01-09,2026,1,9,VBAYANER,2,0,0,2
10366,2026-01-09,2026,1,9,mkarsiv,3,0,0,3
10367,2026-01-09,2026,1,9,gbalvan,0,2,0,2
10368,2026-01-09,2026,1,9,udalyan,0,0,34,34
10369,2026-01-09,2026,1,9,adogan,4,0,0,4
10370,2026-01-09,2026,1,9,akamera,0,3,0,3
10371,2026-01-09,2026,1,9,gakca,1,0,0,1
10372,2026-01-09,2026,1,9,mkarabiyik,6,0,0,6
10373,2026-01-09,2026,1,9,mkofis,11,0,0,11
10374,2026-01-09,2026,1,9,obali,0,6,0,6
10375,2026-01-09,2026,1,9,MMUTLU,106,2,0,108
10376,2026-01-09,2026,1,9,fimetin,11,3,0,14
10377,2026-01-09,2026,1,9,snazli,1,0,0,1
10378,2026-01-09,2026,1,9,ntanriverdi,23,0,0,23
10379,2026-01-09,2026,1,9,ggirgin,20,0,5,25
10380,2026-01-09,2026,1,9,gkenarli,2,0,0,2
10381,2026-01-09,2026,1,9,fozay,39,13,0,52
10382,2026-01-09,2026,1,9,amasun,1,1,0,2
10383,2026-01-09,2026,1,9,ebalaban,13,0,0,13
10384,2026-01-09,2026,1,9,caozturk,7,0,6,13
10385,2026-01-09,2026,1,9,gayilmaz,6,8,0,14
10386,2026-01-09,2026,1,9,tevirgen,2,7,5,14
10387,2026-01-09,2026,1,9,ogungor,11,3,0,14
10388,2026-01-09,2026,1,9,mertan,1,2,0,3
10389,2026-01-10,2026,1,10,dcolor,0,43,0,43
10390,2026-01-10,2026,1,10,hakdemir,2,1,0,3
10391,2026-01-10,2026,1,10,rkontrol,0,1,0,1
10392,2026-01-10,2026,1,10,mkarsiv,1,0,0,1
10393,2026-01-10,2026,1,10,mkarabiyik,18,1,0,19
10394,2026-01-10,2026,1,10,mecigdem,12,4,0,16
10395,2026-01-10,2026,1,10,ebalaban,14,0,0,14
10396,2026-01-11,2026,1,11,bunver,1,0,0,1
10397,2026-01-11,2026,1,11,aapak,30,30,0,60
10398,2026-01-11,2026,1,11,dcolor,0,8,0,8
10399,2026-01-11,2026,1,11,egonce,5,14,0,19
10400,2026-01-11,2026,1,11,ierdil,6,8,0,14
10401,2026-01-11,2026,1,11,fgulsever,0,76,0,76
10402,2026-01-11,2026,1,11,mceylan,9,0,0,9
10403,2026-01-11,2026,1,11,gekim,0,35,0,35
10404,2026-01-11,2026,1,11,dnoic,12,3,5,20
10405,2026-01-11,2026,1,11,mkorucu,9,0,0,9
10406,2026-01-11,2026,1,11,fbasak,12,1,0,13
10407,2026-01-11,2026,1,11,nkorkmaz,2,0,0,2
10408,2026-01-11,2026,1,11,abarkod,0,21,0,21
10409,2026-01-11,2026,1,11,sfirinci,11,0,0,11
10410,2026-01-12,2026,1,12,acelebi,5,0,0,5
10411,2026-01-12,2026,1,12,bbugdayci,0,1,0,1
10412,2026-01-12,2026,1,12,ebadem,2,0,0,2
10413,2026-01-12,2026,1,12,nsevkiyat,45,0,0,45
10414,2026-01-12,2026,1,12,fgulsever,0,2,0,2
10415,2026-01-12,2026,1,12,pstjbmetiner,7,1,0,8
10416,2026-01-12,2026,1,12,gsapmaz,2,0,0,2
10417,2026-01-12,2026,1,12,mkarsiv,6,0,0,6
10418,2026-01-12,2026,1,12,mecigdem,0,2,0,2
10419,2026-01-12,2026,1,12,ierdil,3,5,0,8
10420,2026-01-12,2026,1,12,egonce,13,0,0,13
10421,2026-01-12,2026,1,12,hbinay,2,0,0,2
10422,2026-01-12,2026,1,12,msevim,2,5,0,7
10423,2026-01-12,2026,1,12,udalyan,1,4,1,6
10424,2026-01-12,2026,1,12,eozkan,4,0,0,4
10425,2026-01-12,2026,1,12,gbalvan,0,6,0,6
10426,2026-01-12,2026,1,12,dcolor,11,63,0,74
10427,2026-01-12,2026,1,12,sutetik,1,8,0,9
10428,2026-01-12,2026,1,12,ersener,6,0,0,6
10429,2026-01-12,2026,1,12,hbulut,79,2,0,81
10430,2026-01-12,2026,1,12,VBAYANER,1,0,0,1
10431,2026-01-12,2026,1,12,bunver,10,0,0,10
10432,2026-01-12,2026,1,12,hakdemir,2,0,0,2
10433,2026-01-12,2026,1,12,aapak,0,47,0,47
10434,2026-01-12,2026,1,12,rkontrol,3,0,0,3
10435,2026-01-12,2026,1,12,gakca,4,3,0,7
10436,2026-01-12,2026,1,12,ubasdas,0,1,0,1
10437,2026-01-12,2026,1,12,akamera,0,1,0,1
10438,2026-01-12,2026,1,12,ttlideri,1,0,0,1
10439,2026-01-12,2026,1,12,tcapkin,0,9,0,9
10440,2026-01-12,2026,1,12,ntanriverdi,31,1,0,32
10441,2026-01-12,2026,1,12,aayhan,38,351,11,400
10442,2026-01-12,2026,1,12,mkofis,1,0,0,1
10443,2026-01-12,2026,1,12,MMUTLU,3,2,0,5
10444,2026-01-12,2026,1,12,fimetin,4,64,0,68
10445,2026-01-12,2026,1,12,ggirgin,10,13,0,23
10446,2026-01-12,2026,1,12,okorucu,4,0,0,4
10447,2026-01-12,2026,1,12,obali,5,7,0,12
10448,2026-01-12,2026,1,12,tevirgen,2,1,0,3
10449,2026-01-12,2026,1,12,mertan,23,70,0,93
10450,2026-01-12,2026,1,12,fozay,6,4,0,10
10451,2026-01-12,2026,1,12,amasun,0,9,0,9
10452,2026-01-12,2026,1,12,ebalaban,21,5,0,26
10453,2026-01-12,2026,1,12,caozturk,12,5,0,17
10454,2026-01-12,2026,1,12,sfirinci,4,2,0,6
10455,2026-01-12,2026,1,12,gcevik,8,0,0,8
10456,2026-01-12,2026,1,12,ogungor,16,14,0,30
10457,2026-01-12,2026,1,12,gayilmaz,1,0,0,1
10458,2026-01-12,2026,1,12,dnoic,32,0,0,32
10459,2026-01-13,2026,1,13,kbtlideri,2,0,0,2
10460,2026-01-13,2026,1,13,aapak,0,39,0,39
10461,2026-01-13,2026,1,13,udalyan,3,0,6,9
10462,2026-01-13,2026,1,13,mecigdem,0,1,0,1
10463,2026-01-13,2026,1,13,BSOGUT,2,6,0,8
10464,2026-01-13,2026,1,13,fgulsever,3,32,0,35
10465,2026-01-13,2026,1,13,gsapmaz,28,1,0,29
10466,2026-01-13,2026,1,13,carican,0,1,0,1
10467,2026-01-13,2026,1,13,mguder,2,0,0,2
10468,2026-01-13,2026,1,13,ierdil,2,9,0,11
10469,2026-01-13,2026,1,13,mguray,1,0,0,1
10470,2026-01-13,2026,1,13,rkontrol,4,6,0,10
10471,2026-01-13,2026,1,13,VBAYANER,0,16,0,16
10472,2026-01-13,2026,1,13,fcolak,13,0,0,13
10473,2026-01-13,2026,1,13,mkarsiv,2,0,0,2
10474,2026-01-13,2026,1,13,egonce,6,6,0,12
10475,2026-01-13,2026,1,13,hakdemir,5,1,0,6
10476,2026-01-13,2026,1,13,msevim,6,2,0,8
10477,2026-01-13,2026,1,13,rshazirlama,2,1,0,3
10478,2026-01-13,2026,1,13,gbalvan,0,5,0,5
10479,2026-01-13,2026,1,13,dcolor,12,63,0,75
10480,2026-01-13,2026,1,13,sutetik,0,13,0,13
10481,2026-01-13,2026,1,13,hbulut,2,1,0,3
10482,2026-01-13,2026,1,13,gakca,1,1,0,2
10483,2026-01-13,2026,1,13,acelebi,0,8,0,8
10484,2026-01-13,2026,1,13,fyakut,1,0,0,1
10485,2026-01-13,2026,1,13,mkofis,4,3,0,7
10486,2026-01-13,2026,1,13,gekim,0,35,0,35
10487,2026-01-13,2026,1,13,adogan,2,0,0,2
10488,2026-01-13,2026,1,13,abarkod,0,3,0,3
10489,2026-01-13,2026,1,13,ttlideri,2,0,0,2
10490,2026-01-13,2026,1,13,tcapkin,1,11,0,12
10491,2026-01-13,2026,1,13,ntanriverdi,7,0,0,7
10492,2026-01-13,2026,1,13,fbasak,3,0,0,3
10493,2026-01-13,2026,1,13,cer,2,1,0,3
10494,2026-01-13,2026,1,13,aayhan,28,4,0,32
10495,2026-01-13,2026,1,13,mkarabiyik,0,1,0,1
10496,2026-01-13,2026,1,13,obali,44,11,0,55
10497,2026-01-13,2026,1,13,fimetin,3,1,0,4
10498,2026-01-13,2026,1,13,akamera,0,5,0,5
10499,2026-01-13,2026,1,13,ekaradavut,2,0,0,2
10500,2026-01-13,2026,1,13,ggirgin,0,0,26,26
10501,2026-01-13,2026,1,13,amasun,0,20,0,20
10502,2026-01-13,2026,1,13,ebalaban,20,0,0,20
10503,2026-01-13,2026,1,13,dnoic,25,0,0,25
10504,2026-01-13,2026,1,13,ckarahasan,4,2,0,6
10505,2026-01-13,2026,1,13,eanli,0,8,0,8
10506,2026-01-13,2026,1,13,gayilmaz,23,0,0,23
10507,2026-01-13,2026,1,13,tevirgen,5,5,0,10
10508,2026-01-13,2026,1,13,ayyilmaz,5,3,0,8
10509,2026-01-13,2026,1,13,mertan,9,1,0,10
10510,2026-01-13,2026,1,13,okanat,2,0,0,2
10511,2026-01-14,2026,1,14,fgulsever,0,29,0,29
10512,2026-01-14,2026,1,14,rkontrol,9,4,0,13
10513,2026-01-14,2026,1,14,itopcu,1,0,0,1
10514,2026-01-14,2026,1,14,baozturk,2,0,0,2
10515,2026-01-14,2026,1,14,carican,5,1,0,6
10516,2026-01-14,2026,1,14,sakgumus,0,16,0,16
10517,2026-01-14,2026,1,14,ierdil,6,7,0,13
10518,2026-01-14,2026,1,14,mguray,10,0,0,10
10519,2026-01-14,2026,1,14,nsevkiyat,30,0,0,30
10520,2026-01-14,2026,1,14,aildeniz,1,0,0,1
10521,2026-01-14,2026,1,14,bbugdayci,0,2,0,2
10522,2026-01-14,2026,1,14,eozkan,1,1,0,2
10523,2026-01-14,2026,1,14,hakdemir,45,15,0,60
10524,2026-01-14,2026,1,14,msevim,4,0,0,4
10525,2026-01-14,2026,1,14,rshazirlama,6,0,0,6
10526,2026-01-14,2026,1,14,sapra,13,0,0,13
10527,2026-01-14,2026,1,14,gbalvan,0,1,0,1
10528,2026-01-14,2026,1,14,dcolor,18,51,0,69
10529,2026-01-14,2026,1,14,ekoksal,2,2,0,4
10530,2026-01-14,2026,1,14,sutetik,0,20,0,20
10531,2026-01-14,2026,1,14,hbulut,8,1,0,9
10532,2026-01-14,2026,1,14,hakand,2,0,1,3
10533,2026-01-14,2026,1,14,egonce,11,4,0,15
10534,2026-01-14,2026,1,14,mecigdem,0,1,0,1
10535,2026-01-14,2026,1,14,acelebi,0,1,0,1
10536,2026-01-14,2026,1,14,aapak,0,29,0,29
10537,2026-01-14,2026,1,14,akamera,0,7,0,7
10538,2026-01-14,2026,1,14,abarkod,0,1,0,1
10539,2026-01-14,2026,1,14,vgemici,2,1,0,3
10540,2026-01-14,2026,1,14,tcapkin,0,4,0,4
10541,2026-01-14,2026,1,14,ntanriverdi,34,4,0,38
10542,2026-01-14,2026,1,14,fbasak,1,0,0,1
10543,2026-01-14,2026,1,14,aayhan,39,34,0,73
10544,2026-01-14,2026,1,14,obali,28,2,0,30
10545,2026-01-14,2026,1,14,ggirgin,1,0,0,1
10546,2026-01-14,2026,1,14,mertan,0,2,0,2
10547,2026-01-14,2026,1,14,udalyan,0,0,1,1
10548,2026-01-14,2026,1,14,ngogce,0,3,0,3
10549,2026-01-14,2026,1,14,gayilmaz,4,0,0,4
10550,2026-01-14,2026,1,14,ogungor,6,1,0,7
10551,2026-01-14,2026,1,14,caki,8,2,0,10
10552,2026-01-14,2026,1,14,ckarahasan,1,4,0,5
10553,2026-01-14,2026,1,14,dnoic,51,1,0,52
10554,2026-01-14,2026,1,14,ebalaban,76,0,0,76
10555,2026-01-14,2026,1,14,amasun,14,0,0,14
10556,2026-01-14,2026,1,14,fozay,14,3,0,17
10557,2026-01-14,2026,1,14,zkurt,3,0,0,3
10558,2026-01-14,2026,1,14,gekim,0,11,0,11
10559,2026-01-14,2026,1,14,gakca,5,3,0,8
10560,2026-01-14,2026,1,14,tevirgen,45,14,0,59
10561,2026-01-15,2026,1,15,aildeniz,7,0,0,7
10562,2026-01-15,2026,1,15,mguray,2,0,0,2
10563,2026-01-15,2026,1,15,ierdil,3,6,0,9
10564,2026-01-15,2026,1,15,mecigdem,0,2,0,2
10565,2026-01-15,2026,1,15,gsapmaz,7,0,0,7
10566,2026-01-15,2026,1,15,BSOGUT,34,0,0,34
10567,2026-01-15,2026,1,15,hakand,20,0,0,20
10568,2026-01-15,2026,1,15,rkontrol,1,8,0,9
10569,2026-01-15,2026,1,15,carican,1,11,0,12
10570,2026-01-15,2026,1,15,acelebi,4,13,0,17
10571,2026-01-15,2026,1,15,rshazirlama,9,0,0,9
10572,2026-01-15,2026,1,15,mkarsiv,3,0,0,3
10573,2026-01-15,2026,1,15,egonce,2,7,0,9
10574,2026-01-15,2026,1,15,hakdemir,4,0,0,4
10575,2026-01-15,2026,1,15,msevim,3,1,0,4
10576,2026-01-15,2026,1,15,gbalvan,0,6,0,6
10577,2026-01-15,2026,1,15,dcolor,7,43,0,50
10578,2026-01-15,2026,1,15,sutetik,0,16,0,16
10579,2026-01-15,2026,1,15,hbulut,2,0,0,2
10580,2026-01-15,2026,1,15,bfirat,18,0,0,18
10581,2026-01-15,2026,1,15,aapak,0,32,0,32
10582,2026-01-15,2026,1,15,fcolak,7,0,0,7
10583,2026-01-15,2026,1,15,ubasdas,1,10,0,11
10584,2026-01-15,2026,1,15,amasun,0,10,0,10
10585,2026-01-15,2026,1,15,gekim,0,47,0,47
10586,2026-01-15,2026,1,15,akamera,1,4,0,5
10587,2026-01-15,2026,1,15,abarkod,0,20,0,20
10588,2026-01-15,2026,1,15,ntanriverdi,2,1,0,3
10589,2026-01-15,2026,1,15,gakca,3,4,0,7
10590,2026-01-15,2026,1,15,aayhan,5,10,0,15
10591,2026-01-15,2026,1,15,mkofis,16,0,0,16
10592,2026-01-15,2026,1,15,obali,9,5,3,17
10593,2026-01-15,2026,1,15,kesmeray,2,0,0,2
10594,2026-01-15,2026,1,15,fimetin,6,0,0,6
10595,2026-01-15,2026,1,15,ayyilmaz,3,0,0,3
10596,2026-01-15,2026,1,15,fbasak,2,0,0,2
10597,2026-01-15,2026,1,15,gayilmaz,26,2,0,28
10598,2026-01-15,2026,1,15,tevirgen,5,8,0,13
10599,2026-01-15,2026,1,15,gbakanoglu,1,0,0,1
10600,2026-01-15,2026,1,15,ebalaban,36,0,0,36
10601,2026-01-15,2026,1,15,dnoic,21,0,3,24
10602,2026-01-15,2026,1,15,fozay,19,6,0,25
10603,2026-01-15,2026,1,15,mkorucu,1,10,0,11
10604,2026-01-15,2026,1,15,nibolkis,4,0,0,4
10605,2026-01-15,2026,1,15,ogungor,3,0,0,3
10606,2026-01-15,2026,1,15,ckarahasan,5,2,0,7
10607,2026-01-16,2026,1,16,zyuksel,22,0,0,22
10608,2026-01-16,2026,1,16,acelebi,0,5,0,5
10609,2026-01-16,2026,1,16,ierdil,2,8,0,10
10610,2026-01-16,2026,1,16,mguray,5,1,0,6
10611,2026-01-16,2026,1,16,rkontrol,7,3,0,10
10612,2026-01-16,2026,1,16,bfirat,13,0,0,13
10613,2026-01-16,2026,1,16,mkarsiv,2,0,0,2
10614,2026-01-16,2026,1,16,dcolor,14,55,0,69
10615,2026-01-16,2026,1,16,msevim,9,7,0,16
10616,2026-01-16,2026,1,16,rshazirlama,3,0,0,3
10617,2026-01-16,2026,1,16,gbalvan,0,2,0,2
10618,2026-01-16,2026,1,16,sutetik,0,18,0,18
10619,2026-01-16,2026,1,16,hbulut,12,0,0,12
10620,2026-01-16,2026,1,16,carican,5,1,0,6
10621,2026-01-16,2026,1,16,hakdemir,4,2,0,6
10622,2026-01-16,2026,1,16,hakand,85,0,0,85
10623,2026-01-16,2026,1,16,tevirgen,0,24,0,24
10624,2026-01-16,2026,1,16,adogan,1,1,0,2
10625,2026-01-16,2026,1,16,mecigdem,0,1,0,1
10626,2026-01-16,2026,1,16,akamera,42,3,0,45
10627,2026-01-16,2026,1,16,vgemici,1,0,0,1
10628,2026-01-16,2026,1,16,cer,2,0,0,2
10629,2026-01-16,2026,1,16,mkarabiyik,0,2,0,2
10630,2026-01-16,2026,1,16,obali,0,15,0,15
10631,2026-01-16,2026,1,16,MMUTLU,1,0,0,1
10632,2026-01-16,2026,1,16,mkofis,4,0,0,4
10633,2026-01-16,2026,1,16,mertan,4,2,0,6
10634,2026-01-16,2026,1,16,gayilmaz,3,1,0,4
10635,2026-01-16,2026,1,16,ogungor,2,0,0,2
10636,2026-01-16,2026,1,16,ckarahasan,2,0,0,2
10637,2026-01-16,2026,1,16,ebalaban,15,0,0,15
10638,2026-01-16,2026,1,16,amasun,0,18,0,18
10639,2026-01-16,2026,1,16,fimetin,3,0,0,3
10640,2026-01-17,2026,1,17,eyuksel,46,0,0,46
10641,2026-01-17,2026,1,17,dcolor,0,46,0,46
10642,2026-01-17,2026,1,17,hbinay,2,0,0,2
10643,2026-01-17,2026,1,17,mkarsiv,0,6,0,6
10644,2026-01-17,2026,1,17,rkontrol,1,0,0,1
10645,2026-01-17,2026,1,17,mkofis,4,0,0,4
10646,2026-01-17,2026,1,17,mecigdem,16,0,0,16
10647,2026-01-17,2026,1,17,ebalaban,7,0,0,7
10648,2026-01-17,2026,1,17,klaboratuar,2,0,0,2
10649,2026-01-17,2026,1,17,pstjbmetiner,4,2,0,6
10650,2026-01-18,2026,1,18,carican,2,23,0,25
10651,2026-01-18,2026,1,18,mkarsiv,16,0,0,16
10652,2026-01-18,2026,1,18,fcolak,5,0,0,5
10653,2026-01-18,2026,1,18,acelebi,7,0,0,7
10654,2026-01-18,2026,1,18,dcolor,10,12,0,22
10655,2026-01-18,2026,1,18,ierdil,1,5,0,6
10656,2026-01-18,2026,1,18,fgulsever,0,38,0,38
10657,2026-01-18,2026,1,18,rkontrol,3,0,0,3
10658,2026-01-18,2026,1,18,gekim,0,55,0,55
10659,2026-01-18,2026,1,18,mkofis,1,0,0,1
10660,2026-01-18,2026,1,18,aayhan,3,5,0,8
10661,2026-01-18,2026,1,18,fbasak,3,0,0,3
10662,2026-01-18,2026,1,18,edemirbas,1,0,0,1
10663,2026-01-18,2026,1,18,abarkod,0,3,0,3
10664,2026-01-18,2026,1,18,aapak,12,57,0,69
10665,2026-01-19,2026,1,19,rkontrol,14,15,0,29
10666,2026-01-19,2026,1,19,ebadem,3,0,0,3
10667,2026-01-19,2026,1,19,mguray,1,0,0,1
10668,2026-01-19,2026,1,19,ierdil,1,11,0,12
10669,2026-01-19,2026,1,19,pstjbmetiner,5,0,0,5
10670,2026-01-19,2026,1,19,mguder,5,0,0,5
10671,2026-01-19,2026,1,19,fgulsever,3,42,0,45
10672,2026-01-19,2026,1,19,itopcu,24,0,0,24
10673,2026-01-19,2026,1,19,fcolak,1,0,0,1
10674,2026-01-19,2026,1,19,BSOGUT,1,0,0,1
10675,2026-01-19,2026,1,19,hakand,1,0,0,1
10676,2026-01-19,2026,1,19,mecigdem,1,3,0,4
10677,2026-01-19,2026,1,19,udalyan,5,5,0,10
10678,2026-01-19,2026,1,19,carican,0,1,0,1
10679,2026-01-19,2026,1,19,mkarsiv,1,0,0,1
10680,2026-01-19,2026,1,19,fdeniz,34,0,0,34
10681,2026-01-19,2026,1,19,uunver,16,0,0,16
10682,2026-01-19,2026,1,19,msevim,11,8,0,19
10683,2026-01-19,2026,1,19,rshazirlama,1,0,0,1
10684,2026-01-19,2026,1,19,tcakan,0,12,0,12
10685,2026-01-19,2026,1,19,eozkan,2,0,0,2
10686,2026-01-19,2026,1,19,gbalvan,0,3,0,3
10687,2026-01-19,2026,1,19,bunver,1,0,0,1
10688,2026-01-19,2026,1,19,akocak,4,0,0,4
10689,2026-01-19,2026,1,19,dcolor,21,45,0,66
10690,2026-01-19,2026,1,19,sutetik,0,6,0,6
10691,2026-01-19,2026,1,19,hbulut,35,0,0,35
10692,2026-01-19,2026,1,19,akapucu,9,0,0,9
10693,2026-01-19,2026,1,19,bfirat,4,0,0,4
10694,2026-01-19,2026,1,19,aapak,0,15,0,15
10695,2026-01-19,2026,1,19,egonce,0,11,0,11
10696,2026-01-19,2026,1,19,mceylan,1,0,0,1
10697,2026-01-19,2026,1,19,fbasak,2,0,0,2
10698,2026-01-19,2026,1,19,ubasdas,2,6,0,8
10699,2026-01-19,2026,1,19,ELOFCA,0,3,0,3
10700,2026-01-19,2026,1,19,akamera,0,1,0,1
10701,2026-01-19,2026,1,19,abarkod,0,2,0,2
10702,2026-01-19,2026,1,19,tcapkin,0,70,0,70
10703,2026-01-19,2026,1,19,ntanriverdi,12,0,0,12
10704,2026-01-19,2026,1,19,asablon,17,0,0,17
10705,2026-01-19,2026,1,19,cer,10,0,0,10
10706,2026-01-19,2026,1,19,aayhan,41,77,0,118
10707,2026-01-19,2026,1,19,scolak,3,0,0,3
10708,2026-01-19,2026,1,19,obali,0,4,0,4
10709,2026-01-19,2026,1,19,MMUTLU,2,0,0,2
10710,2026-01-19,2026,1,19,fimetin,3,0,0,3
10711,2026-01-19,2026,1,19,ggirgin,7,3,0,10
10712,2026-01-19,2026,1,19,ekaradavut,2,8,0,10
10713,2026-01-19,2026,1,19,mertan,1,1,0,2
10714,2026-01-19,2026,1,19,vgemici,0,1,0,1
10715,2026-01-19,2026,1,19,gayilmaz,7,0,0,7
10716,2026-01-19,2026,1,19,tevirgen,7,20,0,27
10717,2026-01-19,2026,1,19,gakca,6,0,0,6
10718,2026-01-19,2026,1,19,sfirinci,1,2,0,3
10719,2026-01-19,2026,1,19,gekim,0,50,0,50
10720,2026-01-19,2026,1,19,eanli,0,5,0,5
10721,2026-01-19,2026,1,19,fozay,17,1,0,18
10722,2026-01-19,2026,1,19,adogan,1,0,0,1
10723,2026-01-19,2026,1,19,ebalaban,43,0,0,43
10724,2026-01-19,2026,1,19,caozturk,2,0,0,2
10725,2026-01-19,2026,1,19,ckarahasan,11,8,0,19
10726,2026-01-19,2026,1,19,gcevik,2,0,0,2
10727,2026-01-19,2026,1,19,mkorucu,3,4,0,7
10728,2026-01-19,2026,1,19,amasun,16,5,0,21
10729,2026-01-19,2026,1,19,ogungor,5,2,0,7
10730,2026-01-20,2026,1,20,sekisa,14,0,0,14
10731,2026-01-20,2026,1,20,aakyildiz,14,0,0,14
10732,2026-01-20,2026,1,20,acelebi,2,0,0,2
10733,2026-01-20,2026,1,20,rkontrol,19,2,0,21
10734,2026-01-20,2026,1,20,gsapmaz,0,1,0,1
10735,2026-01-20,2026,1,20,carican,0,1,0,1
10736,2026-01-20,2026,1,20,fgulsever,0,32,0,32
10737,2026-01-20,2026,1,20,mecigdem,19,2,0,21
10738,2026-01-20,2026,1,20,egonce,79,12,0,91
10739,2026-01-20,2026,1,20,aapak,0,41,0,41
10740,2026-01-20,2026,1,20,ierdil,1,4,0,5
10741,2026-01-20,2026,1,20,hakdemir,14,0,0,14
10742,2026-01-20,2026,1,20,gbalvan,0,5,0,5
10743,2026-01-20,2026,1,20,rshazirlama,25,0,0,25
10744,2026-01-20,2026,1,20,hbinay,3,0,0,3
10745,2026-01-20,2026,1,20,mmollaoglu,1,2,0,3
10746,2026-01-20,2026,1,20,BDEMIRAL,6,7,0,13
10747,2026-01-20,2026,1,20,eozkan,5,2,0,7
10748,2026-01-20,2026,1,20,dcolor,33,78,0,111
10749,2026-01-20,2026,1,20,sutetik,0,10,0,10
10750,2026-01-20,2026,1,20,ersener,1,0,0,1
10751,2026-01-20,2026,1,20,hbulut,6,0,0,6
10752,2026-01-20,2026,1,20,VBAYANER,0,16,0,16
10753,2026-01-20,2026,1,20,ELOFCA,0,2,2,4
10754,2026-01-20,2026,1,20,msevim,5,1,0,6
10755,2026-01-20,2026,1,20,ubasdas,16,0,0,16
10756,2026-01-20,2026,1,20,adogan,9,0,0,9
10757,2026-01-20,2026,1,20,mkofis,3,0,0,3
10758,2026-01-20,2026,1,20,gakca,2,3,0,5
10759,2026-01-20,2026,1,20,abarkod,0,17,0,17
10760,2026-01-20,2026,1,20,ntanriverdi,8,0,0,8
10761,2026-01-20,2026,1,20,asablon,1,0,0,1
10762,2026-01-20,2026,1,20,tyaman,29,4,0,33
10763,2026-01-20,2026,1,20,fbasak,4,0,0,4
10764,2026-01-20,2026,1,20,cer,4,1,0,5
10765,2026-01-20,2026,1,20,dyavuzkasap,0,1,0,1
10766,2026-01-20,2026,1,20,obali,4,0,1,5
10767,2026-01-20,2026,1,20,fimetin,0,1,0,1
10768,2026-01-20,2026,1,20,gkenarli,3,0,0,3
10769,2026-01-20,2026,1,20,ggirgin,7,4,0,11
10770,2026-01-20,2026,1,20,sucakir,29,1,0,30
10771,2026-01-20,2026,1,20,tevirgen,10,0,0,10
10772,2026-01-20,2026,1,20,gekim,0,78,0,78
10773,2026-01-20,2026,1,20,fozay,26,2,0,28
10774,2026-01-20,2026,1,20,amasun,8,14,0,22
10775,2026-01-20,2026,1,20,ebalaban,24,6,0,30
10776,2026-01-20,2026,1,20,mertan,2,2,0,4
10777,2026-01-20,2026,1,20,ckarahasan,6,1,0,7
10778,2026-01-20,2026,1,20,caozturk,2,42,0,44
10779,2026-01-20,2026,1,20,klaboratuar,0,4,0,4
10780,2026-01-20,2026,1,20,kkaplan,64,4,0,68
10781,2026-01-20,2026,1,20,gayilmaz,6,2,0,8
10782,2026-01-20,2026,1,20,gcevik,12,0,0,12
10783,2026-01-21,2026,1,21,rkontrol,7,1,0,8
10784,2026-01-21,2026,1,21,kbtlideri,3,0,0,3
10785,2026-01-21,2026,1,21,zyuksel,6,0,0,6
10786,2026-01-21,2026,1,21,ierdil,4,9,0,13
10787,2026-01-21,2026,1,21,pstjbmetiner,3,2,0,5
10788,2026-01-21,2026,1,21,carican,0,1,0,1
10789,2026-01-21,2026,1,21,udalyan,6,5,0,11
10790,2026-01-21,2026,1,21,bfirat,27,0,0,27
10791,2026-01-21,2026,1,21,BSOGUT,1,1,0,2
10792,2026-01-21,2026,1,21,esaribuyuk,0,10,0,10
10793,2026-01-21,2026,1,21,mecigdem,0,2,0,2
10794,2026-01-21,2026,1,21,bbugdayci,1,0,0,1
10795,2026-01-21,2026,1,21,itopcu,7,0,0,7
10796,2026-01-21,2026,1,21,acelebi,0,3,0,3
10797,2026-01-21,2026,1,21,sutetik,0,3,0,3
10798,2026-01-21,2026,1,21,sekisa,3,0,0,3
10799,2026-01-21,2026,1,21,mkarsiv,2,0,0,2
10800,2026-01-21,2026,1,21,ddcozgu,28,0,0,28
10801,2026-01-21,2026,1,21,egonce,2,22,0,24
10802,2026-01-21,2026,1,21,hakdemir,1,3,0,4
10803,2026-01-21,2026,1,21,msevim,6,0,0,6
10804,2026-01-21,2026,1,21,hbinay,10,0,0,10
10805,2026-01-21,2026,1,21,sapra,7,2,0,9
10806,2026-01-21,2026,1,21,eozkan,3,0,0,3
10807,2026-01-21,2026,1,21,gbalvan,0,6,0,6
10808,2026-01-21,2026,1,21,dcolor,26,94,0,120
10809,2026-01-21,2026,1,21,ekoksal,1,0,0,1
10810,2026-01-21,2026,1,21,hbulut,1,0,0,1
10811,2026-01-21,2026,1,21,fcolak,4,0,0,4
10812,2026-01-21,2026,1,21,aapak,0,16,0,16
10813,2026-01-21,2026,1,21,fgulsever,0,54,0,54
10814,2026-01-21,2026,1,21,fyakut,10,5,0,15
10815,2026-01-21,2026,1,21,gakca,4,1,0,5
10816,2026-01-21,2026,1,21,abarkod,0,1,0,1
10817,2026-01-21,2026,1,21,edemirbas,8,0,0,8
10818,2026-01-21,2026,1,21,tcapkin,0,3,0,3
10819,2026-01-21,2026,1,21,ntanriverdi,4,0,0,4
10820,2026-01-21,2026,1,21,fbasak,6,0,0,6
10821,2026-01-21,2026,1,21,fyilanci,2,1,0,3
10822,2026-01-21,2026,1,21,obali,0,0,1,1
10823,2026-01-21,2026,1,21,MMUTLU,5,0,4,9
10824,2026-01-21,2026,1,21,fimetin,1,0,0,1
10825,2026-01-21,2026,1,21,ggirgin,9,0,0,9
10826,2026-01-21,2026,1,21,mertan,9,4,0,13
10827,2026-01-21,2026,1,21,ayyilmaz,1,0,0,1
10828,2026-01-21,2026,1,21,tevirgen,0,5,32,37
10829,2026-01-21,2026,1,21,vgemici,8,0,0,8
10830,2026-01-21,2026,1,21,gayilmaz,4,6,0,10
10831,2026-01-21,2026,1,21,bsakrak,10,0,0,10
10832,2026-01-21,2026,1,21,eulsever,14,12,0,26
10833,2026-01-21,2026,1,21,gekim,0,55,0,55
10834,2026-01-21,2026,1,21,SUYILMAZ,3,0,0,3
10835,2026-01-21,2026,1,21,fozay,20,2,0,22
10836,2026-01-21,2026,1,21,amasun,0,4,0,4
10837,2026-01-21,2026,1,21,gbakanoglu,4,0,0,4
10838,2026-01-21,2026,1,21,ckarahasan,18,5,0,23
10839,2026-01-21,2026,1,21,caki,6,2,0,8
10840,2026-01-21,2026,1,21,mkorucu,3,3,0,6
10841,2026-01-21,2026,1,21,klaboratuar,0,2,0,2
10842,2026-01-21,2026,1,21,ogungor,3,1,0,4
10843,2026-01-21,2026,1,21,ebalaban,17,0,0,17
10844,2026-01-22,2026,1,22,mecigdem,3,2,0,5
10845,2026-01-22,2026,1,22,acelebi,0,3,0,3
10846,2026-01-22,2026,1,22,hakand,22,0,0,22
10847,2026-01-22,2026,1,22,fgulsever,0,15,0,15
10848,2026-01-22,2026,1,22,itopcu,13,0,0,13
10849,2026-01-22,2026,1,22,carican,0,1,0,1
10850,2026-01-22,2026,1,22,mguder,10,0,0,10
10851,2026-01-22,2026,1,22,zyuksel,48,0,0,48
10852,2026-01-22,2026,1,22,rkontrol,3,7,0,10
10853,2026-01-22,2026,1,22,aakyildiz,7,0,0,7
10854,2026-01-22,2026,1,22,rshazirlama,0,1,0,1
10855,2026-01-22,2026,1,22,mkarsiv,2,0,0,2
10856,2026-01-22,2026,1,22,egonce,6,8,0,14
10857,2026-01-22,2026,1,22,hakdemir,27,7,0,34
10858,2026-01-22,2026,1,22,msevim,1,3,0,4
10859,2026-01-22,2026,1,22,hbinay,9,0,0,9
10860,2026-01-22,2026,1,22,gbalvan,0,4,0,4
10861,2026-01-22,2026,1,22,dcolor,15,60,0,75
10862,2026-01-22,2026,1,22,sutetik,1,12,0,13
10863,2026-01-22,2026,1,22,hbulut,1,0,0,1
10864,2026-01-22,2026,1,22,udalyan,0,3,0,3
10865,2026-01-22,2026,1,22,sekisa,19,0,0,19
10866,2026-01-22,2026,1,22,aapak,0,25,0,25
10867,2026-01-22,2026,1,22,ierdil,5,7,0,12
10868,2026-01-22,2026,1,22,sfirinci,12,2,0,14
10869,2026-01-22,2026,1,22,gakca,9,3,0,12
10870,2026-01-22,2026,1,22,ngogce,16,0,8,24
10871,2026-01-22,2026,1,22,ttlideri,3,0,0,3
10872,2026-01-22,2026,1,22,ntanriverdi,2,0,0,2
10873,2026-01-22,2026,1,22,fbasak,2,0,0,2
10874,2026-01-22,2026,1,22,cer,3,0,0,3
10875,2026-01-22,2026,1,22,aayhan,4,4,42,50
10876,2026-01-22,2026,1,22,obali,2,0,0,2
10877,2026-01-22,2026,1,22,kesmeray,4,0,0,4
10878,2026-01-22,2026,1,22,fimetin,10,37,0,47
10879,2026-01-22,2026,1,22,tcapkin,0,9,0,9
10880,2026-01-22,2026,1,22,tevirgen,11,19,1,31
10881,2026-01-22,2026,1,22,ggirgin,19,4,10,33
10882,2026-01-22,2026,1,22,iunlu,14,2,0,16
10883,2026-01-22,2026,1,22,gekim,0,24,0,24
10884,2026-01-22,2026,1,22,fozay,1,0,0,1
10885,2026-01-22,2026,1,22,zkurt,2,3,0,5
10886,2026-01-22,2026,1,22,caozturk,2,0,0,2
10887,2026-01-22,2026,1,22,ckarahasan,34,4,0,38
10888,2026-01-22,2026,1,22,oicoz,4,0,0,4
10889,2026-01-22,2026,1,22,kkaplan,7,3,0,10
10890,2026-01-22,2026,1,22,ebalaban,24,0,0,24
10891,2026-01-23,2026,1,23,hakand,1,0,0,1
10892,2026-01-23,2026,1,23,ierdil,0,4,0,4
10893,2026-01-23,2026,1,23,baozturk,1,0,0,1
10894,2026-01-23,2026,1,23,gsapmaz,1,0,0,1
10895,2026-01-23,2026,1,23,carican,0,1,0,1
10896,2026-01-23,2026,1,23,zyuksel,9,0,0,9
10897,2026-01-23,2026,1,23,kbtlideri,36,0,0,36
10898,2026-01-23,2026,1,23,gbalvan,0,3,0,3
10899,2026-01-23,2026,1,23,sekisa,14,9,0,23
10900,2026-01-23,2026,1,23,hakdemir,14,10,0,24
10901,2026-01-23,2026,1,23,msevim,4,0,0,4
10902,2026-01-23,2026,1,23,dcolor,6,63,0,69
10903,2026-01-23,2026,1,23,sutetik,0,4,0,4
10904,2026-01-23,2026,1,23,bfirat,10,0,0,10
10905,2026-01-23,2026,1,23,udalyan,1,3,0,4
10906,2026-01-23,2026,1,23,rkontrol,0,1,0,1
10907,2026-01-23,2026,1,23,gakca,3,0,0,3
10908,2026-01-23,2026,1,23,ogungor,2,1,0,3
10909,2026-01-23,2026,1,23,ebalaban,29,0,0,29
10910,2026-01-23,2026,1,23,bsakrak,55,0,0,55
10911,2026-01-23,2026,1,23,akamera,1,6,0,7
10912,2026-01-23,2026,1,23,ngogce,2,0,16,18
10913,2026-01-23,2026,1,23,ntanriverdi,4,0,0,4
10914,2026-01-23,2026,1,23,mkofis,1,0,0,1
10915,2026-01-23,2026,1,23,obali,0,2,2,4
10916,2026-01-23,2026,1,23,MMUTLU,0,1,0,1
10917,2026-01-23,2026,1,23,ogun,0,1,0,1
10918,2026-01-23,2026,1,23,ggirgin,4,1,0,5
10919,2026-01-23,2026,1,23,ayyilmaz,2,0,0,2
10920,2026-01-23,2026,1,23,tevirgen,11,21,19,51
10921,2026-01-23,2026,1,23,eulsever,20,0,0,20
10922,2026-01-23,2026,1,23,ckarahasan,14,6,0,20
10923,2026-01-23,2026,1,23,caozturk,26,1,0,27
10924,2026-01-23,2026,1,23,fimetin,8,0,0,8
10925,2026-01-24,2026,1,24,ebalaban,8,0,0,8
10926,2026-01-24,2026,1,24,rkontrol,0,1,0,1
10927,2026-01-24,2026,1,24,hakdemir,0,3,0,3
10928,2026-01-24,2026,1,24,dcolor,6,36,0,42
10929,2026-01-25,2026,1,25,rkontrol,1,3,0,4
10930,2026-01-25,2026,1,25,carican,2,28,0,30
10931,2026-01-25,2026,1,25,ierdil,17,5,0,22
10932,2026-01-25,2026,1,25,acelebi,2,2,0,4
10933,2026-01-25,2026,1,25,fgulsever,1,29,0,30
10934,2026-01-25,2026,1,25,rshazirlama,4,0,0,4
10935,2026-01-25,2026,1,25,dcolor,7,10,0,17
10936,2026-01-25,2026,1,25,akapucu,6,0,0,6
10937,2026-01-25,2026,1,25,bunver,15,0,0,15
10938,2026-01-25,2026,1,25,mkarsiv,2,0,0,2
10939,2026-01-25,2026,1,25,BSOGUT,1,0,0,1
10940,2026-01-25,2026,1,25,egonce,3,2,0,5
10941,2026-01-25,2026,1,25,aapak,12,48,0,60
10942,2026-01-25,2026,1,25,abarkod,0,4,0,4
10943,2026-01-25,2026,1,25,aayhan,16,1,4,21
10944,2026-01-25,2026,1,25,mkofis,1,1,0,2
10945,2026-01-25,2026,1,25,esaribuyuk,0,1,0,1
10946,2026-01-25,2026,1,25,kcakir,3,0,0,3
10947,2026-01-25,2026,1,25,ogun,8,8,0,16
10948,2026-01-25,2026,1,25,ekaragoz,6,1,0,7
10949,2026-01-25,2026,1,25,gekim,0,26,0,26
10950,2026-01-25,2026,1,25,iunlu,30,0,0,30
10951,2026-01-25,2026,1,25,nakilli,1,1,0,2
10952,2026-01-25,2026,1,25,dnoic,8,0,2,10
10953,2026-01-26,2026,1,26,hakdemir,48,21,0,69
10954,2026-01-26,2026,1,26,okelepe,14,39,0,53
10955,2026-01-26,2026,1,26,fgulsever,0,16,0,16
10956,2026-01-26,2026,1,26,ierdil,4,4,0,8
10957,2026-01-26,2026,1,26,mguray,1,0,0,1
10958,2026-01-26,2026,1,26,rkontrol,0,1,0,1
10959,2026-01-26,2026,1,26,sekisa,38,0,0,38
10960,2026-01-26,2026,1,26,ddcozgu,25,0,0,25
10961,2026-01-26,2026,1,26,egonce,4,34,0,38
10962,2026-01-26,2026,1,26,msevim,3,0,0,3
10963,2026-01-26,2026,1,26,gbalvan,0,1,0,1
10964,2026-01-26,2026,1,26,mmollaoglu,0,1,0,1
10965,2026-01-26,2026,1,26,tcakan,10,0,0,10
10966,2026-01-26,2026,1,26,sapra,0,1,0,1
10967,2026-01-26,2026,1,26,eozkan,4,3,0,7
10968,2026-01-26,2026,1,26,hakand,4,4,0,8
10969,2026-01-26,2026,1,26,dcolor,0,41,0,41
10970,2026-01-26,2026,1,26,sutetik,1,19,0,20
10971,2026-01-26,2026,1,26,hbulut,3,0,0,3
10972,2026-01-26,2026,1,26,bfirat,2,24,0,26
10973,2026-01-26,2026,1,26,VBAYANER,0,26,0,26
10974,2026-01-26,2026,1,26,hbinay,3,0,0,3
10975,2026-01-26,2026,1,26,udalyan,0,1,0,1
10976,2026-01-26,2026,1,26,gsapmaz,8,0,0,8
10977,2026-01-26,2026,1,26,gakca,3,0,0,3
10978,2026-01-26,2026,1,26,akamera,0,9,0,9
10979,2026-01-26,2026,1,26,aapak,0,25,0,25
10980,2026-01-26,2026,1,26,ntanriverdi,0,2,0,2
10981,2026-01-26,2026,1,26,bkibar,0,1,0,1
10982,2026-01-26,2026,1,26,fbasak,4,0,0,4
10983,2026-01-26,2026,1,26,ogun,16,1,0,17
10984,2026-01-26,2026,1,26,aayhan,6,22,0,28
10985,2026-01-26,2026,1,26,MMUTLU,33,15,1,49
10986,2026-01-26,2026,1,26,fimetin,20,1,0,21
10987,2026-01-26,2026,1,26,ggirgin,14,0,0,14
10988,2026-01-26,2026,1,26,mertan,17,1,0,18
10989,2026-01-26,2026,1,26,vgemici,2,0,0,2
10990,2026-01-26,2026,1,26,eulsever,0,13,0,13
10991,2026-01-26,2026,1,26,tevirgen,7,9,1,17
10992,2026-01-26,2026,1,26,fozay,17,8,0,25
10993,2026-01-26,2026,1,26,amasun,0,74,0,74
10994,2026-01-26,2026,1,26,ebalaban,50,0,0,50
10995,2026-01-26,2026,1,26,gekim,0,28,0,28
10996,2026-01-26,2026,1,26,ckarahasan,27,5,0,32
10997,2026-01-26,2026,1,26,klaboratuar,0,2,0,2
10998,2026-01-26,2026,1,26,okanat,0,2,0,2
10999,2026-01-26,2026,1,26,gayilmaz,15,0,0,15
11000,2026-01-26,2026,1,26,caozturk,1,0,0,1
11001,2026-01-27,2026,1,27,gakca,1,0,0,1
11002,2026-01-27,2026,1,27,egonce,53,5,0,58
11003,2026-01-27,2026,1,27,ELOFCA,2,0,0,2
11004,2026-01-27,2026,1,27,udalyan,1,18,2,21
11005,2026-01-27,2026,1,27,fgulsever,0,7,0,7
11006,2026-01-27,2026,1,27,zyuksel,12,3,0,15
11007,2026-01-27,2026,1,27,ierdil,2,4,0,6
11008,2026-01-27,2026,1,27,mkarsiv,1,0,0,1
11009,2026-01-27,2026,1,27,ddcozgu,69,0,0,69
11010,2026-01-27,2026,1,27,hakdemir,2,10,0,12
11011,2026-01-27,2026,1,27,akocak,3,2,0,5
11012,2026-01-27,2026,1,27,tcakan,2,0,0,2
11013,2026-01-27,2026,1,27,sapra,8,1,0,9
11014,2026-01-27,2026,1,27,gbalvan,0,1,0,1
11015,2026-01-27,2026,1,27,dcolor,0,64,0,64
11016,2026-01-27,2026,1,27,sutetik,9,6,0,15
11017,2026-01-27,2026,1,27,hbulut,1,0,0,1
11018,2026-01-27,2026,1,27,bfirat,11,0,0,11
11019,2026-01-27,2026,1,27,VBAYANER,21,0,0,21
11020,2026-01-27,2026,1,27,sfirinci,1,0,0,1
11021,2026-01-27,2026,1,27,mmollaoglu,1,0,0,1
11022,2026-01-27,2026,1,27,gekim,0,81,0,81
11023,2026-01-27,2026,1,27,ngogce,0,40,0,40
11024,2026-01-27,2026,1,27,amasun,1,2,0,3
11025,2026-01-27,2026,1,27,akamera,0,4,0,4
11026,2026-01-27,2026,1,27,SUYILMAZ,5,0,0,5
11027,2026-01-27,2026,1,27,ntanriverdi,2,0,0,2
11028,2026-01-27,2026,1,27,mkarabiyik,0,2,0,2
11029,2026-01-27,2026,1,27,dyavuzkasap,0,1,0,1
11030,2026-01-27,2026,1,27,MMUTLU,7,3,0,10
11031,2026-01-27,2026,1,27,ggirgin,0,6,0,6
11032,2026-01-27,2026,1,27,sulger,14,15,0,29
11033,2026-01-27,2026,1,27,ayyilmaz,1,0,0,1
11034,2026-01-27,2026,1,27,tevirgen,1,28,4,33
11035,2026-01-27,2026,1,27,abarkod,0,31,0,31
11036,2026-01-27,2026,1,27,ogungor,6,1,0,7
11037,2026-01-27,2026,1,27,okanat,0,13,0,13
11038,2026-01-27,2026,1,27,klaboratuar,0,2,0,2
11039,2026-01-27,2026,1,27,kcakir,2,0,0,2
11040,2026-01-27,2026,1,27,mkorucu,1,2,0,3
11041,2026-01-27,2026,1,27,ckarahasan,16,3,0,19
11042,2026-01-27,2026,1,27,dnoic,5,0,0,5
11043,2026-01-27,2026,1,27,caozturk,3,0,0,3
11044,2026-01-27,2026,1,27,ebalaban,18,0,0,18
11045,2026-01-27,2026,1,27,gayilmaz,0,4,0,4
11046,2026-01-28,2026,1,28,gergene,1,0,0,1
11047,2026-01-28,2026,1,28,cyildiz,3,0,0,3
11048,2026-01-28,2026,1,28,pstjbmetiner,6,0,0,6
11049,2026-01-28,2026,1,28,aildeniz,1,0,0,1
11050,2026-01-28,2026,1,28,ierdil,5,5,0,10
11051,2026-01-28,2026,1,28,fcolak,21,1,0,22
11052,2026-01-28,2026,1,28,ytinmaz,2,0,0,2
11053,2026-01-28,2026,1,28,mkarsiv,1,0,0,1
11054,2026-01-28,2026,1,28,gbalvan,0,5,0,5
11055,2026-01-28,2026,1,28,hakdemir,1,3,0,4
11056,2026-01-28,2026,1,28,msevim,1,0,0,1
11057,2026-01-28,2026,1,28,sapra,0,2,2,4
11058,2026-01-28,2026,1,28,sutetik,6,6,0,12
11059,2026-01-28,2026,1,28,hbulut,10,0,0,10
11060,2026-01-28,2026,1,28,bfirat,2,0,0,2
11061,2026-01-28,2026,1,28,fgulsever,0,50,0,50
11062,2026-01-28,2026,1,28,egonce,3,1,0,4
11063,2026-01-28,2026,1,28,udalyan,0,0,24,24
11064,2026-01-28,2026,1,28,dcolor,0,61,0,61
11065,2026-01-28,2026,1,28,gakca,3,1,0,4
11066,2026-01-28,2026,1,28,bkibar,0,3,0,3
11067,2026-01-28,2026,1,28,fbasak,1,0,0,1
11068,2026-01-28,2026,1,28,cer,4,0,0,4
11069,2026-01-28,2026,1,28,aapak,0,21,0,21
11070,2026-01-28,2026,1,28,dyavuzkasap,0,1,0,1
11071,2026-01-28,2026,1,28,alofca,0,4,0,4
11072,2026-01-28,2026,1,28,ggirgin,1,0,0,1
11073,2026-01-28,2026,1,28,oseker,0,24,0,24
11074,2026-01-28,2026,1,28,mkarabiyik,1,2,0,3
11075,2026-01-28,2026,1,28,tevirgen,9,5,3,17
11076,2026-01-28,2026,1,28,gayilmaz,2,0,0,2
11077,2026-01-28,2026,1,28,ogungor,1,1,0,2
11078,2026-01-28,2026,1,28,ckarahasan,14,1,0,15
11079,2026-01-28,2026,1,28,ebalaban,42,0,0,42
11080,2026-01-28,2026,1,28,amasun,4,9,0,13
11081,2026-01-28,2026,1,28,eanli,0,4,0,4
11082,2026-01-28,2026,1,28,adogan,0,1,0,1
11083,2026-01-28,2026,1,28,ayyilmaz,0,1,0,1
11084,2026-01-29,2026,1,29,fcolak,5,1,0,6
11085,2026-01-29,2026,1,29,cyildiz,3,0,0,3
11086,2026-01-29,2026,1,29,aildeniz,6,0,0,6
11087,2026-01-29,2026,1,29,ierdil,2,5,0,7
11088,2026-01-29,2026,1,29,fgulsever,0,64,0,64
11089,2026-01-29,2026,1,29,zyuksel,40,0,0,40
11090,2026-01-29,2026,1,29,mguder,2,0,0,2
11091,2026-01-29,2026,1,29,baozturk,1,0,0,1
11092,2026-01-29,2026,1,29,sekisa,6,0,0,6
11093,2026-01-29,2026,1,29,pstjbmetiner,1,0,0,1
11094,2026-01-29,2026,1,29,mkarsiv,1,0,0,1
11095,2026-01-29,2026,1,29,dcolor,0,61,0,61
11096,2026-01-29,2026,1,29,egonce,8,7,0,15
11097,2026-01-29,2026,1,29,hakdemir,5,3,0,8
11098,2026-01-29,2026,1,29,msevim,3,0,0,3
11099,2026-01-29,2026,1,29,mmollaoglu,2,0,0,2
11100,2026-01-29,2026,1,29,sapra,3,6,0,9
11101,2026-01-29,2026,1,29,eozkan,30,0,0,30
11102,2026-01-29,2026,1,29,gbalvan,0,2,0,2
11103,2026-01-29,2026,1,29,aapak,0,35,0,35
11104,2026-01-29,2026,1,29,sutetik,3,21,0,24
11105,2026-01-29,2026,1,29,VBAYANER,0,1,0,1
11106,2026-01-29,2026,1,29,ddcozgu,21,0,0,21
11107,2026-01-29,2026,1,29,gakca,5,0,0,5
11108,2026-01-29,2026,1,29,gekim,0,20,0,20
11109,2026-01-29,2026,1,29,adogan,18,0,0,18
11110,2026-01-29,2026,1,29,akamera,0,6,0,6
11111,2026-01-29,2026,1,29,abarkod,0,3,0,3
11112,2026-01-29,2026,1,29,vgemici,7,0,0,7
11113,2026-01-29,2026,1,29,tcapkin,2,2,0,4
11114,2026-01-29,2026,1,29,fyakut,2,0,0,2
11115,2026-01-29,2026,1,29,obali,10,5,0,15
11116,2026-01-29,2026,1,29,MMUTLU,2,1,1,4
11117,2026-01-29,2026,1,29,fimetin,6,5,0,11
11118,2026-01-29,2026,1,29,ggirgin,21,6,0,27
11119,2026-01-29,2026,1,29,ekaradavut,6,0,0,6
11120,2026-01-29,2026,1,29,mertan,22,5,0,27
11121,2026-01-29,2026,1,29,mkarabiyik,3,31,0,34
11122,2026-01-29,2026,1,29,tevirgen,3,3,1,7
11123,2026-01-29,2026,1,29,eulsever,0,8,0,8
11124,2026-01-29,2026,1,29,ckarahasan,13,8,0,21
11125,2026-01-29,2026,1,29,dnoic,1,0,0,1
11126,2026-01-29,2026,1,29,caozturk,60,14,0,74
11127,2026-01-29,2026,1,29,ebalaban,29,0,0,29
11128,2026-01-29,2026,1,29,amasun,0,4,0,4
11129,2026-01-29,2026,1,29,zkurt,1,0,0,1
11130,2026-01-29,2026,1,29,ekaragoz,1,0,0,1
11131,2026-01-29,2026,1,29,ayyilmaz,0,2,0,2
11132,2026-01-30,2026,1,30,gakca,10,1,0,11
11133,2026-01-30,2026,1,30,itopcu,8,0,0,8
11134,2026-01-30,2026,1,30,hbulut,2,0,0,2
11135,2026-01-30,2026,1,30,gsapmaz,47,16,0,63
11136,2026-01-30,2026,1,30,zyuksel,17,0,0,17
11137,2026-01-30,2026,1,30,ierdil,6,4,0,10
11138,2026-01-30,2026,1,30,gbalvan,1,2,0,3
11139,2026-01-30,2026,1,30,mkarsiv,2,0,0,2
11140,2026-01-30,2026,1,30,hakdemir,1,5,0,6
11141,2026-01-30,2026,1,30,msevim,1,0,0,1
11142,2026-01-30,2026,1,30,dcolor,0,53,0,53
11143,2026-01-30,2026,1,30,sutetik,21,10,0,31
11144,2026-01-30,2026,1,30,fozay,5,0,0,5
11145,2026-01-30,2026,1,30,rkontrol,2,0,0,2
11146,2026-01-30,2026,1,30,amasun,0,4,0,4
11147,2026-01-30,2026,1,30,ogungor,3,1,0,4
11148,2026-01-30,2026,1,30,caozturk,10,44,0,54
11149,2026-01-30,2026,1,30,ckarahasan,8,2,0,10
11150,2026-01-30,2026,1,30,klaboratuar,0,2,0,2
11151,2026-01-30,2026,1,30,eulsever,0,7,0,7
11152,2026-01-30,2026,1,30,tevirgen,28,9,0,37
11153,2026-01-30,2026,1,30,ayyilmaz,2,0,0,2
11154,2026-01-30,2026,1,30,ggirgin,6,0,0,6
11155,2026-01-30,2026,1,30,fimetin,4,8,0,12
11156,2026-01-30,2026,1,30,MMUTLU,7,0,1,8
11157,2026-01-30,2026,1,30,obali,10,2,0,12
11158,2026-01-30,2026,1,30,mkarabiyik,2,2,0,4
11159,2026-01-30,2026,1,30,ntanriverdi,2,0,0,2
11160,2026-01-30,2026,1,30,akamera,0,6,0,6
11161,2026-01-30,2026,1,30,ebalaban,57,0,0,57
11162,2026-01-31,2026,1,31,dcolor,0,50,0,50
11163,2026-01-31,2026,1,31,hbinay,38,0,0,38
11164,2026-01-31,2026,1,31,oicoz,0,1,0,1
11165,2026-01-31,2026,1,31,ebalaban,7,0,0,7
11166,2026-01-31,2026,1,31,hakdemir,1,2,0,3
11167,2026-02-01,2026,2,1,iunlu,3,0,0,3
11168,2026-02-01,2026,2,1,dcolor,0,10,0,10
11169,2026-02-01,2026,2,1,mbayirli,10,0,0,10
11170,2026-02-01,2026,2,1,egonce,7,32,0,39
11171,2026-02-01,2026,2,1,mkarsiv,1,0,0,1
11172,2026-02-01,2026,2,1,ersener,46,0,0,46
11173,2026-02-01,2026,2,1,ierdil,0,5,0,5
11174,2026-02-01,2026,2,1,fgulsever,0,12,0,12
11175,2026-02-01,2026,2,1,aapak,12,26,0,38
11176,2026-02-01,2026,2,1,mceylan,10,0,0,10
11177,2026-02-01,2026,2,1,gekim,0,64,0,64
11178,2026-02-01,2026,2,1,fcolak,12,5,0,17
11179,2026-02-01,2026,2,1,fbalaban,0,1,0,1
11180,2026-02-01,2026,2,1,ekaragoz,4,3,0,7
11181,2026-02-01,2026,2,1,dnoic,16,5,0,21
11182,2026-02-01,2026,2,1,klaboratuar,0,3,0,3
11183,2026-02-01,2026,2,1,tevirgen,0,0,15,15
11184,2026-02-01,2026,2,1,dyavuzkasap,5,0,0,5
11185,2026-02-01,2026,2,1,aayhan,12,0,0,12
11186,2026-02-01,2026,2,1,fbasak,3,0,0,3
11187,2026-02-01,2026,2,1,hktlideri,1,0,0,1
11188,2026-02-01,2026,2,1,abarkod,0,9,0,9
11189,2026-02-01,2026,2,1,gbakanoglu,1,0,0,1
11190,2026-02-02,2026,2,2,stjegitim,0,2,11,13
11191,2026-02-02,2026,2,2,rkontrol,3,1,0,4
11192,2026-02-02,2026,2,2,mguray,40,0,0,40
11193,2026-02-02,2026,2,2,ierdil,0,5,0,5
11194,2026-02-02,2026,2,2,zyuksel,1,0,0,1
11195,2026-02-02,2026,2,2,hakand,4,1,0,5
11196,2026-02-02,2026,2,2,gsapmaz,0,2,0,2
11197,2026-02-02,2026,2,2,fgulsever,3,50,0,53
11198,2026-02-02,2026,2,2,BSOGUT,1,0,0,1
11199,2026-02-02,2026,2,2,eyuksel,13,2,0,15
11200,2026-02-02,2026,2,2,mecigdem,3,2,0,5
11201,2026-02-02,2026,2,2,ebtlideri,0,2,0,2
11202,2026-02-02,2026,2,2,mguder,30,0,0,30
11203,2026-02-02,2026,2,2,aakyildiz,1,0,0,1
11204,2026-02-02,2026,2,2,hakdemir,8,3,0,11
11205,2026-02-02,2026,2,2,mkarsiv,2,4,0,6
11206,2026-02-02,2026,2,2,ddcozgu,22,0,0,22
11207,2026-02-02,2026,2,2,egonce,2,11,0,13
11208,2026-02-02,2026,2,2,herbilgin,13,0,0,13
11209,2026-02-02,2026,2,2,hbinay,14,0,0,14
11210,2026-02-02,2026,2,2,eozkan,6,0,0,6
11211,2026-02-02,2026,2,2,gbalvan,1,2,0,3
11212,2026-02-02,2026,2,2,dcolor,0,42,0,42
11213,2026-02-02,2026,2,2,sutetik,15,13,0,28
11214,2026-02-02,2026,2,2,hbulut,25,2,0,27
11215,2026-02-02,2026,2,2,bfirat,40,0,0,40
11216,2026-02-02,2026,2,2,VBAYANER,0,15,0,15
11217,2026-02-02,2026,2,2,bunver,1,1,0,2
11218,2026-02-02,2026,2,2,udalyan,3,1,0,4
11219,2026-02-02,2026,2,2,fcolak,4,0,0,4
11220,2026-02-02,2026,2,2,aapak,0,44,0,44
11221,2026-02-02,2026,2,2,ckarahasan,14,15,0,29
11222,2026-02-02,2026,2,2,gakca,10,0,0,10
11223,2026-02-02,2026,2,2,akamera,0,12,0,12
11224,2026-02-02,2026,2,2,abarkod,0,30,0,30
11225,2026-02-02,2026,2,2,asablon,11,0,0,11
11226,2026-02-02,2026,2,2,hktlideri,1,0,0,1
11227,2026-02-02,2026,2,2,cer,16,0,0,16
11228,2026-02-02,2026,2,2,aayhan,17,20,0,37
11229,2026-02-02,2026,2,2,obali,2,17,0,19
11230,2026-02-02,2026,2,2,MMUTLU,25,7,0,32
11231,2026-02-02,2026,2,2,fimetin,28,0,0,28
11232,2026-02-02,2026,2,2,gkenarli,4,0,0,4
11233,2026-02-02,2026,2,2,ggirgin,27,0,0,27
11234,2026-02-02,2026,2,2,ekaradavut,1,0,0,1
11235,2026-02-02,2026,2,2,sulger,2,2,0,4
11236,2026-02-02,2026,2,2,mertan,14,1,0,15
11237,2026-02-02,2026,2,2,ntanriverdi,6,2,0,8
11238,2026-02-02,2026,2,2,eulsever,8,0,0,8
11239,2026-02-02,2026,2,2,tevirgen,7,26,0,33
11240,2026-02-02,2026,2,2,sfirinci,0,5,0,5
11241,2026-02-02,2026,2,2,iunlu,2,0,0,2
11242,2026-02-02,2026,2,2,gekim,0,11,0,11
11243,2026-02-02,2026,2,2,fbalaban,2,0,0,2
11244,2026-02-02,2026,2,2,eanli,5,5,0,10
11245,2026-02-02,2026,2,2,saskin,10,1,0,11
11246,2026-02-02,2026,2,2,ebalaban,27,2,0,29
11247,2026-02-02,2026,2,2,caozturk,17,0,6,23
11248,2026-02-02,2026,2,2,ubasdas,1,0,0,1
11249,2026-02-02,2026,2,2,caki,1,0,0,1
11250,2026-02-02,2026,2,2,klaboratuar,6,3,0,9
11251,2026-02-02,2026,2,2,fozay,32,1,0,33
11252,2026-02-02,2026,2,2,ogungor,11,0,0,11
11253,2026-02-03,2026,2,3,cyildiz,2,0,0,2
11254,2026-02-03,2026,2,3,ytinmaz,1,0,0,1
11255,2026-02-03,2026,2,3,ierdil,2,5,0,7
11256,2026-02-03,2026,2,3,pstjbmetiner,1,1,0,2
11257,2026-02-03,2026,2,3,fgulsever,0,23,0,23
11258,2026-02-03,2026,2,3,baozturk,1,0,0,1
11259,2026-02-03,2026,2,3,hakand,2,1,2,5
11260,2026-02-03,2026,2,3,mecigdem,0,2,0,2
11261,2026-02-03,2026,2,3,aakyildiz,5,0,0,5
11262,2026-02-03,2026,2,3,udalyan,2,0,1,3
11263,2026-02-03,2026,2,3,zyuksel,2,0,0,2
11264,2026-02-03,2026,2,3,fcolak,2,1,0,3
11265,2026-02-03,2026,2,3,eozkan,1,0,0,1
11266,2026-02-03,2026,2,3,ddcozgu,3,0,0,3
11267,2026-02-03,2026,2,3,egonce,9,29,0,38
11268,2026-02-03,2026,2,3,herbilgin,27,0,0,27
11269,2026-02-03,2026,2,3,hakdemir,8,0,0,8
11270,2026-02-03,2026,2,3,msevim,3,7,0,10
11271,2026-02-03,2026,2,3,hbinay,3,0,0,3
11272,2026-02-03,2026,2,3,gbalvan,0,2,0,2
11273,2026-02-03,2026,2,3,dcolor,0,62,0,62
11274,2026-02-03,2026,2,3,ekoksal,1,0,0,1
11275,2026-02-03,2026,2,3,sutetik,12,6,0,18
11276,2026-02-03,2026,2,3,hbulut,0,2,0,2
11277,2026-02-03,2026,2,3,ELOFCA,1,0,0,1
11278,2026-02-03,2026,2,3,mkarsiv,5,0,0,5
11279,2026-02-03,2026,2,3,gakca,4,0,0,4
11280,2026-02-03,2026,2,3,iunlu,14,0,0,14
11281,2026-02-03,2026,2,3,sfirinci,9,4,0,13
11282,2026-02-03,2026,2,3,akamera,0,2,0,2
11283,2026-02-03,2026,2,3,adogan,0,0,1,1
11284,2026-02-03,2026,2,3,ntanriverdi,4,2,0,6
11285,2026-02-03,2026,2,3,asablon,7,0,0,7
11286,2026-02-03,2026,2,3,cer,11,1,0,12
11287,2026-02-03,2026,2,3,obali,4,4,7,15
11288,2026-02-03,2026,2,3,MMUTLU,4,0,3,7
11289,2026-02-03,2026,2,3,gkenarli,3,0,0,3
11290,2026-02-03,2026,2,3,ggirgin,5,0,3,8
11291,2026-02-03,2026,2,3,tevirgen,10,15,0,25
11292,2026-02-03,2026,2,3,eulsever,0,12,0,12
11293,2026-02-03,2026,2,3,gayilmaz,1,0,0,1
11294,2026-02-03,2026,2,3,abarkod,0,3,0,3
11295,2026-02-03,2026,2,3,klaboratuar,0,5,0,5
11296,2026-02-03,2026,2,3,ogungor,7,5,0,12
11297,2026-02-03,2026,2,3,gekim,0,53,0,53
11298,2026-02-03,2026,2,3,eanli,2,0,0,2
11299,2026-02-03,2026,2,3,fozay,0,0,5,5
11300,2026-02-03,2026,2,3,amasun,5,0,0,5
11301,2026-02-03,2026,2,3,saskin,6,0,0,6
11302,2026-02-03,2026,2,3,caozturk,10,0,0,10
11303,2026-02-03,2026,2,3,dnoic,0,1,0,1
11304,2026-02-03,2026,2,3,ckarahasan,10,20,0,30
11305,2026-02-03,2026,2,3,gcevik,19,0,0,19
11306,2026-02-03,2026,2,3,ebalaban,17,0,0,17
11307,2026-02-04,2026,2,4,aapak,0,13,0,13
11308,2026-02-04,2026,2,4,ytinmaz,4,0,0,4
11309,2026-02-04,2026,2,4,udalyan,1,2,0,3
11310,2026-02-04,2026,2,4,mecigdem,0,2,0,2
11311,2026-02-04,2026,2,4,hakand,5,0,0,5
11312,2026-02-04,2026,2,4,BSOGUT,3,28,0,31
11313,2026-02-04,2026,2,4,fgulsever,2,22,0,24
11314,2026-02-04,2026,2,4,mguder,14,27,0,41
11315,2026-02-04,2026,2,4,ierdil,0,5,0,5
11316,2026-02-04,2026,2,4,ebadem,22,0,0,22
11317,2026-02-04,2026,2,4,stjegitim,0,3,0,3
11318,2026-02-04,2026,2,4,hakdemir,4,0,0,4
11319,2026-02-04,2026,2,4,fcolak,2,1,0,3
11320,2026-02-04,2026,2,4,mkarsiv,4,0,0,4
11321,2026-02-04,2026,2,4,egonce,8,5,0,13
11322,2026-02-04,2026,2,4,herbilgin,21,0,0,21
11323,2026-02-04,2026,2,4,sutetik,16,6,0,22
11324,2026-02-04,2026,2,4,eozkan,2,0,0,2
11325,2026-02-04,2026,2,4,gbalvan,0,1,0,1
11326,2026-02-04,2026,2,4,dcolor,0,74,0,74
11327,2026-02-04,2026,2,4,ekoksal,2,0,0,2
11328,2026-02-04,2026,2,4,gakca,9,0,0,9
11329,2026-02-04,2026,2,4,eyuksel,10,0,0,10
11330,2026-02-04,2026,2,4,adogan,0,0,1,1
11331,2026-02-04,2026,2,4,fdeniz,3,22,0,25
11332,2026-02-04,2026,2,4,saskin,26,0,0,26
11333,2026-02-04,2026,2,4,akamera,0,6,0,6
11334,2026-02-04,2026,2,4,abarkod,0,1,0,1
11335,2026-02-04,2026,2,4,ntanriverdi,6,2,0,8
11336,2026-02-04,2026,2,4,fbasak,8,0,0,8
11337,2026-02-04,2026,2,4,cer,2,0,0,2
11338,2026-02-04,2026,2,4,aayhan,70,147,24,241
11339,2026-02-04,2026,2,4,mkarabiyik,0,2,0,2
11340,2026-02-04,2026,2,4,MMUTLU,18,4,0,22
11341,2026-02-04,2026,2,4,ggirgin,40,1,0,41
11342,2026-02-04,2026,2,4,tevirgen,3,13,32,48
11343,2026-02-04,2026,2,4,eulsever,0,12,0,12
11344,2026-02-04,2026,2,4,sfirinci,2,0,0,2
11345,2026-02-04,2026,2,4,ogungor,14,1,0,15
11346,2026-02-04,2026,2,4,ckarahasan,11,12,0,23
11347,2026-02-04,2026,2,4,dnoic,1,3,0,4
11348,2026-02-04,2026,2,4,ebalaban,11,0,0,11
11349,2026-02-04,2026,2,4,amasun,2,15,0,17
11350,2026-02-04,2026,2,4,ekaragoz,1,0,0,1
11351,2026-02-04,2026,2,4,eanli,0,2,0,2
11352,2026-02-04,2026,2,4,fbalaban,2,0,0,2
11353,2026-02-04,2026,2,4,gekim,0,53,0,53
11354,2026-02-04,2026,2,4,iunlu,0,1,0,1
11355,2026-02-04,2026,2,4,gayilmaz,8,0,0,8
11356,2026-02-05,2026,2,5,bbugdayci,0,2,0,2
11357,2026-02-05,2026,2,5,ytinmaz,4,0,0,4
11358,2026-02-05,2026,2,5,ierdil,7,5,0,12
11359,2026-02-05,2026,2,5,okelepe,0,1,0,1
11360,2026-02-05,2026,2,5,gsapmaz,9,0,0,9
11361,2026-02-05,2026,2,5,itopcu,3,0,0,3
11362,2026-02-05,2026,2,5,fgulsever,0,138,0,138
11363,2026-02-05,2026,2,5,stjegitim,247,26,0,273
11364,2026-02-05,2026,2,5,pstjbmetiner,3,0,0,3
11365,2026-02-05,2026,2,5,fcolak,1,0,0,1
11366,2026-02-05,2026,2,5,gbalvan,0,2,0,2
11367,2026-02-05,2026,2,5,egonce,9,11,0,20
11368,2026-02-05,2026,2,5,hakdemir,1,4,0,5
11369,2026-02-05,2026,2,5,sapra,20,1,0,21
11370,2026-02-05,2026,2,5,BDEMIRAL,4,6,0,10
11371,2026-02-05,2026,2,5,dcolor,0,112,0,112
11372,2026-02-05,2026,2,5,sutetik,5,3,0,8
11373,2026-02-05,2026,2,5,hbulut,1,0,0,1
11374,2026-02-05,2026,2,5,VBAYANER,1,0,0,1
11375,2026-02-05,2026,2,5,bunver,1,35,0,36
11376,2026-02-05,2026,2,5,hakand,12,8,0,20
11377,2026-02-05,2026,2,5,mkarsiv,1,0,0,1
11378,2026-02-05,2026,2,5,mecigdem,0,2,0,2
11379,2026-02-05,2026,2,5,iunlu,6,0,0,6
11380,2026-02-05,2026,2,5,aapak,0,5,0,5
11381,2026-02-05,2026,2,5,akamera,0,2,0,2
11382,2026-02-05,2026,2,5,abarkod,0,1,0,1
11383,2026-02-05,2026,2,5,tcapkin,0,22,0,22
11384,2026-02-05,2026,2,5,bkibar,0,2,0,2
11385,2026-02-05,2026,2,5,udalyan,5,0,0,5
11386,2026-02-05,2026,2,5,aayhan,2,34,14,50
11387,2026-02-05,2026,2,5,mkarabiyik,0,2,0,2
11388,2026-02-05,2026,2,5,obali,2,10,0,12
11389,2026-02-05,2026,2,5,MMUTLU,3,1,0,4
11390,2026-02-05,2026,2,5,mertan,1,0,0,1
11391,2026-02-05,2026,2,5,tevirgen,5,4,78,87
11392,2026-02-05,2026,2,5,fbasak,4,0,0,4
11393,2026-02-05,2026,2,5,ogungor,4,4,0,8
11394,2026-02-05,2026,2,5,ckarahasan,5,0,0,5
11395,2026-02-05,2026,2,5,ebalaban,18,1,0,19
11396,2026-02-05,2026,2,5,fozay,1,0,0,1
11397,2026-02-05,2026,2,5,ekaragoz,1,1,0,2
11398,2026-02-05,2026,2,5,gekim,0,52,0,52
11399,2026-02-05,2026,2,5,sfirinci,1,0,0,1
11400,2026-02-05,2026,2,5,fyakut,1,6,0,7
11401,2026-02-05,2026,2,5,gakca,20,6,0,26
11402,2026-02-05,2026,2,5,uyigit,3,0,0,3
11403,2026-02-06,2026,2,6,ierdil,0,4,0,4
11404,2026-02-06,2026,2,6,ytinmaz,13,4,0,17
11405,2026-02-06,2026,2,6,stjegitim,0,0,17,17
11406,2026-02-06,2026,2,6,acelebi,2,0,0,2
11407,2026-02-06,2026,2,6,mkarsiv,4,7,0,11
11408,2026-02-06,2026,2,6,hakdemir,5,0,0,5
11409,2026-02-06,2026,2,6,hbulut,1,6,0,7
11410,2026-02-06,2026,2,6,dcolor,0,75,0,75
11411,2026-02-06,2026,2,6,sutetik,11,3,0,14
11412,2026-02-06,2026,2,6,VBAYANER,1,0,0,1
11413,2026-02-06,2026,2,6,bfirat,18,0,0,18
11414,2026-02-06,2026,2,6,carican,6,0,0,6
11415,2026-02-06,2026,2,6,hbinay,5,0,0,5
11416,2026-02-06,2026,2,6,hakand,2,1,0,3
11417,2026-02-06,2026,2,6,mkarabiyik,6,0,0,6
11418,2026-02-06,2026,2,6,udalyan,1,0,1,2
11419,2026-02-06,2026,2,6,gakca,6,1,0,7
11420,2026-02-06,2026,2,6,ebalaban,69,0,0,69
11421,2026-02-06,2026,2,6,caozturk,2,1,0,3
11422,2026-02-06,2026,2,6,ckarahasan,19,0,0,19
11423,2026-02-06,2026,2,6,eulsever,0,4,0,4
11424,2026-02-06,2026,2,6,tevirgen,7,6,0,13
11425,2026-02-06,2026,2,6,ggirgin,0,0,10,10
11426,2026-02-06,2026,2,6,gkenarli,2,0,0,2
11427,2026-02-06,2026,2,6,fimetin,28,1,0,29
11428,2026-02-06,2026,2,6,ttlideri,0,2,0,2
11429,2026-02-06,2026,2,6,akamera,0,4,0,4
11430,2026-02-06,2026,2,6,mecigdem,0,2,0,2
11431,2026-02-07,2026,2,7,dcolor,0,83,0,83
11432,2026-02-07,2026,2,7,hakdemir,0,3,0,3
11433,2026-02-07,2026,2,7,eyuksel,5,0,0,5
11434,2026-02-07,2026,2,7,ogungor,14,0,0,14
11435,2026-02-07,2026,2,7,ebalaban,4,0,0,4
11436,2026-02-07,2026,2,7,kcakir,6,1,0,7
11437,2026-02-07,2026,2,7,iunlu,14,0,0,14
11438,2026-02-08,2026,2,8,sfirinci,1,3,0,4
11439,2026-02-08,2026,2,8,dcolor,0,9,0,9
11440,2026-02-08,2026,2,8,egonce,13,5,0,18
11441,2026-02-08,2026,2,8,fcolak,7,0,0,7
11442,2026-02-08,2026,2,8,ierdil,0,5,0,5
11443,2026-02-08,2026,2,8,fgulsever,3,16,0,19
11444,2026-02-08,2026,2,8,akapucu,9,0,0,9
11445,2026-02-08,2026,2,8,bsakrak,18,0,0,18
11446,2026-02-08,2026,2,8,aapak,14,66,0,80
11447,2026-02-08,2026,2,8,ekaragoz,1,0,0,1
11448,2026-02-08,2026,2,8,dnoic,10,0,0,10
11449,2026-02-08,2026,2,8,gcevik,4,0,0,4
11450,2026-02-08,2026,2,8,mkofis,1,0,0,1
11451,2026-02-08,2026,2,8,aayhan,5,4,3,12
11452,2026-02-08,2026,2,8,fbasak,4,21,0,25
11453,2026-02-08,2026,2,8,abarkod,0,2,0,2
11454,2026-02-08,2026,2,8,gekim,0,38,0,38
11455,2026-02-09,2026,2,9,ierdil,2,110,0,112
11456,2026-02-09,2026,2,9,baozturk,1,0,0,1
11457,2026-02-09,2026,2,9,fgulsever,0,32,0,32
11458,2026-02-09,2026,2,9,mecigdem,4,2,0,6
11459,2026-02-09,2026,2,9,gakca,28,4,0,32
11460,2026-02-09,2026,2,9,aapak,0,36,0,36
11461,2026-02-09,2026,2,9,ytinmaz,0,2,0,2
11462,2026-02-09,2026,2,9,sfirinci,0,1,0,1
11463,2026-02-09,2026,2,9,saskin,1,0,0,1
11464,2026-02-09,2026,2,9,udalyan,39,1,1,41
11465,2026-02-09,2026,2,9,bbugdayci,0,0,14,14
11466,2026-02-09,2026,2,9,hakdemir,4,2,0,6
11467,2026-02-09,2026,2,9,fcolak,6,2,0,8
11468,2026-02-09,2026,2,9,egonce,4,7,0,11
11469,2026-02-09,2026,2,9,mbayirli,2,0,0,2
11470,2026-02-09,2026,2,9,gbalvan,0,1,0,1
11471,2026-02-09,2026,2,9,dcolor,0,56,0,56
11472,2026-02-09,2026,2,9,sutetik,21,1,0,22
11473,2026-02-09,2026,2,9,hbulut,8,2,0,10
11474,2026-02-09,2026,2,9,akapucu,11,0,0,11
11475,2026-02-09,2026,2,9,bfirat,37,0,0,37
11476,2026-02-09,2026,2,9,bunver,5,1,0,6
11477,2026-02-09,2026,2,9,gekim,0,35,0,35
11478,2026-02-09,2026,2,9,stjegitim,0,1,45,46
11479,2026-02-09,2026,2,9,SUYILMAZ,2,0,0,2
11480,2026-02-09,2026,2,9,mkarsiv,1,0,0,1
11481,2026-02-09,2026,2,9,ekaragoz,1,0,2,3
11482,2026-02-09,2026,2,9,ngogce,0,0,4,4
11483,2026-02-09,2026,2,9,abarkod,0,21,0,21
11484,2026-02-09,2026,2,9,ttlideri,1,8,0,9
11485,2026-02-09,2026,2,9,tcapkin,1,23,0,24
11486,2026-02-09,2026,2,9,ntanriverdi,4,3,0,7
11487,2026-02-09,2026,2,9,bkibar,0,2,0,2
11488,2026-02-09,2026,2,9,nkorkmaz,2,5,0,7
11489,2026-02-09,2026,2,9,fbasak,43,0,0,43
11490,2026-02-09,2026,2,9,aayhan,3,0,0,3
11491,2026-02-09,2026,2,9,eanli,2,0,0,2
11492,2026-02-09,2026,2,9,obali,2,1,2,5
11493,2026-02-09,2026,2,9,MMUTLU,23,3,5,31
11494,2026-02-09,2026,2,9,akamera,0,3,0,3
11495,2026-02-09,2026,2,9,sucakir,1,0,0,1
11496,2026-02-09,2026,2,9,gkenarli,2,0,0,2
11497,2026-02-09,2026,2,9,ggirgin,23,0,0,23
11498,2026-02-09,2026,2,9,mertan,9,1,0,10
11499,2026-02-09,2026,2,9,ayyilmaz,2,0,0,2
11500,2026-02-09,2026,2,9,tevirgen,6,1,1,8
11501,2026-02-09,2026,2,9,ckarahasan,9,13,0,22
11502,2026-02-09,2026,2,9,caozturk,0,1,0,1
11503,2026-02-09,2026,2,9,ebalaban,34,1,0,35
11504,2026-02-09,2026,2,9,amasun,0,26,0,26
11505,2026-02-09,2026,2,9,fozay,2,0,0,2
11506,2026-02-09,2026,2,9,fimetin,13,0,0,13
11507,2026-02-10,2026,2,10,cadonmez,0,0,3,3
11508,2026-02-10,2026,2,10,mguray,9,0,0,9
11509,2026-02-10,2026,2,10,ierdil,2,6,0,8
11510,2026-02-10,2026,2,10,zyuksel,11,5,2,18
11511,2026-02-10,2026,2,10,mecigdem,0,1,0,1
11512,2026-02-10,2026,2,10,gsapmaz,6,1,0,7
11513,2026-02-10,2026,2,10,fgulsever,0,43,0,43
11514,2026-02-10,2026,2,10,BSOGUT,13,0,0,13
11515,2026-02-10,2026,2,10,hakand,3,0,0,3
11516,2026-02-10,2026,2,10,stjegitim,0,0,60,60
11517,2026-02-10,2026,2,10,mguder,2,0,0,2
11518,2026-02-10,2026,2,10,fcolak,50,21,0,71
11519,2026-02-10,2026,2,10,eozkan,10,0,0,10
11520,2026-02-10,2026,2,10,hakdemir,5,7,0,12
11521,2026-02-10,2026,2,10,msevim,2,0,0,2
11522,2026-02-10,2026,2,10,hbinay,2,0,2,4
11523,2026-02-10,2026,2,10,BDEMIRAL,2,3,5,10
11524,2026-02-10,2026,2,10,gbalvan,2,3,0,5
11525,2026-02-10,2026,2,10,dcolor,0,93,0,93
11526,2026-02-10,2026,2,10,sutetik,15,10,0,25
11527,2026-02-10,2026,2,10,bfirat,11,1,0,12
11528,2026-02-10,2026,2,10,VBAYANER,9,14,0,23
11529,2026-02-10,2026,2,10,bunver,14,0,0,14
11530,2026-02-10,2026,2,10,udalyan,558,65,49,672
11531,2026-02-10,2026,2,10,egonce,12,4,0,16
11532,2026-02-10,2026,2,10,aapak,0,39,0,39
11533,2026-02-10,2026,2,10,hbulut,38,0,0,38
11534,2026-02-10,2026,2,10,fyakut,12,2,0,14
11535,2026-02-10,2026,2,10,gakca,4,1,0,5
11536,2026-02-10,2026,2,10,abarkod,0,3,0,3
11537,2026-02-10,2026,2,10,ttlideri,5,0,0,5
11538,2026-02-10,2026,2,10,vgemici,8,0,0,8
11539,2026-02-10,2026,2,10,gmasistan,5,0,0,5
11540,2026-02-10,2026,2,10,fbasak,9,0,0,9
11541,2026-02-10,2026,2,10,obali,10,0,0,10
11542,2026-02-10,2026,2,10,MMUTLU,0,30,0,30
11543,2026-02-10,2026,2,10,sucakir,18,1,0,19
11544,2026-02-10,2026,2,10,ggirgin,8,4,0,12
11545,2026-02-10,2026,2,10,mertan,16,1,0,17
11546,2026-02-10,2026,2,10,ayyilmaz,6,2,0,8
11547,2026-02-10,2026,2,10,akamera,0,5,0,5
11548,2026-02-10,2026,2,10,ogungor,5,1,0,6
11549,2026-02-10,2026,2,10,tevirgen,0,4,0,4
11550,2026-02-10,2026,2,10,gekim,0,73,0,73
11551,2026-02-10,2026,2,10,adogan,34,0,0,34
11552,2026-02-10,2026,2,10,scabuker,0,0,1,1
11553,2026-02-10,2026,2,10,ekaragoz,9,2,2,13
11554,2026-02-10,2026,2,10,otufan,0,7,0,7
11555,2026-02-10,2026,2,10,amasun,9,18,0,27
11556,2026-02-10,2026,2,10,ebalaban,19,0,0,19
11557,2026-02-10,2026,2,10,caozturk,1,11,0,12
11558,2026-02-10,2026,2,10,dnoic,29,1,1,31
11559,2026-02-10,2026,2,10,ckarahasan,8,6,0,14
11560,2026-02-10,2026,2,10,fozay,8,0,0,8
11561,2026-02-11,2026,2,11,fcolak,2,0,0,2
11562,2026-02-11,2026,2,11,cyildiz,4,0,0,4
11563,2026-02-11,2026,2,11,stjegitim,73,0,9,82
11564,2026-02-11,2026,2,11,rkontrol,2,0,0,2
11565,2026-02-11,2026,2,11,ierdil,1,5,0,6
11566,2026-02-11,2026,2,11,zyuksel,1,0,0,1
11567,2026-02-11,2026,2,11,mguder,1,0,0,1
11568,2026-02-11,2026,2,11,gsapmaz,2,0,0,2
11569,2026-02-11,2026,2,11,ddcozgu,14,0,0,14
11570,2026-02-11,2026,2,11,aildeniz,2,0,0,2
11571,2026-02-11,2026,2,11,egonce,2,9,0,11
11572,2026-02-11,2026,2,11,eozkan,0,4,0,4
11573,2026-02-11,2026,2,11,uunver,9,26,0,35
11574,2026-02-11,2026,2,11,msevim,2,1,0,3
11575,2026-02-11,2026,2,11,hbinay,4,0,0,4
11576,2026-02-11,2026,2,11,mmollaoglu,0,0,40,40
11577,2026-02-11,2026,2,11,gbalvan,2,0,0,2
11578,2026-02-11,2026,2,11,akocak,0,5,0,5
11579,2026-02-11,2026,2,11,dcolor,0,88,0,88
11580,2026-02-11,2026,2,11,sutetik,9,10,0,19
11581,2026-02-11,2026,2,11,hbulut,28,0,0,28
11582,2026-02-11,2026,2,11,bfirat,24,0,0,24
11583,2026-02-11,2026,2,11,fgulsever,0,66,0,66
11584,2026-02-11,2026,2,11,bunver,2,0,0,2
11585,2026-02-11,2026,2,11,hakdemir,3,3,0,6
11586,2026-02-11,2026,2,11,hakand,1,0,0,1
11587,2026-02-11,2026,2,11,gakca,3,6,0,9
11588,2026-02-11,2026,2,11,udalyan,301,34,0,335
11589,2026-02-11,2026,2,11,akamera,0,4,0,4
11590,2026-02-11,2026,2,11,mecigdem,0,3,0,3
11591,2026-02-11,2026,2,11,ntanriverdi,6,6,0,12
11592,2026-02-11,2026,2,11,mkarabiyik,0,25,0,25
11593,2026-02-11,2026,2,11,dyavuzkasap,1,0,0,1
11594,2026-02-11,2026,2,11,MMUTLU,3,0,1,4
11595,2026-02-11,2026,2,11,kesmeray,3,2,0,5
11596,2026-02-11,2026,2,11,fimetin,31,0,0,31
11597,2026-02-11,2026,2,11,bsamuk,5,0,0,5
11598,2026-02-11,2026,2,11,ggirgin,19,5,0,24
11599,2026-02-11,2026,2,11,mertan,20,6,0,26
11600,2026-02-11,2026,2,11,tevirgen,5,15,4,24
11601,2026-02-11,2026,2,11,abarkod,0,4,0,4
11602,2026-02-11,2026,2,11,gayilmaz,4,0,0,4
11603,2026-02-11,2026,2,11,eulsever,0,8,0,8
11604,2026-02-11,2026,2,11,daktas,10,0,0,10
11605,2026-02-11,2026,2,11,sfirinci,43,0,0,43
11606,2026-02-11,2026,2,11,bsakrak,2,0,0,2
11607,2026-02-11,2026,2,11,gekim,0,49,0,49
11608,2026-02-11,2026,2,11,aapak,0,35,0,35
11609,2026-02-11,2026,2,11,ebalaban,35,0,0,35
11610,2026-02-11,2026,2,11,dnoic,3,0,0,3
11611,2026-02-11,2026,2,11,ckarahasan,11,4,0,15
11612,2026-02-11,2026,2,11,gcevik,1,0,0,1
11613,2026-02-11,2026,2,11,fozay,61,4,0,65
11614,2026-02-12,2026,2,12,mguray,4,0,0,4
11615,2026-02-12,2026,2,12,gakca,7,0,0,7
11616,2026-02-12,2026,2,12,ubasdas,1,0,0,1
11617,2026-02-12,2026,2,12,aapak,0,19,0,19
11618,2026-02-12,2026,2,12,udalyan,2,0,1,3
11619,2026-02-12,2026,2,12,mecigdem,0,2,0,2
11620,2026-02-12,2026,2,12,fgulsever,11,51,0,62
11621,2026-02-12,2026,2,12,ierdil,2,6,0,8
11622,2026-02-12,2026,2,12,egonce,5,9,0,14
11623,2026-02-12,2026,2,12,eozkan,12,4,0,16
11624,2026-02-12,2026,2,12,msevim,1,0,0,1
11625,2026-02-12,2026,2,12,mmollaoglu,93,3,0,96
11626,2026-02-12,2026,2,12,sapra,14,4,0,18
11627,2026-02-12,2026,2,12,BDEMIRAL,2,4,0,6
11628,2026-02-12,2026,2,12,dcolor,0,63,0,63
11629,2026-02-12,2026,2,12,sutetik,1,8,0,9
11630,2026-02-12,2026,2,12,hbulut,23,0,0,23
11631,2026-02-12,2026,2,12,bfirat,13,0,0,13
11632,2026-02-12,2026,2,12,fyakut,6,29,0,35
11633,2026-02-12,2026,2,12,hakdemir,0,1,0,1
11634,2026-02-12,2026,2,12,sfirinci,4,5,0,9
11635,2026-02-12,2026,2,12,fbalaban,0,1,0,1
11636,2026-02-12,2026,2,12,tcapkin,0,5,0,5
11637,2026-02-12,2026,2,12,gekim,0,63,0,63
11638,2026-02-12,2026,2,12,akamera,0,3,0,3
11639,2026-02-12,2026,2,12,abarkod,0,32,0,32
11640,2026-02-12,2026,2,12,ntanriverdi,9,106,0,115
11641,2026-02-12,2026,2,12,fbasak,14,3,3,20
11642,2026-02-12,2026,2,12,ogun,35,2,0,37
11643,2026-02-12,2026,2,12,MMUTLU,0,221,1,222
11644,2026-02-12,2026,2,12,sucakir,1,0,0,1
11645,2026-02-12,2026,2,12,ggirgin,33,2,0,35
11646,2026-02-12,2026,2,12,fimetin,43,4,0,47
11647,2026-02-12,2026,2,12,gayilmaz,8,0,0,8
11648,2026-02-12,2026,2,12,zkurt,1,2,0,3
11649,2026-02-12,2026,2,12,amasun,0,4,0,4
11650,2026-02-12,2026,2,12,mertan,12,0,0,12
11651,2026-02-12,2026,2,12,dnoic,44,0,0,44
11652,2026-02-12,2026,2,12,ebalaban,34,0,0,34
11653,2026-02-12,2026,2,12,gcevik,1,0,0,1
11654,2026-02-12,2026,2,12,nibolkis,8,0,0,8
11655,2026-02-12,2026,2,12,ogungor,4,1,0,5
11656,2026-02-12,2026,2,12,ckarahasan,18,11,0,29
11657,2026-02-13,2026,2,13,mecigdem,0,4,0,4
11658,2026-02-13,2026,2,13,stjegitim,0,2,0,2
11659,2026-02-13,2026,2,13,mguder,0,4,0,4
11660,2026-02-13,2026,2,13,pstjbmetiner,2,2,0,4
11661,2026-02-13,2026,2,13,ierdil,3,4,0,7
11662,2026-02-13,2026,2,13,kbtlideri,1,0,0,1
11663,2026-02-13,2026,2,13,mkarsiv,2,0,0,2
11664,2026-02-13,2026,2,13,gayilmaz,10,0,0,10
11665,2026-02-13,2026,2,13,hakdemir,4,3,0,7
11666,2026-02-13,2026,2,13,msevim,7,2,0,9
11667,2026-02-13,2026,2,13,gbalvan,0,4,0,4
11668,2026-02-13,2026,2,13,dcolor,1,91,0,92
11669,2026-02-13,2026,2,13,hbulut,3,0,0,3
11670,2026-02-13,2026,2,13,bfirat,33,0,0,33
11671,2026-02-13,2026,2,13,udalyan,24,2,0,26
11672,2026-02-13,2026,2,13,ddcozgu,115,0,0,115
11673,2026-02-13,2026,2,13,gakca,8,12,0,20
11674,2026-02-13,2026,2,13,ayyilmaz,1,0,0,1
11675,2026-02-13,2026,2,13,ebalaban,31,0,0,31
11676,2026-02-13,2026,2,13,akamera,0,11,0,11
11677,2026-02-13,2026,2,13,ngogce,0,0,7,7
11678,2026-02-13,2026,2,13,ntanriverdi,0,14,0,14
11679,2026-02-13,2026,2,13,cer,4,1,0,5
11680,2026-02-13,2026,2,13,amasun,0,59,0,59
11681,2026-02-13,2026,2,13,obali,12,2,0,14
11682,2026-02-13,2026,2,13,MMUTLU,0,100,0,100
11683,2026-02-13,2026,2,13,mkarabiyik,0,1,0,1
11684,2026-02-13,2026,2,13,ggirgin,9,0,0,9
11685,2026-02-13,2026,2,13,mertan,3,0,0,3
11686,2026-02-13,2026,2,13,tevirgen,5,11,0,16
11687,2026-02-13,2026,2,13,ogungor,2,0,0,2
11688,2026-02-13,2026,2,13,oicoz,4,3,0,7
11689,2026-02-13,2026,2,13,ckarahasan,0,2,0,2
11690,2026-02-13,2026,2,13,fimetin,30,57,0,87
11691,2026-02-14,2026,2,14,ebalaban,12,0,0,12
11692,2026-02-14,2026,2,14,mecigdem,11,2,0,13
11693,2026-02-14,2026,2,14,kbtlideri,1,0,0,1
11694,2026-02-14,2026,2,14,rkontrol,1,0,0,1
11695,2026-02-14,2026,2,14,hakdemir,5,0,0,5
11696,2026-02-14,2026,2,14,dcolor,0,79,0,79
11697,2026-02-15,2026,2,15,mkarsiv,1,0,0,1
11698,2026-02-15,2026,2,15,egonce,10,6,0,16
11699,2026-02-15,2026,2,15,akapucu,2,0,0,2
11700,2026-02-15,2026,2,15,dcolor,0,7,0,7
11701,2026-02-15,2026,2,15,ierdil,3,7,0,10
11702,2026-02-15,2026,2,15,sapra,1,0,0,1
11703,2026-02-15,2026,2,15,aapak,0,43,0,43
11704,2026-02-15,2026,2,15,fgulsever,2,51,0,53
11705,2026-02-15,2026,2,15,sfirinci,0,2,0,2
11706,2026-02-15,2026,2,15,gekim,0,75,0,75
11707,2026-02-15,2026,2,15,ekaragoz,1,0,0,1
11708,2026-02-15,2026,2,15,mkorucu,1,0,0,1
11709,2026-02-15,2026,2,15,aayhan,13,6,1,20
11710,2026-02-15,2026,2,15,fbasak,5,0,0,5
11711,2026-02-15,2026,2,15,abarkod,0,1,0,1
11712,2026-02-16,2026,2,16,fcolak,3,0,0,3
11713,2026-02-16,2026,2,16,cadonmez,0,0,9,9
11714,2026-02-16,2026,2,16,rkontrol,1,1,0,2
11715,2026-02-16,2026,2,16,aildeniz,1,0,0,1
11716,2026-02-16,2026,2,16,ierdil,4,5,0,9
11717,2026-02-16,2026,2,16,esaribuyuk,0,3,0,3
11718,2026-02-16,2026,2,16,fgulsever,0,117,0,117
11719,2026-02-16,2026,2,16,mkarsiv,2,0,0,2
11720,2026-02-16,2026,2,16,hakand,4,4,0,8
11721,2026-02-16,2026,2,16,mecigdem,0,4,0,4
11722,2026-02-16,2026,2,16,zyuksel,20,0,0,20
11723,2026-02-16,2026,2,16,egonce,29,12,0,41
11724,2026-02-16,2026,2,16,aapak,26,90,0,116
11725,2026-02-16,2026,2,16,uunver,9,0,0,9
11726,2026-02-16,2026,2,16,udalyan,6,0,1,7
11727,2026-02-16,2026,2,16,gbalvan,0,3,0,3
11728,2026-02-16,2026,2,16,dcolor,1,62,0,63
11729,2026-02-16,2026,2,16,sutetik,38,1,0,39
11730,2026-02-16,2026,2,16,ersener,40,0,0,40
11731,2026-02-16,2026,2,16,hbulut,4,0,0,4
11732,2026-02-16,2026,2,16,akapucu,3,0,0,3
11733,2026-02-16,2026,2,16,bfirat,8,1,0,9
11734,2026-02-16,2026,2,16,VBAYANER,0,14,0,14
11735,2026-02-16,2026,2,16,bunver,2,5,12,19
11736,2026-02-16,2026,2,16,hakdemir,1,3,0,4
11737,2026-02-16,2026,2,16,sapra,4,0,0,4
11738,2026-02-16,2026,2,16,adogan,4,0,0,4
11739,2026-02-16,2026,2,16,ESERT,2,0,0,2
11740,2026-02-16,2026,2,16,akamera,0,7,0,7
11741,2026-02-16,2026,2,16,tcapkin,0,10,0,10
11742,2026-02-16,2026,2,16,ntanriverdi,0,8,0,8
11743,2026-02-16,2026,2,16,fbasak,2,0,0,2
11744,2026-02-16,2026,2,16,aayhan,29,224,6,259
11745,2026-02-16,2026,2,16,mkofis,1,0,0,1
11746,2026-02-16,2026,2,16,dyavuzkasap,1,0,0,1
11747,2026-02-16,2026,2,16,MMUTLU,8,3,0,11
11748,2026-02-16,2026,2,16,fimetin,7,4,0,11
11749,2026-02-16,2026,2,16,ggirgin,9,17,6,32
11750,2026-02-16,2026,2,16,ekaradavut,6,0,0,6
11751,2026-02-16,2026,2,16,gakca,5,8,0,13
11752,2026-02-16,2026,2,16,ayyilmaz,16,0,0,16
11753,2026-02-16,2026,2,16,ogungor,7,0,0,7
11754,2026-02-16,2026,2,16,caki,0,1,0,1
11755,2026-02-16,2026,2,16,ckarahasan,24,2,0,26
11756,2026-02-16,2026,2,16,ebalaban,47,50,0,97
11757,2026-02-16,2026,2,16,fozay,13,1,0,14
11758,2026-02-16,2026,2,16,aozbal,1,1,0,2
11759,2026-02-16,2026,2,16,eanli,1,2,0,3
11760,2026-02-16,2026,2,16,fbalaban,0,11,0,11
11761,2026-02-16,2026,2,16,gekim,0,88,0,88
11762,2026-02-16,2026,2,16,otufan,0,7,0,7
11763,2026-02-16,2026,2,16,bsakrak,2,0,0,2
11764,2026-02-16,2026,2,16,tevirgen,4,1,0,5
11765,2026-02-17,2026,2,17,fgulsever,0,67,0,67
11766,2026-02-17,2026,2,17,zyuksel,1,0,0,1
11767,2026-02-17,2026,2,17,gsapmaz,4,0,0,4
11768,2026-02-17,2026,2,17,hakand,22,0,0,22
11769,2026-02-17,2026,2,17,ierdil,1,5,0,6
11770,2026-02-17,2026,2,17,aapak,0,41,0,41
11771,2026-02-17,2026,2,17,ubasdas,3,2,0,5
11772,2026-02-17,2026,2,17,iunlu,2,1,0,3
11773,2026-02-17,2026,2,17,udalyan,128,10,1,139
11774,2026-02-17,2026,2,17,rkontrol,2,2,0,4
11775,2026-02-17,2026,2,17,gekim,0,73,0,73
11776,2026-02-17,2026,2,17,egonce,3,10,0,13
11777,2026-02-17,2026,2,17,hakdemir,14,5,0,19
11778,2026-02-17,2026,2,17,uunver,2,0,0,2
11779,2026-02-17,2026,2,17,msevim,0,2,0,2
11780,2026-02-17,2026,2,17,mmollaoglu,1,0,0,1
11781,2026-02-17,2026,2,17,sapra,1,1,0,2
11782,2026-02-17,2026,2,17,eozkan,1,0,0,1
11783,2026-02-17,2026,2,17,dcolor,7,84,0,91
11784,2026-02-17,2026,2,17,hbulut,6,0,0,6
11785,2026-02-17,2026,2,17,sutetik,22,4,0,26
11786,2026-02-17,2026,2,17,ddcozgu,3,0,0,3
11787,2026-02-17,2026,2,17,gbakanoglu,26,0,0,26
11788,2026-02-17,2026,2,17,abarkod,0,2,0,2
11789,2026-02-17,2026,2,17,amasun,0,4,0,4
11790,2026-02-17,2026,2,17,ekaragoz,1,0,1,2
11791,2026-02-17,2026,2,17,akamera,0,255,0,255
11792,2026-02-17,2026,2,17,vgemici,1,0,0,1
11793,2026-02-17,2026,2,17,ntanriverdi,0,4,0,4
11794,2026-02-17,2026,2,17,nkorkmaz,1,0,0,1
11795,2026-02-17,2026,2,17,fbasak,9,1,0,10
11796,2026-02-17,2026,2,17,mkarabiyik,1,4,0,5
11797,2026-02-17,2026,2,17,dyavuzkasap,0,127,0,127
11798,2026-02-17,2026,2,17,MMUTLU,4,3,0,7
11799,2026-02-17,2026,2,17,fimetin,51,0,0,51
11800,2026-02-17,2026,2,17,aayhan,1,19,76,96
11801,2026-02-17,2026,2,17,ayyilmaz,10,2,0,12
11802,2026-02-17,2026,2,17,ggirgin,6,2,0,8
11803,2026-02-17,2026,2,17,caozturk,20,10,0,30
11804,2026-02-17,2026,2,17,dnoic,1,0,0,1
11805,2026-02-17,2026,2,17,ckarahasan,3,3,0,6
11806,2026-02-17,2026,2,17,caki,3,0,0,3
11807,2026-02-17,2026,2,17,ebalaban,22,0,0,22
11808,2026-02-17,2026,2,17,ogungor,3,1,0,4
11809,2026-02-17,2026,2,17,eulsever,0,8,0,8
11810,2026-02-17,2026,2,17,tevirgen,0,9,0,9
11811,2026-02-17,2026,2,17,nibolkis,4,0,0,4
11812,2026-02-18,2026,2,18,rkontrol,0,2,0,2
11813,2026-02-18,2026,2,18,ubasdas,10,0,0,10
11814,2026-02-18,2026,2,18,aapak,0,59,0,59
11815,2026-02-18,2026,2,18,udalyan,86,7,0,93
11816,2026-02-18,2026,2,18,mecigdem,0,2,0,2
11817,2026-02-18,2026,2,18,fgulsever,0,19,0,19
11818,2026-02-18,2026,2,18,mguder,4,4,0,8
11819,2026-02-18,2026,2,18,pstjbmetiner,2,1,0,3
11820,2026-02-18,2026,2,18,ierdil,2,5,0,7
11821,2026-02-18,2026,2,18,kbtlideri,1,0,0,1
11822,2026-02-18,2026,2,18,cadonmez,0,1,0,1
11823,2026-02-18,2026,2,18,bfirat,13,0,0,13
11824,2026-02-18,2026,2,18,fcolak,7,0,0,7
11825,2026-02-18,2026,2,18,mkarsiv,10,0,0,10
11826,2026-02-18,2026,2,18,egonce,15,10,0,25
11827,2026-02-18,2026,2,18,hakdemir,16,14,0,30
11828,2026-02-18,2026,2,18,msevim,1,0,0,1
11829,2026-02-18,2026,2,18,gbalvan,0,3,0,3
11830,2026-02-18,2026,2,18,dcolor,2,88,0,90
11831,2026-02-18,2026,2,18,sutetik,10,0,0,10
11832,2026-02-18,2026,2,18,hbulut,5,0,0,5
11833,2026-02-18,2026,2,18,akapucu,4,0,0,4
11834,2026-02-18,2026,2,18,kdeda,2,0,0,2
11835,2026-02-18,2026,2,18,stjegitim,2,12,0,14
11836,2026-02-18,2026,2,18,gakca,5,1,0,6
11837,2026-02-18,2026,2,18,ekoksal,7,0,0,7
11838,2026-02-18,2026,2,18,gekim,0,39,0,39
11839,2026-02-18,2026,2,18,fyakut,4,0,0,4
11840,2026-02-18,2026,2,18,gmasistan,9,0,0,9
11841,2026-02-18,2026,2,18,aayhan,55,24,0,79
11842,2026-02-18,2026,2,18,fyilanci,0,1,0,1
11843,2026-02-18,2026,2,18,mkarabiyik,0,1,0,1
11844,2026-02-18,2026,2,18,mkofis,6,0,0,6
11845,2026-02-18,2026,2,18,dyavuzkasap,11,0,0,11
11846,2026-02-18,2026,2,18,obali,2,0,0,2
11847,2026-02-18,2026,2,18,fimetin,0,3,0,3
11848,2026-02-18,2026,2,18,ggirgin,19,1,0,20
11849,2026-02-18,2026,2,18,ekaradavut,12,0,0,12
11850,2026-02-18,2026,2,18,nkorkmaz,4,4,0,8
11851,2026-02-18,2026,2,18,tevirgen,0,1,1,2
11852,2026-02-18,2026,2,18,ogungor,5,4,0,9
11853,2026-02-18,2026,2,18,caki,2,0,0,2
11854,2026-02-18,2026,2,18,ckarahasan,10,11,0,21
11855,2026-02-18,2026,2,18,dnoic,0,1,0,1
11856,2026-02-18,2026,2,18,caozturk,16,6,0,22
11857,2026-02-18,2026,2,18,ebalaban,7,0,0,7
11858,2026-02-18,2026,2,18,gbakanoglu,0,1,0,1
11859,2026-02-18,2026,2,18,amasun,0,1,0,1
11860,2026-02-18,2026,2,18,ekaragoz,5,0,0,5
11861,2026-02-18,2026,2,18,eanli,0,1,0,1
11862,2026-02-18,2026,2,18,ayyilmaz,2,0,0,2
11863,2026-02-19,2026,2,19,fcolak,5,0,0,5
11864,2026-02-19,2026,2,19,mguray,1,0,0,1
11865,2026-02-19,2026,2,19,ierdil,3,5,0,8
11866,2026-02-19,2026,2,19,itopcu,1,0,0,1
11867,2026-02-19,2026,2,19,mguder,19,0,0,19
11868,2026-02-19,2026,2,19,gsapmaz,1,4,0,5
11869,2026-02-19,2026,2,19,sekisa,80,0,0,80
11870,2026-02-19,2026,2,19,zyuksel,0,1,0,1
11871,2026-02-19,2026,2,19,mkarsiv,1,0,0,1
11872,2026-02-19,2026,2,19,sapra,6,0,0,6
11873,2026-02-19,2026,2,19,egonce,93,12,0,105
11874,2026-02-19,2026,2,19,hakdemir,4,25,0,29
11875,2026-02-19,2026,2,19,fdeniz,5,0,18,23
11876,2026-02-19,2026,2,19,mbayirli,19,10,0,29
11877,2026-02-19,2026,2,19,eozkan,1,0,0,1
11878,2026-02-19,2026,2,19,gbalvan,0,3,0,3
11879,2026-02-19,2026,2,19,dcolor,0,79,0,79
11880,2026-02-19,2026,2,19,sutetik,5,3,0,8
11881,2026-02-19,2026,2,19,fgulsever,6,20,0,26
11882,2026-02-19,2026,2,19,bfirat,14,0,0,14
11883,2026-02-19,2026,2,19,ddcozgu,2,1,0,3
11884,2026-02-19,2026,2,19,udalyan,6,6,0,12
11885,2026-02-19,2026,2,19,scabuker,2,0,0,2
11886,2026-02-19,2026,2,19,saskin,1,0,0,1
11887,2026-02-19,2026,2,19,aapak,0,20,0,20
11888,2026-02-19,2026,2,19,abarkod,0,2,0,2
11889,2026-02-19,2026,2,19,vgemici,2,0,0,2
11890,2026-02-19,2026,2,19,ntanriverdi,0,15,0,15
11891,2026-02-19,2026,2,19,cer,6,0,0,6
11892,2026-02-19,2026,2,19,fyilanci,3,0,0,3
11893,2026-02-19,2026,2,19,kesmeray,0,1,0,1
11894,2026-02-19,2026,2,19,fimetin,7,1,0,8
11895,2026-02-19,2026,2,19,ggirgin,1,0,4,5
11896,2026-02-19,2026,2,19,mertan,2,2,0,4
11897,2026-02-19,2026,2,19,akamera,0,20,0,20
11898,2026-02-19,2026,2,19,tevirgen,28,24,54,106
11899,2026-02-19,2026,2,19,caki,2,13,0,15
11900,2026-02-19,2026,2,19,gcevik,0,0,3,3
11901,2026-02-19,2026,2,19,ckarahasan,10,24,0,34
11902,2026-02-19,2026,2,19,ebalaban,21,3,0,24
11903,2026-02-19,2026,2,19,amasun,0,31,0,31
11904,2026-02-19,2026,2,19,fozay,41,10,0,51
11905,2026-02-19,2026,2,19,zkurt,0,1,0,1
11906,2026-02-19,2026,2,19,gekim,0,53,0,53
11907,2026-02-19,2026,2,19,ayyilmaz,3,0,0,3
11908,2026-02-20,2026,2,20,kbtlideri,4,0,0,4
11909,2026-02-20,2026,2,20,VBAYANER,0,20,0,20
11910,2026-02-20,2026,2,20,ierdil,3,5,0,8
11911,2026-02-20,2026,2,20,baozturk,1,0,0,1
11912,2026-02-20,2026,2,20,zyuksel,1,0,0,1
11913,2026-02-20,2026,2,20,gsapmaz,21,0,0,21
11914,2026-02-20,2026,2,20,rkontrol,1,0,0,1
11915,2026-02-20,2026,2,20,pstjbmetiner,4,1,0,5
11916,2026-02-20,2026,2,20,stjegitim,4,10,7,21
11917,2026-02-20,2026,2,20,dcolor,0,66,0,66
11918,2026-02-20,2026,2,20,hakdemir,3,2,0,5
11919,2026-02-20,2026,2,20,eozkan,6,4,0,10
11920,2026-02-20,2026,2,20,gbalvan,0,3,0,3
11921,2026-02-20,2026,2,20,ekoksal,5,0,0,5
11922,2026-02-20,2026,2,20,sutetik,9,11,0,20
11923,2026-02-20,2026,2,20,hbulut,2,0,0,2
11924,2026-02-20,2026,2,20,bfirat,9,0,0,9
11925,2026-02-20,2026,2,20,hakand,2,1,0,3
11926,2026-02-20,2026,2,20,egonce,1,6,0,7
11927,2026-02-20,2026,2,20,mecigdem,2,3,0,5
11928,2026-02-20,2026,2,20,ayyilmaz,1,0,0,1
11929,2026-02-20,2026,2,20,gakca,3,0,0,3
11930,2026-02-20,2026,2,20,udalyan,21,7,0,28
11931,2026-02-20,2026,2,20,akamera,0,9,0,9
11932,2026-02-20,2026,2,20,ntanriverdi,0,4,0,4
11933,2026-02-20,2026,2,20,bkibar,1,0,0,1
11934,2026-02-20,2026,2,20,fbasak,0,1,0,1
11935,2026-02-20,2026,2,20,fyilanci,6,0,0,6
11936,2026-02-20,2026,2,20,obali,25,3,5,33
11937,2026-02-20,2026,2,20,MMUTLU,0,81,0,81
11938,2026-02-20,2026,2,20,fimetin,12,0,0,12
11939,2026-02-20,2026,2,20,vgemici,1,0,0,1
11940,2026-02-20,2026,2,20,ekaradavut,4,0,0,4
11941,2026-02-20,2026,2,20,mertan,2,1,0,3
11942,2026-02-20,2026,2,20,tevirgen,3,6,0,9
11943,2026-02-20,2026,2,20,ogungor,0,1,0,1
11944,2026-02-20,2026,2,20,ckarahasan,17,5,0,22
11945,2026-02-20,2026,2,20,ebalaban,55,0,0,55
11946,2026-02-20,2026,2,20,amasun,6,24,0,30
11947,2026-02-20,2026,2,20,cozkan,53,0,0,53
11948,2026-02-20,2026,2,20,ggirgin,34,1,0,35
11949,2026-02-21,2026,2,21,dcolor,0,39,0,39
11950,2026-02-21,2026,2,21,hakdemir,7,3,0,10
11951,2026-02-21,2026,2,21,kbtlideri,4,0,0,4
11952,2026-02-21,2026,2,21,bsakrak,16,0,0,16
11953,2026-02-21,2026,2,21,ogungor,2,0,0,2
11954,2026-02-21,2026,2,21,mecigdem,2,2,0,4
11955,2026-02-22,2026,2,22,cyildiz,1,0,0,1
11956,2026-02-22,2026,2,22,akapucu,7,0,0,7
11957,2026-02-22,2026,2,22,dcolor,0,6,0,6
11958,2026-02-22,2026,2,22,sapra,1,0,0,1
11959,2026-02-22,2026,2,22,mbayirli,9,1,0,10
11960,2026-02-22,2026,2,22,fdeniz,1,0,0,1
11961,2026-02-22,2026,2,22,egonce,15,13,0,28
11962,2026-02-22,2026,2,22,mkarsiv,1,0,0,1
11963,2026-02-22,2026,2,22,fcolak,45,7,0,52
11964,2026-02-22,2026,2,22,ierdil,4,7,0,11
11965,2026-02-22,2026,2,22,fgulsever,0,15,0,15
11966,2026-02-22,2026,2,22,nakilli,1,0,0,1
11967,2026-02-22,2026,2,22,mceylan,5,0,0,5
11968,2026-02-22,2026,2,22,gekim,0,85,0,85
11969,2026-02-22,2026,2,22,dnoic,1,0,0,1
11970,2026-02-22,2026,2,22,aayhan,10,27,5,42
11971,2026-02-22,2026,2,22,ogun,4,0,0,4
11972,2026-02-22,2026,2,22,fbasak,1,0,0,1
11973,2026-02-22,2026,2,22,nkorkmaz,0,0,8,8
11974,2026-02-22,2026,2,22,abarkod,0,33,0,33
11975,2026-02-23,2026,2,23,mguder,12,0,0,12
11976,2026-02-23,2026,2,23,VBAYANER,1,0,0,1
11977,2026-02-23,2026,2,23,gsapmaz,4,0,0,4
11978,2026-02-23,2026,2,23,baozturk,1,0,0,1
11979,2026-02-23,2026,2,23,gakca,10,0,0,10
11980,2026-02-23,2026,2,23,mecigdem,0,2,0,2
11981,2026-02-23,2026,2,23,udalyan,1,1,2,4
11982,2026-02-23,2026,2,23,aapak,0,13,0,13
11983,2026-02-23,2026,2,23,zyuksel,1,1,0,2
11984,2026-02-23,2026,2,23,fgulsever,2,49,0,51
11985,2026-02-23,2026,2,23,ierdil,1,5,0,6
11986,2026-02-23,2026,2,23,fdeniz,2,4,0,6
11987,2026-02-23,2026,2,23,mkarsiv,1,0,0,1
11988,2026-02-23,2026,2,23,egonce,10,2,0,12
11989,2026-02-23,2026,2,23,hakdemir,10,0,0,10
11990,2026-02-23,2026,2,23,sfirinci,6,0,0,6
11991,2026-02-23,2026,2,23,mbayirli,7,1,0,8
11992,2026-02-23,2026,2,23,msevim,4,0,0,4
11993,2026-02-23,2026,2,23,gbalvan,0,3,0,3
11994,2026-02-23,2026,2,23,dcolor,0,29,0,29
11995,2026-02-23,2026,2,23,sutetik,13,5,0,18
11996,2026-02-23,2026,2,23,hbulut,5,0,0,5
11997,2026-02-23,2026,2,23,bfirat,29,0,0,29
11998,2026-02-23,2026,2,23,fcolak,63,7,0,70
11999,2026-02-23,2026,2,23,gekim,0,60,0,60
12000,2026-02-23,2026,2,23,ogungor,3,0,0,3
12001,2026-02-23,2026,2,23,cozkan,48,1,0,49
12002,2026-02-23,2026,2,23,gbakanoglu,5,2,0,7
12003,2026-02-23,2026,2,23,akamera,0,29,0,29
12004,2026-02-23,2026,2,23,ngogce,11,0,0,11
12005,2026-02-23,2026,2,23,abarkod,0,1,0,1
12006,2026-02-23,2026,2,23,ntanriverdi,0,28,0,28
12007,2026-02-23,2026,2,23,bkibar,0,2,0,2
12008,2026-02-23,2026,2,23,fbasak,3,0,0,3
12009,2026-02-23,2026,2,23,obali,1,0,3,4
12010,2026-02-23,2026,2,23,fimetin,11,8,0,19
12011,2026-02-23,2026,2,23,gkenarli,1,0,0,1
12012,2026-02-23,2026,2,23,ggirgin,18,0,0,18
12013,2026-02-23,2026,2,23,nkorkmaz,0,1,1,2
12014,2026-02-23,2026,2,23,ayyilmaz,1,0,0,1
12015,2026-02-23,2026,2,23,fbalaban,0,1,0,1
12016,2026-02-23,2026,2,23,mertan,2,1,0,3
12017,2026-02-23,2026,2,23,ekaragoz,1,0,1,2
12018,2026-02-23,2026,2,23,fozay,27,0,0,27
12019,2026-02-23,2026,2,23,ebalaban,17,0,0,17
12020,2026-02-23,2026,2,23,amasun,3,4,0,7
12021,2026-02-23,2026,2,23,okanat,0,4,0,4
12022,2026-02-23,2026,2,23,TIRMAK,3,0,0,3
12023,2026-02-23,2026,2,23,gayilmaz,1,6,0,7
12024,2026-02-23,2026,2,23,tevirgen,22,13,13,48
12025,2026-02-23,2026,2,23,ckarahasan,7,10,0,17
12026,2026-02-24,2026,2,24,stjegitim,1,0,0,1
12027,2026-02-24,2026,2,24,zyuksel,34,1,0,35
12028,2026-02-24,2026,2,24,ierdil,3,5,0,8
12029,2026-02-24,2026,2,24,pstjbmetiner,5,0,0,5
12030,2026-02-24,2026,2,24,mguder,2,0,0,2
12031,2026-02-24,2026,2,24,udalyan,6,4,0,10
12032,2026-02-24,2026,2,24,itopcu,1,0,0,1
12033,2026-02-24,2026,2,24,fgulsever,0,59,0,59
12034,2026-02-24,2026,2,24,mecigdem,7,2,0,9
12035,2026-02-24,2026,2,24,fcolak,1,20,0,21
12036,2026-02-24,2026,2,24,gsapmaz,7,1,0,8
12037,2026-02-24,2026,2,24,egonce,51,2,0,53
12038,2026-02-24,2026,2,24,VBAYANER,1,16,0,17
12039,2026-02-24,2026,2,24,bunver,2,0,0,2
12040,2026-02-24,2026,2,24,uunver,54,0,0,54
12041,2026-02-24,2026,2,24,msevim,5,0,0,5
12042,2026-02-24,2026,2,24,mmollaoglu,0,2,0,2
12043,2026-02-24,2026,2,24,eozkan,7,4,0,11
12044,2026-02-24,2026,2,24,gbalvan,0,4,0,4
12045,2026-02-24,2026,2,24,dcolor,0,54,0,54
12046,2026-02-24,2026,2,24,ekoksal,1,0,0,1
12047,2026-02-24,2026,2,24,hbulut,29,0,0,29
12048,2026-02-24,2026,2,24,bfirat,0,3,0,3
12049,2026-02-24,2026,2,24,aapak,18,20,0,38
12050,2026-02-24,2026,2,24,hakdemir,14,3,0,17
12051,2026-02-24,2026,2,24,gakca,3,3,0,6
12052,2026-02-24,2026,2,24,fimetin,14,40,0,54
12053,2026-02-24,2026,2,24,adogan,2,0,0,2
12054,2026-02-24,2026,2,24,akamera,0,2,0,2
12055,2026-02-24,2026,2,24,ngogce,0,0,4,4
12056,2026-02-24,2026,2,24,ntanriverdi,0,3,0,3
12057,2026-02-24,2026,2,24,gmasistan,4,0,0,4
12058,2026-02-24,2026,2,24,hktlideri,6,0,0,6
12059,2026-02-24,2026,2,24,fbasak,2,8,0,10
12060,2026-02-24,2026,2,24,fyilanci,2,0,0,2
12061,2026-02-24,2026,2,24,mkarabiyik,0,2,0,2
12062,2026-02-24,2026,2,24,mkofis,5,0,0,5
12063,2026-02-24,2026,2,24,obali,3,0,0,3
12064,2026-02-24,2026,2,24,ggirgin,6,1,0,7
12065,2026-02-24,2026,2,24,fyakut,22,3,0,25
12066,2026-02-24,2026,2,24,ayyilmaz,2,0,0,2
12067,2026-02-24,2026,2,24,tevirgen,10,11,0,21
12068,2026-02-24,2026,2,24,gayilmaz,7,0,0,7
12069,2026-02-24,2026,2,24,ogungor,4,2,0,6
12070,2026-02-24,2026,2,24,ckarahasan,7,9,0,16
12071,2026-02-24,2026,2,24,dnoic,3,0,0,3
12072,2026-02-24,2026,2,24,ebalaban,32,0,0,32
12073,2026-02-24,2026,2,24,fozay,9,1,0,10
12074,2026-02-24,2026,2,24,gbakanoglu,5,2,0,7
12075,2026-02-24,2026,2,24,gekim,0,59,0,59
12076,2026-02-24,2026,2,24,bsakrak,8,0,0,8
12077,2026-02-24,2026,2,24,mertan,2,7,0,9
12078,2026-02-25,2026,2,25,baozturk,1,0,0,1
12079,2026-02-25,2026,2,25,itopcu,4,0,0,4
12080,2026-02-25,2026,2,25,fgulsever,0,6,0,6
12081,2026-02-25,2026,2,25,hakand,2,0,0,2
12082,2026-02-25,2026,2,25,daktas,2,0,0,2
12083,2026-02-25,2026,2,25,udalyan,5,4,50,59
12084,2026-02-25,2026,2,25,aapak,0,111,0,111
12085,2026-02-25,2026,2,25,gakca,3,1,0,4
12086,2026-02-25,2026,2,25,gsapmaz,3,0,0,3
12087,2026-02-25,2026,2,25,mecigdem,12,2,0,14
12088,2026-02-25,2026,2,25,ierdil,8,7,0,15
12089,2026-02-25,2026,2,25,hakdemir,4,3,0,7
12090,2026-02-25,2026,2,25,stjegitim,1,0,0,1
12091,2026-02-25,2026,2,25,fcolak,7,0,0,7
12092,2026-02-25,2026,2,25,mkarsiv,6,0,0,6
12093,2026-02-25,2026,2,25,egonce,12,3,0,15
12094,2026-02-25,2026,2,25,uunver,1,0,0,1
12095,2026-02-25,2026,2,25,eozkan,3,0,0,3
12096,2026-02-25,2026,2,25,gbalvan,0,8,0,8
12097,2026-02-25,2026,2,25,dcolor,0,81,0,81
12098,2026-02-25,2026,2,25,sutetik,11,3,0,14
12099,2026-02-25,2026,2,25,hbulut,2,0,0,2
12100,2026-02-25,2026,2,25,gekim,0,89,0,89
12101,2026-02-25,2026,2,25,rkontrol,2,0,0,2
12102,2026-02-25,2026,2,25,gbakanoglu,0,2,0,2
12103,2026-02-25,2026,2,25,bfirat,36,2,0,38
12104,2026-02-25,2026,2,25,ekaragoz,1,0,1,2
12105,2026-02-25,2026,2,25,eanli,0,1,0,1
12106,2026-02-25,2026,2,25,akamera,0,2,0,2
12107,2026-02-25,2026,2,25,abarkod,0,2,0,2
12108,2026-02-25,2026,2,25,tcapkin,0,3,0,3
12109,2026-02-25,2026,2,25,ntanriverdi,0,23,0,23
12110,2026-02-25,2026,2,25,cer,1,0,0,1
12111,2026-02-25,2026,2,25,mkarabiyik,0,1,0,1
12112,2026-02-25,2026,2,25,mkofis,15,0,0,15
12113,2026-02-25,2026,2,25,dyavuzkasap,0,0,1,1
12114,2026-02-25,2026,2,25,obali,2,0,0,2
12115,2026-02-25,2026,2,25,MMUTLU,3,0,2,5
12116,2026-02-25,2026,2,25,ogun,2,0,0,2
12117,2026-02-25,2026,2,25,sucakir,14,0,0,14
12118,2026-02-25,2026,2,25,fimetin,6,18,0,24
12119,2026-02-25,2026,2,25,ebalaban,55,0,0,55
12120,2026-02-25,2026,2,25,dnoic,9,1,0,10
12121,2026-02-25,2026,2,25,ckarahasan,2,7,0,9
12122,2026-02-25,2026,2,25,ogungor,0,2,0,2
12123,2026-02-25,2026,2,25,amasun,0,48,0,48
12124,2026-02-25,2026,2,25,eulsever,20,2,0,22
12125,2026-02-25,2026,2,25,tevirgen,44,24,0,68
12126,2026-02-25,2026,2,25,ayyilmaz,2,0,0,2
12127,2026-02-25,2026,2,25,ggirgin,10,2,5,17
12128,2026-02-25,2026,2,25,gayilmaz,21,0,0,21
12129,2026-02-26,2026,2,26,ddcozgu,2,0,0,2
12130,2026-02-26,2026,2,26,mkarsiv,14,0,0,14
12131,2026-02-26,2026,2,26,cyildiz,1,0,0,1
12132,2026-02-26,2026,2,26,stjegitim,1,0,0,1
12133,2026-02-26,2026,2,26,ebadem,2,0,0,2
12134,2026-02-26,2026,2,26,mguder,2,0,0,2
12135,2026-02-26,2026,2,26,zyuksel,0,0,2,2
12136,2026-02-26,2026,2,26,itopcu,5,0,0,5
12137,2026-02-26,2026,2,26,BSOGUT,2,0,0,2
12138,2026-02-26,2026,2,26,esaribuyuk,0,1,0,1
12139,2026-02-26,2026,2,26,ierdil,5,9,0,14
12140,2026-02-26,2026,2,26,egonce,26,2,0,28
12141,2026-02-26,2026,2,26,bfirat,53,1,0,54
12142,2026-02-26,2026,2,26,hakdemir,17,5,0,22
12143,2026-02-26,2026,2,26,uunver,2,0,0,2
12144,2026-02-26,2026,2,26,msevim,0,6,0,6
12145,2026-02-26,2026,2,26,mmollaoglu,0,4,0,4
12146,2026-02-26,2026,2,26,sapra,6,2,0,8
12147,2026-02-26,2026,2,26,eozkan,5,4,0,9
12148,2026-02-26,2026,2,26,gbalvan,0,1,0,1
12149,2026-02-26,2026,2,26,dcolor,0,73,0,73
12150,2026-02-26,2026,2,26,sutetik,6,2,0,8
12151,2026-02-26,2026,2,26,hbulut,0,1,0,1
12152,2026-02-26,2026,2,26,hakand,30,0,0,30
12153,2026-02-26,2026,2,26,bunver,1,0,0,1
12154,2026-02-26,2026,2,26,herbilgin,6,0,0,6
12155,2026-02-26,2026,2,26,mecigdem,0,2,0,2
12156,2026-02-26,2026,2,26,gakca,6,0,0,6
12157,2026-02-26,2026,2,26,aapak,0,59,0,59
12158,2026-02-26,2026,2,26,akamera,0,1,0,1
12159,2026-02-26,2026,2,26,udalyan,12,3,0,15
12160,2026-02-26,2026,2,26,tcapkin,1,0,0,1
12161,2026-02-26,2026,2,26,ntanriverdi,0,9,0,9
12162,2026-02-26,2026,2,26,fbasak,2,0,0,2
12163,2026-02-26,2026,2,26,makkus,1,5,0,6
12164,2026-02-26,2026,2,26,obali,15,37,1,53
12165,2026-02-26,2026,2,26,fimetin,20,99,0,119
12166,2026-02-26,2026,2,26,ggirgin,6,0,0,6
12167,2026-02-26,2026,2,26,ekaradavut,5,2,0,7
12168,2026-02-26,2026,2,26,mertan,3,1,0,4
12169,2026-02-26,2026,2,26,tevirgen,7,8,7,22
12170,2026-02-26,2026,2,26,abarkod,0,1,0,1
12171,2026-02-26,2026,2,26,TIRMAK,1,1,0,2
12172,2026-02-26,2026,2,26,ogungor,4,1,0,5
12173,2026-02-26,2026,2,26,gekim,0,54,0,54
12174,2026-02-26,2026,2,26,gbakanoglu,0,2,0,2
12175,2026-02-26,2026,2,26,amasun,0,184,0,184
12176,2026-02-26,2026,2,26,ebalaban,37,30,0,67
12177,2026-02-26,2026,2,26,sfirinci,2,0,0,2
12178,2026-02-26,2026,2,26,dnoic,17,1,0,18
12179,2026-02-26,2026,2,26,ckarahasan,2,4,0,6
12180,2026-02-26,2026,2,26,gcevik,2,0,0,2
12181,2026-02-26,2026,2,26,oicoz,7,0,0,7
12182,2026-02-26,2026,2,26,caozturk,1,0,0,1
12183,2026-02-27,2026,2,27,ierdil,3,5,0,8
12184,2026-02-27,2026,2,27,bsakrak,33,0,0,33
12185,2026-02-27,2026,2,27,gakca,3,0,0,3
12186,2026-02-27,2026,2,27,oguler,7,0,0,7
12187,2026-02-27,2026,2,27,mecigdem,0,2,0,2
12188,2026-02-27,2026,2,27,hakand,37,2,0,39
12189,2026-02-27,2026,2,27,mguder,1,1,0,2
12190,2026-02-27,2026,2,27,zyuksel,5,0,0,5
12191,2026-02-27,2026,2,27,stjegitim,385,30,11,426
12192,2026-02-27,2026,2,27,gbalvan,0,2,0,2
12193,2026-02-27,2026,2,27,mkarsiv,4,0,0,4
12194,2026-02-27,2026,2,27,hakdemir,5,0,0,5
12195,2026-02-27,2026,2,27,msevim,1,1,0,2
12196,2026-02-27,2026,2,27,mmollaoglu,4,0,0,4
12197,2026-02-27,2026,2,27,dcolor,0,81,0,81
12198,2026-02-27,2026,2,27,sutetik,21,8,0,29
12199,2026-02-27,2026,2,27,bfirat,33,0,0,33
12200,2026-02-27,2026,2,27,VBAYANER,1,0,0,1
12201,2026-02-27,2026,2,27,fozay,21,1,0,22
12202,2026-02-27,2026,2,27,eyuksel,11,2,0,13
12203,2026-02-27,2026,2,27,amasun,0,136,0,136
12204,2026-02-27,2026,2,27,fimetin,22,0,0,22
12205,2026-02-27,2026,2,27,ckarahasan,27,2,0,29
12206,2026-02-27,2026,2,27,akamera,0,5,0,5
12207,2026-02-27,2026,2,27,abarkod,0,4,0,4
12208,2026-02-27,2026,2,27,ntanriverdi,0,14,0,14
12209,2026-02-27,2026,2,27,bkibar,1,1,0,2
12210,2026-02-27,2026,2,27,hktlideri,1,0,0,1
12211,2026-02-27,2026,2,27,mkarabiyik,0,1,0,1
12212,2026-02-27,2026,2,27,mkofis,16,0,0,16
12213,2026-02-27,2026,2,27,obali,12,5,2,19
12214,2026-02-27,2026,2,27,MMUTLU,0,0,4,4
12215,2026-02-27,2026,2,27,vgemici,11,6,0,17
12216,2026-02-27,2026,2,27,sucakir,0,0,2,2
12217,2026-02-27,2026,2,27,ggirgin,38,11,0,49
12218,2026-02-27,2026,2,27,mertan,1,0,0,1
12219,2026-02-27,2026,2,27,ayyilmaz,1,0,0,1
12220,2026-02-27,2026,2,27,tevirgen,13,11,1,25
12221,2026-02-27,2026,2,27,eulsever,0,1,0,1
12222,2026-02-27,2026,2,27,ebalaban,33,0,0,33
12223,2026-02-27,2026,2,27,gayilmaz,18,0,0,18
12224,2026-02-27,2026,2,27,ogungor,7,1,0,8
12225,2026-02-28,2026,2,28,hakdemir,7,4,0,11
12226,2026-02-28,2026,2,28,dcolor,0,24,0,24
12227,2026-02-28,2026,2,28,mkorucu,0,1,0,1
12228,2026-02-28,2026,2,28,bsakrak,16,0,0,16
12229,2026-03-01,2026,3,1,fgulsever,0,44,0,44
12230,2026-03-01,2026,3,1,akapucu,9,0,0,9
12231,2026-03-01,2026,3,1,dcolor,0,1,0,1
12232,2026-03-01,2026,3,1,uunver,1,3,0,4
12233,2026-03-01,2026,3,1,egonce,21,10,0,31
12234,2026-03-01,2026,3,1,mkarsiv,1,0,0,1
12235,2026-03-01,2026,3,1,fcolak,5,0,0,5
12236,2026-03-01,2026,3,1,cyildiz,4,1,0,5
12237,2026-03-01,2026,3,1,bbugdayci,0,3,0,3
12238,2026-03-01,2026,3,1,ebadem,9,0,0,9
12239,2026-03-01,2026,3,1,ierdil,3,9,0,12
12240,2026-03-01,2026,3,1,aapak,0,55,0,55
12241,2026-03-01,2026,3,1,BSOGUT,1,0,0,1
12242,2026-03-01,2026,3,1,abarkod,0,24,0,24
12243,2026-03-01,2026,3,1,sfirinci,5,3,0,8
12244,2026-03-01,2026,3,1,gekim,0,52,0,52
12245,2026-03-01,2026,3,1,fbalaban,0,4,0,4
12246,2026-03-01,2026,3,1,ekaragoz,0,0,6,6
12247,2026-03-01,2026,3,1,dnoic,3,13,0,16
12248,2026-03-01,2026,3,1,gcevik,12,0,0,12
12249,2026-03-01,2026,3,1,mkofis,1,0,0,1
12250,2026-03-01,2026,3,1,aayhan,32,39,0,71
12251,2026-03-01,2026,3,1,ogun,2,0,0,2
12252,2026-03-01,2026,3,1,hktlideri,1,0,0,1
12253,2026-03-01,2026,3,1,nakilli,1,0,0,1
12254,2026-03-02,2026,3,2,VBAYANER,1,14,0,15
12255,2026-03-02,2026,3,2,mguder,40,2,0,42
12256,2026-03-02,2026,3,2,fgulsever,0,17,0,17
12257,2026-03-02,2026,3,2,BSOGUT,15,0,0,15
12258,2026-03-02,2026,3,2,daktas,2,0,0,2
12259,2026-03-02,2026,3,2,udalyan,6,2,2,10
12260,2026-03-02,2026,3,2,aapak,18,75,0,93
12261,2026-03-02,2026,3,2,ubasdas,3,0,0,3
12262,2026-03-02,2026,3,2,gakca,12,2,0,14
12263,2026-03-02,2026,3,2,ierdil,10,11,0,21
12264,2026-03-02,2026,3,2,hakand,78,0,0,78
12265,2026-03-02,2026,3,2,bbugdayci,0,4,0,4
12266,2026-03-02,2026,3,2,akocak,0,1,0,1
12267,2026-03-02,2026,3,2,egonce,19,18,0,37
12268,2026-03-02,2026,3,2,hakdemir,13,1,0,14
12269,2026-03-02,2026,3,2,msevim,0,3,0,3
12270,2026-03-02,2026,3,2,hbinay,7,0,0,7
12271,2026-03-02,2026,3,2,gbalvan,0,5,0,5
12272,2026-03-02,2026,3,2,dcolor,0,32,0,32
12273,2026-03-02,2026,3,2,sutetik,8,9,0,17
12274,2026-03-02,2026,3,2,ersener,33,0,0,33
12275,2026-03-02,2026,3,2,hbulut,5,3,0,8
12276,2026-03-02,2026,3,2,akapucu,5,0,0,5
12277,2026-03-02,2026,3,2,bfirat,30,1,0,31
12278,2026-03-02,2026,3,2,ddcozgu,1,0,0,1
12279,2026-03-02,2026,3,2,sfirinci,1,0,0,1
12280,2026-03-02,2026,3,2,mertan,1,0,0,1
12281,2026-03-02,2026,3,2,fozay,1,1,0,2
12282,2026-03-02,2026,3,2,gekim,0,82,0,82
12283,2026-03-02,2026,3,2,akamera,0,8,0,8
12284,2026-03-02,2026,3,2,abarkod,0,2,0,2
12285,2026-03-02,2026,3,2,ttlideri,21,0,0,21
12286,2026-03-02,2026,3,2,vgemici,7,0,0,7
12287,2026-03-02,2026,3,2,ntanriverdi,0,16,0,16
12288,2026-03-02,2026,3,2,fbasak,7,0,0,7
12289,2026-03-02,2026,3,2,cer,13,3,0,16
12290,2026-03-02,2026,3,2,aayhan,16,2,2,20
12291,2026-03-02,2026,3,2,scolak,3,0,0,3
12292,2026-03-02,2026,3,2,mkarabiyik,0,9,0,9
12293,2026-03-02,2026,3,2,obali,4,2,3,9
12294,2026-03-02,2026,3,2,asablon,8,0,0,8
12295,2026-03-02,2026,3,2,ggirgin,38,6,0,44
12296,2026-03-02,2026,3,2,fimetin,29,224,0,253
12297,2026-03-02,2026,3,2,ebalaban,31,0,0,31
12298,2026-03-02,2026,3,2,caozturk,20,3,0,23
12299,2026-03-02,2026,3,2,dnoic,1,1,0,2
12300,2026-03-02,2026,3,2,ckarahasan,17,31,0,48
12301,2026-03-02,2026,3,2,amasun,0,21,0,21
12302,2026-03-02,2026,3,2,ogungor,7,0,0,7
12303,2026-03-02,2026,3,2,ddtlideri,14,0,0,14
12304,2026-03-02,2026,3,2,tevirgen,16,14,15,45
12305,2026-03-02,2026,3,2,ekaradavut,2,0,0,2
12306,2026-03-02,2026,3,2,gcevik,4,0,0,4
12307,2026-03-03,2026,3,3,ierdil,8,14,0,22
12308,2026-03-03,2026,3,3,pstjbmetiner,3,0,0,3
12309,2026-03-03,2026,3,3,mguder,1,0,0,1
12310,2026-03-03,2026,3,3,itopcu,1,0,0,1
12311,2026-03-03,2026,3,3,fgulsever,2,31,0,33
12312,2026-03-03,2026,3,3,BSOGUT,15,0,41,56
12313,2026-03-03,2026,3,3,aapak,0,64,0,64
12314,2026-03-03,2026,3,3,udalyan,0,2,0,2
12315,2026-03-03,2026,3,3,gakca,3,0,0,3
12316,2026-03-03,2026,3,3,daktas,10,0,0,10
12317,2026-03-03,2026,3,3,adogan,27,19,0,46
12318,2026-03-03,2026,3,3,esaribuyuk,0,1,0,1
12319,2026-03-03,2026,3,3,ebadem,1,0,0,1
12320,2026-03-03,2026,3,3,bunver,9,2,0,11
12321,2026-03-03,2026,3,3,mkarsiv,1,0,0,1
12322,2026-03-03,2026,3,3,egonce,8,0,0,8
12323,2026-03-03,2026,3,3,uunver,32,0,0,32
12324,2026-03-03,2026,3,3,msevim,0,11,0,11
12325,2026-03-03,2026,3,3,hbinay,4,0,0,4
12326,2026-03-03,2026,3,3,mmollaoglu,0,1,1,2
12327,2026-03-03,2026,3,3,tcakan,4,0,0,4
12328,2026-03-03,2026,3,3,gbalvan,1,5,0,6
12329,2026-03-03,2026,3,3,dcolor,0,79,0,79
12330,2026-03-03,2026,3,3,sutetik,10,3,0,13
12331,2026-03-03,2026,3,3,ersener,25,0,0,25
12332,2026-03-03,2026,3,3,sfirinci,1,0,0,1
12333,2026-03-03,2026,3,3,fcolak,0,1,0,1
12334,2026-03-03,2026,3,3,bsakrak,32,0,0,32
12335,2026-03-03,2026,3,3,ckarahasan,3,7,0,10
12336,2026-03-03,2026,3,3,SUYILMAZ,5,0,0,5
12337,2026-03-03,2026,3,3,abarkod,0,21,0,21
12338,2026-03-03,2026,3,3,ttlideri,17,0,0,17
12339,2026-03-03,2026,3,3,ntanriverdi,0,30,0,30
12340,2026-03-03,2026,3,3,gmasistan,4,0,0,4
12341,2026-03-03,2026,3,3,cer,1,2,0,3
12342,2026-03-03,2026,3,3,mkofis,2,17,0,19
12343,2026-03-03,2026,3,3,obali,0,2,0,2
12344,2026-03-03,2026,3,3,MMUTLU,5,3,0,8
12345,2026-03-03,2026,3,3,fimetin,16,0,0,16
12346,2026-03-03,2026,3,3,gkenarli,2,0,0,2
12347,2026-03-03,2026,3,3,ggirgin,9,5,0,14
12348,2026-03-03,2026,3,3,mertan,3,1,0,4
12349,2026-03-03,2026,3,3,akamera,0,7,0,7
12350,2026-03-03,2026,3,3,tevirgen,6,3,0,9
12351,2026-03-03,2026,3,3,aozbal,1,0,0,1
12352,2026-03-03,2026,3,3,amasun,0,73,0,73
12353,2026-03-03,2026,3,3,ebalaban,27,0,0,27
12354,2026-03-03,2026,3,3,ayyilmaz,7,0,0,7
12355,2026-03-03,2026,3,3,dnoic,33,52,0,85
12356,2026-03-03,2026,3,3,caozturk,10,0,0,10
12357,2026-03-03,2026,3,3,gcevik,6,0,0,6
12358,2026-03-03,2026,3,3,mkorucu,8,0,0,8
12359,2026-03-03,2026,3,3,oicoz,2,0,0,2
12360,2026-03-03,2026,3,3,nibolkis,7,0,0,7
12361,2026-03-03,2026,3,3,ogungor,15,4,0,19
12362,2026-03-03,2026,3,3,gekim,0,70,0,70
12363,2026-03-04,2026,3,4,carican,1,0,0,1
12364,2026-03-04,2026,3,4,gsapmaz,3,0,0,3
12365,2026-03-04,2026,3,4,itopcu,1,0,0,1
12366,2026-03-04,2026,3,4,fgulsever,0,20,0,20
12367,2026-03-04,2026,3,4,gakca,2,10,0,12
12368,2026-03-04,2026,3,4,hakand,3,0,0,3
12369,2026-03-04,2026,3,4,mecigdem,23,2,0,25
12370,2026-03-04,2026,3,4,udalyan,0,0,1,1
12371,2026-03-04,2026,3,4,aapak,0,50,0,50
12372,2026-03-04,2026,3,4,zyuksel,15,4,0,19
12373,2026-03-04,2026,3,4,BSOGUT,0,0,6,6
12374,2026-03-04,2026,3,4,pstjbmetiner,0,1,0,1
12375,2026-03-04,2026,3,4,msevim,4,1,0,5
12376,2026-03-04,2026,3,4,rkontrol,0,2,0,2
12377,2026-03-04,2026,3,4,cyildiz,4,2,0,6
12378,2026-03-04,2026,3,4,fcolak,22,0,0,22
12379,2026-03-04,2026,3,4,egonce,12,0,0,12
12380,2026-03-04,2026,3,4,hakdemir,6,0,0,6
12381,2026-03-04,2026,3,4,gbalvan,17,5,0,22
12382,2026-03-04,2026,3,4,dcolor,2,77,0,79
12383,2026-03-04,2026,3,4,sutetik,16,20,0,36
12384,2026-03-04,2026,3,4,ersener,5,0,0,5
12385,2026-03-04,2026,3,4,bfirat,1,0,0,1
12386,2026-03-04,2026,3,4,bunver,0,1,0,1
12387,2026-03-04,2026,3,4,fyakut,2,5,0,7
12388,2026-03-04,2026,3,4,ierdil,0,5,0,5
12389,2026-03-04,2026,3,4,sfirinci,75,0,0,75
12390,2026-03-04,2026,3,4,mkarsiv,1,19,0,20
12391,2026-03-04,2026,3,4,aozbal,1,0,0,1
12392,2026-03-04,2026,3,4,gekim,0,43,0,43
12393,2026-03-04,2026,3,4,akamera,45,158,0,203
12394,2026-03-04,2026,3,4,abarkod,0,1,0,1
12395,2026-03-04,2026,3,4,vgemici,3,0,0,3
12396,2026-03-04,2026,3,4,ntanriverdi,0,4,0,4
12397,2026-03-04,2026,3,4,nkorkmaz,2,0,0,2
12398,2026-03-04,2026,3,4,cer,0,5,0,5
12399,2026-03-04,2026,3,4,aayhan,2,1,4,7
12400,2026-03-04,2026,3,4,mkofis,3,0,0,3
12401,2026-03-04,2026,3,4,MMUTLU,0,0,1,1
12402,2026-03-04,2026,3,4,fimetin,35,0,0,35
12403,2026-03-04,2026,3,4,bsamuk,6,0,0,6
12404,2026-03-04,2026,3,4,ngogce,5,1,0,6
12405,2026-03-04,2026,3,4,mertan,0,16,0,16
12406,2026-03-04,2026,3,4,ayyilmaz,5,0,0,5
12407,2026-03-04,2026,3,4,tevirgen,6,31,0,37
12408,2026-03-04,2026,3,4,gayilmaz,1,0,0,1
12409,2026-03-04,2026,3,4,ogungor,17,0,0,17
12410,2026-03-04,2026,3,4,TIRMAK,4,0,0,4
12411,2026-03-04,2026,3,4,klaboratuar,0,10,0,10
12412,2026-03-04,2026,3,4,ckarahasan,2,6,0,8
12413,2026-03-04,2026,3,4,caozturk,10,0,0,10
12414,2026-03-04,2026,3,4,ebalaban,9,0,0,9
12415,2026-03-04,2026,3,4,amasun,0,34,0,34
12416,2026-03-04,2026,3,4,ggirgin,2,0,6,8
12417,2026-03-04,2026,3,4,fozay,79,9,0,88
12418,2026-03-05,2026,3,5,stjegitim,2,0,0,2
12419,2026-03-05,2026,3,5,ierdil,2,7,0,9
12420,2026-03-05,2026,3,5,pstjbmetiner,2,0,0,2
12421,2026-03-05,2026,3,5,BSOGUT,1,0,1,2
12422,2026-03-05,2026,3,5,itopcu,9,0,0,9
12423,2026-03-05,2026,3,5,fgulsever,0,117,0,117
12424,2026-03-05,2026,3,5,acelebi,2,0,0,2
12425,2026-03-05,2026,3,5,mecigdem,0,2,0,2
12426,2026-03-05,2026,3,5,mguder,22,0,0,22
12427,2026-03-05,2026,3,5,aakyildiz,3,0,0,3
12428,2026-03-05,2026,3,5,mmollaoglu,0,14,0,14
12429,2026-03-05,2026,3,5,mkarsiv,1,0,0,1
12430,2026-03-05,2026,3,5,egonce,11,3,0,14
12431,2026-03-05,2026,3,5,hakdemir,0,30,0,30
12432,2026-03-05,2026,3,5,msevim,0,6,0,6
12433,2026-03-05,2026,3,5,eozkan,194,1,0,195
12434,2026-03-05,2026,3,5,gbalvan,2,11,0,13
12435,2026-03-05,2026,3,5,dcolor,0,59,0,59
12436,2026-03-05,2026,3,5,sutetik,6,7,0,13
12437,2026-03-05,2026,3,5,ersener,2,0,0,2
12438,2026-03-05,2026,3,5,udalyan,6,1,0,7
12439,2026-03-05,2026,3,5,akapucu,3,0,0,3
12440,2026-03-05,2026,3,5,fcolak,17,0,0,17
12441,2026-03-05,2026,3,5,nakilli,0,6,0,6
12442,2026-03-05,2026,3,5,bbusta,2,0,0,2
12443,2026-03-05,2026,3,5,sfirinci,3,1,0,4
12444,2026-03-05,2026,3,5,abarkod,0,1,0,1
12445,2026-03-05,2026,3,5,tcapkin,2,0,0,2
12446,2026-03-05,2026,3,5,gakca,2,3,0,5
12447,2026-03-05,2026,3,5,cer,2,0,0,2
12448,2026-03-05,2026,3,5,obali,0,4,0,4
12449,2026-03-05,2026,3,5,MMUTLU,5,1,0,6
12450,2026-03-05,2026,3,5,fimetin,16,0,0,16
12451,2026-03-05,2026,3,5,bsamuk,1,0,0,1
12452,2026-03-05,2026,3,5,ggirgin,17,1,0,18
12453,2026-03-05,2026,3,5,mertan,4,0,0,4
12454,2026-03-05,2026,3,5,nkorkmaz,4,6,0,10
12455,2026-03-05,2026,3,5,ogungor,15,4,0,19
12456,2026-03-05,2026,3,5,tevirgen,10,2,2,14
12457,2026-03-05,2026,3,5,iunlu,12,1,0,13
12458,2026-03-05,2026,3,5,fbalaban,1,0,0,1
12459,2026-03-05,2026,3,5,zkurt,1,0,0,1
12460,2026-03-05,2026,3,5,gekim,0,102,0,102
12461,2026-03-05,2026,3,5,amasun,0,136,0,136
12462,2026-03-05,2026,3,5,ebalaban,23,0,0,23
12463,2026-03-05,2026,3,5,dnoic,16,7,1,24
12464,2026-03-05,2026,3,5,ckarahasan,2,0,0,2
12465,2026-03-05,2026,3,5,fozay,3,1,0,4
12466,2026-03-06,2026,3,6,hakdemir,1,0,0,1
12467,2026-03-06,2026,3,6,mguder,1,0,0,1
12468,2026-03-06,2026,3,6,zyuksel,32,0,0,32
12469,2026-03-06,2026,3,6,pstjbmetiner,6,5,0,11
12470,2026-03-06,2026,3,6,ierdil,1,7,0,8
12471,2026-03-06,2026,3,6,mkarsiv,10,0,0,10
12472,2026-03-06,2026,3,6,msevim,3,1,0,4
12473,2026-03-06,2026,3,6,sutetik,8,8,0,16
12474,2026-03-06,2026,3,6,gbalvan,16,3,0,19
12475,2026-03-06,2026,3,6,dcolor,0,65,0,65
12476,2026-03-06,2026,3,6,VBAYANER,6,11,0,17
12477,2026-03-06,2026,3,6,akapucu,5,1,0,6
12478,2026-03-06,2026,3,6,bfirat,18,0,0,18
12479,2026-03-06,2026,3,6,mecigdem,1,2,0,3
12480,2026-03-06,2026,3,6,eozkan,10,2,0,12
12481,2026-03-06,2026,3,6,udalyan,0,0,49,49
12482,2026-03-06,2026,3,6,mkarabiyik,0,9,0,9
12483,2026-03-06,2026,3,6,gakca,4,0,0,4
12484,2026-03-06,2026,3,6,ngogce,0,30,0,30
12485,2026-03-06,2026,3,6,ntanriverdi,0,49,0,49
12486,2026-03-06,2026,3,6,fyilanci,3,0,0,3
12487,2026-03-06,2026,3,6,obali,0,0,4,4
12488,2026-03-06,2026,3,6,fimetin,0,1,0,1
12489,2026-03-06,2026,3,6,ggirgin,3,8,0,11
12490,2026-03-06,2026,3,6,mertan,1,4,0,5
12491,2026-03-06,2026,3,6,oguler,1,0,0,1
12492,2026-03-06,2026,3,6,tevirgen,8,6,6,20
12493,2026-03-06,2026,3,6,gayilmaz,9,2,0,11
12494,2026-03-06,2026,3,6,ogungor,5,0,0,5
12495,2026-03-06,2026,3,6,ckarahasan,19,0,0,19
12496,2026-03-06,2026,3,6,ebalaban,58,0,0,58
12497,2026-03-06,2026,3,6,amasun,1,9,0,10
12498,2026-03-06,2026,3,6,ayyilmaz,2,0,0,2
12499,2026-03-07,2026,3,7,dcolor,0,60,0,60
12500,2026-03-07,2026,3,7,hakdemir,7,0,0,7
12501,2026-03-07,2026,3,7,mkarsiv,2,0,0,2
12502,2026-03-07,2026,3,7,rkontrol,1,0,0,1
12503,2026-03-07,2026,3,7,kbtlideri,3,0,0,3
12504,2026-03-07,2026,3,7,bsakrak,46,0,0,46
12505,2026-03-07,2026,3,7,ttlideri,1,0,0,1
12506,2026-03-07,2026,3,7,mecigdem,12,2,0,14
12507,2026-03-08,2026,3,8,hakand,18,12,0,30
12508,2026-03-08,2026,3,8,egonce,7,0,0,7
12509,2026-03-08,2026,3,8,fcolak,3,0,0,3
12510,2026-03-08,2026,3,8,ierdil,5,13,0,18
12511,2026-03-08,2026,3,8,fgulsever,0,78,0,78
12512,2026-03-08,2026,3,8,BSOGUT,17,0,1,18
12513,2026-03-08,2026,3,8,ubasdas,2,0,0,2
12514,2026-03-08,2026,3,8,aapak,12,26,0,38
12515,2026-03-08,2026,3,8,iunlu,0,1,0,1
12516,2026-03-08,2026,3,8,gekim,0,100,0,100
12517,2026-03-08,2026,3,8,scabuker,6,0,0,6
12518,2026-03-08,2026,3,8,dnoic,4,0,0,4
12519,2026-03-08,2026,3,8,aayhan,5,6,0,11
12520,2026-03-08,2026,3,8,tcapkin,3,3,0,6
12521,2026-03-08,2026,3,8,sfirinci,4,1,0,5
12522,2026-03-09,2026,3,9,aapak,0,83,0,83
12523,2026-03-09,2026,3,9,ebadem,2,0,0,2
12524,2026-03-09,2026,3,9,ierdil,6,9,0,15
12525,2026-03-09,2026,3,9,zyuksel,20,0,0,20
12526,2026-03-09,2026,3,9,mguder,22,1,0,23
12527,2026-03-09,2026,3,9,hakand,14,1,0,15
12528,2026-03-09,2026,3,9,VBAYANER,5,12,0,17
12529,2026-03-09,2026,3,9,esaribuyuk,0,1,0,1
12530,2026-03-09,2026,3,9,bbugdayci,0,4,0,4
12531,2026-03-09,2026,3,9,mecigdem,0,2,0,2
12532,2026-03-09,2026,3,9,udalyan,0,1,1,2
12533,2026-03-09,2026,3,9,fgulsever,0,9,0,9
12534,2026-03-09,2026,3,9,fcolak,13,3,0,16
12535,2026-03-09,2026,3,9,hakdemir,4,2,0,6
12536,2026-03-09,2026,3,9,egonce,12,0,0,12
12537,2026-03-09,2026,3,9,herbilgin,18,0,0,18
12538,2026-03-09,2026,3,9,msevim,0,4,0,4
12539,2026-03-09,2026,3,9,hbinay,5,0,0,5
12540,2026-03-09,2026,3,9,sapra,1,0,0,1
12541,2026-03-09,2026,3,9,eozkan,2,0,0,2
12542,2026-03-09,2026,3,9,gbalvan,0,1,0,1
12543,2026-03-09,2026,3,9,dcolor,0,74,0,74
12544,2026-03-09,2026,3,9,ekoksal,2,0,0,2
12545,2026-03-09,2026,3,9,sutetik,10,3,0,13
12546,2026-03-09,2026,3,9,bfirat,22,2,0,24
12547,2026-03-09,2026,3,9,mkarsiv,4,0,0,4
12548,2026-03-09,2026,3,9,ubasdas,1,0,0,1
12549,2026-03-09,2026,3,9,caozturk,5,7,0,12
12550,2026-03-09,2026,3,9,sfirinci,95,0,0,95
12551,2026-03-09,2026,3,9,gakca,4,1,0,5
12552,2026-03-09,2026,3,9,akamera,0,5,0,5
12553,2026-03-09,2026,3,9,tcapkin,0,4,0,4
12554,2026-03-09,2026,3,9,ntanriverdi,0,44,0,44
12555,2026-03-09,2026,3,9,asablon,3,0,0,3
12556,2026-03-09,2026,3,9,nkorkmaz,0,0,9,9
12557,2026-03-09,2026,3,9,cer,5,0,0,5
12558,2026-03-09,2026,3,9,MMUTLU,16,2,0,18
12559,2026-03-09,2026,3,9,fimetin,8,0,0,8
12560,2026-03-09,2026,3,9,ggirgin,46,0,5,51
12561,2026-03-09,2026,3,9,ekaradavut,1,0,0,1
12562,2026-03-09,2026,3,9,mertan,0,6,0,6
12563,2026-03-09,2026,3,9,obali,2,3,1,6
12564,2026-03-09,2026,3,9,tevirgen,25,0,6,31
12565,2026-03-09,2026,3,9,ayyilmaz,1,0,0,1
12566,2026-03-09,2026,3,9,zkurt,1,1,0,2
12567,2026-03-09,2026,3,9,fozay,41,5,0,46
12568,2026-03-09,2026,3,9,amasun,0,13,0,13
12569,2026-03-09,2026,3,9,ebalaban,31,0,0,31
12570,2026-03-09,2026,3,9,dnoic,1,0,0,1
12571,2026-03-09,2026,3,9,gekim,0,168,0,168
12572,2026-03-09,2026,3,9,oicoz,0,3,0,3
12573,2026-03-09,2026,3,9,ogungor,3,0,0,3
12574,2026-03-09,2026,3,9,gayilmaz,12,0,0,12
12575,2026-03-09,2026,3,9,eulsever,4,0,0,4
12576,2026-03-09,2026,3,9,ckarahasan,5,0,0,5
12577,2026-03-10,2026,3,10,zyuksel,20,1,0,21
12578,2026-03-10,2026,3,10,mguder,2,0,0,2
12579,2026-03-10,2026,3,10,VBAYANER,22,0,0,22
12580,2026-03-10,2026,3,10,gsapmaz,1,0,0,1
12581,2026-03-10,2026,3,10,baozturk,1,0,0,1
12582,2026-03-10,2026,3,10,mecigdem,5,4,0,9
12583,2026-03-10,2026,3,10,hakand,13,0,0,13
12584,2026-03-10,2026,3,10,udalyan,1,0,0,1
12585,2026-03-10,2026,3,10,aapak,0,24,0,24
12586,2026-03-10,2026,3,10,ubasdas,2,3,0,5
12587,2026-03-10,2026,3,10,fgulsever,0,59,0,59
12588,2026-03-10,2026,3,10,ierdil,10,7,0,17
12589,2026-03-10,2026,3,10,gakca,4,4,0,8
12590,2026-03-10,2026,3,10,fcolak,1,0,0,1
12591,2026-03-10,2026,3,10,mkarsiv,2,0,0,2
12592,2026-03-10,2026,3,10,egonce,29,3,0,32
12593,2026-03-10,2026,3,10,herbilgin,2,0,0,2
12594,2026-03-10,2026,3,10,hakdemir,5,4,0,9
12595,2026-03-10,2026,3,10,msevim,1,9,0,10
12596,2026-03-10,2026,3,10,eozkan,6,2,0,8
12597,2026-03-10,2026,3,10,gbalvan,0,7,0,7
12598,2026-03-10,2026,3,10,dcolor,0,77,0,77
12599,2026-03-10,2026,3,10,sutetik,5,4,0,9
12600,2026-03-10,2026,3,10,bfirat,11,1,0,12
12601,2026-03-10,2026,3,10,mguray,3,0,0,3
12602,2026-03-10,2026,3,10,fyakut,1,0,0,1
12603,2026-03-10,2026,3,10,mertan,1,0,0,1
12604,2026-03-10,2026,3,10,amasun,0,86,0,86
12605,2026-03-10,2026,3,10,gekim,0,116,0,116
12606,2026-03-10,2026,3,10,akamera,0,4,0,4
12607,2026-03-10,2026,3,10,vgemici,1,2,0,3
12608,2026-03-10,2026,3,10,tcapkin,0,5,0,5
12609,2026-03-10,2026,3,10,ntanriverdi,0,74,0,74
12610,2026-03-10,2026,3,10,bkibar,2,4,0,6
12611,2026-03-10,2026,3,10,asablon,1,0,0,1
12612,2026-03-10,2026,3,10,fbasak,3,0,0,3
12613,2026-03-10,2026,3,10,cer,1,0,0,1
12614,2026-03-10,2026,3,10,aayhan,71,73,3,147
12615,2026-03-10,2026,3,10,fyilanci,10,10,0,20
12616,2026-03-10,2026,3,10,abarkod,0,2,0,2
12617,2026-03-10,2026,3,10,fimetin,42,0,0,42
12618,2026-03-10,2026,3,10,obali,2,3,1,6
12619,2026-03-10,2026,3,10,ebalaban,28,0,0,28
12620,2026-03-10,2026,3,10,ckarahasan,21,20,0,41
12621,2026-03-10,2026,3,10,oicoz,0,2,0,2
12622,2026-03-10,2026,3,10,ogungor,1,1,0,2
12623,2026-03-10,2026,3,10,dnoic,13,3,2,18
12624,2026-03-10,2026,3,10,eulsever,0,4,0,4
12625,2026-03-10,2026,3,10,tevirgen,8,1,2,11
12626,2026-03-10,2026,3,10,ekaradavut,10,1,0,11
12627,2026-03-10,2026,3,10,ggirgin,8,3,4,15
12628,2026-03-10,2026,3,10,gayilmaz,1,0,0,1
12629,2026-03-11,2026,3,11,aapak,0,13,0,13
12630,2026-03-11,2026,3,11,mguder,28,0,0,28
12631,2026-03-11,2026,3,11,udalyan,9,4,0,13
12632,2026-03-11,2026,3,11,mecigdem,0,2,0,2
12633,2026-03-11,2026,3,11,esaribuyuk,0,1,0,1
12634,2026-03-11,2026,3,11,okelepe,1,0,0,1
12635,2026-03-11,2026,3,11,fgulsever,0,15,0,15
12636,2026-03-11,2026,3,11,baozturk,0,3,0,3
12637,2026-03-11,2026,3,11,sakgumus,0,4,0,4
12638,2026-03-11,2026,3,11,dcolor,0,112,0,112
12639,2026-03-11,2026,3,11,egonce,16,4,0,20
12640,2026-03-11,2026,3,11,hakdemir,2,5,0,7
12641,2026-03-11,2026,3,11,msevim,1,1,0,2
12642,2026-03-11,2026,3,11,gbalvan,3,4,0,7
12643,2026-03-11,2026,3,11,sutetik,12,1,0,13
12644,2026-03-11,2026,3,11,bfirat,14,0,0,14
12645,2026-03-11,2026,3,11,VBAYANER,5,0,0,5
12646,2026-03-11,2026,3,11,bunver,0,2,0,2
12647,2026-03-11,2026,3,11,gakca,4,1,0,5
12648,2026-03-11,2026,3,11,ierdil,3,5,0,8
12649,2026-03-11,2026,3,11,fyakut,11,29,0,40
12650,2026-03-11,2026,3,11,eozkan,1,0,0,1
12651,2026-03-11,2026,3,11,SUYILMAZ,2,0,0,2
12652,2026-03-11,2026,3,11,gekim,0,70,0,70
12653,2026-03-11,2026,3,11,akamera,0,5,0,5
12654,2026-03-11,2026,3,11,vgemici,2,0,0,2
12655,2026-03-11,2026,3,11,ntanriverdi,0,73,0,73
12656,2026-03-11,2026,3,11,aayhan,14,5,0,19
12657,2026-03-11,2026,3,11,fyilanci,6,3,12,21
12658,2026-03-11,2026,3,11,obali,26,19,0,45
12659,2026-03-11,2026,3,11,MMUTLU,6,1,0,7
12660,2026-03-11,2026,3,11,fimetin,2,249,0,251
12661,2026-03-11,2026,3,11,abarkod,0,1,0,1
12662,2026-03-11,2026,3,11,ayyilmaz,4,0,0,4
12663,2026-03-11,2026,3,11,tevirgen,0,1,1,2
12664,2026-03-11,2026,3,11,gayilmaz,4,0,0,4
12665,2026-03-11,2026,3,11,amasun,0,39,0,39
12666,2026-03-11,2026,3,11,ogungor,5,4,0,9
12667,2026-03-11,2026,3,11,kkaplan,5,2,0,7
12668,2026-03-11,2026,3,11,ckarahasan,6,0,0,6
12669,2026-03-11,2026,3,11,dnoic,0,28,0,28
12670,2026-03-11,2026,3,11,ebalaban,22,0,0,22
12671,2026-03-11,2026,3,11,ggirgin,0,0,2,2
12672,2026-03-12,2026,3,12,fgulsever,0,129,0,129
12673,2026-03-12,2026,3,12,hakand,3,2,0,5
12674,2026-03-12,2026,3,12,ubasdas,4,0,0,4
12675,2026-03-12,2026,3,12,udalyan,3,0,3,6
12676,2026-03-12,2026,3,12,aapak,0,57,0,57
12677,2026-03-12,2026,3,12,ierdil,0,7,0,7
12678,2026-03-12,2026,3,12,mecigdem,0,3,0,3
12679,2026-03-12,2026,3,12,stjegitim,190,20,0,210
12680,2026-03-12,2026,3,12,hakdemir,1,3,0,4
12681,2026-03-12,2026,3,12,fcolak,4,9,0,13
12682,2026-03-12,2026,3,12,mkarsiv,3,0,0,3
12683,2026-03-12,2026,3,12,eozkan,1,0,0,1
12684,2026-03-12,2026,3,12,gbalvan,0,1,0,1
12685,2026-03-12,2026,3,12,dcolor,0,135,0,135
12686,2026-03-12,2026,3,12,sutetik,35,5,0,40
12687,2026-03-12,2026,3,12,fozay,3,0,0,3
12688,2026-03-12,2026,3,12,bfirat,19,0,0,19
12689,2026-03-12,2026,3,12,aakyildiz,6,0,0,6
12690,2026-03-12,2026,3,12,amasun,0,53,0,53
12691,2026-03-12,2026,3,12,ckarahasan,17,13,0,30
12692,2026-03-12,2026,3,12,caozturk,12,17,0,29
12693,2026-03-12,2026,3,12,ebalaban,11,0,0,11
12694,2026-03-12,2026,3,12,akamera,0,2,0,2
12695,2026-03-12,2026,3,12,ngogce,1,0,0,1
12696,2026-03-12,2026,3,12,abarkod,0,1,0,1
12697,2026-03-12,2026,3,12,vgemici,14,7,0,21
12698,2026-03-12,2026,3,12,fbasak,5,0,0,5
12699,2026-03-12,2026,3,12,fyilanci,1,1,0,2
12700,2026-03-12,2026,3,12,obali,18,11,0,29
12701,2026-03-12,2026,3,12,ntanriverdi,0,7,0,7
12702,2026-03-12,2026,3,12,fimetin,70,12,0,82
12703,2026-03-12,2026,3,12,ggirgin,10,0,0,10
12704,2026-03-12,2026,3,12,mertan,0,3,0,3
12705,2026-03-12,2026,3,12,tevirgen,7,15,12,34
12706,2026-03-12,2026,3,12,gayilmaz,1,0,0,1
12707,2026-03-12,2026,3,12,ogungor,8,5,0,13
12708,2026-03-12,2026,3,12,oicoz,1,0,0,1
12709,2026-03-12,2026,3,12,MMUTLU,13,5,0,18
12710,2026-03-13,2026,3,13,stjegitim,0,0,15,15
12711,2026-03-13,2026,3,13,gsapmaz,23,0,0,23
12712,2026-03-13,2026,3,13,carican,7,0,0,7
12713,2026-03-13,2026,3,13,zyuksel,11,0,2,13
12714,2026-03-13,2026,3,13,ierdil,2,5,0,7
12715,2026-03-13,2026,3,13,kbtlideri,1,0,0,1
12716,2026-03-13,2026,3,13,mkarsiv,26,0,0,26
12717,2026-03-13,2026,3,13,hakand,14,7,0,21
12718,2026-03-13,2026,3,13,hakdemir,5,0,0,5
12719,2026-03-13,2026,3,13,msevim,1,0,0,1
12720,2026-03-13,2026,3,13,eozkan,0,2,0,2
12721,2026-03-13,2026,3,13,gbalvan,0,3,0,3
12722,2026-03-13,2026,3,13,dcolor,0,65,0,65
12723,2026-03-13,2026,3,13,sutetik,15,13,0,28
12724,2026-03-13,2026,3,13,bfirat,72,0,0,72
12725,2026-03-13,2026,3,13,ddcozgu,18,0,0,18
12726,2026-03-13,2026,3,13,mecigdem,0,2,0,2
12727,2026-03-13,2026,3,13,mmollaoglu,56,0,0,56
12728,2026-03-13,2026,3,13,amasun,0,93,0,93
12729,2026-03-13,2026,3,13,ntanriverdi,0,6,0,6
12730,2026-03-13,2026,3,13,bkibar,0,1,0,1
12731,2026-03-13,2026,3,13,obali,10,1,2,13
12732,2026-03-13,2026,3,13,fimetin,24,56,0,80
12733,2026-03-13,2026,3,13,udalyan,1,0,57,58
12734,2026-03-13,2026,3,13,ggirgin,17,1,0,18
12735,2026-03-13,2026,3,13,ekaradavut,10,1,0,11
12736,2026-03-13,2026,3,13,akamera,0,3,0,3
12737,2026-03-13,2026,3,13,mertan,0,4,0,4
12738,2026-03-13,2026,3,13,tevirgen,1,3,0,4
12739,2026-03-13,2026,3,13,gayilmaz,0,2,0,2
12740,2026-03-13,2026,3,13,ogungor,11,5,0,16
12741,2026-03-13,2026,3,13,ckarahasan,15,2,0,17
12742,2026-03-13,2026,3,13,caozturk,95,0,0,95
12743,2026-03-13,2026,3,13,ebalaban,27,0,0,27
12744,2026-03-13,2026,3,13,sulger,3,0,0,3
12745,2026-03-14,2026,3,14,dcolor,0,59,0,59
12746,2026-03-14,2026,3,14,hbinay,12,0,0,12
12747,2026-03-14,2026,3,14,hakdemir,3,1,0,4
12748,2026-03-14,2026,3,14,mkarsiv,4,0,0,4
12749,2026-03-14,2026,3,14,bsakrak,169,0,0,169
12750,2026-03-14,2026,3,14,ebalaban,24,1,0,25
12751,2026-03-14,2026,3,14,ogungor,12,0,0,12
12752,2026-03-14,2026,3,14,mecigdem,12,4,0,16
12753,2026-03-15,2026,3,15,aapak,18,52,0,70
12754,2026-03-15,2026,3,15,dcolor,0,4,0,4
12755,2026-03-15,2026,3,15,fcolak,18,1,0,19
12756,2026-03-15,2026,3,15,cyildiz,1,0,0,1
12757,2026-03-15,2026,3,15,rkontrol,2,0,0,2
12758,2026-03-15,2026,3,15,ierdil,1,5,0,6
12759,2026-03-15,2026,3,15,fgulsever,1,33,0,34
12760,2026-03-15,2026,3,15,BSOGUT,0,0,7,7
12761,2026-03-15,2026,3,15,nakilli,1,0,0,1
12762,2026-03-15,2026,3,15,sfirinci,4,1,0,5
12763,2026-03-15,2026,3,15,iunlu,4,0,0,4
12764,2026-03-15,2026,3,15,gekim,0,48,0,48
12765,2026-03-15,2026,3,15,dnoic,1,0,0,1
12766,2026-03-15,2026,3,15,mkorucu,0,1,0,1
12767,2026-03-15,2026,3,15,aayhan,5,7,3,15
12768,2026-03-15,2026,3,15,fbasak,4,0,0,4
12769,2026-03-15,2026,3,15,tcapkin,0,1,0,1
12770,2026-03-15,2026,3,15,abarkod,0,1,0,1
12771,2026-03-16,2026,3,16,aildeniz,2,2,0,4
12772,2026-03-16,2026,3,16,ierdil,1,7,0,8
12773,2026-03-16,2026,3,16,zyuksel,29,14,0,43
12774,2026-03-16,2026,3,16,mguder,5,3,0,8
12775,2026-03-16,2026,3,16,udalyan,1,2,1,4
12776,2026-03-16,2026,3,16,hakand,34,0,0,34
12777,2026-03-16,2026,3,16,mecigdem,22,2,0,24
12778,2026-03-16,2026,3,16,cyildiz,1,0,0,1
12779,2026-03-16,2026,3,16,aapak,0,37,0,37
12780,2026-03-16,2026,3,16,VBAYANER,0,21,0,21
12781,2026-03-16,2026,3,16,fcolak,4,6,0,10
12782,2026-03-16,2026,3,16,uunver,22,0,0,22
12783,2026-03-16,2026,3,16,mkarsiv,33,0,0,33
12784,2026-03-16,2026,3,16,hakdemir,2,0,0,2
12785,2026-03-16,2026,3,16,ubasdas,7,0,0,7
12786,2026-03-16,2026,3,16,msevim,1,8,0,9
12787,2026-03-16,2026,3,16,eozkan,1,0,0,1
12788,2026-03-16,2026,3,16,dcolor,0,43,0,43
12789,2026-03-16,2026,3,16,sutetik,4,16,0,20
12790,2026-03-16,2026,3,16,ersener,48,0,0,48
12791,2026-03-16,2026,3,16,hbulut,4,0,0,4
12792,2026-03-16,2026,3,16,bfirat,68,0,0,68
12793,2026-03-16,2026,3,16,sekisa,34,1,0,35
12794,2026-03-16,2026,3,16,gakca,2,1,0,3
12795,2026-03-16,2026,3,16,okelepe,0,0,6,6
12796,2026-03-16,2026,3,16,gekim,0,40,0,40
12797,2026-03-16,2026,3,16,saskin,6,0,0,6
12798,2026-03-16,2026,3,16,akamera,0,5,0,5
12799,2026-03-16,2026,3,16,abarkod,0,4,0,4
12800,2026-03-16,2026,3,16,tcapkin,0,1,0,1
12801,2026-03-16,2026,3,16,nkorkmaz,5,0,0,5
12802,2026-03-16,2026,3,16,fbasak,17,3,0,20
12803,2026-03-16,2026,3,16,ogun,3,0,0,3
12804,2026-03-16,2026,3,16,aayhan,26,33,14,73
12805,2026-03-16,2026,3,16,MMUTLU,13,3,19,35
12806,2026-03-16,2026,3,16,fimetin,40,22,0,62
12807,2026-03-16,2026,3,16,ggirgin,115,3,0,118
12808,2026-03-16,2026,3,16,ngogce,0,0,18,18
12809,2026-03-16,2026,3,16,eulsever,0,4,0,4
12810,2026-03-16,2026,3,16,tevirgen,10,3,6,19
12811,2026-03-16,2026,3,16,eanli,0,3,0,3
12812,2026-03-16,2026,3,16,amasun,1,112,0,113
12813,2026-03-16,2026,3,16,ebalaban,37,0,0,37
12814,2026-03-16,2026,3,16,fozay,9,0,0,9
12815,2026-03-16,2026,3,16,ckarahasan,3,14,0,17
12816,2026-03-16,2026,3,16,oicoz,10,0,0,10
12817,2026-03-16,2026,3,16,ogungor,1,1,0,2
12818,2026-03-16,2026,3,16,gayilmaz,10,0,0,10
12819,2026-03-16,2026,3,16,dnoic,2,0,0,2
12820,2026-03-17,2026,3,17,fyakut,4,0,0,4
12821,2026-03-17,2026,3,17,BSOGUT,17,0,0,17
12822,2026-03-17,2026,3,17,gakca,4,0,0,4
12823,2026-03-17,2026,3,17,aapak,0,59,0,59
12824,2026-03-17,2026,3,17,udalyan,1,1,0,2
12825,2026-03-17,2026,3,17,mecigdem,0,2,0,2
12826,2026-03-17,2026,3,17,hakand,3,0,0,3
12827,2026-03-17,2026,3,17,baozturk,1,0,0,1
12828,2026-03-17,2026,3,17,mkarsiv,1,0,0,1
12829,2026-03-17,2026,3,17,zyuksel,22,31,0,53
12830,2026-03-17,2026,3,17,ierdil,0,3,0,3
12831,2026-03-17,2026,3,17,fcolak,18,0,0,18
12832,2026-03-17,2026,3,17,hakdemir,1,0,0,1
12833,2026-03-17,2026,3,17,msevim,5,12,0,17
12834,2026-03-17,2026,3,17,dcolor,0,99,0,99
12835,2026-03-17,2026,3,17,sutetik,1,3,0,4
12836,2026-03-17,2026,3,17,bfirat,77,3,0,80
12837,2026-03-17,2026,3,17,bsakrak,42,0,0,42
12838,2026-03-17,2026,3,17,mguder,0,3,0,3
12839,2026-03-17,2026,3,17,gekim,0,86,0,86
12840,2026-03-17,2026,3,17,ckarahasan,18,9,0,27
12841,2026-03-17,2026,3,17,fozay,35,6,0,41
12842,2026-03-17,2026,3,17,akamera,0,5,0,5
12843,2026-03-17,2026,3,17,eanli,0,4,0,4
12844,2026-03-17,2026,3,17,tcapkin,0,2,0,2
12845,2026-03-17,2026,3,17,fbasak,5,0,0,5
12846,2026-03-17,2026,3,17,aayhan,4,1,0,5
12847,2026-03-17,2026,3,17,obali,1,34,34,69
12848,2026-03-17,2026,3,17,MMUTLU,0,1,0,1
12849,2026-03-17,2026,3,17,fimetin,0,204,0,204
12850,2026-03-17,2026,3,17,ggirgin,94,0,2,96
12851,2026-03-17,2026,3,17,abarkod,0,21,0,21
12852,2026-03-17,2026,3,17,ayyilmaz,1,0,0,1
12853,2026-03-17,2026,3,17,tevirgen,1,4,0,5
12854,2026-03-17,2026,3,17,gayilmaz,1,0,0,1
12855,2026-03-17,2026,3,17,TIRMAK,2,0,0,2
12856,2026-03-17,2026,3,17,okanat,8,2,0,10
12857,2026-03-17,2026,3,17,dnoic,0,1,0,1
12858,2026-03-17,2026,3,17,ebalaban,23,0,0,23
12859,2026-03-17,2026,3,17,amasun,0,98,0,98
12860,2026-03-17,2026,3,17,sulger,2,0,0,2
12861,2026-03-18,2026,3,18,gakca,1,0,0,1
12862,2026-03-18,2026,3,18,udalyan,3,3,18,24
12863,2026-03-18,2026,3,18,mecigdem,0,2,0,2
12864,2026-03-18,2026,3,18,baozturk,1,0,0,1
12865,2026-03-18,2026,3,18,mguder,11,0,0,11
12866,2026-03-18,2026,3,18,VBAYANER,15,26,0,41
12867,2026-03-18,2026,3,18,dcolor,0,75,0,75
12868,2026-03-18,2026,3,18,ierdil,6,5,0,11
12869,2026-03-18,2026,3,18,hakdemir,5,1,0,6
12870,2026-03-18,2026,3,18,msevim,0,6,0,6
12871,2026-03-18,2026,3,18,sutetik,7,12,0,19
12872,2026-03-18,2026,3,18,bfirat,68,2,0,70
12873,2026-03-18,2026,3,18,eanli,0,1,0,1
12874,2026-03-18,2026,3,18,zyuksel,23,33,0,56
12875,2026-03-18,2026,3,18,fozay,12,0,0,12
12876,2026-03-18,2026,3,18,mertan,0,1,0,1
12877,2026-03-18,2026,3,18,ebalaban,13,0,0,13
12878,2026-03-18,2026,3,18,amasun,0,68,0,68
12879,2026-03-18,2026,3,18,abarkod,0,1,0,1
12880,2026-03-18,2026,3,18,obali,9,0,0,9
12881,2026-03-18,2026,3,18,MMUTLU,10,1,0,11
12882,2026-03-18,2026,3,18,fimetin,157,2,0,159
12883,2026-03-18,2026,3,18,ggirgin,3,0,0,3
12884,2026-03-18,2026,3,18,akamera,0,7,0,7
12885,2026-03-18,2026,3,18,ayyilmaz,1,0,0,1
12886,2026-03-18,2026,3,18,tevirgen,19,6,0,25
12887,2026-03-18,2026,3,18,eulsever,0,6,0,6
12888,2026-03-18,2026,3,18,gayilmaz,4,0,0,4
12889,2026-03-18,2026,3,18,ekaradavut,0,1,0,1
12890,2026-03-18,2026,3,18,ckarahasan,10,3,0,13
12891,2026-03-19,2026,3,19,mecigdem,0,2,0,2
12892,2026-03-19,2026,3,19,dcolor,0,23,0,23
12893,2026-03-19,2026,3,19,bsakrak,116,0,0,116
12894,2026-03-22,2026,3,22,aapak,12,16,0,28
12895,2026-03-22,2026,3,22,akocak,0,4,0,4
12896,2026-03-22,2026,3,22,sapra,27,1,0,28
12897,2026-03-22,2026,3,22,egonce,20,1,0,21
12898,2026-03-22,2026,3,22,mkarsiv,4,0,0,4
12899,2026-03-22,2026,3,22,fcolak,1,4,0,5
12900,2026-03-22,2026,3,22,aildeniz,0,2,0,2
12901,2026-03-22,2026,3,22,fgulsever,0,22,0,22
12902,2026-03-22,2026,3,22,sfirinci,3,1,0,4
12903,2026-03-22,2026,3,22,ierdil,0,3,0,3
12904,2026-03-22,2026,3,22,gbakanoglu,3,1,0,4
12905,2026-03-22,2026,3,22,fbalaban,4,7,0,11
12906,2026-03-22,2026,3,22,dnoic,13,2,0,15
12907,2026-03-22,2026,3,22,nbolkis,0,1,0,1
12908,2026-03-22,2026,3,22,aayhan,0,17,0,17
12909,2026-03-22,2026,3,22,ogun,1,1,1,3
12910,2026-03-22,2026,3,22,fbasak,5,0,0,5
12911,2026-03-22,2026,3,22,tcapkin,4,0,0,4
12912,2026-03-22,2026,3,22,abarkod,0,3,0,3
12913,2026-03-22,2026,3,22,gekim,0,130,0,130
12914,2026-03-23,2026,3,23,egonce,67,3,0,70
12915,2026-03-23,2026,3,23,mkarsiv,2,0,0,2
12916,2026-03-23,2026,3,23,fcolak,2,8,0,10
12917,2026-03-23,2026,3,23,aakyildiz,5,0,0,5
12918,2026-03-23,2026,3,23,gsapmaz,2,0,0,2
12919,2026-03-23,2026,3,23,ierdil,24,5,0,29
12920,2026-03-23,2026,3,23,zyuksel,100,0,0,100
12921,2026-03-23,2026,3,23,hakdemir,1,2,0,3
12922,2026-03-23,2026,3,23,itopcu,10,0,0,10
12923,2026-03-23,2026,3,23,rkontrol,20,0,0,20
12924,2026-03-23,2026,3,23,msevim,1,9,0,10
12925,2026-03-23,2026,3,23,sutetik,11,13,0,24
12926,2026-03-23,2026,3,23,mmollaoglu,1,1,0,2
12927,2026-03-23,2026,3,23,gbalvan,0,2,0,2
12928,2026-03-23,2026,3,23,dcolor,0,46,0,46
12929,2026-03-23,2026,3,23,ersener,2,0,0,2
12930,2026-03-23,2026,3,23,hbulut,26,1,0,27
12931,2026-03-23,2026,3,23,akapucu,9,0,0,9
12932,2026-03-23,2026,3,23,bfirat,4,0,0,4
12933,2026-03-23,2026,3,23,VBAYANER,1,21,0,22
12934,2026-03-23,2026,3,23,bunver,10,0,0,10
12935,2026-03-23,2026,3,23,fgulsever,0,83,0,83
12936,2026-03-23,2026,3,23,hbinay,2,0,0,2
12937,2026-03-23,2026,3,23,BSOGUT,18,0,0,18
12938,2026-03-23,2026,3,23,gakca,8,0,0,8
12939,2026-03-23,2026,3,23,mecigdem,0,2,0,2
12940,2026-03-23,2026,3,23,hakand,12,0,0,12
12941,2026-03-23,2026,3,23,akamera,1,8,0,9
12942,2026-03-23,2026,3,23,tcapkin,0,2,0,2
12943,2026-03-23,2026,3,23,ntanriverdi,0,8,0,8
12944,2026-03-23,2026,3,23,asablon,3,0,0,3
12945,2026-03-23,2026,3,23,fbasak,6,0,0,6
12946,2026-03-23,2026,3,23,obali,3,0,0,3
12947,2026-03-23,2026,3,23,fimetin,6,137,0,143
12948,2026-03-23,2026,3,23,ayyilmaz,1,0,0,1
12949,2026-03-23,2026,3,23,tevirgen,21,16,6,43
12950,2026-03-23,2026,3,23,gayilmaz,2,1,0,3
12951,2026-03-23,2026,3,23,aayhan,4,0,0,4
12952,2026-03-23,2026,3,23,ckarahasan,9,6,0,15
12953,2026-03-23,2026,3,23,caozturk,15,237,0,252
12954,2026-03-23,2026,3,23,ebalaban,19,0,0,19
12955,2026-03-23,2026,3,23,amasun,0,16,0,16
12956,2026-03-23,2026,3,23,fozay,41,9,0,50
12957,2026-03-23,2026,3,23,gekim,0,114,0,114
12958,2026-03-23,2026,3,23,sfirinci,3,0,0,3
12959,2026-03-23,2026,3,23,ubasdas,0,7,0,7
12960,2026-03-23,2026,3,23,aapak,6,56,0,62
12961,2026-03-23,2026,3,23,ogungor,1,0,0,1
12962,2026-03-23,2026,3,23,udalyan,0,0,1,1
12963,2026-03-24,2026,3,24,stjegitim,11,7,22,40
12964,2026-03-24,2026,3,24,aildeniz,22,0,0,22
12965,2026-03-24,2026,3,24,kbtlideri,18,0,0,18
12966,2026-03-24,2026,3,24,ierdil,0,5,0,5
12967,2026-03-24,2026,3,24,zyuksel,40,0,0,40
12968,2026-03-24,2026,3,24,hakand,12,1,0,13
12969,2026-03-24,2026,3,24,gsapmaz,35,3,0,38
12970,2026-03-24,2026,3,24,itopcu,1,0,0,1
12971,2026-03-24,2026,3,24,fgulsever,0,31,0,31
12972,2026-03-24,2026,3,24,mecigdem,16,4,0,20
12973,2026-03-24,2026,3,24,bfirat,23,5,0,28
12974,2026-03-24,2026,3,24,mguder,0,72,0,72
12975,2026-03-24,2026,3,24,cyildiz,1,0,0,1
12976,2026-03-24,2026,3,24,sutetik,25,3,0,28
12977,2026-03-24,2026,3,24,mkarsiv,32,0,0,32
12978,2026-03-24,2026,3,24,egonce,9,0,0,9
12979,2026-03-24,2026,3,24,hakdemir,2,6,0,8
12980,2026-03-24,2026,3,24,uunver,1,0,0,1
12981,2026-03-24,2026,3,24,msevim,0,2,0,2
12982,2026-03-24,2026,3,24,ecelik,0,0,2,2
12983,2026-03-24,2026,3,24,eozkan,14,0,0,14
12984,2026-03-24,2026,3,24,gbalvan,0,4,0,4
12985,2026-03-24,2026,3,24,dcolor,0,121,0,121
12986,2026-03-24,2026,3,24,ekoksal,1,0,0,1
12987,2026-03-24,2026,3,24,hbulut,15,3,0,18
12988,2026-03-24,2026,3,24,udalyan,0,1,0,1
12989,2026-03-24,2026,3,24,fcolak,1,7,0,8
12990,2026-03-24,2026,3,24,ubasdas,3,4,0,7
12991,2026-03-24,2026,3,24,eyuksel,4,0,0,4
12992,2026-03-24,2026,3,24,sfirinci,17,0,0,17
12993,2026-03-24,2026,3,24,gakca,6,0,0,6
12994,2026-03-24,2026,3,24,abarkod,0,1,0,1
12995,2026-03-24,2026,3,24,edemirbas,1,2,0,3
12996,2026-03-24,2026,3,24,vgemici,7,0,0,7
12997,2026-03-24,2026,3,24,ntanriverdi,0,2,0,2
12998,2026-03-24,2026,3,24,asablon,4,0,0,4
12999,2026-03-24,2026,3,24,fbasak,25,0,0,25
13000,2026-03-24,2026,3,24,aayhan,0,11,0,11
13001,2026-03-24,2026,3,24,makkus,6,6,0,12
13002,2026-03-24,2026,3,24,dyavuzkasap,34,3,1,38
13003,2026-03-24,2026,3,24,obali,0,3,0,3
13004,2026-03-24,2026,3,24,MMUTLU,4,5,1,10
13005,2026-03-24,2026,3,24,fimetin,19,112,0,131
13006,2026-03-24,2026,3,24,akamera,0,2,0,2
13007,2026-03-24,2026,3,24,ayyilmaz,3,0,0,3
13008,2026-03-24,2026,3,24,gekim,0,136,0,136
13009,2026-03-24,2026,3,24,fozay,21,0,0,21
13010,2026-03-24,2026,3,24,amasun,0,55,0,55
13011,2026-03-24,2026,3,24,mertan,0,2,0,2
13012,2026-03-24,2026,3,24,caozturk,7,0,0,7
13013,2026-03-24,2026,3,24,ebalaban,38,2,0,40
13014,2026-03-24,2026,3,24,ckarahasan,9,3,0,12
13015,2026-03-24,2026,3,24,okanat,15,0,0,15
13016,2026-03-24,2026,3,24,nbolkis,0,10,0,10
13017,2026-03-24,2026,3,24,gayilmaz,6,1,0,7
13018,2026-03-24,2026,3,24,tevirgen,3,14,16,33
13019,2026-03-24,2026,3,24,dnoic,16,16,0,32
13020,2026-03-25,2026,3,25,stjegitim,246,22,65,333
13021,2026-03-25,2026,3,25,nfirat,2,0,0,2
13022,2026-03-25,2026,3,25,aildeniz,4,0,0,4
13023,2026-03-25,2026,3,25,ierdil,0,7,0,7
13024,2026-03-25,2026,3,25,okelepe,0,57,0,57
13025,2026-03-25,2026,3,25,mguder,0,5,0,5
13026,2026-03-25,2026,3,25,gsapmaz,0,5,0,5
13027,2026-03-25,2026,3,25,baozturk,0,1,0,1
13028,2026-03-25,2026,3,25,fgulsever,0,178,0,178
13029,2026-03-25,2026,3,25,BSOGUT,17,0,0,17
13030,2026-03-25,2026,3,25,zyuksel,2,0,0,2
13031,2026-03-25,2026,3,25,fcolak,7,0,0,7
13032,2026-03-25,2026,3,25,gbalvan,0,6,0,6
13033,2026-03-25,2026,3,25,hakdemir,1,0,0,1
13034,2026-03-25,2026,3,25,msevim,0,9,0,9
13035,2026-03-25,2026,3,25,hbinay,6,0,0,6
13036,2026-03-25,2026,3,25,dcolor,0,85,0,85
13037,2026-03-25,2026,3,25,ekoksal,1,0,0,1
13038,2026-03-25,2026,3,25,sutetik,9,2,0,11
13039,2026-03-25,2026,3,25,hbulut,0,10,0,10
13040,2026-03-25,2026,3,25,bfirat,15,0,0,15
13041,2026-03-25,2026,3,25,VBAYANER,1,1,0,2
13042,2026-03-25,2026,3,25,satinalmastajyer,9,2,0,11
13043,2026-03-25,2026,3,25,hakand,4,1,0,5
13044,2026-03-25,2026,3,25,mkarsiv,2,0,0,2
13045,2026-03-25,2026,3,25,mecigdem,6,1,0,7
13046,2026-03-25,2026,3,25,egonce,13,1,0,14
13047,2026-03-25,2026,3,25,aapak,0,32,0,32
13048,2026-03-25,2026,3,25,udalyan,17,7,36,60
13049,2026-03-25,2026,3,25,akamera,2,16,0,18
13050,2026-03-25,2026,3,25,fbasak,17,0,0,17
13051,2026-03-25,2026,3,25,dyavuzkasap,1,0,0,1
13052,2026-03-25,2026,3,25,obali,4,1,0,5
13053,2026-03-25,2026,3,25,MMUTLU,3,7,0,10
13054,2026-03-25,2026,3,25,fimetin,6,272,0,278
13055,2026-03-25,2026,3,25,ekaradavut,12,0,0,12
13056,2026-03-25,2026,3,25,tevirgen,4,27,0,31
13057,2026-03-25,2026,3,25,gayilmaz,0,4,0,4
13058,2026-03-25,2026,3,25,ogungor,2,0,0,2
13059,2026-03-25,2026,3,25,klaboratuar,0,9,0,9
13060,2026-03-25,2026,3,25,abarkod,0,1,0,1
13061,2026-03-25,2026,3,25,caozturk,51,0,0,51
13062,2026-03-25,2026,3,25,ebalaban,16,0,0,16
13063,2026-03-25,2026,3,25,amasun,0,80,0,80
13064,2026-03-25,2026,3,25,fozay,39,8,0,47
13065,2026-03-25,2026,3,25,ekaragoz,0,1,0,1
13066,2026-03-25,2026,3,25,gbakanoglu,1,0,0,1
13067,2026-03-25,2026,3,25,gekim,0,52,0,52
13068,2026-03-25,2026,3,25,sfirinci,12,0,0,12
13069,2026-03-25,2026,3,25,fyakut,2,0,0,2
13070,2026-03-25,2026,3,25,gakca,2,0,0,2
13071,2026-03-25,2026,3,25,ubasdas,15,0,0,15
13072,2026-03-25,2026,3,25,ckarahasan,9,1,0,10
13073,2026-03-25,2026,3,25,mceylan,0,27,0,27
13074,2026-03-26,2026,3,26,fcolak,1,0,0,1
13075,2026-03-26,2026,3,26,bbugdayci,0,2,0,2
13076,2026-03-26,2026,3,26,cadonmez,4,0,0,4
13077,2026-03-26,2026,3,26,mguder,9,0,0,9
13078,2026-03-26,2026,3,26,ierdil,10,6,0,16
13079,2026-03-26,2026,3,26,zyuksel,1,0,0,1
13080,2026-03-26,2026,3,26,sekisa,26,0,0,26
13081,2026-03-26,2026,3,26,aildeniz,0,1,0,1
13082,2026-03-26,2026,3,26,egonce,67,2,0,69
13083,2026-03-26,2026,3,26,dcolor,0,58,0,58
13084,2026-03-26,2026,3,26,msevim,0,1,0,1
13085,2026-03-26,2026,3,26,hbinay,4,0,0,4
13086,2026-03-26,2026,3,26,eozkan,11,0,0,11
13087,2026-03-26,2026,3,26,gbalvan,0,6,0,6
13088,2026-03-26,2026,3,26,sutetik,20,11,0,31
13089,2026-03-26,2026,3,26,ersener,3,0,0,3
13090,2026-03-26,2026,3,26,hbulut,4,1,0,5
13091,2026-03-26,2026,3,26,akapucu,6,0,0,6
13092,2026-03-26,2026,3,26,bfirat,13,0,0,13
13093,2026-03-26,2026,3,26,fgulsever,0,27,0,27
13094,2026-03-26,2026,3,26,hakdemir,5,0,0,5
13095,2026-03-26,2026,3,26,BSOGUT,175,0,0,175
13096,2026-03-26,2026,3,26,amasun,0,124,0,124
13097,2026-03-26,2026,3,26,aapak,0,18,0,18
13098,2026-03-26,2026,3,26,abarkod,0,19,0,19
13099,2026-03-26,2026,3,26,bkibar,0,8,0,8
13100,2026-03-26,2026,3,26,hakand,2,0,0,2
13101,2026-03-26,2026,3,26,aayhan,95,42,2,139
13102,2026-03-26,2026,3,26,mkofis,2,0,0,2
13103,2026-03-26,2026,3,26,MMUTLU,3,1,0,4
13104,2026-03-26,2026,3,26,fimetin,17,232,0,249
13105,2026-03-26,2026,3,26,tevirgen,2,8,6,16
13106,2026-03-26,2026,3,26,gayilmaz,2,2,0,4
13107,2026-03-26,2026,3,26,cer,0,2,0,2
13108,2026-03-26,2026,3,26,nbolkis,1,0,0,1
13109,2026-03-26,2026,3,26,TIRMAK,2,3,0,5
13110,2026-03-26,2026,3,26,ckarahasan,28,11,0,39
13111,2026-03-26,2026,3,26,caozturk,1,3,1,5
13112,2026-03-26,2026,3,26,ebalaban,60,0,0,60
13113,2026-03-26,2026,3,26,fozay,20,4,0,24
13114,2026-03-26,2026,3,26,gekim,0,89,0,89
13115,2026-03-26,2026,3,26,iunlu,54,1,0,55
13116,2026-03-26,2026,3,26,ubasdas,2,0,0,2
13117,2026-03-26,2026,3,26,ogungor,2,0,0,2
13118,2026-03-27,2026,3,27,udalyan,9,0,0,9
13119,2026-03-27,2026,3,27,mguder,2,0,0,2
13120,2026-03-27,2026,3,27,zyuksel,18,0,0,18
13121,2026-03-27,2026,3,27,ierdil,1,7,0,8
13122,2026-03-27,2026,3,27,stjegitim,7,0,12,19
13123,2026-03-27,2026,3,27,sutetik,24,11,0,35
13124,2026-03-27,2026,3,27,gbalvan,1,5,0,6
13125,2026-03-27,2026,3,27,hakdemir,13,4,0,17
13126,2026-03-27,2026,3,27,msevim,0,2,0,2
13127,2026-03-27,2026,3,27,mmollaoglu,14,0,0,14
13128,2026-03-27,2026,3,27,akocak,3,0,0,3
13129,2026-03-27,2026,3,27,dcolor,0,77,0,77
13130,2026-03-27,2026,3,27,gakca,2,0,0,2
13131,2026-03-27,2026,3,27,ddcozgu,2,0,0,2
13132,2026-03-27,2026,3,27,fozay,6,0,0,6
13133,2026-03-27,2026,3,27,mkarsiv,1,0,0,1
13134,2026-03-27,2026,3,27,ebalaban,88,3,0,91
13135,2026-03-27,2026,3,27,amasun,0,81,0,81
13136,2026-03-27,2026,3,27,akamera,0,4,0,4
13137,2026-03-27,2026,3,27,vgemici,0,1,0,1
13138,2026-03-27,2026,3,27,mkarabiyik,0,2,0,2
13139,2026-03-27,2026,3,27,mkofis,22,0,0,22
13140,2026-03-27,2026,3,27,MMUTLU,1,0,0,1
13141,2026-03-27,2026,3,27,obali,2,0,0,2
13142,2026-03-27,2026,3,27,tevirgen,1,4,0,5
13143,2026-03-27,2026,3,27,eulsever,0,4,0,4
13144,2026-03-27,2026,3,27,gayilmaz,5,0,0,5
13145,2026-03-27,2026,3,27,ogungor,4,0,0,4
13146,2026-03-27,2026,3,27,ckarahasan,10,0,0,10
13147,2026-03-27,2026,3,27,caozturk,102,4,0,106
13148,2026-03-27,2026,3,27,fimetin,157,61,0,218
13149,2026-03-28,2026,3,28,mkarsiv,3,0,0,3
13150,2026-03-28,2026,3,28,dcolor,0,67,0,67
13151,2026-03-28,2026,3,28,hakdemir,9,9,0,18
13152,2026-03-28,2026,3,28,ierdil,57,5,0,62
13153,2026-03-28,2026,3,28,ebalaban,15,17,0,32
13154,2026-03-28,2026,3,28,klaboratuar,0,4,0,4
13155,2026-03-28,2026,3,28,hktlideri,5,0,0,5
13156,2026-03-28,2026,3,28,asablon,13,0,0,13
13157,2026-03-28,2026,3,28,bsakrak,18,0,0,18
13158,2026-03-29,2026,3,29,sfirinci,4,0,0,4
13159,2026-03-29,2026,3,29,aapak,0,87,0,87
13160,2026-03-29,2026,3,29,fgulsever,0,30,0,30
13161,2026-03-29,2026,3,29,ierdil,2,5,0,7
13162,2026-03-29,2026,3,29,rkontrol,1,1,0,2
13163,2026-03-29,2026,3,29,fcolak,146,1,0,147
13164,2026-03-29,2026,3,29,hakdemir,2,2,0,4
13165,2026-03-29,2026,3,29,egonce,30,1,0,31
13166,2026-03-29,2026,3,29,uunver,44,0,0,44
13167,2026-03-29,2026,3,29,dcolor,0,53,0,53
13168,2026-03-29,2026,3,29,ekoksal,1,0,0,1
13169,2026-03-29,2026,3,29,bunver,12,0,0,12
13170,2026-03-29,2026,3,29,mkarsiv,6,0,0,6
13171,2026-03-29,2026,3,29,bsakrak,65,0,0,65
13172,2026-03-29,2026,3,29,iunlu,18,0,0,18
13173,2026-03-29,2026,3,29,ttlideri,10,0,0,10
13174,2026-03-29,2026,3,29,abarkod,0,21,0,21
13175,2026-03-29,2026,3,29,tcapkin,0,8,0,8
13176,2026-03-29,2026,3,29,nkorkmaz,2,2,0,4
13177,2026-03-29,2026,3,29,fbasak,1,0,0,1
13178,2026-03-29,2026,3,29,kesmeray,6,0,0,6
13179,2026-03-29,2026,3,29,nbolkis,2,2,0,4
13180,2026-03-29,2026,3,29,aayhan,8,0,8,16
13181,2026-03-29,2026,3,29,klaboratuar,0,14,0,14
13182,2026-03-29,2026,3,29,mkorucu,0,2,0,2
13183,2026-03-29,2026,3,29,dnoic,19,0,1,20
13184,2026-03-29,2026,3,29,ebalaban,82,2,0,84
13185,2026-03-29,2026,3,29,fbalaban,0,3,0,3
13186,2026-03-29,2026,3,29,TIRMAK,19,1,10,30
13187,2026-03-29,2026,3,29,gekim,0,113,0,113
13188,2026-03-30,2026,3,30,ierdil,3,5,0,8
13189,2026-03-30,2026,3,30,stjegitim,1,0,0,1
13190,2026-03-30,2026,3,30,nfirat,1,0,0,1
13191,2026-03-30,2026,3,30,cadonmez,2,0,0,2
13192,2026-03-30,2026,3,30,mecigdem,26,8,0,34
13193,2026-03-30,2026,3,30,gsapmaz,29,0,0,29
13194,2026-03-30,2026,3,30,fgulsever,2,90,0,92
13195,2026-03-30,2026,3,30,okelepe,1,0,0,1
13196,2026-03-30,2026,3,30,hakand,85,4,0,89
13197,2026-03-30,2026,3,30,eyuksel,12,3,0,15
13198,2026-03-30,2026,3,30,zyuksel,0,0,2,2
13199,2026-03-30,2026,3,30,mkarsiv,18,0,0,18
13200,2026-03-30,2026,3,30,dcolor,0,50,0,50
13201,2026-03-30,2026,3,30,hakdemir,40,10,0,50
13202,2026-03-30,2026,3,30,uunver,1,3,0,4
13203,2026-03-30,2026,3,30,mbayirli,20,0,0,20
13204,2026-03-30,2026,3,30,msevim,0,1,0,1
13205,2026-03-30,2026,3,30,SKARTOGLU,21,0,0,21
13206,2026-03-30,2026,3,30,gbalvan,0,8,0,8
13207,2026-03-30,2026,3,30,sutetik,1,0,0,1
13208,2026-03-30,2026,3,30,ersener,52,0,0,52
13209,2026-03-30,2026,3,30,akapucu,2,0,0,2
13210,2026-03-30,2026,3,30,bfirat,13,0,0,13
13211,2026-03-30,2026,3,30,VBAYANER,6,14,0,20
13212,2026-03-30,2026,3,30,egonce,13,0,0,13
13213,2026-03-30,2026,3,30,udalyan,3,5,1,9
13214,2026-03-30,2026,3,30,ogungor,2,0,0,2
13215,2026-03-30,2026,3,30,nakilli,1,0,0,1
13216,2026-03-30,2026,3,30,aapak,18,62,0,80
13217,2026-03-30,2026,3,30,akamera,36,87,0,123
13218,2026-03-30,2026,3,30,vgemici,2,0,0,2
13219,2026-03-30,2026,3,30,ntanriverdi,0,2,0,2
13220,2026-03-30,2026,3,30,nkorkmaz,0,0,17,17
13221,2026-03-30,2026,3,30,cer,0,5,0,5
13222,2026-03-30,2026,3,30,aayhan,1,4,0,5
13223,2026-03-30,2026,3,30,MMUTLU,10,3,0,13
13224,2026-03-30,2026,3,30,fimetin,25,72,0,97
13225,2026-03-30,2026,3,30,ggirgin,43,4,0,47
13226,2026-03-30,2026,3,30,ayyilmaz,1,0,0,1
13227,2026-03-30,2026,3,30,tevirgen,18,17,0,35
13228,2026-03-30,2026,3,30,obali,0,1,0,1
13229,2026-03-30,2026,3,30,amasun,0,36,0,36
13230,2026-03-30,2026,3,30,TIRMAK,66,26,3,95
13231,2026-03-30,2026,3,30,klaboratuar,0,3,0,3
13232,2026-03-30,2026,3,30,ckarahasan,5,8,0,13
13233,2026-03-30,2026,3,30,dnoic,3,0,0,3
13234,2026-03-30,2026,3,30,caozturk,36,6,0,42
13235,2026-03-30,2026,3,30,ebalaban,24,0,0,24
13236,2026-03-30,2026,3,30,scabuker,0,0,1,1
13237,2026-03-30,2026,3,30,gekim,0,144,0,144
13238,2026-03-30,2026,3,30,bsakrak,2,0,0,2
13239,2026-03-30,2026,3,30,gayilmaz,3,1,0,4
13240,2026-03-30,2026,3,30,gakca,10,2,0,12
13241,2026-03-31,2026,3,31,gsapmaz,1,0,0,1
13242,2026-03-31,2026,3,31,mguder,50,0,0,50
13243,2026-03-31,2026,3,31,ubasdas,5,0,0,5
13244,2026-03-31,2026,3,31,zyuksel,0,30,0,30
13245,2026-03-31,2026,3,31,fgulsever,0,33,0,33
13246,2026-03-31,2026,3,31,BSOGUT,0,3,0,3
13247,2026-03-31,2026,3,31,nakilli,0,1,0,1
13248,2026-03-31,2026,3,31,mecigdem,1,5,0,6
13249,2026-03-31,2026,3,31,udalyan,9,0,0,9
13250,2026-03-31,2026,3,31,aapak,0,19,0,19
13251,2026-03-31,2026,3,31,ierdil,4,5,0,9
13252,2026-03-31,2026,3,31,hakand,13,5,2,20
13253,2026-03-31,2026,3,31,aildeniz,0,6,0,6
13254,2026-03-31,2026,3,31,akapucu,4,0,0,4
13255,2026-03-31,2026,3,31,stjegitim,191,20,0,211
13256,2026-03-31,2026,3,31,cyildiz,1,0,0,1
13257,2026-03-31,2026,3,31,mkarsiv,3,0,0,3
13258,2026-03-31,2026,3,31,egonce,305,7,0,312
13259,2026-03-31,2026,3,31,hakdemir,1,0,0,1
13260,2026-03-31,2026,3,31,uunver,1,0,0,1
13261,2026-03-31,2026,3,31,eozkan,0,4,0,4
13262,2026-03-31,2026,3,31,gbalvan,0,2,0,2
13263,2026-03-31,2026,3,31,dcolor,0,76,0,76
13264,2026-03-31,2026,3,31,sutetik,12,4,0,16
13265,2026-03-31,2026,3,31,hbulut,16,5,0,21
13266,2026-03-31,2026,3,31,bfirat,9,0,0,9
13267,2026-03-31,2026,3,31,gakca,8,1,0,9
13268,2026-03-31,2026,3,31,rkontrol,2,0,0,2
13269,2026-03-31,2026,3,31,fyakut,20,1,0,21
13270,2026-03-31,2026,3,31,tevirgen,4,7,0,11
13271,2026-03-31,2026,3,31,gekim,0,48,0,48
13272,2026-03-31,2026,3,31,sfirinci,2,0,0,2
13273,2026-03-31,2026,3,31,akamera,0,8,0,8
13274,2026-03-31,2026,3,31,abarkod,0,44,0,44
13275,2026-03-31,2026,3,31,vgemici,7,17,0,24
13276,2026-03-31,2026,3,31,tcapkin,0,1,0,1
13277,2026-03-31,2026,3,31,hktlideri,3,0,0,3
13278,2026-03-31,2026,3,31,fbasak,25,0,0,25
13279,2026-03-31,2026,3,31,cer,2,0,0,2
13280,2026-03-31,2026,3,31,aayhan,7,20,0,27
13281,2026-03-31,2026,3,31,dyavuzkasap,42,1,0,43
13282,2026-03-31,2026,3,31,obali,3,3,0,6
13283,2026-03-31,2026,3,31,fimetin,5,140,0,145
13284,2026-03-31,2026,3,31,sucakir,2,0,0,2
13285,2026-03-31,2026,3,31,ogun,6,0,0,6
13286,2026-03-31,2026,3,31,ekaradavut,12,0,0,12
13287,2026-03-31,2026,3,31,aozbal,7,0,0,7
13288,2026-03-31,2026,3,31,ggirgin,36,2,0,38
13289,2026-03-31,2026,3,31,amasun,0,40,0,40
13290,2026-03-31,2026,3,31,ebalaban,21,0,0,21
13291,2026-03-31,2026,3,31,caozturk,8,11,0,19
13292,2026-03-31,2026,3,31,dnoic,43,6,0,49
13293,2026-03-31,2026,3,31,fozay,19,0,0,19
13294,2026-03-31,2026,3,31,mkorucu,2,0,0,2
13295,2026-03-31,2026,3,31,TIRMAK,12,11,0,23
13296,2026-03-31,2026,3,31,ogungor,2,7,0,9
13297,2026-03-31,2026,3,31,mertan,1,0,0,1
13298,2026-03-31,2026,3,31,ckarahasan,9,17,0,26
13299,2026-04-01,2026,4,1,mguray,1,0,0,1
13300,2026-04-01,2026,4,1,ierdil,5,5,0,10
13301,2026-04-01,2026,4,1,zyuksel,0,3,0,3
13302,2026-04-01,2026,4,1,mguder,6,0,0,6
13303,2026-04-01,2026,4,1,baozturk,0,3,0,3
13304,2026-04-01,2026,4,1,mecigdem,0,2,0,2
13305,2026-04-01,2026,4,1,hakand,5,0,0,5
13306,2026-04-01,2026,4,1,udalyan,0,0,1,1
13307,2026-04-01,2026,4,1,aapak,0,81,0,81
13308,2026-04-01,2026,4,1,gakca,6,0,0,6
13309,2026-04-01,2026,4,1,bmetiner,11,0,0,11
13310,2026-04-01,2026,4,1,fgulsever,0,24,0,24
13311,2026-04-01,2026,4,1,stjegitim,2,0,0,2
13312,2026-04-01,2026,4,1,hbulut,71,0,0,71
13313,2026-04-01,2026,4,1,fcolak,15,0,0,15
13314,2026-04-01,2026,4,1,mkarsiv,6,0,0,6
13315,2026-04-01,2026,4,1,ddcozgu,16,0,0,16
13316,2026-04-01,2026,4,1,egonce,58,14,0,72
13317,2026-04-01,2026,4,1,hakdemir,0,1,0,1
13318,2026-04-01,2026,4,1,msevim,2,1,0,3
13319,2026-04-01,2026,4,1,hbinay,26,0,0,26
13320,2026-04-01,2026,4,1,mmollaoglu,2,0,0,2
13321,2026-04-01,2026,4,1,gbalvan,0,2,0,2
13322,2026-04-01,2026,4,1,dcolor,0,63,0,63
13323,2026-04-01,2026,4,1,sutetik,8,2,0,10
13324,2026-04-01,2026,4,1,ersener,3,0,0,3
13325,2026-04-01,2026,4,1,fyakut,1,0,0,1
13326,2026-04-01,2026,4,1,bfirat,8,0,0,8
13327,2026-04-01,2026,4,1,cyildiz,2,0,0,2
13328,2026-04-01,2026,4,1,sfirinci,1,0,0,1
13329,2026-04-01,2026,4,1,amasun,0,48,0,48
13330,2026-04-01,2026,4,1,eanli,0,2,0,2
13331,2026-04-01,2026,4,1,akamera,2,11,0,13
13332,2026-04-01,2026,4,1,abarkod,0,2,0,2
13333,2026-04-01,2026,4,1,gekim,0,27,0,27
13334,2026-04-01,2026,4,1,ttlideri,21,0,0,21
13335,2026-04-01,2026,4,1,ntanriverdi,0,1,0,1
13336,2026-04-01,2026,4,1,bkibar,1,2,0,3
13337,2026-04-01,2026,4,1,asablon,12,0,0,12
13338,2026-04-01,2026,4,1,fbasak,2,0,0,2
13339,2026-04-01,2026,4,1,cer,20,0,0,20
13340,2026-04-01,2026,4,1,aayhan,11,25,0,36
13341,2026-04-01,2026,4,1,mkarabiyik,0,6,0,6
13342,2026-04-01,2026,4,1,mkofis,1,0,0,1
13343,2026-04-01,2026,4,1,obali,5,6,3,14
13344,2026-04-01,2026,4,1,edemirbas,0,0,2,2
13345,2026-04-01,2026,4,1,fimetin,18,10,0,28
13346,2026-04-01,2026,4,1,MMUTLU,1,0,0,1
13347,2026-04-01,2026,4,1,fozay,15,5,0,20
13348,2026-04-01,2026,4,1,dnoic,10,0,1,11
13349,2026-04-01,2026,4,1,ckarahasan,1,0,0,1
13350,2026-04-01,2026,4,1,mkorucu,1,0,0,1
13351,2026-04-01,2026,4,1,TIRMAK,0,4,0,4
13352,2026-04-01,2026,4,1,ebalaban,15,0,0,15
13353,2026-04-01,2026,4,1,gayilmaz,0,2,0,2
13354,2026-04-01,2026,4,1,tevirgen,4,5,17,26
13355,2026-04-01,2026,4,1,ayyilmaz,5,0,0,5
13356,2026-04-01,2026,4,1,ggirgin,19,14,0,33
13357,2026-04-01,2026,4,1,gkenarli,5,0,0,5
13358,2026-04-01,2026,4,1,ogungor,19,4,0,23
13359,2026-04-02,2026,4,2,bmetiner,11,0,0,11
13360,2026-04-02,2026,4,2,udalyan,3,15,0,18
13361,2026-04-02,2026,4,2,mecigdem,0,2,0,2
13362,2026-04-02,2026,4,2,hakand,2,3,0,5
13363,2026-04-02,2026,4,2,fgulsever,0,62,0,62
13364,2026-04-02,2026,4,2,gsapmaz,14,0,0,14
13365,2026-04-02,2026,4,2,zyuksel,121,0,0,121
13366,2026-04-02,2026,4,2,ierdil,3,7,0,10
13367,2026-04-02,2026,4,2,mguray,1,0,0,1
13368,2026-04-02,2026,4,2,bbugdayci,0,8,0,8
13369,2026-04-02,2026,4,2,dcolor,0,62,0,62
13370,2026-04-02,2026,4,2,mkarsiv,5,0,0,5
13371,2026-04-02,2026,4,2,ddcozgu,1,0,0,1
13372,2026-04-02,2026,4,2,egonce,46,1,0,47
13373,2026-04-02,2026,4,2,hakdemir,0,2,0,2
13374,2026-04-02,2026,4,2,msevim,0,1,0,1
13375,2026-04-02,2026,4,2,sutetik,25,0,0,25
13376,2026-04-02,2026,4,2,hbulut,2,1,0,3
13377,2026-04-02,2026,4,2,bfirat,5,0,0,5
13378,2026-04-02,2026,4,2,aapak,0,45,0,45
13379,2026-04-02,2026,4,2,fcolak,1,0,0,1
13380,2026-04-02,2026,4,2,gakca,5,0,0,5
13381,2026-04-02,2026,4,2,gbalvan,0,1,0,1
13382,2026-04-02,2026,4,2,gekim,0,45,0,45
13383,2026-04-02,2026,4,2,akamera,0,4,0,4
13384,2026-04-02,2026,4,2,abarkod,0,8,0,8
13385,2026-04-02,2026,4,2,bkibar,0,2,0,2
13386,2026-04-02,2026,4,2,sfirinci,2,1,0,3
13387,2026-04-02,2026,4,2,asablon,1,0,0,1
13388,2026-04-02,2026,4,2,tyaman,8,0,0,8
13389,2026-04-02,2026,4,2,fbasak,2,0,0,2
13390,2026-04-02,2026,4,2,aayhan,7,1,2,10
13391,2026-04-02,2026,4,2,obali,5,1,1,7
13392,2026-04-02,2026,4,2,MMUTLU,5,0,0,5
13393,2026-04-02,2026,4,2,ntanriverdi,0,1,0,1
13394,2026-04-02,2026,4,2,ggirgin,9,3,6,18
13395,2026-04-02,2026,4,2,fimetin,8,10,0,18
13396,2026-04-02,2026,4,2,amasun,1,19,0,20
13397,2026-04-02,2026,4,2,caozturk,1,0,0,1
13398,2026-04-02,2026,4,2,dnoic,13,0,0,13
13399,2026-04-02,2026,4,2,ebalaban,27,0,0,27
13400,2026-04-02,2026,4,2,oicoz,1,1,0,2
13401,2026-04-02,2026,4,2,okanat,1,0,0,1
13402,2026-04-02,2026,4,2,ogungor,4,0,0,4
13403,2026-04-02,2026,4,2,ayyilmaz,1,1,0,2
13404,2026-04-02,2026,4,2,ckarahasan,1,4,0,5
13405,2026-04-03,2026,4,3,bsakrak,63,0,0,63
13406,2026-04-03,2026,4,3,zyuksel,109,0,2,111
13407,2026-04-03,2026,4,3,udalyan,4,2,0,6
13408,2026-04-03,2026,4,3,mecigdem,4,1,0,5
13409,2026-04-03,2026,4,3,hakand,4,0,0,4
13410,2026-04-03,2026,4,3,baozturk,5,0,0,5
13411,2026-04-03,2026,4,3,carican,6,0,0,6
13412,2026-04-03,2026,4,3,ierdil,4,7,0,11
13413,2026-04-03,2026,4,3,msevim,6,5,0,11
13414,2026-04-03,2026,4,3,stjegitim,57,0,107,164
13415,2026-04-03,2026,4,3,mkarsiv,2,0,0,2
13416,2026-04-03,2026,4,3,sosayan,2,0,0,2
13417,2026-04-03,2026,4,3,hakdemir,91,2,0,93
13418,2026-04-03,2026,4,3,mmollaoglu,0,1,0,1
13419,2026-04-03,2026,4,3,dcolor,0,76,0,76
13420,2026-04-03,2026,4,3,sutetik,9,2,0,11
13421,2026-04-03,2026,4,3,aozbal,7,3,0,10
13422,2026-04-03,2026,4,3,bmetiner,3,0,0,3
13423,2026-04-03,2026,4,3,fozay,16,6,0,22
13424,2026-04-03,2026,4,3,klaboratuar,2,0,0,2
13425,2026-04-03,2026,4,3,ebalaban,28,0,0,28
13426,2026-04-03,2026,4,3,akamera,0,3,0,3
13427,2026-04-03,2026,4,3,amasun,2,35,0,37
13428,2026-04-03,2026,4,3,ntanriverdi,0,6,0,6
13429,2026-04-03,2026,4,3,bkibar,2,0,0,2
13430,2026-04-03,2026,4,3,aerden,0,0,1,1
13431,2026-04-03,2026,4,3,mkarabiyik,2,0,0,2
13432,2026-04-03,2026,4,3,obali,1,0,12,13
13433,2026-04-03,2026,4,3,fimetin,10,48,0,58
13434,2026-04-03,2026,4,3,bsamuk,7,0,0,7
13435,2026-04-03,2026,4,3,vgemici,1,0,0,1
13436,2026-04-03,2026,4,3,ekaradavut,10,0,0,10
13437,2026-04-03,2026,4,3,mertan,1,1,0,2
13438,2026-04-03,2026,4,3,tevirgen,0,14,10,24
13439,2026-04-03,2026,4,3,gayilmaz,7,4,0,11
13440,2026-04-03,2026,4,3,ogungor,17,5,0,22
13441,2026-04-03,2026,4,3,ckarahasan,7,7,0,14
13442,2026-04-03,2026,4,3,rbozkaya,8,0,0,8
13443,2026-04-03,2026,4,3,ggirgin,11,0,0,11
13444,2026-04-04,2026,4,4,dcolor,0,43,0,43
13445,2026-04-04,2026,4,4,hakdemir,13,0,0,13
13446,2026-04-04,2026,4,4,mkarsiv,3,6,0,9
13447,2026-04-04,2026,4,4,mecigdem,0,2,0,2
13448,2026-04-04,2026,4,4,tyaman,1,0,0,1
13449,2026-04-04,2026,4,4,ttlideri,0,3,0,3
13450,2026-04-04,2026,4,4,ogungor,22,0,0,22
13451,2026-04-05,2026,4,5,okelepe,0,1,0,1
13452,2026-04-05,2026,4,5,dcolor,0,5,0,5
13453,2026-04-05,2026,4,5,egonce,13,0,0,13
13454,2026-04-05,2026,4,5,fcolak,1,2,0,3
13455,2026-04-05,2026,4,5,bbugdayci,0,2,0,2
13456,2026-04-05,2026,4,5,kbtlideri,19,0,0,19
13457,2026-04-05,2026,4,5,ierdil,2,107,0,109
13458,2026-04-05,2026,4,5,fgulsever,8,44,0,52
13459,2026-04-05,2026,4,5,BSOGUT,1,0,0,1
13460,2026-04-05,2026,4,5,ekaragoz,1,0,1,2
13461,2026-04-05,2026,4,5,sfirinci,10,0,0,10
13462,2026-04-05,2026,4,5,gekim,0,101,0,101
13463,2026-04-05,2026,4,5,SUYILMAZ,2,0,0,2
13464,2026-04-05,2026,4,5,dnoic,16,1,0,17
13465,2026-04-05,2026,4,5,fbasak,4,0,0,4
13466,2026-04-05,2026,4,5,tcapkin,0,17,0,17
13467,2026-04-05,2026,4,5,abarkod,0,23,0,23
13468,2026-04-05,2026,4,5,ESERT,0,1,0,1
13469,2026-04-06,2026,4,6,hakand,28,1,0,29
13470,2026-04-06,2026,4,6,fgulsever,0,114,0,114
13471,2026-04-06,2026,4,6,ierdil,1,5,0,6
13472,2026-04-06,2026,4,6,stjegitim,0,6,0,6
13473,2026-04-06,2026,4,6,fcolak,7,0,0,7
13474,2026-04-06,2026,4,6,mkarsiv,1,0,0,1
13475,2026-04-06,2026,4,6,hakdemir,25,8,0,33
13476,2026-04-06,2026,4,6,dcolor,0,40,0,40
13477,2026-04-06,2026,4,6,hbinay,14,16,0,30
13478,2026-04-06,2026,4,6,udalyan,0,3,3,6
13479,2026-04-06,2026,4,6,sutetik,19,0,0,19
13480,2026-04-06,2026,4,6,hbulut,3,1,0,4
13481,2026-04-06,2026,4,6,bfirat,20,0,0,20
13482,2026-04-06,2026,4,6,VBAYANER,0,12,0,12
13483,2026-04-06,2026,4,6,bunver,1,0,0,1
13484,2026-04-06,2026,4,6,msevim,0,3,0,3
13485,2026-04-06,2026,4,6,sfirinci,5,6,0,11
13486,2026-04-06,2026,4,6,egonce,139,2,0,141
13487,2026-04-06,2026,4,6,scabuker,0,0,1,1
13488,2026-04-06,2026,4,6,gekim,0,82,0,82
13489,2026-04-06,2026,4,6,akamera,0,6,0,6
13490,2026-04-06,2026,4,6,abarkod,0,7,0,7
13491,2026-04-06,2026,4,6,fbasak,0,1,0,1
13492,2026-04-06,2026,4,6,obali,10,0,0,10
13493,2026-04-06,2026,4,6,MMUTLU,358,0,0,358
13494,2026-04-06,2026,4,6,fimetin,29,68,0,97
13495,2026-04-06,2026,4,6,ntanriverdi,0,146,0,146
13496,2026-04-06,2026,4,6,mertan,7,0,0,7
13497,2026-04-06,2026,4,6,tevirgen,25,9,0,34
13498,2026-04-06,2026,4,6,ogungor,1,1,0,2
13499,2026-04-06,2026,4,6,ckarahasan,3,4,0,7
13500,2026-04-06,2026,4,6,caozturk,5,3,0,8
13501,2026-04-06,2026,4,6,ebalaban,32,0,0,32
13502,2026-04-06,2026,4,6,ggirgin,114,1,0,115
13503,2026-04-06,2026,4,6,amasun,0,16,0,16
13504,2026-04-07,2026,4,7,bmetiner,7,3,0,10
13505,2026-04-07,2026,4,7,rkontrol,4,0,0,4
13506,2026-04-07,2026,4,7,ebadem,0,1,0,1
13507,2026-04-07,2026,4,7,ierdil,0,6,0,6
13508,2026-04-07,2026,4,7,bfirat,17,0,0,17
13509,2026-04-07,2026,4,7,BSOGUT,0,2,0,2
13510,2026-04-07,2026,4,7,hakand,2,1,0,3
13511,2026-04-07,2026,4,7,udalyan,20,8,60,88
13512,2026-04-07,2026,4,7,stjegitim,0,1,0,1
13513,2026-04-07,2026,4,7,fgulsever,0,88,0,88
13514,2026-04-07,2026,4,7,fcolak,12,0,0,12
13515,2026-04-07,2026,4,7,eozkan,1,0,0,1
13516,2026-04-07,2026,4,7,ddcozgu,1,0,0,1
13517,2026-04-07,2026,4,7,egonce,58,28,0,86
13518,2026-04-07,2026,4,7,hakdemir,16,21,0,37
13519,2026-04-07,2026,4,7,uunver,1,0,0,1
13520,2026-04-07,2026,4,7,hbinay,8,0,0,8
13521,2026-04-07,2026,4,7,mmollaoglu,0,1,0,1
13522,2026-04-07,2026,4,7,BDEMIRAL,1,0,0,1
13523,2026-04-07,2026,4,7,gbalvan,0,2,0,2
13524,2026-04-07,2026,4,7,dcolor,0,58,0,58
13525,2026-04-07,2026,4,7,sutetik,12,0,0,12
13526,2026-04-07,2026,4,7,gakca,2,0,0,2
13527,2026-04-07,2026,4,7,mkarsiv,2,0,0,2
13528,2026-04-07,2026,4,7,sfirinci,1,0,0,1
13529,2026-04-07,2026,4,7,amasun,1,19,0,20
13530,2026-04-07,2026,4,7,gbakanoglu,2,0,0,2
13531,2026-04-07,2026,4,7,gekim,0,44,0,44
13532,2026-04-07,2026,4,7,abarkod,0,33,0,33
13533,2026-04-07,2026,4,7,vgemici,1,0,0,1
13534,2026-04-07,2026,4,7,bkibar,1,1,0,2
13535,2026-04-07,2026,4,7,cer,2,2,0,4
13536,2026-04-07,2026,4,7,ogun,0,1,0,1
13537,2026-04-07,2026,4,7,aayhan,61,52,8,121
13538,2026-04-07,2026,4,7,mkarabiyik,0,1,0,1
13539,2026-04-07,2026,4,7,obali,1,1,0,2
13540,2026-04-07,2026,4,7,MMUTLU,35,2,0,37
13541,2026-04-07,2026,4,7,fimetin,69,48,0,117
13542,2026-04-07,2026,4,7,akamera,4,0,0,4
13543,2026-04-07,2026,4,7,eulsever,0,8,0,8
13544,2026-04-07,2026,4,7,gayilmaz,2,0,0,2
13545,2026-04-07,2026,4,7,ogungor,10,0,0,10
13546,2026-04-07,2026,4,7,mkorucu,0,10,0,10
13547,2026-04-07,2026,4,7,ckarahasan,6,10,0,16
13548,2026-04-07,2026,4,7,dnoic,3,0,3,6
13549,2026-04-07,2026,4,7,caozturk,11,6,0,17
13550,2026-04-07,2026,4,7,ebalaban,24,4,0,28
13551,2026-04-07,2026,4,7,fozay,80,9,0,89
13552,2026-04-07,2026,4,7,aozbal,1,0,0,1
13553,2026-04-07,2026,4,7,fbalaban,0,1,0,1
13554,2026-04-07,2026,4,7,tevirgen,5,1,7,13
13555,2026-04-08,2026,4,8,fgulsever,0,91,0,91
13556,2026-04-08,2026,4,8,hakand,11,1,0,12
13557,2026-04-08,2026,4,8,udalyan,2,0,102,104
13558,2026-04-08,2026,4,8,gekim,0,141,0,141
13559,2026-04-08,2026,4,8,oguler,14,0,0,14
13560,2026-04-08,2026,4,8,gakca,3,0,0,3
13561,2026-04-08,2026,4,8,sfirinci,2,0,0,2
13562,2026-04-08,2026,4,8,zyuksel,29,0,0,29
13563,2026-04-08,2026,4,8,aapak,0,21,0,21
13564,2026-04-08,2026,4,8,ierdil,3,5,0,8
13565,2026-04-08,2026,4,8,BDEMIRAL,11,0,0,11
13566,2026-04-08,2026,4,8,bmetiner,0,4,0,4
13567,2026-04-08,2026,4,8,stjegitim,291,34,1,326
13568,2026-04-08,2026,4,8,fcolak,6,0,0,6
13569,2026-04-08,2026,4,8,egonce,118,4,0,122
13570,2026-04-08,2026,4,8,gbalvan,0,2,0,2
13571,2026-04-08,2026,4,8,dcolor,0,63,0,63
13572,2026-04-08,2026,4,8,ekoksal,0,1,0,1
13573,2026-04-08,2026,4,8,bfirat,4,0,0,4
13574,2026-04-08,2026,4,8,SUYILMAZ,1,0,0,1
13575,2026-04-08,2026,4,8,rkontrol,0,1,0,1
13576,2026-04-08,2026,4,8,eanli,0,3,0,3
13577,2026-04-08,2026,4,8,sutetik,15,1,0,16
13578,2026-04-08,2026,4,8,amasun,8,17,0,25
13579,2026-04-08,2026,4,8,fozay,50,19,0,69
13580,2026-04-08,2026,4,8,akamera,0,7,0,7
13581,2026-04-08,2026,4,8,abarkod,0,3,0,3
13582,2026-04-08,2026,4,8,ntanriverdi,0,10,0,10
13583,2026-04-08,2026,4,8,fbasak,3,0,0,3
13584,2026-04-08,2026,4,8,mkarabiyik,0,2,0,2
13585,2026-04-08,2026,4,8,obali,1,0,1,2
13586,2026-04-08,2026,4,8,MMUTLU,10,0,0,10
13587,2026-04-08,2026,4,8,fimetin,14,5,0,19
13588,2026-04-08,2026,4,8,ggirgin,34,10,0,44
13589,2026-04-08,2026,4,8,aayhan,0,2,6,8
13590,2026-04-08,2026,4,8,ayyilmaz,1,1,0,2
13591,2026-04-08,2026,4,8,mertan,11,1,0,12
13592,2026-04-08,2026,4,8,caozturk,41,7,0,48
13593,2026-04-08,2026,4,8,dnoic,6,0,1,7
13594,2026-04-08,2026,4,8,ckarahasan,9,5,0,14
13595,2026-04-08,2026,4,8,ebalaban,11,2,0,13
13596,2026-04-08,2026,4,8,ekoyun,0,6,0,6
13597,2026-04-08,2026,4,8,gayilmaz,2,2,0,4
13598,2026-04-08,2026,4,8,tevirgen,21,8,0,29
13599,2026-04-08,2026,4,8,oicoz,8,0,0,8
13600,2026-04-09,2026,4,9,stjegitim,1,0,0,1
13601,2026-04-09,2026,4,9,mecigdem,0,1,0,1
13602,2026-04-09,2026,4,9,hakand,2,1,0,3
13603,2026-04-09,2026,4,9,fgulsever,20,42,0,62
13604,2026-04-09,2026,4,9,itopcu,3,0,0,3
13605,2026-04-09,2026,4,9,mguder,11,0,0,11
13606,2026-04-09,2026,4,9,zyuksel,48,0,0,48
13607,2026-04-09,2026,4,9,ierdil,1,7,0,8
13608,2026-04-09,2026,4,9,ebadem,0,2,0,2
13609,2026-04-09,2026,4,9,bmetiner,10,0,0,10
13610,2026-04-09,2026,4,9,cyildiz,0,1,0,1
13611,2026-04-09,2026,4,9,hbulut,2,0,0,2
13612,2026-04-09,2026,4,9,ddcozgu,6,0,0,6
13613,2026-04-09,2026,4,9,egonce,23,5,0,28
13614,2026-04-09,2026,4,9,hakdemir,2,12,0,14
13615,2026-04-09,2026,4,9,fdeniz,0,0,1,1
13616,2026-04-09,2026,4,9,hbinay,9,0,0,9
13617,2026-04-09,2026,4,9,eozkan,4,0,0,4
13618,2026-04-09,2026,4,9,gbalvan,0,1,0,1
13619,2026-04-09,2026,4,9,dcolor,0,96,0,96
13620,2026-04-09,2026,4,9,sutetik,19,0,0,19
13621,2026-04-09,2026,4,9,udalyan,6,1,6,13
13622,2026-04-09,2026,4,9,bfirat,2,0,0,2
13623,2026-04-09,2026,4,9,VBAYANER,0,1,0,1
13624,2026-04-09,2026,4,9,mkarsiv,3,0,0,3
13625,2026-04-09,2026,4,9,aapak,0,38,0,38
13626,2026-04-09,2026,4,9,sfirinci,0,3,0,3
13627,2026-04-09,2026,4,9,ubasdas,2,1,0,3
13628,2026-04-09,2026,4,9,akamera,0,7,0,7
13629,2026-04-09,2026,4,9,abarkod,0,1,0,1
13630,2026-04-09,2026,4,9,ttlideri,1,0,0,1
13631,2026-04-09,2026,4,9,vgemici,1,0,0,1
13632,2026-04-09,2026,4,9,nakilli,0,5,0,5
13633,2026-04-09,2026,4,9,aayhan,8,45,0,53
13634,2026-04-09,2026,4,9,obali,5,1,7,13
13635,2026-04-09,2026,4,9,fimetin,0,21,0,21
13636,2026-04-09,2026,4,9,bsamuk,8,2,0,10
13637,2026-04-09,2026,4,9,ggirgin,21,1,6,28
13638,2026-04-09,2026,4,9,tevirgen,10,10,0,20
13639,2026-04-09,2026,4,9,eulsever,2,4,0,6
13640,2026-04-09,2026,4,9,ntanriverdi,0,2,0,2
13641,2026-04-09,2026,4,9,nibolkis,3,0,0,3
13642,2026-04-09,2026,4,9,gayilmaz,1,0,0,1
13643,2026-04-09,2026,4,9,gakca,4,0,0,4
13644,2026-04-09,2026,4,9,daktas,2,0,0,2
13645,2026-04-09,2026,4,9,bbusta,1,0,0,1
13646,2026-04-09,2026,4,9,amasun,5,125,0,130
13647,2026-04-09,2026,4,9,gekim,0,37,0,37
13648,2026-04-09,2026,4,9,caozturk,7,1,1,9
13649,2026-04-09,2026,4,9,ckarahasan,1,14,0,15
13650,2026-04-09,2026,4,9,klaboratuar,0,6,0,6
13651,2026-04-09,2026,4,9,TIRMAK,1,0,0,1
13652,2026-04-09,2026,4,9,ebalaban,21,0,0,21
13653,2026-04-10,2026,4,10,nfirat,9,0,0,9
13654,2026-04-10,2026,4,10,gakca,1,0,0,1
13655,2026-04-10,2026,4,10,itopcu,1,0,0,1
13656,2026-04-10,2026,4,10,gsapmaz,1,0,0,1
13657,2026-04-10,2026,4,10,ierdil,0,4,0,4
13658,2026-04-10,2026,4,10,stjegitim,5,0,63,68
13659,2026-04-10,2026,4,10,sutetik,2,2,0,4
13660,2026-04-10,2026,4,10,hakdemir,1,2,0,3
13661,2026-04-10,2026,4,10,hbinay,1,0,0,1
13662,2026-04-10,2026,4,10,BDEMIRAL,1,0,0,1
13663,2026-04-10,2026,4,10,dcolor,0,88,0,88
13664,2026-04-10,2026,4,10,bfirat,27,0,0,27
13665,2026-04-10,2026,4,10,fyakut,1,0,0,1
13666,2026-04-10,2026,4,10,mkarsiv,1,0,0,1
13667,2026-04-10,2026,4,10,amasun,0,14,0,14
13668,2026-04-10,2026,4,10,udalyan,45,0,3,48
13669,2026-04-10,2026,4,10,caozturk,46,3,0,49
13670,2026-04-10,2026,4,10,vgemici,2,0,0,2
13671,2026-04-10,2026,4,10,bkibar,5,0,0,5
13672,2026-04-10,2026,4,10,tyaman,7,0,0,7
13673,2026-04-10,2026,4,10,obali,0,3,0,3
13674,2026-04-10,2026,4,10,fimetin,3,12,0,15
13675,2026-04-10,2026,4,10,ggirgin,41,4,0,45
13676,2026-04-10,2026,4,10,mertan,11,0,0,11
13677,2026-04-10,2026,4,10,ntanriverdi,0,3,0,3
13678,2026-04-10,2026,4,10,tevirgen,14,4,0,18
13679,2026-04-10,2026,4,10,eulsever,0,4,0,4
13680,2026-04-10,2026,4,10,gayilmaz,3,0,0,3
13681,2026-04-10,2026,4,10,ebalaban,31,1,0,32
13682,2026-04-10,2026,4,10,ckarahasan,13,9,0,22
13683,2026-04-10,2026,4,10,dnoic,7,0,6,13
13684,2026-04-10,2026,4,10,ayyilmaz,0,1,0,1
13685,2026-04-11,2026,4,11,dcolor,0,48,0,48
13686,2026-04-11,2026,4,11,hakdemir,2,6,0,8
13687,2026-04-11,2026,4,11,ierdil,2,4,0,6
13688,2026-04-11,2026,4,11,rkontrol,1,0,0,1
13689,2026-04-12,2026,4,12,aapak,18,58,0,76
13690,2026-04-12,2026,4,12,akapucu,17,0,0,17
13691,2026-04-12,2026,4,12,dcolor,0,9,0,9
13692,2026-04-12,2026,4,12,mbayirli,12,0,0,12
13693,2026-04-12,2026,4,12,egonce,6,2,0,8
13694,2026-04-12,2026,4,12,fcolak,1,0,0,1
13695,2026-04-12,2026,4,12,cyildiz,1,0,0,1
13696,2026-04-12,2026,4,12,ierdil,3,5,0,8
13697,2026-04-12,2026,4,12,gekim,0,76,0,76
13698,2026-04-12,2026,4,12,fgulsever,1,52,0,53
13699,2026-04-12,2026,4,12,ekaragoz,13,1,0,14
13700,2026-04-12,2026,4,12,dnoic,15,0,0,15
13701,2026-04-12,2026,4,12,gcevik,0,2,0,2
13702,2026-04-12,2026,4,12,klaboratuar,0,3,0,3
13703,2026-04-12,2026,4,12,aayhan,25,41,3,69
13704,2026-04-12,2026,4,12,ogun,0,0,4,4
13705,2026-04-12,2026,4,12,fbasak,10,3,0,13
13706,2026-04-12,2026,4,12,tcapkin,0,4,0,4
13707,2026-04-12,2026,4,12,abarkod,0,61,0,61
13708,2026-04-12,2026,4,12,scabuker,2,0,0,2
13709,2026-04-13,2026,4,13,cyildiz,1,0,0,1
13710,2026-04-13,2026,4,13,rkontrol,1,0,0,1
13711,2026-04-13,2026,4,13,ierdil,1,5,0,6
13712,2026-04-13,2026,4,13,zyuksel,8,0,0,8
13713,2026-04-13,2026,4,13,hakand,10,52,0,62
13714,2026-04-13,2026,4,13,fgulsever,1,10,0,11
13715,2026-04-13,2026,4,13,BSOGUT,53,0,0,53
13716,2026-04-13,2026,4,13,fcolak,2,0,0,2
13717,2026-04-13,2026,4,13,mecigdem,0,2,0,2
13718,2026-04-13,2026,4,13,itopcu,2,0,0,2
13719,2026-04-13,2026,4,13,mkarsiv,1,0,0,1
13720,2026-04-13,2026,4,13,gbalvan,0,4,0,4
13721,2026-04-13,2026,4,13,hakdemir,0,2,0,2
13722,2026-04-13,2026,4,13,mbayirli,28,0,0,28
13723,2026-04-13,2026,4,13,sapra,2,0,0,2
13724,2026-04-13,2026,4,13,dcolor,0,68,0,68
13725,2026-04-13,2026,4,13,sutetik,10,0,0,10
13726,2026-04-13,2026,4,13,hbulut,13,2,0,15
13727,2026-04-13,2026,4,13,akapucu,9,0,0,9
13728,2026-04-13,2026,4,13,bfirat,21,0,0,21
13729,2026-04-13,2026,4,13,VBAYANER,0,21,0,21
13730,2026-04-13,2026,4,13,bunver,2,2,0,4
13731,2026-04-13,2026,4,13,udalyan,15,11,0,26
13732,2026-04-13,2026,4,13,egonce,21,4,0,25
13733,2026-04-13,2026,4,13,aapak,0,32,0,32
13734,2026-04-13,2026,4,13,fbalaban,63,0,0,63
13735,2026-04-13,2026,4,13,sfirinci,10,0,0,10
13736,2026-04-13,2026,4,13,gakca,2,1,0,3
13737,2026-04-13,2026,4,13,akamera,0,34,0,34
13738,2026-04-13,2026,4,13,abarkod,0,2,0,2
13739,2026-04-13,2026,4,13,tcapkin,0,2,0,2
13740,2026-04-13,2026,4,13,fbasak,4,1,0,5
13741,2026-04-13,2026,4,13,MMUTLU,33,16,2,51
13742,2026-04-13,2026,4,13,fimetin,43,14,0,57
13743,2026-04-13,2026,4,13,ggirgin,94,11,0,105
13744,2026-04-13,2026,4,13,ekaradavut,11,0,0,11
13745,2026-04-13,2026,4,13,sulger,0,25,0,25
13746,2026-04-13,2026,4,13,mertan,1,2,0,3
13747,2026-04-13,2026,4,13,obali,4,0,1,5
13748,2026-04-13,2026,4,13,eulsever,4,0,0,4
13749,2026-04-13,2026,4,13,tevirgen,22,12,12,46
13750,2026-04-13,2026,4,13,amasun,0,22,0,22
13751,2026-04-13,2026,4,13,gekim,0,24,0,24
13752,2026-04-13,2026,4,13,caozturk,12,0,0,12
13753,2026-04-13,2026,4,13,ebalaban,78,50,0,128
13754,2026-04-13,2026,4,13,mkorucu,0,13,0,13
13755,2026-04-13,2026,4,13,klaboratuar,0,2,0,2
13756,2026-04-13,2026,4,13,ogungor,2,1,0,3
13757,2026-04-13,2026,4,13,gayilmaz,7,0,0,7
13758,2026-04-13,2026,4,13,ckarahasan,7,6,0,13
13759,2026-04-14,2026,4,14,bmetiner,2,0,0,2
13760,2026-04-14,2026,4,14,ebadem,3,0,0,3
13761,2026-04-14,2026,4,14,ucelebi,0,0,9,9
13762,2026-04-14,2026,4,14,bunver,3,0,0,3
13763,2026-04-14,2026,4,14,ierdil,3,7,0,10
13764,2026-04-14,2026,4,14,mguder,5,1,0,6
13765,2026-04-14,2026,4,14,aapak,0,49,0,49
13766,2026-04-14,2026,4,14,fgulsever,0,36,0,36
13767,2026-04-14,2026,4,14,mecigdem,5,4,0,9
13768,2026-04-14,2026,4,14,udalyan,3,5,2,10
13769,2026-04-14,2026,4,14,nakilli,0,10,0,10
13770,2026-04-14,2026,4,14,gakca,4,0,0,4
13771,2026-04-14,2026,4,14,stjegitim,0,118,0,118
13772,2026-04-14,2026,4,14,gsapmaz,7,2,0,9
13773,2026-04-14,2026,4,14,sekisa,2,0,0,2
13774,2026-04-14,2026,4,14,sutetik,13,2,0,15
13775,2026-04-14,2026,4,14,egonce,55,2,0,57
13776,2026-04-14,2026,4,14,fyakut,0,9,0,9
13777,2026-04-14,2026,4,14,VBAYANER,2,1,0,3
13778,2026-04-14,2026,4,14,bfirat,21,0,0,21
13779,2026-04-14,2026,4,14,akapucu,1,0,0,1
13780,2026-04-14,2026,4,14,hbulut,6,0,0,6
13781,2026-04-14,2026,4,14,ngunak,0,91,0,91
13782,2026-04-14,2026,4,14,mkarsiv,11,0,0,11
13783,2026-04-14,2026,4,14,dcolor,0,106,0,106
13784,2026-04-14,2026,4,14,sbayiroglu,0,3,0,3
13785,2026-04-14,2026,4,14,hbinay,7,0,0,7
13786,2026-04-14,2026,4,14,mbayirli,3,0,0,3
13787,2026-04-14,2026,4,14,hakdemir,8,0,0,8
13788,2026-04-14,2026,4,14,herbilgin,22,0,0,22
13789,2026-04-14,2026,4,14,aerdogan,0,3,0,3
13790,2026-04-14,2026,4,14,gbalvan,1,6,0,7
13791,2026-04-14,2026,4,14,saskin,1,0,0,1
13792,2026-04-14,2026,4,14,kbtlideri,4,0,0,4
13793,2026-04-14,2026,4,14,scabuker,4,4,8,16
13794,2026-04-14,2026,4,14,ggirgin,12,3,0,15
13795,2026-04-14,2026,4,14,fimetin,12,1,0,13
13796,2026-04-14,2026,4,14,yercin,8,0,0,8
13797,2026-04-14,2026,4,14,MMUTLU,5,3,2,10
13798,2026-04-14,2026,4,14,obali,7,0,0,7
13799,2026-04-14,2026,4,14,ogun,17,1,0,18
13800,2026-04-14,2026,4,14,ekaradavut,0,1,0,1
13801,2026-04-14,2026,4,14,cer,0,1,0,1
13802,2026-04-14,2026,4,14,gmasistan,0,0,4,4
13803,2026-04-14,2026,4,14,ntanriverdi,0,8,0,8
13804,2026-04-14,2026,4,14,vgemici,2,0,0,2
13805,2026-04-14,2026,4,14,ttlideri,2,0,0,2
13806,2026-04-14,2026,4,14,akamera,1,8,0,9
13807,2026-04-14,2026,4,14,gekim,0,47,0,47
13808,2026-04-14,2026,4,14,fbasak,10,0,0,10
13809,2026-04-14,2026,4,14,sulger,2,0,0,2
13810,2026-04-14,2026,4,14,bkibar,3,0,0,3
13811,2026-04-14,2026,4,14,ayyilmaz,4,0,0,4
13812,2026-04-14,2026,4,14,fbalaban,0,21,0,21
13813,2026-04-14,2026,4,14,mertan,0,2,0,2
13814,2026-04-14,2026,4,14,fozay,26,2,0,28
13815,2026-04-14,2026,4,14,amasun,3,20,0,23
13816,2026-04-14,2026,4,14,caozturk,15,0,0,15
13817,2026-04-14,2026,4,14,dnoic,12,2,4,18
13818,2026-04-14,2026,4,14,ckarahasan,3,3,0,6
13819,2026-04-14,2026,4,14,ebalaban,31,0,0,31
13820,2026-04-14,2026,4,14,nibolkis,3,0,0,3
13821,2026-04-14,2026,4,14,nbolkis,2,0,0,2
13822,2026-04-14,2026,4,14,ogungor,7,0,0,7
13823,2026-04-14,2026,4,14,gayilmaz,12,0,0,12
13824,2026-04-14,2026,4,14,tevirgen,14,8,90,112
13825,2026-04-14,2026,4,14,gcevik,5,0,0,5
13826,2026-04-14,2026,4,14,eulsever,9,4,0,13
13827,2026-04-15,2026,4,15,aapak,0,37,0,37
13828,2026-04-15,2026,4,15,mguray,4,0,0,4
13829,2026-04-15,2026,4,15,ierdil,2,9,0,11
13830,2026-04-15,2026,4,15,mguder,2,1,0,3
13831,2026-04-15,2026,4,15,fgulsever,5,46,0,51
13832,2026-04-15,2026,4,15,hakand,2,1,0,3
13833,2026-04-15,2026,4,15,udalyan,4,3,1,8
13834,2026-04-15,2026,4,15,rkontrol,2,1,0,3
13835,2026-04-15,2026,4,15,itopcu,1,0,0,1
13836,2026-04-15,2026,4,15,stjegitim,288,30,2,320
13837,2026-04-15,2026,4,15,gbalvan,0,7,0,7
13838,2026-04-15,2026,4,15,ddcozgu,0,1,0,1
13839,2026-04-15,2026,4,15,egonce,27,0,0,27
13840,2026-04-15,2026,4,15,uunver,22,0,0,22
13841,2026-04-15,2026,4,15,BDEMIRAL,6,0,0,6
13842,2026-04-15,2026,4,15,eozkan,62,3,0,65
13843,2026-04-15,2026,4,15,dcolor,0,134,0,134
13844,2026-04-15,2026,4,15,sutetik,16,0,0,16
13845,2026-04-15,2026,4,15,bunver,4,1,0,5
13846,2026-04-15,2026,4,15,ubasdas,1,0,0,1
13847,2026-04-15,2026,4,15,mkarsiv,1,0,0,1
13848,2026-04-15,2026,4,15,sfirinci,1,0,0,1
13849,2026-04-15,2026,4,15,hbinay,15,2,0,17
13850,2026-04-15,2026,4,15,fbalaban,7,0,0,7
13851,2026-04-15,2026,4,15,gekim,0,64,0,64
13852,2026-04-15,2026,4,15,akamera,1,3,0,4
13853,2026-04-15,2026,4,15,abarkod,0,4,0,4
13854,2026-04-15,2026,4,15,vgemici,9,0,0,9
13855,2026-04-15,2026,4,15,ntanriverdi,0,12,0,12
13856,2026-04-15,2026,4,15,fbasak,3,0,0,3
13857,2026-04-15,2026,4,15,mkarabiyik,0,2,0,2
13858,2026-04-15,2026,4,15,obali,2,2,0,4
13859,2026-04-15,2026,4,15,MMUTLU,1,0,0,1
13860,2026-04-15,2026,4,15,fimetin,13,7,0,20
13861,2026-04-15,2026,4,15,cer,0,1,0,1
13862,2026-04-15,2026,4,15,tevirgen,4,21,0,25
13863,2026-04-15,2026,4,15,ggirgin,31,12,4,47
13864,2026-04-15,2026,4,15,amasun,1,83,0,84
13865,2026-04-15,2026,4,15,ebalaban,64,0,0,64
13866,2026-04-15,2026,4,15,caozturk,1,0,0,1
13867,2026-04-15,2026,4,15,dnoic,6,0,0,6
13868,2026-04-15,2026,4,15,fozay,53,3,0,56
13869,2026-04-15,2026,4,15,TIRMAK,1,0,0,1
13870,2026-04-15,2026,4,15,ogungor,2,1,0,3
13871,2026-04-15,2026,4,15,eulsever,2,4,0,6
13872,2026-04-15,2026,4,15,ckarahasan,11,0,0,11
13873,2026-04-16,2026,4,16,cyildiz,1,0,0,1
13874,2026-04-16,2026,4,16,udalyan,0,1,119,120
13875,2026-04-16,2026,4,16,fgulsever,0,46,0,46
13876,2026-04-16,2026,4,16,zyuksel,2,1,0,3
13877,2026-04-16,2026,4,16,ierdil,35,5,0,40
13878,2026-04-16,2026,4,16,mguray,5,0,0,5
13879,2026-04-16,2026,4,16,ebadem,20,1,0,21
13880,2026-04-16,2026,4,16,aildeniz,7,0,0,7
13881,2026-04-16,2026,4,16,bbugdayci,0,1,0,1
13882,2026-04-16,2026,4,16,stjegitim,4,0,0,4
13883,2026-04-16,2026,4,16,fcolak,10,0,0,10
13884,2026-04-16,2026,4,16,VBAYANER,39,0,0,39
13885,2026-04-16,2026,4,16,egonce,3,0,0,3
13886,2026-04-16,2026,4,16,hakdemir,11,0,0,11
13887,2026-04-16,2026,4,16,msevim,0,4,0,4
13888,2026-04-16,2026,4,16,eozkan,1,0,0,1
13889,2026-04-16,2026,4,16,gbalvan,0,1,0,1
13890,2026-04-16,2026,4,16,dcolor,0,94,0,94
13891,2026-04-16,2026,4,16,sutetik,25,1,0,26
13892,2026-04-16,2026,4,16,hbulut,47,0,0,47
13893,2026-04-16,2026,4,16,bfirat,34,0,0,34
13894,2026-04-16,2026,4,16,aapak,0,14,0,14
13895,2026-04-16,2026,4,16,bunver,37,2,0,39
13896,2026-04-16,2026,4,16,mkarsiv,1,0,0,1
13897,2026-04-16,2026,4,16,oguler,4,0,0,4
13898,2026-04-16,2026,4,16,saskin,1,1,0,2
13899,2026-04-16,2026,4,16,sfirinci,11,1,0,12
13900,2026-04-16,2026,4,16,akamera,0,4,0,4
13901,2026-04-16,2026,4,16,abarkod,0,2,0,2
13902,2026-04-16,2026,4,16,gakca,2,0,0,2
13903,2026-04-16,2026,4,16,vgemici,5,0,0,5
13904,2026-04-16,2026,4,16,ntanriverdi,0,31,0,31
13905,2026-04-16,2026,4,16,fbasak,1,0,1,2
13906,2026-04-16,2026,4,16,cer,0,2,0,2
13907,2026-04-16,2026,4,16,aayhan,10,0,1,11
13908,2026-04-16,2026,4,16,obali,7,1,2,10
13909,2026-04-16,2026,4,16,MMUTLU,1,6,1,8
13910,2026-04-16,2026,4,16,fimetin,14,0,0,14
13911,2026-04-16,2026,4,16,ttlideri,2,0,0,2
13912,2026-04-16,2026,4,16,ayyilmaz,6,7,0,13
13913,2026-04-16,2026,4,16,ggirgin,82,0,0,82
13914,2026-04-16,2026,4,16,gbakanoglu,4,16,0,20
13915,2026-04-16,2026,4,16,fbalaban,6,9,0,15
13916,2026-04-16,2026,4,16,amasun,0,2,0,2
13917,2026-04-16,2026,4,16,gekim,0,71,0,71
13918,2026-04-16,2026,4,16,dnoic,5,0,0,5
13919,2026-04-16,2026,4,16,ckarahasan,5,6,0,11
13920,2026-04-16,2026,4,16,gayilmaz,22,0,0,22
13921,2026-04-16,2026,4,16,tevirgen,3,5,0,8
13922,2026-04-16,2026,4,16,ebalaban,22,0,0,22
13923,2026-04-17,2026,4,17,acelebi,4,0,0,4
13924,2026-04-17,2026,4,17,udalyan,2,0,0,2
13925,2026-04-17,2026,4,17,mecigdem,29,2,0,31
13926,2026-04-17,2026,4,17,gsapmaz,1,0,0,1
13927,2026-04-17,2026,4,17,ierdil,183,5,0,188
13928,2026-04-17,2026,4,17,mguray,4,0,0,4
13929,2026-04-17,2026,4,17,stjegitim,3,0,31,34
13930,2026-04-17,2026,4,17,hakdemir,11,0,0,11
13931,2026-04-17,2026,4,17,dcolor,0,128,0,128
13932,2026-04-17,2026,4,17,sbayiroglu,0,1,2,3
13933,2026-04-17,2026,4,17,BDEMIRAL,2,0,0,2
13934,2026-04-17,2026,4,17,gbalvan,0,4,0,4
13935,2026-04-17,2026,4,17,ngunak,0,155,10,165
13936,2026-04-17,2026,4,17,sutetik,21,3,0,24
13937,2026-04-17,2026,4,17,hbulut,0,25,0,25
13938,2026-04-17,2026,4,17,bfirat,4,0,0,4
13939,2026-04-17,2026,4,17,msevim,9,6,0,15
13940,2026-04-17,2026,4,17,gakca,1,0,0,1
13941,2026-04-17,2026,4,17,ebalaban,48,0,0,48
13942,2026-04-17,2026,4,17,dnoic,0,0,10,10
13943,2026-04-17,2026,4,17,amasun,2,0,1,3
13944,2026-04-17,2026,4,17,gmasistan,0,4,0,4
13945,2026-04-17,2026,4,17,bkibar,2,1,0,3
13946,2026-04-17,2026,4,17,cer,0,4,0,4
13947,2026-04-17,2026,4,17,fyilanci,3,0,0,3
13948,2026-04-17,2026,4,17,MMUTLU,5,4,1,10
13949,2026-04-17,2026,4,17,yercin,50,0,0,50
13950,2026-04-17,2026,4,17,akamera,0,8,0,8
13951,2026-04-17,2026,4,17,gkenarli,6,0,0,6
13952,2026-04-17,2026,4,17,ggirgin,28,3,3,34
13953,2026-04-17,2026,4,17,tevirgen,2,13,1,16
13954,2026-04-17,2026,4,17,eulsever,0,2,14,16
13955,2026-04-17,2026,4,17,nbolkis,10,0,0,10
13956,2026-04-17,2026,4,17,oicoz,2,1,0,3
13957,2026-04-17,2026,4,17,ckarahasan,7,2,0,9
13958,2026-04-17,2026,4,17,fimetin,44,0,0,44
13959,2026-04-18,2026,4,18,dcolor,0,70,0,70
13960,2026-04-18,2026,4,18,hakdemir,6,0,0,6
13961,2026-04-18,2026,4,18,mkarsiv,1,0,0,1
13962,2026-04-18,2026,4,18,ierdil,4,5,0,9
13963,2026-04-18,2026,4,18,mecigdem,7,2,0,9
13964,2026-04-18,2026,4,18,rkontrol,1,0,0,1
13965,2026-04-19,2026,4,19,BSOGUT,5,8,0,13
13966,2026-04-19,2026,4,19,bunver,39,0,2,41
13967,2026-04-19,2026,4,19,dcolor,0,2,0,2
13968,2026-04-19,2026,4,19,egonce,22,2,0,24
13969,2026-04-19,2026,4,19,fcolak,0,3,0,3
13970,2026-04-19,2026,4,19,ierdil,4,3,0,7
13971,2026-04-19,2026,4,19,fgulsever,1,16,0,17
13972,2026-04-19,2026,4,19,okelepe,44,0,0,44
13973,2026-04-19,2026,4,19,aapak,17,35,0,52
13974,2026-04-19,2026,4,19,gekim,0,76,0,76
13975,2026-04-19,2026,4,19,gbakanoglu,1,3,0,4
13976,2026-04-19,2026,4,19,ekaragoz,2,0,0,2
13977,2026-04-19,2026,4,19,dnoic,2,0,0,2
13978,2026-04-19,2026,4,19,gcevik,4,0,0,4
13979,2026-04-19,2026,4,19,aayhan,1,8,2,11
13980,2026-04-19,2026,4,19,fbasak,6,1,0,7
13981,2026-04-19,2026,4,19,nkorkmaz,8,6,0,14
13982,2026-04-19,2026,4,19,abarkod,0,4,0,4
13983,2026-04-19,2026,4,19,sfirinci,6,3,0,9
13984,2026-04-20,2026,4,20,gakca,3,1,0,4
13985,2026-04-20,2026,4,20,gsapmaz,30,0,0,30
13986,2026-04-20,2026,4,20,itopcu,9,0,0,9
13987,2026-04-20,2026,4,20,fgulsever,1,11,0,12
13988,2026-04-20,2026,4,20,aapak,0,18,0,18
13989,2026-04-20,2026,4,20,mecigdem,0,2,0,2
13990,2026-04-20,2026,4,20,udalyan,5,5,2,12
13991,2026-04-20,2026,4,20,mguder,8,2,0,10
13992,2026-04-20,2026,4,20,hakand,14,0,0,14
13993,2026-04-20,2026,4,20,zyuksel,3,0,0,3
13994,2026-04-20,2026,4,20,egonce,60,6,0,66
13995,2026-04-20,2026,4,20,bmetiner,0,4,0,4
13996,2026-04-20,2026,4,20,acelebi,3,0,0,3
13997,2026-04-20,2026,4,20,mkarsiv,2,0,0,2
13998,2026-04-20,2026,4,20,mbayirli,1,0,0,1
13999,2026-04-20,2026,4,20,mmollaoglu,1,0,0,1
14000,2026-04-20,2026,4,20,gbalvan,0,6,0,6
14001,2026-04-20,2026,4,20,dcolor,0,12,0,12
14002,2026-04-20,2026,4,20,sutetik,22,0,0,22
14003,2026-04-20,2026,4,20,hbulut,4,1,0,5
14004,2026-04-20,2026,4,20,ierdil,8,5,0,13
14005,2026-04-20,2026,4,20,gekim,0,9,0,9
14006,2026-04-20,2026,4,20,gayilmaz,2,0,0,2
14007,2026-04-20,2026,4,20,fozay,5,6,0,11
14008,2026-04-20,2026,4,20,eanli,2,0,0,2
14009,2026-04-20,2026,4,20,akamera,0,3,0,3
14010,2026-04-20,2026,4,20,abarkod,0,2,0,2
14011,2026-04-20,2026,4,20,ntanriverdi,0,14,0,14
14012,2026-04-20,2026,4,20,bkibar,0,2,0,2
14013,2026-04-20,2026,4,20,tyaman,6,0,0,6
14014,2026-04-20,2026,4,20,dyavuzkasap,1,0,0,1
14015,2026-04-20,2026,4,20,obali,14,2,0,16
14016,2026-04-20,2026,4,20,MMUTLU,32,4,0,36
14017,2026-04-20,2026,4,20,fimetin,0,0,3,3
14018,2026-04-20,2026,4,20,fbasak,2,5,4,11
14019,2026-04-20,2026,4,20,tevirgen,23,21,0,44
14020,2026-04-20,2026,4,20,eulsever,4,0,0,4
14021,2026-04-20,2026,4,20,TIRMAK,5,0,0,5
14022,2026-04-20,2026,4,20,gcevik,1,0,0,1
14023,2026-04-20,2026,4,20,ckarahasan,2,1,0,3
14024,2026-04-20,2026,4,20,dnoic,11,0,0,11
14025,2026-04-20,2026,4,20,caozturk,1,1,0,2
14026,2026-04-20,2026,4,20,ebalaban,1,0,0,1
14027,2026-04-20,2026,4,20,ggirgin,42,5,0,47
14028,2026-04-20,2026,4,20,amasun,0,13,0,13
14029,2026-04-21,2026,4,21,gsapmaz,2,0,0,2
14030,2026-04-21,2026,4,21,itopcu,7,0,0,7
14031,2026-04-21,2026,4,21,fgulsever,0,22,0,22
14032,2026-04-21,2026,4,21,okelepe,0,0,2,2
14033,2026-04-21,2026,4,21,udalyan,0,0,1,1
14034,2026-04-21,2026,4,21,hakand,395,0,0,395
14035,2026-04-21,2026,4,21,mecigdem,0,1,0,1
14036,2026-04-21,2026,4,21,mguder,1,0,0,1
14037,2026-04-21,2026,4,21,aapak,0,35,0,35
14038,2026-04-21,2026,4,21,BSOGUT,0,0,2,2
14039,2026-04-21,2026,4,21,zyuksel,6,2,4,12
14040,2026-04-21,2026,4,21,gbalvan,0,2,0,2
14041,2026-04-21,2026,4,21,otanriverdi,2,0,0,2
14042,2026-04-21,2026,4,21,aildeniz,0,2,0,2
14043,2026-04-21,2026,4,21,stjegitim,1,0,0,1
14044,2026-04-21,2026,4,21,fcolak,18,6,0,24
14045,2026-04-21,2026,4,21,mkarsiv,1,0,0,1
14046,2026-04-21,2026,4,21,egonce,15,11,0,26
14047,2026-04-21,2026,4,21,uunver,1,0,0,1
14048,2026-04-21,2026,4,21,hbulut,0,6,0,6
14049,2026-04-21,2026,4,21,eozkan,4,0,0,4
14050,2026-04-21,2026,4,21,sutetik,14,0,0,14
14051,2026-04-21,2026,4,21,ubasdas,1,0,0,1
14052,2026-04-21,2026,4,21,ierdil,13,5,0,18
14053,2026-04-21,2026,4,21,gakca,2,0,0,2
14054,2026-04-21,2026,4,21,msevim,0,12,0,12
14055,2026-04-21,2026,4,21,saskin,6,0,0,6
14056,2026-04-21,2026,4,21,fyakut,2,0,0,2
14057,2026-04-21,2026,4,21,akamera,0,3,0,3
14058,2026-04-21,2026,4,21,abarkod,0,3,0,3
14059,2026-04-21,2026,4,21,tyaman,27,0,0,27
14060,2026-04-21,2026,4,21,nkorkmaz,1,0,0,1
14061,2026-04-21,2026,4,21,fbasak,8,0,0,8
14062,2026-04-21,2026,4,21,cer,1,1,0,2
14063,2026-04-21,2026,4,21,aayhan,0,0,2,2
14064,2026-04-21,2026,4,21,dyavuzkasap,1,21,0,22
14065,2026-04-21,2026,4,21,MMUTLU,1,0,7,8
14066,2026-04-21,2026,4,21,eatasoy,1,0,0,1
14067,2026-04-21,2026,4,21,ggirgin,8,13,19,40
14068,2026-04-21,2026,4,21,tcapkin,1,1,0,2
14069,2026-04-21,2026,4,21,ayyilmaz,1,0,0,1
14070,2026-04-21,2026,4,21,mertan,0,1,0,1
14071,2026-04-21,2026,4,21,gekim,0,40,0,40
14072,2026-04-21,2026,4,21,scabuker,2,0,2,4
14073,2026-04-21,2026,4,21,fozay,1,4,0,5
14074,2026-04-21,2026,4,21,amasun,0,4,0,4
14075,2026-04-21,2026,4,21,gbakanoglu,2,1,0,3
14076,2026-04-21,2026,4,21,ckarahasan,2,2,0,4
14077,2026-04-21,2026,4,21,okanat,1,0,0,1
14078,2026-04-21,2026,4,21,eulsever,0,17,0,17
14079,2026-04-21,2026,4,21,tevirgen,7,21,13,41
14080,2026-04-21,2026,4,21,dnoic,16,0,1,17
14081,2026-04-22,2026,4,22,amasun,11,8,0,19
14082,2026-04-22,2026,4,22,hakand,78,12,0,90
14083,2026-04-22,2026,4,22,fozay,10,6,0,16
14084,2026-04-22,2026,4,22,gakca,3,0,0,3
14085,2026-04-22,2026,4,22,kdeda,0,1,0,1
14086,2026-04-22,2026,4,22,udalyan,5,0,36,41
14087,2026-04-22,2026,4,22,mecigdem,1,2,0,3
14088,2026-04-22,2026,4,22,zyuksel,1,0,0,1
14089,2026-04-22,2026,4,22,gbalvan,0,7,0,7
14090,2026-04-22,2026,4,22,cadonmez,11,0,0,11
14091,2026-04-22,2026,4,22,stjegitim,237,20,23,280
14092,2026-04-22,2026,4,22,mkarsiv,3,0,0,3
14093,2026-04-22,2026,4,22,msevim,0,9,0,9
14094,2026-04-22,2026,4,22,sutetik,3,3,0,6
14095,2026-04-22,2026,4,22,hbulut,3,0,0,3
14096,2026-04-22,2026,4,22,akapucu,4,0,0,4
14097,2026-04-22,2026,4,22,caozturk,7,1,8,16
14098,2026-04-22,2026,4,22,ierdil,7,7,0,14
14099,2026-04-22,2026,4,22,ckarahasan,1,0,0,1
14100,2026-04-22,2026,4,22,eatasoy,0,1,0,1
14101,2026-04-22,2026,4,22,okanat,1,0,0,1
14102,2026-04-22,2026,4,22,akamera,0,1,0,1
14103,2026-04-22,2026,4,22,ntanriverdi,0,2,0,2
14104,2026-04-22,2026,4,22,bkibar,0,2,0,2
14105,2026-04-22,2026,4,22,mkarabiyik,0,1,0,1
14106,2026-04-22,2026,4,22,mkofis,1,0,0,1
14107,2026-04-22,2026,4,22,mkorucu,1,0,0,1
14108,2026-04-22,2026,4,22,MMUTLU,0,0,1,1
14109,2026-04-22,2026,4,22,fimetin,7,0,0,7
14110,2026-04-22,2026,4,22,obali,0,0,3,3
14111,2026-04-22,2026,4,22,ggirgin,40,5,31,76
14112,2026-04-22,2026,4,22,mertan,54,0,0,54
14113,2026-04-22,2026,4,22,ayyilmaz,2,0,0,2
14114,2026-04-22,2026,4,22,tevirgen,7,14,3,24
14115,2026-04-22,2026,4,22,eulsever,0,0,1,1
14116,2026-04-22,2026,4,22,gayilmaz,2,0,0,2
14117,2026-04-22,2026,4,22,akurt,1,0,0,1
14118,2026-04-22,2026,4,22,sucakir,0,0,1,1
14119,2026-04-23,2026,4,23,fgulsever,4,25,0,29
14120,2026-04-23,2026,4,23,egonce,64,1,0,65
14121,2026-04-23,2026,4,23,mkarsiv,1,0,0,1
14122,2026-04-23,2026,4,23,fcolak,1,0,0,1
14123,2026-04-23,2026,4,23,dcolor,5,0,0,5
14124,2026-04-23,2026,4,23,aildeniz,0,0,4,4
14125,2026-04-23,2026,4,23,ierdil,2,5,0,7
14126,2026-04-23,2026,4,23,mecigdem,0,1,0,1
14127,2026-04-23,2026,4,23,rkontrol,0,1,0,1
14128,2026-04-23,2026,4,23,bsakrak,88,0,0,88
14129,2026-04-23,2026,4,23,iunlu,12,1,0,13
14130,2026-04-23,2026,4,23,gekim,0,51,0,51
14131,2026-04-23,2026,4,23,gbakanoglu,4,0,11,15
14132,2026-04-23,2026,4,23,aayhan,47,77,24,148
14133,2026-04-23,2026,4,23,tyaman,24,0,0,24
14134,2026-04-23,2026,4,23,ntanriverdi,0,4,0,4
14135,2026-04-23,2026,4,23,abarkod,0,1,0,1
14136,2026-04-23,2026,4,23,aapak,0,32,0,32
14137,2026-04-24,2026,4,24,hakand,1,0,0,1
14138,2026-04-24,2026,4,24,ierdil,6,7,0,13
14139,2026-04-24,2026,4,24,rkontrol,0,1,0,1
14140,2026-04-24,2026,4,24,stjegitim,1,0,16,17
14141,2026-04-24,2026,4,24,sekisa,24,0,0,24
14142,2026-04-24,2026,4,24,sutetik,14,3,0,17
14143,2026-04-24,2026,4,24,msevim,2,12,0,14
14144,2026-04-24,2026,4,24,mmollaoglu,3,0,0,3
14145,2026-04-24,2026,4,24,eozkan,20,0,0,20
14146,2026-04-24,2026,4,24,mecigdem,0,1,0,1
14147,2026-04-24,2026,4,24,hbulut,0,1,0,1
14148,2026-04-24,2026,4,24,mkarsiv,13,2,0,15
14149,2026-04-24,2026,4,24,gakca,7,0,0,7
14150,2026-04-24,2026,4,24,udalyan,12,0,0,12
14151,2026-04-24,2026,4,24,caozturk,158,0,0,158
14152,2026-04-24,2026,4,24,amasun,2,5,0,7
14153,2026-04-24,2026,4,24,mkarabiyik,0,3,0,3
14154,2026-04-24,2026,4,24,obali,0,3,0,3
14155,2026-04-24,2026,4,24,MMUTLU,1,2,1,4
14156,2026-04-24,2026,4,24,fimetin,12,0,0,12
14157,2026-04-24,2026,4,24,ggirgin,31,0,15,46
14158,2026-04-24,2026,4,24,akamera,0,3,0,3
14159,2026-04-24,2026,4,24,gayilmaz,3,0,0,3
14160,2026-04-24,2026,4,24,ogungor,1,0,0,1
14161,2026-04-24,2026,4,24,oicoz,10,0,0,10
14162,2026-04-24,2026,4,24,ckarahasan,7,1,0,8
14163,2026-04-24,2026,4,24,dnoic,1,0,12,13
14164,2026-04-24,2026,4,24,mertan,2,1,0,3
14165,2026-04-25,2026,4,25,tyaman,13,0,0,13
14166,2026-04-25,2026,4,25,mecigdem,0,2,0,2
14167,2026-04-26,2026,4,26,fgulsever,4,16,0,20
14168,2026-04-26,2026,4,26,carican,2,0,0,2
14169,2026-04-26,2026,4,26,ierdil,4,6,0,10
14170,2026-04-26,2026,4,26,acelebi,9,0,0,9
14171,2026-04-26,2026,4,26,rshazirlama,3,0,0,3
14172,2026-04-26,2026,4,26,egonce,29,3,0,32
14173,2026-04-26,2026,4,26,bunver,6,1,0,7
14174,2026-04-26,2026,4,26,dcolor,4,0,0,4
14175,2026-04-26,2026,4,26,aapak,12,64,0,76
14176,2026-04-26,2026,4,26,cyildiz,0,1,0,1
14177,2026-04-26,2026,4,26,nakilli,11,4,0,15
14178,2026-04-26,2026,4,26,aayhan,0,0,1,1
14179,2026-04-26,2026,4,26,gekim,0,60,1,61
14180,2026-04-26,2026,4,26,sfirinci,5,6,0,11
14181,2026-04-26,2026,4,26,fbasak,1,0,0,1
14182,2026-04-26,2026,4,26,scolak,2,0,0,2
14183,2026-04-26,2026,4,26,kesmeray,4,0,0,4
14184,2026-04-26,2026,4,26,abarkod,0,1,0,1
14185,2026-04-26,2026,4,26,TIRMAK,1,3,0,4
14186,2026-04-26,2026,4,26,dnoic,27,7,4,38
14187,2026-04-26,2026,4,26,fbalaban,0,0,7,7
14188,2026-04-26,2026,4,26,scabuker,0,0,9,9
14189,2026-04-26,2026,4,26,bsamuk,1,0,0,1
14190,2026-04-27,2026,4,27,zyuksel,43,0,0,43
14191,2026-04-27,2026,4,27,gakca,5,1,0,6
14192,2026-04-27,2026,4,27,nakilli,0,16,0,16
14193,2026-04-27,2026,4,27,aapak,0,19,0,19
14194,2026-04-27,2026,4,27,udalyan,3,6,0,9
14195,2026-04-27,2026,4,27,mecigdem,0,2,0,2
14196,2026-04-27,2026,4,27,hakand,2,2,0,4
14197,2026-04-27,2026,4,27,fgulsever,0,30,0,30
14198,2026-04-27,2026,4,27,ierdil,6,4,0,10
14199,2026-04-27,2026,4,27,msevim,2,4,0,6
14200,2026-04-27,2026,4,27,stjegitim,2,2,0,4
14201,2026-04-27,2026,4,27,mkarsiv,1,0,0,1
14202,2026-04-27,2026,4,27,egonce,77,0,0,77
14203,2026-04-27,2026,4,27,mbayirli,20,0,0,20
14204,2026-04-27,2026,4,27,gbalvan,0,3,0,3
14205,2026-04-27,2026,4,27,sutetik,18,3,0,21
14206,2026-04-27,2026,4,27,hbulut,7,3,0,10
14207,2026-04-27,2026,4,27,VBAYANER,14,0,0,14
14208,2026-04-27,2026,4,27,saskin,1,0,0,1
14209,2026-04-27,2026,4,27,cadonmez,0,2,0,2
14210,2026-04-27,2026,4,27,gekim,0,97,0,97
14211,2026-04-27,2026,4,27,bfirat,12,0,0,12
14212,2026-04-27,2026,4,27,dnoic,7,11,0,18
14213,2026-04-27,2026,4,27,akamera,0,5,0,5
14214,2026-04-27,2026,4,27,abarkod,0,3,0,3
14215,2026-04-27,2026,4,27,ntanriverdi,0,25,0,25
14216,2026-04-27,2026,4,27,bkibar,1,1,0,2
14217,2026-04-27,2026,4,27,fbasak,58,0,0,58
14218,2026-04-27,2026,4,27,cer,2,0,0,2
14219,2026-04-27,2026,4,27,scolak,4,0,0,4
14220,2026-04-27,2026,4,27,mkarabiyik,0,4,0,4
14221,2026-04-27,2026,4,27,mkofis,2,0,0,2
14222,2026-04-27,2026,4,27,obali,2,3,2,7
14223,2026-04-27,2026,4,27,caozturk,48,1,0,49
14224,2026-04-27,2026,4,27,fimetin,6,0,0,6
14225,2026-04-27,2026,4,27,ggirgin,24,4,3,31
14226,2026-04-27,2026,4,27,mertan,0,20,0,20
14227,2026-04-27,2026,4,27,ayyilmaz,2,1,0,3
14228,2026-04-27,2026,4,27,tevirgen,14,42,1,57
14229,2026-04-27,2026,4,27,gayilmaz,4,0,0,4
14230,2026-04-27,2026,4,27,TIRMAK,0,4,0,4
14231,2026-04-27,2026,4,27,mkorucu,1,0,0,1
14232,2026-04-27,2026,4,27,ckarahasan,6,4,0,10
14233,2026-04-27,2026,4,27,MMUTLU,62,2,0,64
14234,2026-04-28,2026,4,28,mecigdem,0,2,0,2
14235,2026-04-28,2026,4,28,udalyan,6,5,2,13
14236,2026-04-28,2026,4,28,fyakut,0,14,0,14
14237,2026-04-28,2026,4,28,ubasdas,2,0,0,2
14238,2026-04-28,2026,4,28,gakca,1,0,0,1
14239,2026-04-28,2026,4,28,fgulsever,1,7,0,8
14240,2026-04-28,2026,4,28,aapak,0,1,0,1
14241,2026-04-28,2026,4,28,mguder,3,0,0,3
14242,2026-04-28,2026,4,28,eozkan,1,0,0,1
14243,2026-04-28,2026,4,28,stjegitim,0,4,0,4
14244,2026-04-28,2026,4,28,egonce,16,1,0,17
14245,2026-04-28,2026,4,28,hbinay,5,0,0,5
14246,2026-04-28,2026,4,28,gbalvan,0,6,0,6
14247,2026-04-28,2026,4,28,sutetik,18,4,0,22
14248,2026-04-28,2026,4,28,hbulut,14,2,0,16
14249,2026-04-28,2026,4,28,bfirat,6,1,0,7
14250,2026-04-28,2026,4,28,sfirinci,3,0,0,3
14251,2026-04-28,2026,4,28,ierdil,8,5,0,13
14252,2026-04-28,2026,4,28,gekim,0,70,0,70
14253,2026-04-28,2026,4,28,VBAYANER,0,28,0,28
14254,2026-04-28,2026,4,28,SUYILMAZ,4,0,0,4
14255,2026-04-28,2026,4,28,nayildiz,1,0,0,1
14256,2026-04-28,2026,4,28,akamera,0,10,0,10
14257,2026-04-28,2026,4,28,abarkod,0,21,0,21
14258,2026-04-28,2026,4,28,ntanriverdi,0,6,0,6
14259,2026-04-28,2026,4,28,mkarabiyik,1,2,0,3
14260,2026-04-28,2026,4,28,obali,0,0,2,2
14261,2026-04-28,2026,4,28,MMUTLU,0,2,0,2
14262,2026-04-28,2026,4,28,fimetin,77,5,0,82
14263,2026-04-28,2026,4,28,ayyilmaz,1,0,0,1
14264,2026-04-28,2026,4,28,mkofis,3,0,0,3
14265,2026-04-28,2026,4,28,gayilmaz,8,0,0,8
14266,2026-04-28,2026,4,28,TIRMAK,0,5,0,5
14267,2026-04-28,2026,4,28,mkorucu,3,0,0,3
14268,2026-04-28,2026,4,28,ckarahasan,18,12,0,30
14269,2026-04-28,2026,4,28,dnoic,16,2,0,18
14270,2026-04-28,2026,4,28,beozturk,2,0,0,2
14271,2026-04-28,2026,4,28,fozay,14,1,0,15
14272,2026-04-28,2026,4,28,eanli,0,2,0,2
14273,2026-04-28,2026,4,28,tevirgen,2,2,8,12
14274,2026-04-29,2026,4,29,ierdil,5,5,0,10
14275,2026-04-29,2026,4,29,zyuksel,1,0,0,1
14276,2026-04-29,2026,4,29,itopcu,1,1,0,2
14277,2026-04-29,2026,4,29,fgulsever,3,37,0,40
14278,2026-04-29,2026,4,29,aapak,0,7,0,7
14279,2026-04-29,2026,4,29,mecigdem,202,2,0,204
14280,2026-04-29,2026,4,29,udalyan,3,2,29,34
14281,2026-04-29,2026,4,29,aildeniz,1,0,0,1
14282,2026-04-29,2026,4,29,hakand,4,1,0,5
14283,2026-04-29,2026,4,29,bbugdayci,1,3,0,4
14284,2026-04-29,2026,4,29,hbulut,2,0,0,2
14285,2026-04-29,2026,4,29,aakyildiz,2,0,0,2
14286,2026-04-29,2026,4,29,mkarsiv,1,0,0,1
14287,2026-04-29,2026,4,29,egonce,29,4,0,33
14288,2026-04-29,2026,4,29,msevim,1,0,0,1
14289,2026-04-29,2026,4,29,eozkan,3,0,0,3
14290,2026-04-29,2026,4,29,gbalvan,0,4,0,4
14291,2026-04-29,2026,4,29,sutetik,9,2,0,11
14292,2026-04-29,2026,4,29,nakilli,0,1,4,5
14293,2026-04-29,2026,4,29,bfirat,24,0,0,24
14294,2026-04-29,2026,4,29,satinalmastajyer,7,6,0,13
14295,2026-04-29,2026,4,29,stjegitim,2,25,3,30
14296,2026-04-29,2026,4,29,gakca,4,0,0,4
14297,2026-04-29,2026,4,29,eanli,0,8,0,8
14298,2026-04-29,2026,4,29,gekim,0,71,0,71
14299,2026-04-29,2026,4,29,akamera,0,2,0,2
14300,2026-04-29,2026,4,29,ntanriverdi,0,10,0,10
14301,2026-04-29,2026,4,29,bkibar,0,2,0,2
14302,2026-04-29,2026,4,29,fyakut,0,3,0,3
14303,2026-04-29,2026,4,29,cer,1,0,0,1
14304,2026-04-29,2026,4,29,aayhan,36,30,0,66
14305,2026-04-29,2026,4,29,dyavuzkasap,1,0,0,1
14306,2026-04-29,2026,4,29,obali,0,3,0,3
14307,2026-04-29,2026,4,29,MMUTLU,7,4,4,15
14308,2026-04-29,2026,4,29,fimetin,6,62,0,68
14309,2026-04-29,2026,4,29,asablon,5,0,0,5
14310,2026-04-29,2026,4,29,mertan,5,4,0,9
14311,2026-04-29,2026,4,29,ggirgin,16,1,2,19
14312,2026-04-29,2026,4,29,fbalaban,3,0,0,3
14313,2026-04-29,2026,4,29,fozay,23,3,0,26
14314,2026-04-29,2026,4,29,amasun,0,6,0,6
14315,2026-04-29,2026,4,29,ekaragoz,10,1,0,11
14316,2026-04-29,2026,4,29,ckarahasan,7,9,0,16
14317,2026-04-29,2026,4,29,gayilmaz,0,1,0,1
14318,2026-04-29,2026,4,29,tevirgen,8,13,4,25
14319,2026-04-29,2026,4,29,ayyilmaz,2,2,0,4
14320,2026-04-29,2026,4,29,dnoic,10,2,53,65
14321,2026-04-30,2026,4,30,stjegitim,1,0,0,1
14322,2026-04-30,2026,4,30,udalyan,13,20,0,33
14323,2026-04-30,2026,4,30,mecigdem,0,2,0,2
14324,2026-04-30,2026,4,30,zyuksel,1,108,3,112
14325,2026-04-30,2026,4,30,ierdil,0,8,0,8
14326,2026-04-30,2026,4,30,mkarsiv,1,0,0,1
14327,2026-04-30,2026,4,30,bfirat,9,1,0,10
14328,2026-04-30,2026,4,30,gbalvan,0,2,0,2
14329,2026-04-30,2026,4,30,sutetik,16,6,0,22
14330,2026-04-30,2026,4,30,hbulut,4,1,0,5
14331,2026-04-30,2026,4,30,VBAYANER,30,0,0,30
14332,2026-04-30,2026,4,30,gakca,18,1,0,19
14333,2026-04-30,2026,4,30,msevim,3,0,0,3
14334,2026-04-30,2026,4,30,fozay,35,4,0,39
14335,2026-04-30,2026,4,30,rkontrol,14,0,0,14
14336,2026-04-30,2026,4,30,caozturk,8,0,4,12
14337,2026-04-30,2026,4,30,akamera,0,1,0,1
14338,2026-04-30,2026,4,30,ntanriverdi,0,13,0,13
14339,2026-04-30,2026,4,30,hktlideri,4,6,0,10
14340,2026-04-30,2026,4,30,mkarabiyik,0,2,2,4
14341,2026-04-30,2026,4,30,MMUTLU,5,0,0,5
14342,2026-04-30,2026,4,30,fimetin,10,0,0,10
14343,2026-04-30,2026,4,30,obali,7,1,13,21
14344,2026-04-30,2026,4,30,beozturk,1,0,0,1
14345,2026-04-30,2026,4,30,ayyilmaz,0,3,0,3
14346,2026-04-30,2026,4,30,tevirgen,8,28,6,42
14347,2026-04-30,2026,4,30,gayilmaz,3,5,0,8
14348,2026-04-30,2026,4,30,ckarahasan,4,2,0,6
14349,2026-04-30,2026,4,30,ggirgin,118,7,6,131
14350,2026-05-01,2026,5,1,rkontrol,4,3,0,7
14351,2026-05-01,2026,5,1,bfirat,10,0,0,10
14352,2026-05-01,2026,5,1,dcolor,17,0,0,17
14353,2026-05-01,2026,5,1,rshazirlama,6,0,0,6
14354,2026-05-01,2026,5,1,mkarsiv,5,0,0,5
14355,2026-05-01,2026,5,1,ierdil,4,5,0,9
14356,2026-05-01,2026,5,1,mguray,7,0,0,7
14357,2026-05-01,2026,5,1,sucakir,1,3,0,4
14358,2026-05-01,2026,5,1,fimetin,7,2,0,9
14359,2026-05-01,2026,5,1,mkofis,3,0,0,3
14360,2026-05-01,2026,5,1,asablon,2,0,0,2
14361,2026-05-01,2026,5,1,ntanriverdi,0,29,0,29
14362,2026-05-01,2026,5,1,ttlideri,20,0,0,20
14363,2026-05-01,2026,5,1,carican,8,2,0,10
14364,2026-05-02,2026,5,2,bsakrak,105,0,0,105
14365,2026-05-02,2026,5,2,mecigdem,6,1,0,7
14366,2026-05-02,2026,5,2,dcolor,15,0,0,15
14367,2026-05-03,2026,5,3,carican,1,2,0,3
14368,2026-05-03,2026,5,3,ierdil,3,11,0,14
14369,2026-05-03,2026,5,3,aildeniz,5,5,0,10
14370,2026-05-03,2026,5,3,rkontrol,0,5,0,5
14371,2026-05-03,2026,5,3,cyildiz,1,0,0,1
14372,2026-05-03,2026,5,3,fcolak,32,0,0,32
14373,2026-05-03,2026,5,3,ersener,35,0,0,35
14374,2026-05-03,2026,5,3,fdeniz,0,0,4,4
14375,2026-05-03,2026,5,3,rshazirlama,25,0,0,25
14376,2026-05-03,2026,5,3,dcolor,7,0,0,7
14377,2026-05-03,2026,5,3,bunver,2,0,0,2
14378,2026-05-03,2026,5,3,fgulsever,0,42,0,42
14379,2026-05-03,2026,5,3,egonce,25,14,0,39
14380,2026-05-03,2026,5,3,aapak,6,50,0,56
14381,2026-05-03,2026,5,3,gekim,0,86,0,86
14382,2026-05-03,2026,5,3,bsakrak,39,0,0,39
14383,2026-05-03,2026,5,3,sfirinci,5,4,0,9
14384,2026-05-03,2026,5,3,aayhan,8,2,5,15
14385,2026-05-03,2026,5,3,mkofis,5,1,0,6
14386,2026-05-03,2026,5,3,kesmeray,16,0,0,16
14387,2026-05-03,2026,5,3,okorucu,4,0,0,4
14388,2026-05-03,2026,5,3,tevirgen,0,0,1,1
14389,2026-05-03,2026,5,3,abarkod,0,28,0,28
14390,2026-05-03,2026,5,3,aozgun,3,0,0,3
14391,2026-05-03,2026,5,3,gcevik,13,25,0,38
14392,2026-05-03,2026,5,3,dnoic,24,0,1,25
14393,2026-05-03,2026,5,3,fbalaban,57,0,6,63
14394,2026-05-03,2026,5,3,TIRMAK,1,14,0,15
14395,2026-05-04,2026,5,4,mguray,2,0,0,2
14396,2026-05-04,2026,5,4,ierdil,2,27,0,29
14397,2026-05-04,2026,5,4,zyuksel,1,1,0,2
14398,2026-05-04,2026,5,4,gakca,6,0,0,6
14399,2026-05-04,2026,5,4,mguder,1,0,0,1
14400,2026-05-04,2026,5,4,fgulsever,0,16,0,16
14401,2026-05-04,2026,5,4,BSOGUT,56,0,0,56
14402,2026-05-04,2026,5,4,hakand,2,1,0,3
14403,2026-05-04,2026,5,4,aapak,6,109,0,115
14404,2026-05-04,2026,5,4,rkontrol,0,10,0,10
14405,2026-05-04,2026,5,4,carican,0,2,0,2
14406,2026-05-04,2026,5,4,fcolak,4,0,0,4
14407,2026-05-04,2026,5,4,eozkan,11,0,0,11
14408,2026-05-04,2026,5,4,egonce,14,0,0,14
14409,2026-05-04,2026,5,4,mbayirli,1,0,0,1
14410,2026-05-04,2026,5,4,bunver,2,0,0,2
14411,2026-05-04,2026,5,4,hbinay,17,0,0,17
14412,2026-05-04,2026,5,4,gbalvan,0,4,0,4
14413,2026-05-04,2026,5,4,dcolor,4,0,0,4
14414,2026-05-04,2026,5,4,sutetik,5,3,0,8
14415,2026-05-04,2026,5,4,ersener,4,0,0,4
14416,2026-05-04,2026,5,4,hbulut,50,19,0,69
14417,2026-05-04,2026,5,4,bfirat,60,0,0,60
14418,2026-05-04,2026,5,4,gekim,0,86,0,86
14419,2026-05-04,2026,5,4,mkarsiv,2,0,0,2
14420,2026-05-04,2026,5,4,gbakanoglu,1,0,0,1
14421,2026-05-04,2026,5,4,ogun,1,0,0,1
14422,2026-05-04,2026,5,4,amasun,0,67,0,67
14423,2026-05-04,2026,5,4,fozay,10,0,0,10
14424,2026-05-04,2026,5,4,abarkod,0,4,0,4
14425,2026-05-04,2026,5,4,ttlideri,7,0,0,7
14426,2026-05-04,2026,5,4,tcapkin,1,8,0,9
14427,2026-05-04,2026,5,4,ntanriverdi,0,33,0,33
14428,2026-05-04,2026,5,4,bkibar,0,3,0,3
14429,2026-05-04,2026,5,4,asablon,11,0,0,11
14430,2026-05-04,2026,5,4,cer,21,0,0,21
14431,2026-05-04,2026,5,4,aayhan,4,1,0,5
14432,2026-05-04,2026,5,4,mkarabiyik,0,2,0,2
14433,2026-05-04,2026,5,4,obali,0,7,0,7
14434,2026-05-04,2026,5,4,MMUTLU,7,2,0,9
14435,2026-05-04,2026,5,4,akamera,0,15,0,15
14436,2026-05-04,2026,5,4,sucakir,5,1,0,6
14437,2026-05-04,2026,5,4,fimetin,62,5,0,67
14438,2026-05-04,2026,5,4,dnoic,3,2,0,5
14439,2026-05-04,2026,5,4,ckarahasan,15,9,0,24
14440,2026-05-04,2026,5,4,aozgun,1,0,0,1
14441,2026-05-04,2026,5,4,TIRMAK,2,0,0,2
14442,2026-05-04,2026,5,4,caozturk,8,0,0,8
14443,2026-05-04,2026,5,4,ddtlideri,13,0,0,13
14444,2026-05-04,2026,5,4,tevirgen,9,4,0,13
14445,2026-05-04,2026,5,4,okorucu,2,0,0,2
14446,2026-05-04,2026,5,4,ggirgin,50,0,0,50
14447,2026-05-04,2026,5,4,ogungor,6,0,0,6
14448,2026-05-05,2026,5,5,rkontrol,1,0,0,1
14449,2026-05-05,2026,5,5,aapak,0,39,0,39
14450,2026-05-05,2026,5,5,udalyan,3,2,2,7
14451,2026-05-05,2026,5,5,hakand,4,2,0,6
14452,2026-05-05,2026,5,5,BSOGUT,0,1,0,1
14453,2026-05-05,2026,5,5,fgulsever,4,42,0,46
14454,2026-05-05,2026,5,5,gsapmaz,24,35,0,59
14455,2026-05-05,2026,5,5,mguder,31,0,0,31
14456,2026-05-05,2026,5,5,ierdil,4,13,0,17
14457,2026-05-05,2026,5,5,stjegitim,240,0,0,240
14458,2026-05-05,2026,5,5,rshazirlama,1,0,0,1
14459,2026-05-05,2026,5,5,fcolak,1,0,0,1
14460,2026-05-05,2026,5,5,mkarsiv,4,6,0,10
14461,2026-05-05,2026,5,5,egonce,3,0,0,3
14462,2026-05-05,2026,5,5,msevim,6,0,0,6
14463,2026-05-05,2026,5,5,eozkan,4,4,0,8
14464,2026-05-05,2026,5,5,dcolor,1,0,0,1
14465,2026-05-05,2026,5,5,sutetik,12,1,0,13
14466,2026-05-05,2026,5,5,hbulut,4,6,0,10
14467,2026-05-05,2026,5,5,bfirat,12,0,0,12
14468,2026-05-05,2026,5,5,gakca,2,0,0,2
14469,2026-05-05,2026,5,5,aakyildiz,12,2,0,14
14470,2026-05-05,2026,5,5,fyakut,8,0,0,8
14471,2026-05-05,2026,5,5,hbinay,4,0,0,4
14472,2026-05-05,2026,5,5,gekim,1,70,0,71
14473,2026-05-05,2026,5,5,akamera,0,3,0,3
14474,2026-05-05,2026,5,5,abarkod,0,31,0,31
14475,2026-05-05,2026,5,5,ntanriverdi,0,89,0,89
14476,2026-05-05,2026,5,5,bkibar,1,1,0,2
14477,2026-05-05,2026,5,5,cer,2,0,0,2
14478,2026-05-05,2026,5,5,iunlu,1,0,0,1
14479,2026-05-05,2026,5,5,mkofis,1,0,0,1
14480,2026-05-05,2026,5,5,MMUTLU,2,2,0,4
14481,2026-05-05,2026,5,5,fimetin,14,2,0,16
14482,2026-05-05,2026,5,5,sucakir,138,0,0,138
14483,2026-05-05,2026,5,5,ggirgin,0,1,0,1
14484,2026-05-05,2026,5,5,mkarabiyik,0,2,0,2
14485,2026-05-05,2026,5,5,tevirgen,7,3,15,25
14486,2026-05-05,2026,5,5,ogungor,15,0,0,15
14487,2026-05-05,2026,5,5,nibolkis,3,0,0,3
14488,2026-05-05,2026,5,5,aozgun,3,0,0,3
14489,2026-05-05,2026,5,5,ckarahasan,11,10,0,21
14490,2026-05-05,2026,5,5,dnoic,22,0,0,22
14491,2026-05-05,2026,5,5,caozturk,3,1,0,4
14492,2026-05-05,2026,5,5,amasun,4,103,0,107
14493,2026-05-05,2026,5,5,beozturk,4,0,0,4
14494,2026-05-05,2026,5,5,fozay,10,0,0,10
14495,2026-05-05,2026,5,5,ayyilmaz,0,7,0,7
14496,2026-05-06,2026,5,6,rkontrol,2,0,0,2
14497,2026-05-06,2026,5,6,mguray,7,0,0,7
14498,2026-05-06,2026,5,6,ierdil,0,7,0,7
14499,2026-05-06,2026,5,6,mguder,3,0,0,3
14500,2026-05-06,2026,5,6,BSOGUT,10,2,0,12
14501,2026-05-06,2026,5,6,gakca,4,0,0,4
14502,2026-05-06,2026,5,6,udalyan,4,1,0,5
14503,2026-05-06,2026,5,6,aapak,0,8,0,8
14504,2026-05-06,2026,5,6,ubasdas,0,1,0,1
14505,2026-05-06,2026,5,6,stjegitim,0,45,0,45
14506,2026-05-06,2026,5,6,hakand,1,0,0,1
14507,2026-05-06,2026,5,6,aakyildiz,6,0,0,6
14508,2026-05-06,2026,5,6,bunver,0,1,0,1
14509,2026-05-06,2026,5,6,mkarsiv,1,0,0,1
14510,2026-05-06,2026,5,6,ddcozgu,1,0,0,1
14511,2026-05-06,2026,5,6,egonce,6,0,0,6
14512,2026-05-06,2026,5,6,uunver,1,0,0,1
14513,2026-05-06,2026,5,6,BDEMIRAL,1,0,0,1
14514,2026-05-06,2026,5,6,gbalvan,0,2,0,2
14515,2026-05-06,2026,5,6,sutetik,15,3,0,18
14516,2026-05-06,2026,5,6,ersener,3,0,0,3
14517,2026-05-06,2026,5,6,hbulut,40,1,0,41
14518,2026-05-06,2026,5,6,bfirat,34,0,0,34
14519,2026-05-06,2026,5,6,bsakrak,35,0,0,35
14520,2026-05-06,2026,5,6,fcolak,3,0,0,3
14521,2026-05-06,2026,5,6,iunlu,2,1,0,3
14522,2026-05-06,2026,5,6,fozay,3,0,0,3
14523,2026-05-06,2026,5,6,gbakanoglu,6,0,0,6
14524,2026-05-06,2026,5,6,abarkod,0,2,0,2
14525,2026-05-06,2026,5,6,ttlideri,1,0,0,1
14526,2026-05-06,2026,5,6,tcapkin,0,16,0,16
14527,2026-05-06,2026,5,6,gekim,0,64,0,64
14528,2026-05-06,2026,5,6,aayhan,5,0,2,7
14529,2026-05-06,2026,5,6,mkarabiyik,0,1,0,1
14530,2026-05-06,2026,5,6,dyavuzkasap,0,0,1,1
14531,2026-05-06,2026,5,6,obali,6,0,0,6
14532,2026-05-06,2026,5,6,fimetin,20,14,0,34
14533,2026-05-06,2026,5,6,ggirgin,5,3,0,8
14534,2026-05-06,2026,5,6,mertan,1,0,0,1
14535,2026-05-06,2026,5,6,tevirgen,11,11,0,22
14536,2026-05-06,2026,5,6,bkibar,1,0,0,1
14537,2026-05-06,2026,5,6,gayilmaz,14,0,0,14
14538,2026-05-06,2026,5,6,ogungor,10,0,0,10
14539,2026-05-06,2026,5,6,aozgun,22,0,0,22
14540,2026-05-06,2026,5,6,gcevik,3,0,0,3
14541,2026-05-06,2026,5,6,ckarahasan,5,1,0,6
14542,2026-05-06,2026,5,6,dnoic,5,0,0,5
14543,2026-05-06,2026,5,6,caozturk,1,0,0,1
14544,2026-05-06,2026,5,6,amasun,0,142,0,142
14545,2026-05-06,2026,5,6,beozturk,2,0,0,2
14546,2026-05-06,2026,5,6,SUYILMAZ,4,0,0,4
14547,2026-05-06,2026,5,6,eulsever,1,12,0,13
14548,2026-05-07,2026,5,7,mguder,44,5,0,49
14549,2026-05-07,2026,5,7,fgulsever,2,21,0,23
14550,2026-05-07,2026,5,7,aapak,0,11,0,11
14551,2026-05-07,2026,5,7,hakand,26,20,0,46
14552,2026-05-07,2026,5,7,udalyan,2,5,0,7
14553,2026-05-07,2026,5,7,ierdil,4,11,0,15
14554,2026-05-07,2026,5,7,esaribuyuk,0,1,0,1
14555,2026-05-07,2026,5,7,mguray,15,0,0,15
14556,2026-05-07,2026,5,7,gbalvan,0,2,0,2
14557,2026-05-07,2026,5,7,egonce,10,2,0,12
14558,2026-05-07,2026,5,7,msevim,0,2,0,2
14559,2026-05-07,2026,5,7,mmollaoglu,69,3,0,72
14560,2026-05-07,2026,5,7,sutetik,17,6,0,23
14561,2026-05-07,2026,5,7,hbulut,33,0,0,33
14562,2026-05-07,2026,5,7,bfirat,48,0,0,48
14563,2026-05-07,2026,5,7,ubasdas,0,1,0,1
14564,2026-05-07,2026,5,7,stjegitim,481,0,0,481
14565,2026-05-07,2026,5,7,gakca,2,0,0,2
14566,2026-05-07,2026,5,7,mkarabiyik,0,2,0,2
14567,2026-05-07,2026,5,7,SUYILMAZ,1,0,0,1
14568,2026-05-07,2026,5,7,gekim,0,31,0,31
14569,2026-05-07,2026,5,7,bkibar,10,0,0,10
14570,2026-05-07,2026,5,7,aayhan,14,1,0,15
14571,2026-05-07,2026,5,7,MMUTLU,10,0,0,10
14572,2026-05-07,2026,5,7,fimetin,20,5,0,25
14573,2026-05-07,2026,5,7,sucakir,17,8,0,25
14574,2026-05-07,2026,5,7,ggirgin,19,0,13,32
14575,2026-05-07,2026,5,7,akamera,0,1,0,1
14576,2026-05-07,2026,5,7,tevirgen,9,13,7,29
14577,2026-05-07,2026,5,7,gayilmaz,31,2,0,33
14578,2026-05-07,2026,5,7,aozgun,8,4,0,12
14579,2026-05-07,2026,5,7,ckarahasan,4,10,0,14
14580,2026-05-07,2026,5,7,caozturk,2,0,0,2
14581,2026-05-07,2026,5,7,amasun,0,62,0,62
14582,2026-05-07,2026,5,7,fozay,19,4,0,23
14583,2026-05-07,2026,5,7,ayyilmaz,3,0,0,3
14584,2026-05-08,2026,5,8,fyakut,10,0,0,10
14585,2026-05-08,2026,5,8,gakca,1,0,0,1
14586,2026-05-08,2026,5,8,udalyan,5,4,0,9
14587,2026-05-08,2026,5,8,hakand,2,1,0,3
14588,2026-05-08,2026,5,8,mguder,1,2,0,3
14589,2026-05-08,2026,5,8,zyuksel,156,3,0,159
14590,2026-05-08,2026,5,8,ierdil,0,11,0,11
14591,2026-05-08,2026,5,8,sekisa,4,0,0,4
14592,2026-05-08,2026,5,8,rkontrol,2,0,0,2
14593,2026-05-08,2026,5,8,stjegitim,3,0,26,29
14594,2026-05-08,2026,5,8,mkarsiv,1,0,0,1
14595,2026-05-08,2026,5,8,msevim,2,2,0,4
14596,2026-05-08,2026,5,8,sutetik,2,0,0,2
14597,2026-05-08,2026,5,8,bfirat,83,0,0,83
14598,2026-05-08,2026,5,8,mguray,18,0,0,18
14599,2026-05-08,2026,5,8,beozturk,1,0,0,1
14600,2026-05-08,2026,5,8,caozturk,8,0,0,8
14601,2026-05-08,2026,5,8,dnoic,7,0,7,14
14602,2026-05-08,2026,5,8,amasun,0,16,0,16
14603,2026-05-08,2026,5,8,akamera,0,1,0,1
14604,2026-05-08,2026,5,8,bkibar,0,5,0,5
14605,2026-05-08,2026,5,8,mkarabiyik,1,4,0,5
14606,2026-05-08,2026,5,8,MMUTLU,2,0,2,4
14607,2026-05-08,2026,5,8,fimetin,22,1,0,23
14608,2026-05-08,2026,5,8,obali,0,1,0,1
14609,2026-05-08,2026,5,8,bsamuk,4,0,0,4
14610,2026-05-08,2026,5,8,ggirgin,19,3,0,22
14611,2026-05-08,2026,5,8,ayyilmaz,5,4,0,9
14612,2026-05-08,2026,5,8,tevirgen,15,11,18,44
14613,2026-05-08,2026,5,8,nibolkis,0,4,0,4
14614,2026-05-08,2026,5,8,ckarahasan,30,14,0,44
14615,2026-05-08,2026,5,8,sucakir,11,7,0,18
14616,2026-05-09,2026,5,9,rkontrol,1,0,0,1
14617,2026-05-09,2026,5,9,mkarsiv,1,0,0,1
14618,2026-05-10,2026,5,10,aakyildiz,2,0,0,2
14619,2026-05-10,2026,5,10,ierdil,6,9,0,15
14620,2026-05-10,2026,5,10,aildeniz,2,0,2,4
14621,2026-05-10,2026,5,10,bbugdayci,0,2,3,5
14622,2026-05-10,2026,5,10,fcolak,1,0,0,1
14623,2026-05-10,2026,5,10,fgulsever,1,12,0,13
14624,2026-05-10,2026,5,10,egonce,90,17,0,107
14625,2026-05-10,2026,5,10,sapra,1,0,0,1
14626,2026-05-10,2026,5,10,bunver,0,3,0,3
14627,2026-05-10,2026,5,10,dcolor,1,0,0,1
14628,2026-05-10,2026,5,10,bdagdeviren,0,0,1,1
14629,2026-05-10,2026,5,10,mkarsiv,0,3,0,3
14630,2026-05-10,2026,5,10,esaribuyuk,0,1,0,1
14631,2026-05-10,2026,5,10,aayhan,4,0,3,7
14632,2026-05-10,2026,5,10,sfirinci,3,1,0,4
14633,2026-05-10,2026,5,10,aapak,2,16,0,18
14634,2026-05-10,2026,5,10,ogun,1,0,0,1
14635,2026-05-10,2026,5,10,dyavuzkasap,3,0,0,3
14636,2026-05-10,2026,5,10,TIRMAK,24,0,0,24
14637,2026-05-10,2026,5,10,aozgun,22,0,0,22
14638,2026-05-10,2026,5,10,abarkod,0,4,0,4
14639,2026-05-10,2026,5,10,ekaragoz,4,0,0,4
14640,2026-05-10,2026,5,10,fbalaban,1,0,0,1
14641,2026-05-10,2026,5,10,gekim,8,93,0,101
14642,2026-05-10,2026,5,10,iunlu,3,0,0,3
14643,2026-05-10,2026,5,10,dnoic,15,0,1,16
14644,2026-05-11,2026,5,11,stjegitim,431,40,333,804
14645,2026-05-11,2026,5,11,fgulsever,1,79,0,80
14646,2026-05-11,2026,5,11,itopcu,5,0,0,5
14647,2026-05-11,2026,5,11,gsapmaz,3,0,0,3
14648,2026-05-11,2026,5,11,mguder,6,3,0,9
14649,2026-05-11,2026,5,11,ierdil,2,5,0,7
14650,2026-05-11,2026,5,11,mguray,10,0,0,10
14651,2026-05-11,2026,5,11,ytinmaz,1,1,0,2
14652,2026-05-11,2026,5,11,bbugdayci,0,9,0,9
14653,2026-05-11,2026,5,11,cyildiz,3,3,0,6
14654,2026-05-11,2026,5,11,BDEMIRAL,1,0,0,1
14655,2026-05-11,2026,5,11,ddcozgu,6,0,0,6
14656,2026-05-11,2026,5,11,egonce,77,0,0,77
14657,2026-05-11,2026,5,11,msevim,3,1,0,4
14658,2026-05-11,2026,5,11,sapra,0,0,1,1
14659,2026-05-11,2026,5,11,hakand,31,0,0,31
14660,2026-05-11,2026,5,11,gbalvan,0,1,0,1
14661,2026-05-11,2026,5,11,ersener,16,0,0,16
14662,2026-05-11,2026,5,11,hbulut,1,0,0,1
14663,2026-05-11,2026,5,11,bfirat,18,3,2,23
14664,2026-05-11,2026,5,11,bunver,2,2,0,4
14665,2026-05-11,2026,5,11,fcolak,3,1,0,4
14666,2026-05-11,2026,5,11,udalyan,1,1,0,2
14667,2026-05-11,2026,5,11,zyuksel,21,0,0,21
14668,2026-05-11,2026,5,11,ubasdas,1,2,0,3
14669,2026-05-11,2026,5,11,aapak,12,7,1,20
14670,2026-05-11,2026,5,11,akamera,0,6,0,6
14671,2026-05-11,2026,5,11,edemirbas,0,1,0,1
14672,2026-05-11,2026,5,11,tcapkin,0,4,0,4
14673,2026-05-11,2026,5,11,ntanriverdi,0,2,0,2
14674,2026-05-11,2026,5,11,cer,8,0,0,8
14675,2026-05-11,2026,5,11,obali,1,0,0,1
14676,2026-05-11,2026,5,11,fimetin,17,0,0,17
14677,2026-05-11,2026,5,11,sucakir,52,10,0,62
14678,2026-05-11,2026,5,11,ggirgin,50,0,0,50
14679,2026-05-11,2026,5,11,mertan,2,1,0,3
14680,2026-05-11,2026,5,11,MMUTLU,7,3,0,10
14681,2026-05-11,2026,5,11,tevirgen,7,0,19,26
14682,2026-05-11,2026,5,11,gakca,3,0,0,3
14683,2026-05-11,2026,5,11,ayyilmaz,1,0,0,1
14684,2026-05-11,2026,5,11,fozay,14,1,0,15
14685,2026-05-11,2026,5,11,amasun,1,112,0,113
14686,2026-05-11,2026,5,11,dnoic,223,5,3,231
14687,2026-05-11,2026,5,11,gekim,0,43,0,43
14688,2026-05-11,2026,5,11,ckarahasan,29,2,0,31
14689,2026-05-11,2026,5,11,aozgun,2,1,0,3
14690,2026-05-11,2026,5,11,TIRMAK,12,0,0,12
14691,2026-05-11,2026,5,11,gayilmaz,8,0,0,8
14692,2026-05-12,2026,5,12,ytinmaz,5,0,0,5
14693,2026-05-12,2026,5,12,mecigdem,0,1,0,1
14694,2026-05-12,2026,5,12,hakand,2,0,0,2
14695,2026-05-12,2026,5,12,fgulsever,0,7,0,7
14696,2026-05-12,2026,5,12,gsapmaz,0,24,0,24
14697,2026-05-12,2026,5,12,mguder,0,4,0,4
14698,2026-05-12,2026,5,12,ierdil,3,9,0,12
14699,2026-05-12,2026,5,12,mguray,2,0,0,2
14700,2026-05-12,2026,5,12,rkontrol,6,0,0,6
14701,2026-05-12,2026,5,12,udalyan,3,0,1,4
14702,2026-05-12,2026,5,12,stjegitim,0,3,0,3
14703,2026-05-12,2026,5,12,bfirat,2,3,0,5
14704,2026-05-12,2026,5,12,fcolak,20,2,0,22
14705,2026-05-12,2026,5,12,mkarsiv,1,4,0,5
14706,2026-05-12,2026,5,12,bunver,2,0,0,2
14707,2026-05-12,2026,5,12,ddcozgu,1,0,0,1
14708,2026-05-12,2026,5,12,egonce,19,3,0,22
14709,2026-05-12,2026,5,12,herbilgin,20,0,0,20
14710,2026-05-12,2026,5,12,hbinay,21,0,0,21
14711,2026-05-12,2026,5,12,mmollaoglu,0,1,12,13
14712,2026-05-12,2026,5,12,gbalvan,0,4,0,4
14713,2026-05-12,2026,5,12,akapucu,18,0,0,18
14714,2026-05-12,2026,5,12,aapak,0,13,0,13
14715,2026-05-12,2026,5,12,acelebi,2,0,0,2
14716,2026-05-12,2026,5,12,fyakut,36,0,0,36
14717,2026-05-12,2026,5,12,obali,9,21,0,30
14718,2026-05-12,2026,5,12,gekim,0,38,0,38
14719,2026-05-12,2026,5,12,sfirinci,2,0,0,2
14720,2026-05-12,2026,5,12,akamera,0,14,0,14
14721,2026-05-12,2026,5,12,abarkod,0,30,0,30
14722,2026-05-12,2026,5,12,ttlideri,2,0,0,2
14723,2026-05-12,2026,5,12,ayetik,2,0,0,2
14724,2026-05-12,2026,5,12,bkibar,0,4,0,4
14725,2026-05-12,2026,5,12,aayhan,17,2,0,19
14726,2026-05-12,2026,5,12,mkarabiyik,0,1,0,1
14727,2026-05-12,2026,5,12,fimetin,27,10,0,37
14728,2026-05-12,2026,5,12,sucakir,3,4,0,7
14729,2026-05-12,2026,5,12,ggirgin,12,6,0,18
14730,2026-05-12,2026,5,12,tyaman,4,0,0,4
14731,2026-05-12,2026,5,12,tevirgen,3,8,0,11
14732,2026-05-12,2026,5,12,ekaragoz,6,0,0,6
14733,2026-05-12,2026,5,12,ekaradavut,1,0,0,1
14734,2026-05-12,2026,5,12,fozay,58,3,0,61
14735,2026-05-12,2026,5,12,beozturk,1,0,0,1
14736,2026-05-12,2026,5,12,caozturk,1,1,0,2
14737,2026-05-12,2026,5,12,amasun,0,53,0,53
14738,2026-05-12,2026,5,12,ckarahasan,28,3,0,31
14739,2026-05-12,2026,5,12,aozgun,4,0,0,4
14740,2026-05-12,2026,5,12,nibolkis,37,0,0,37
14741,2026-05-12,2026,5,12,eulsever,10,0,0,10
14742,2026-05-12,2026,5,12,dnoic,216,0,2,218
14743,2026-05-13,2026,5,13,ierdil,1,5,0,6
14744,2026-05-13,2026,5,13,fgulsever,0,23,0,23
14745,2026-05-13,2026,5,13,gsapmaz,1,6,0,7
14746,2026-05-13,2026,5,13,baozturk,0,1,0,1
14747,2026-05-13,2026,5,13,okelepe,36,0,0,36
14748,2026-05-13,2026,5,13,bunver,26,4,0,30
14749,2026-05-13,2026,5,13,udalyan,7,7,82,96
14750,2026-05-13,2026,5,13,aapak,0,17,0,17
14751,2026-05-13,2026,5,13,ubasdas,1,0,0,1
14752,2026-05-13,2026,5,13,mguray,3,0,0,3
14753,2026-05-13,2026,5,13,hakand,66,12,0,78
14754,2026-05-13,2026,5,13,ebadem,21,0,0,21
14755,2026-05-13,2026,5,13,VBAYANER,3,0,0,3
14756,2026-05-13,2026,5,13,rkontrol,4,0,0,4
14757,2026-05-13,2026,5,13,stjegitim,5,0,0,5
14758,2026-05-13,2026,5,13,fcolak,1,4,0,5
14759,2026-05-13,2026,5,13,egonce,49,0,0,49
14760,2026-05-13,2026,5,13,uunver,3,2,0,5
14761,2026-05-13,2026,5,13,mbayirli,3,0,0,3
14762,2026-05-13,2026,5,13,msevim,0,3,0,3
14763,2026-05-13,2026,5,13,hbinay,20,0,0,20
14764,2026-05-13,2026,5,13,BDEMIRAL,0,1,0,1
14765,2026-05-13,2026,5,13,gbalvan,0,3,0,3
14766,2026-05-13,2026,5,13,fyakut,2,1,0,3
14767,2026-05-13,2026,5,13,aildeniz,9,19,0,28
14768,2026-05-13,2026,5,13,saskin,1,1,0,2
14769,2026-05-13,2026,5,13,gakca,1,0,0,1
14770,2026-05-13,2026,5,13,gekim,0,75,0,75
14771,2026-05-13,2026,5,13,bsakrak,4,0,0,4
14772,2026-05-13,2026,5,13,ngogce,31,0,0,31
14773,2026-05-13,2026,5,13,abarkod,0,3,0,3
14774,2026-05-13,2026,5,13,ttlideri,18,0,0,18
14775,2026-05-13,2026,5,13,tcapkin,0,8,0,8
14776,2026-05-13,2026,5,13,bkibar,0,5,0,5
14777,2026-05-13,2026,5,13,aayhan,17,120,6,143
14778,2026-05-13,2026,5,13,mkarabiyik,1,2,0,3
14779,2026-05-13,2026,5,13,obali,1,0,6,7
14780,2026-05-13,2026,5,13,sucakir,11,0,0,11
14781,2026-05-13,2026,5,13,ggirgin,8,3,0,11
14782,2026-05-13,2026,5,13,mertan,0,3,0,3
14783,2026-05-13,2026,5,13,akamera,0,1,0,1
14784,2026-05-13,2026,5,13,eulsever,24,0,0,24
14785,2026-05-13,2026,5,13,gayilmaz,1,0,0,1
14786,2026-05-13,2026,5,13,aozgun,3,0,11,14
14787,2026-05-13,2026,5,13,gcevik,1,0,0,1
14788,2026-05-13,2026,5,13,ckarahasan,26,8,0,34
14789,2026-05-13,2026,5,13,dnoic,3,0,0,3
14790,2026-05-13,2026,5,13,caozturk,48,22,10,80
14791,2026-05-13,2026,5,13,amasun,0,6,0,6
14792,2026-05-13,2026,5,13,beozturk,2,0,0,2
14793,2026-05-13,2026,5,13,fozay,2,0,0,2
14794,2026-05-13,2026,5,13,eanli,4,18,0,22
14795,2026-05-13,2026,5,13,tevirgen,9,2,6,17
14796,2026-05-14,2026,5,14,gsapmaz,2,0,0,2
14797,2026-05-14,2026,5,14,itopcu,0,2,0,2
14798,2026-05-14,2026,5,14,fgulsever,0,9,0,9
14799,2026-05-14,2026,5,14,gakca,11,0,0,11
14800,2026-05-14,2026,5,14,BSOGUT,0,1,0,1
14801,2026-05-14,2026,5,14,udalyan,0,0,1,1
14802,2026-05-14,2026,5,14,aapak,0,5,0,5
14803,2026-05-14,2026,5,14,mguder,2,0,0,2
14804,2026-05-14,2026,5,14,okelepe,0,0,1,1
14805,2026-05-14,2026,5,14,zyuksel,8,60,0,68
14806,2026-05-14,2026,5,14,mkarsiv,3,0,0,3
14807,2026-05-14,2026,5,14,mguray,3,0,0,3
14808,2026-05-14,2026,5,14,ytinmaz,32,0,0,32
14809,2026-05-14,2026,5,14,stjegitim,1,0,0,1
14810,2026-05-14,2026,5,14,fcolak,6,2,0,8
14811,2026-05-14,2026,5,14,mbayirli,14,2,0,16
14812,2026-05-14,2026,5,14,hbinay,7,0,0,7
14813,2026-05-14,2026,5,14,eozkan,1,0,0,1
14814,2026-05-14,2026,5,14,gbalvan,0,7,0,7
14815,2026-05-14,2026,5,14,bfirat,0,2,0,2
14816,2026-05-14,2026,5,14,fyakut,2,0,0,2
14817,2026-05-14,2026,5,14,ierdil,0,5,0,5
14818,2026-05-14,2026,5,14,saskin,9,1,0,10
14819,2026-05-14,2026,5,14,egonce,25,4,0,29
14820,2026-05-14,2026,5,14,gbakanoglu,10,0,0,10
14821,2026-05-14,2026,5,14,gekim,0,70,0,70
14822,2026-05-14,2026,5,14,akamera,0,7,0,7
14823,2026-05-14,2026,5,14,abarkod,0,2,0,2
14824,2026-05-14,2026,5,14,ttlideri,8,0,0,8
14825,2026-05-14,2026,5,14,ntanriverdi,0,29,0,29
14826,2026-05-14,2026,5,14,obali,2,0,2,4
14827,2026-05-14,2026,5,14,MMUTLU,5,2,4,11
14828,2026-05-14,2026,5,14,fimetin,4,8,0,12
14829,2026-05-14,2026,5,14,sucakir,45,0,0,45
14830,2026-05-14,2026,5,14,ggirgin,7,0,0,7
14831,2026-05-14,2026,5,14,bsamuk,2,0,0,2
14832,2026-05-14,2026,5,14,tevirgen,0,12,0,12
14833,2026-05-14,2026,5,14,eulsever,1,0,2,3
14834,2026-05-14,2026,5,14,gayilmaz,8,1,0,9
14835,2026-05-14,2026,5,14,aozgun,1,0,0,1
14836,2026-05-14,2026,5,14,oicoz,10,0,0,10
14837,2026-05-14,2026,5,14,ckarahasan,3,13,0,16
14838,2026-05-14,2026,5,14,caozturk,28,0,0,28
14839,2026-05-14,2026,5,14,amasun,0,18,0,18
14840,2026-05-14,2026,5,14,fozay,11,1,0,12
14841,2026-05-14,2026,5,14,ekaragoz,3,0,0,3
14842,2026-05-14,2026,5,14,mertan,0,3,0,3
14843,2026-05-15,2026,5,15,ierdil,3,5,0,8
14844,2026-05-15,2026,5,15,udalyan,8,4,0,12
14845,2026-05-15,2026,5,15,bcigdem,3,1,0,4
14846,2026-05-15,2026,5,15,mguder,20,0,0,20
14847,2026-05-15,2026,5,15,mguray,7,2,0,9
14848,2026-05-15,2026,5,15,bfirat,20,0,0,20
14849,2026-05-15,2026,5,15,stjegitim,9,3,14,26
14850,2026-05-15,2026,5,15,mkarsiv,6,1,0,7
14851,2026-05-15,2026,5,15,hbinay,14,0,0,14
14852,2026-05-15,2026,5,15,gbalvan,0,4,0,4
14853,2026-05-15,2026,5,15,amasun,0,4,0,4
14854,2026-05-15,2026,5,15,rkontrol,2,0,0,2
14855,2026-05-15,2026,5,15,ckarahasan,12,15,0,27
14856,2026-05-15,2026,5,15,zyuksel,80,0,0,80
14857,2026-05-15,2026,5,15,eulsever,0,4,0,4
14858,2026-05-15,2026,5,15,gayilmaz,7,0,0,7
14859,2026-05-15,2026,5,15,ttlideri,8,10,0,18
14860,2026-05-15,2026,5,15,cer,28,0,0,28
14861,2026-05-15,2026,5,15,mkarabiyik,0,4,0,4
14862,2026-05-15,2026,5,15,mkofis,14,0,0,14
14863,2026-05-15,2026,5,15,MMUTLU,3,0,1,4
14864,2026-05-15,2026,5,15,akamera,0,8,0,8
14865,2026-05-15,2026,5,15,sucakir,8,0,0,8
14866,2026-05-15,2026,5,15,ggirgin,21,0,0,21
14867,2026-05-15,2026,5,15,mertan,1,1,0,2
14868,2026-05-15,2026,5,15,ayyilmaz,6,1,0,7
14869,2026-05-15,2026,5,15,tevirgen,4,8,0,12
14870,2026-05-15,2026,5,15,fimetin,42,6,0,48
14871,2026-05-16,2026,5,16,hbinay,6,0,0,6
14872,2026-05-16,2026,5,16,rkontrol,1,0,0,1
14873,2026-05-16,2026,5,16,mecigdem,0,2,0,2
14874,2026-05-16,2026,5,16,oicoz,43,1,0,44
14875,2026-05-16,2026,5,16,bsakrak,16,0,0,16
14876,2026-05-17,2026,5,17,bunver,2,0,0,2
14877,2026-05-17,2026,5,17,egonce,19,0,0,19
14878,2026-05-17,2026,5,17,fcolak,75,0,0,75
14879,2026-05-17,2026,5,17,cyildiz,2,0,0,2
14880,2026-05-17,2026,5,17,ierdil,2,8,0,10
14881,2026-05-17,2026,5,17,gekim,2,166,0,168
14882,2026-05-17,2026,5,17,ekaragoz,2,0,0,2
14883,2026-05-17,2026,5,17,dnoic,1,0,0,1
14884,2026-05-17,2026,5,17,gcevik,4,0,0,4
14885,2026-05-17,2026,5,17,nkorkmaz,1,0,1,2
14886,2026-05-17,2026,5,17,abarkod,0,3,0,3
14887,2026-05-17,2026,5,17,fbalaban,1,0,0,1
14888,2026-05-18,2026,5,18,fozay,2,0,0,2
14889,2026-05-18,2026,5,18,bsakrak,48,0,0,48
14890,2026-05-18,2026,5,18,gakca,3,0,0,3
14891,2026-05-18,2026,5,18,mecigdem,9,2,0,11
14892,2026-05-18,2026,5,18,mguder,2,0,0,2
14893,2026-05-18,2026,5,18,zyuksel,15,0,0,15
14894,2026-05-18,2026,5,18,ierdil,7,7,0,14
14895,2026-05-18,2026,5,18,mkarsiv,3,1,0,4
14896,2026-05-18,2026,5,18,cadonmez,8,0,0,8
14897,2026-05-18,2026,5,18,msevim,0,8,0,8
14898,2026-05-18,2026,5,18,mmollaoglu,1,0,0,1
14899,2026-05-18,2026,5,18,eozkan,5,0,0,5
14900,2026-05-18,2026,5,18,bfirat,8,0,0,8
14901,2026-05-18,2026,5,18,bunver,0,0,89,89
14902,2026-05-18,2026,5,18,amasun,6,76,0,82
14903,2026-05-18,2026,5,18,mguray,7,0,0,7
14904,2026-05-18,2026,5,18,caozturk,18,0,0,18
14905,2026-05-18,2026,5,18,udalyan,1,3,1,5
14906,2026-05-18,2026,5,18,ckarahasan,10,1,0,11
14907,2026-05-18,2026,5,18,akamera,0,30,0,30
14908,2026-05-18,2026,5,18,abarkod,0,1,0,1
14909,2026-05-18,2026,5,18,bkibar,0,6,0,6
14910,2026-05-18,2026,5,18,asablon,2,0,0,2
14911,2026-05-18,2026,5,18,obali,3,0,0,3
14912,2026-05-18,2026,5,18,MMUTLU,11,4,9,24
14913,2026-05-18,2026,5,18,fimetin,7,0,0,7
14914,2026-05-18,2026,5,18,eatasoy,0,2,0,2
14915,2026-05-18,2026,5,18,mkarabiyik,0,1,0,1
14916,2026-05-18,2026,5,18,mertan,4,2,0,6
14917,2026-05-18,2026,5,18,ayyilmaz,0,3,0,3
14918,2026-05-18,2026,5,18,dnoic,30,0,27,57
14919,2026-05-18,2026,5,18,tevirgen,8,10,12,30
14920,2026-05-18,2026,5,18,gayilmaz,7,15,0,22
14921,2026-05-18,2026,5,18,oicoz,3,1,0,4
14922,2026-05-18,2026,5,18,mkorucu,1,0,0,1
14923,2026-05-18,2026,5,18,ggirgin,36,0,0,36
14924,2026-05-19,2026,5,19,mecigdem,0,2,0,2
14925,2026-05-19,2026,5,19,ierdil,10,7,0,17
14926,2026-05-19,2026,5,19,cyildiz,1,0,0,1
14927,2026-05-19,2026,5,19,ersener,18,5,0,23
14928,2026-05-19,2026,5,19,egonce,52,1,0,53
14929,2026-05-19,2026,5,19,dcolor,2,0,0,2
14930,2026-05-19,2026,5,19,aapak,16,86,0,102
14931,2026-05-19,2026,5,19,mkarsiv,0,2,0,2
14932,2026-05-19,2026,5,19,ubasdas,2,0,0,2
14933,2026-05-19,2026,5,19,fgulsever,0,25,0,25
14934,2026-05-19,2026,5,19,gekim,0,85,0,85
14935,2026-05-19,2026,5,19,dnoic,2,0,0,2
14936,2026-05-19,2026,5,19,oicoz,274,11,0,285
14937,2026-05-19,2026,5,19,aozgun,1,0,0,1
14938,2026-05-19,2026,5,19,TIRMAK,0,2,0,2
14939,2026-05-19,2026,5,19,fakgul,4,0,0,4
14940,2026-05-19,2026,5,19,aayhan,6,9,2,17
14941,2026-05-19,2026,5,19,abarkod,0,31,0,31
14942,2026-05-19,2026,5,19,bsakrak,4,0,0,4
14943,2026-05-20,2026,5,20,fgulsever,3,84,0,87
14944,2026-05-20,2026,5,20,hakand,2,5,0,7
14945,2026-05-20,2026,5,20,mecigdem,1,2,0,3
14946,2026-05-20,2026,5,20,udalyan,3,7,3,13
14947,2026-05-20,2026,5,20,bsakrak,2,0,0,2
14948,2026-05-20,2026,5,20,ubasdas,32,0,0,32
14949,2026-05-20,2026,5,20,gakca,2,2,0,4
14950,2026-05-20,2026,5,20,bunver,14,1,0,15
14951,2026-05-20,2026,5,20,gekim,0,87,0,87
14952,2026-05-20,2026,5,20,aapak,0,61,0,61
14953,2026-05-20,2026,5,20,carican,2,2,0,4
14954,2026-05-20,2026,5,20,egonce,96,2,0,98
14955,2026-05-20,2026,5,20,mguray,1,0,0,1
14956,2026-05-20,2026,5,20,stjegitim,4,0,0,4
14957,2026-05-20,2026,5,20,mkarsiv,3,0,0,3
14958,2026-05-20,2026,5,20,uunver,13,1,0,14
14959,2026-05-20,2026,5,20,msevim,0,3,0,3
14960,2026-05-20,2026,5,20,eozkan,1,1,0,2
14961,2026-05-20,2026,5,20,gbalvan,0,4,0,4
14962,2026-05-20,2026,5,20,ersener,67,0,0,67
14963,2026-05-20,2026,5,20,bfirat,70,0,0,70
14964,2026-05-20,2026,5,20,VBAYANER,0,1,0,1
14965,2026-05-20,2026,5,20,gbakanoglu,4,1,0,5
14966,2026-05-20,2026,5,20,ierdil,2,7,0,9
14967,2026-05-20,2026,5,20,cozkan,3,0,0,3
14968,2026-05-20,2026,5,20,gsapmaz,0,1,0,1
14969,2026-05-20,2026,5,20,amasun,1,61,0,62
14970,2026-05-20,2026,5,20,beozturk,19,0,0,19
14971,2026-05-20,2026,5,20,abarkod,0,4,0,4
14972,2026-05-20,2026,5,20,bkibar,0,5,0,5
14973,2026-05-20,2026,5,20,asablon,4,0,0,4
14974,2026-05-20,2026,5,20,aayhan,0,1,0,1
14975,2026-05-20,2026,5,20,fyilanci,0,5,0,5
14976,2026-05-20,2026,5,20,mkarabiyik,0,19,0,19
14977,2026-05-20,2026,5,20,dyavuzkasap,8,0,0,8
14978,2026-05-20,2026,5,20,obali,2,0,0,2
14979,2026-05-20,2026,5,20,MMUTLU,1,1,1,3
14980,2026-05-20,2026,5,20,fimetin,14,1,0,15
14981,2026-05-20,2026,5,20,akamera,0,4,0,4
14982,2026-05-20,2026,5,20,ggirgin,18,0,3,21
14983,2026-05-20,2026,5,20,ekaradavut,4,6,0,10
14984,2026-05-20,2026,5,20,mertan,5,2,0,7
14985,2026-05-20,2026,5,20,tevirgen,13,15,13,41
14986,2026-05-20,2026,5,20,eulsever,1,0,0,1
14987,2026-05-20,2026,5,20,gayilmaz,6,10,0,16
14988,2026-05-20,2026,5,20,aozgun,18,6,0,24
14989,2026-05-20,2026,5,20,oicoz,4,1,0,5
14990,2026-05-20,2026,5,20,mkorucu,0,1,0,1
14991,2026-05-20,2026,5,20,ckarahasan,10,12,0,22
14992,2026-05-20,2026,5,20,sucakir,7,3,0,10
14993,2026-05-20,2026,5,20,caozturk,14,2,0,16
14994,2026-05-21,2026,5,21,zyuksel,6,19,0,25
14995,2026-05-21,2026,5,21,fgulsever,3,46,0,49
14996,2026-05-21,2026,5,21,BSOGUT,0,0,3,3
14997,2026-05-21,2026,5,21,aapak,0,39,0,39
14998,2026-05-21,2026,5,21,mecigdem,2,1,0,3
14999,2026-05-21,2026,5,21,udalyan,1,3,24,28
15000,2026-05-21,2026,5,21,ierdil,2,6,0,8
15001,2026-05-21,2026,5,21,hakand,11,0,0,11
15002,2026-05-21,2026,5,21,rkontrol,2,0,0,2
15003,2026-05-21,2026,5,21,egonce,33,2,0,35
15004,2026-05-21,2026,5,21,stjegitim,1,0,0,1
15005,2026-05-21,2026,5,21,nkaya,3,0,0,3
15006,2026-05-21,2026,5,21,fcolak,3,1,0,4
15007,2026-05-21,2026,5,21,mkarsiv,1,0,0,1
15008,2026-05-21,2026,5,21,uunver,8,0,0,8
15009,2026-05-21,2026,5,21,msevim,0,1,0,1
15010,2026-05-21,2026,5,21,gbalvan,0,12,0,12
15011,2026-05-21,2026,5,21,bfirat,46,0,0,46
15012,2026-05-21,2026,5,21,bunver,2,1,0,3
15013,2026-05-21,2026,5,21,ubasdas,32,0,0,32
15014,2026-05-21,2026,5,21,ytinmaz,1,0,0,1
15015,2026-05-21,2026,5,21,gakca,3,0,0,3
15016,2026-05-21,2026,5,21,dnoic,1,1,0,2
15017,2026-05-21,2026,5,21,gekim,0,94,0,94
15018,2026-05-21,2026,5,21,abarkod,0,1,0,1
15019,2026-05-21,2026,5,21,ntanriverdi,0,3,0,3
15020,2026-05-21,2026,5,21,bkibar,0,1,0,1
15021,2026-05-21,2026,5,21,fyakut,0,1,0,1
15022,2026-05-21,2026,5,21,ogun,0,0,40,40
15023,2026-05-21,2026,5,21,dyavuzkasap,0,2,0,2
15024,2026-05-21,2026,5,21,fimetin,10,1,0,11
15025,2026-05-21,2026,5,21,sucakir,8,0,0,8
15026,2026-05-21,2026,5,21,snazli,0,1,0,1
15027,2026-05-21,2026,5,21,ggirgin,9,0,0,9
15028,2026-05-21,2026,5,21,asablon,4,0,0,4
15029,2026-05-21,2026,5,21,mertan,0,26,0,26
15030,2026-05-21,2026,5,21,tevirgen,2,3,0,5
15031,2026-05-21,2026,5,21,eulsever,3,0,0,3
15032,2026-05-21,2026,5,21,oicoz,4,0,0,4
15033,2026-05-21,2026,5,21,ckarahasan,14,16,0,30
15034,2026-05-21,2026,5,21,caozturk,77,6,0,83
15035,2026-05-21,2026,5,21,amasun,1,44,0,45
15036,2026-05-21,2026,5,21,fozay,4,0,0,4
15037,2026-05-21,2026,5,21,ekaragoz,5,0,0,5
15038,2026-05-21,2026,5,21,ekaradavut,46,6,0,52
15039,2026-05-22,2026,5,22,bfirat,30,0,0,30
15040,2026-05-22,2026,5,22,bsakrak,25,0,0,25
15041,2026-05-22,2026,5,22,fyakut,0,13,0,13
15042,2026-05-22,2026,5,22,gakca,2,1,0,3
15043,2026-05-22,2026,5,22,mecigdem,0,2,0,2
15044,2026-05-22,2026,5,22,hakand,1,0,0,1
15045,2026-05-22,2026,5,22,mmollaoglu,11,0,0,11
15046,2026-05-22,2026,5,22,mguder,7,8,0,15
15047,2026-05-22,2026,5,22,zyuksel,19,0,0,19
15048,2026-05-22,2026,5,22,ierdil,9,6,0,15
15049,2026-05-22,2026,5,22,gbalvan,0,2,0,2
15050,2026-05-22,2026,5,22,fozay,1,0,0,1
15051,2026-05-22,2026,5,22,gsapmaz,12,0,0,12
15052,2026-05-22,2026,5,22,amasun,0,80,0,80
15053,2026-05-22,2026,5,22,oicoz,1,0,0,1
15054,2026-05-22,2026,5,22,ckarahasan,5,3,0,8
15055,2026-05-22,2026,5,22,caozturk,57,0,0,57
15056,2026-05-22,2026,5,22,akamera,0,3,0,3
15057,2026-05-22,2026,5,22,cer,0,1,0,1
15058,2026-05-22,2026,5,22,MMUTLU,6,0,6,12
15059,2026-05-22,2026,5,22,fimetin,14,4,0,18
15060,2026-05-22,2026,5,22,ntanriverdi,0,2,0,2
15061,2026-05-22,2026,5,22,ggirgin,1,2,0,3
15062,2026-05-22,2026,5,22,mertan,2,1,0,3
15063,2026-05-22,2026,5,22,ayyilmaz,2,3,0,5
15064,2026-05-22,2026,5,22,tevirgen,9,12,1,22
15065,2026-05-22,2026,5,22,gayilmaz,14,0,0,14
15066,2026-05-22,2026,5,22,sucakir,4,8,0,12
15067,2026-05-23,2026,5,23,merkan,27,0,0,27
15068,2026-05-23,2026,5,23,mecigdem,0,3,0,3
15069,2026-05-23,2026,5,23,mkarsiv,1,0,0,1
15070,2026-05-24,2026,5,24,fgulsever,0,41,0,41
15071,2026-05-24,2026,5,24,mkarsiv,1,0,0,1
15072,2026-05-24,2026,5,24,fcolak,13,0,0,13
15073,2026-05-24,2026,5,24,rkontrol,1,0,0,1
15074,2026-05-24,2026,5,24,ierdil,3,7,0,10
15075,2026-05-24,2026,5,24,aapak,0,75,0,75
15076,2026-05-24,2026,5,24,aozgun,2,0,0,2
15077,2026-05-24,2026,5,24,sfirinci,3,1,0,4
15078,2026-05-24,2026,5,24,iunlu,26,0,0,26
15079,2026-05-24,2026,5,24,mkofis,6,0,0,6
15080,2026-05-24,2026,5,24,tcapkin,2,0,0,2
15081,2026-05-24,2026,5,24,abarkod,0,7,0,7
15082,2026-05-24,2026,5,24,ubasdas,2,0,0,2
15083,2026-05-25,2026,5,25,hakand,6,1,0,7
15084,2026-05-25,2026,5,25,gsapmaz,2,2,0,4
15085,2026-05-25,2026,5,25,mguder,19,0,0,19
15086,2026-05-25,2026,5,25,zyuksel,15,0,0,15
15087,2026-05-25,2026,5,25,sekisa,10,0,0,10
15088,2026-05-25,2026,5,25,mguray,4,0,0,4
15089,2026-05-25,2026,5,25,mkarsiv,1,0,0,1
15090,2026-05-25,2026,5,25,msevim,2,3,0,5
15091,2026-05-25,2026,5,25,udalyan,6,3,0,9
15092,2026-05-25,2026,5,25,ierdil,6,4,0,10
15093,2026-05-25,2026,5,25,gakca,11,2,0,13
15094,2026-05-25,2026,5,25,obali,6,3,2,11
15095,2026-05-25,2026,5,25,ckarahasan,14,18,0,32
15096,2026-05-25,2026,5,25,oicoz,16,0,0,16
15097,2026-05-25,2026,5,25,gayilmaz,1,29,0,30
15098,2026-05-25,2026,5,25,mertan,2,1,0,3
15099,2026-05-25,2026,5,25,ggirgin,21,0,0,21
15100,2026-05-25,2026,5,25,fimetin,3,4,0,7
15101,2026-05-25,2026,5,25,ntanriverdi,0,2,0,2
15102,2026-05-25,2026,5,25,ttlideri,0,20,0,20
15103,2026-05-25,2026,5,25,abarkod,0,1,0,1
15104,2026-05-25,2026,5,25,amasun,0,43,0,43
15105,2026-05-26,2026,5,26,hbinay,1,0,0,1
15106,2026-05-26,2026,5,26,udalyan,0,2,0,2
15107,2026-05-26,2026,5,26,oicoz,0,1,0,1
15108,2026-05-26,2026,5,26,ggirgin,0,0,22,22
15109,2026-05-31,2026,5,31,fgulsever,0,230,0,230
15110,2026-05-31,2026,5,31,ersener,19,0,0,19
15111,2026-05-31,2026,5,31,mbayirli,9,0,0,9
15112,2026-05-31,2026,5,31,fdeniz,1,0,0,1
15113,2026-05-31,2026,5,31,egonce,7,5,0,12
15114,2026-05-31,2026,5,31,fcolak,10,0,0,10
15115,2026-05-31,2026,5,31,bbugdayci,0,3,0,3
15116,2026-05-31,2026,5,31,aildeniz,1,0,0,1
15117,2026-05-31,2026,5,31,ierdil,0,7,0,7
15118,2026-05-31,2026,5,31,okelepe,0,1,0,1
15119,2026-05-31,2026,5,31,sapra,0,0,2,2
15120,2026-05-31,2026,5,31,iunlu,1,1,0,2
15121,2026-05-31,2026,5,31,aapak,16,7,0,23
15122,2026-05-31,2026,5,31,edemirbas,0,6,0,6
15123,2026-05-31,2026,5,31,hktlideri,4,6,0,10
15124,2026-05-31,2026,5,31,aayhan,51,110,0,161
15125,2026-05-31,2026,5,31,abarkod,0,25,0,25
15126,2026-05-31,2026,5,31,aozgun,19,0,0,19
15127,2026-05-31,2026,5,31,dnoic,21,2,0,23
15128,2026-05-31,2026,5,31,gbakanoglu,3,0,0,3
15129,2026-05-31,2026,5,31,gekim,0,97,0,97
15130,2026-05-31,2026,5,31,tevirgen,0,0,15,15
15131,2026-06-01,2026,6,1,eanli,4,12,0,16
15132,2026-06-01,2026,6,1,okelepe,1,0,0,1
15133,2026-06-01,2026,6,1,gbakanoglu,1,0,0,1
15134,2026-06-01,2026,6,1,gekim,0,61,1,62
15135,2026-06-01,2026,6,1,iunlu,5,0,0,5
15136,2026-06-01,2026,6,1,sfirinci,4,0,0,4
15137,2026-06-01,2026,6,1,aapak,6,2,0,8
15138,2026-06-01,2026,6,1,udalyan,8,3,0,11
15139,2026-06-01,2026,6,1,mecigdem,16,2,0,18
15140,2026-06-01,2026,6,1,fgulsever,1,76,0,77
15141,2026-06-01,2026,6,1,mguray,7,0,0,7
15142,2026-06-01,2026,6,1,mguder,40,0,0,40
15143,2026-06-01,2026,6,1,zyuksel,1,0,0,1
15144,2026-06-01,2026,6,1,ierdil,9,8,0,17
15145,2026-06-01,2026,6,1,fozay,4,1,0,5
15146,2026-06-01,2026,6,1,stjegitim,4,8,7,19
15147,2026-06-01,2026,6,1,fcolak,24,12,0,36
15148,2026-06-01,2026,6,1,mkarsiv,4,0,0,4
15149,2026-06-01,2026,6,1,ddcozgu,5,0,0,5
15150,2026-06-01,2026,6,1,egonce,27,17,0,44
15151,2026-06-01,2026,6,1,msevim,0,7,0,7
15152,2026-06-01,2026,6,1,VBAYANER,10,0,0,10
15153,2026-06-01,2026,6,1,gsapmaz,9,0,0,9
15154,2026-06-01,2026,6,1,amasun,0,18,0,18
15155,2026-06-01,2026,6,1,gakca,10,0,0,10
15156,2026-06-01,2026,6,1,dnoic,3,0,14,17
15157,2026-06-01,2026,6,1,caozturk,12,30,0,42
15158,2026-06-01,2026,6,1,abarkod,0,5,0,5
15159,2026-06-01,2026,6,1,ttlideri,22,0,0,22
15160,2026-06-01,2026,6,1,ntanriverdi,0,8,0,8
15161,2026-06-01,2026,6,1,bkibar,0,1,0,1
15162,2026-06-01,2026,6,1,asablon,16,0,0,16
15163,2026-06-01,2026,6,1,mkarabiyik,0,2,0,2
15164,2026-06-01,2026,6,1,mkofis,15,0,0,15
15165,2026-06-01,2026,6,1,dyavuzkasap,1,0,0,1
15166,2026-06-01,2026,6,1,obali,3,9,0,12
15167,2026-06-01,2026,6,1,MMUTLU,20,4,6,30
15168,2026-06-01,2026,6,1,cer,11,0,0,11
15169,2026-06-01,2026,6,1,sucakir,1,0,0,1
15170,2026-06-01,2026,6,1,fimetin,8,0,0,8
15171,2026-06-01,2026,6,1,aozgun,6,0,0,6
15172,2026-06-01,2026,6,1,nibolkis,10,0,0,10
15173,2026-06-01,2026,6,1,ogungor,31,0,0,31
15174,2026-06-01,2026,6,1,eulsever,4,4,0,8
15175,2026-06-01,2026,6,1,ckarahasan,34,12,0,46
15176,2026-06-01,2026,6,1,ayyilmaz,0,1,0,1
15177,2026-06-01,2026,6,1,mertan,1,1,0,2
15178,2026-06-01,2026,6,1,ggirgin,6,0,0,6
15179,2026-06-01,2026,6,1,tevirgen,35,7,0,42
15180,2026-06-02,2026,6,2,fgulsever,0,1,0,1
15181,2026-06-02,2026,6,2,gekim,0,75,0,75
15182,2026-06-02,2026,6,2,saskin,11,0,0,11
15183,2026-06-02,2026,6,2,sfirinci,1,0,0,1
15184,2026-06-02,2026,6,2,gakca,5,0,0,5
15185,2026-06-02,2026,6,2,aapak,0,23,1,24
15186,2026-06-02,2026,6,2,udalyan,3,4,5,12
15187,2026-06-02,2026,6,2,mecigdem,16,1,0,17
15188,2026-06-02,2026,6,2,BSOGUT,0,2,0,2
15189,2026-06-02,2026,6,2,bcigdem,2,0,0,2
15190,2026-06-02,2026,6,2,okelepe,107,1,0,108
15191,2026-06-02,2026,6,2,gbalvan,0,4,0,4
15192,2026-06-02,2026,6,2,sapra,2,2,0,4
15193,2026-06-02,2026,6,2,zyuksel,0,1,0,1
15194,2026-06-02,2026,6,2,ierdil,1,9,0,10
15195,2026-06-02,2026,6,2,ebadem,2,0,0,2
15196,2026-06-02,2026,6,2,fcolak,2,0,0,2
15197,2026-06-02,2026,6,2,mkarsiv,1,0,0,1
15198,2026-06-02,2026,6,2,ddcozgu,28,0,0,28
15199,2026-06-02,2026,6,2,egonce,72,0,0,72
15200,2026-06-02,2026,6,2,uunver,14,0,0,14
15201,2026-06-02,2026,6,2,msevim,1,9,0,10
15202,2026-06-02,2026,6,2,hbinay,33,0,0,33
15203,2026-06-02,2026,6,2,gbakanoglu,1,0,0,1
15204,2026-06-02,2026,6,2,itopcu,6,11,0,17
15205,2026-06-02,2026,6,2,fozay,1,4,0,5
15206,2026-06-02,2026,6,2,fimetin,5,0,0,5
15207,2026-06-02,2026,6,2,amasun,2,100,0,102
15208,2026-06-02,2026,6,2,beozturk,2,0,0,2
15209,2026-06-02,2026,6,2,edemirbas,8,0,0,8
15210,2026-06-02,2026,6,2,ttlideri,1,0,0,1
15211,2026-06-02,2026,6,2,tcapkin,0,6,0,6
15212,2026-06-02,2026,6,2,ntanriverdi,2,44,0,46
15213,2026-06-02,2026,6,2,gmasistan,0,0,1,1
15214,2026-06-02,2026,6,2,bkibar,0,3,0,3
15215,2026-06-02,2026,6,2,asablon,12,0,0,12
15216,2026-06-02,2026,6,2,tyaman,7,0,0,7
15217,2026-06-02,2026,6,2,cer,13,1,0,14
15218,2026-06-02,2026,6,2,aayhan,7,2,0,9
15219,2026-06-02,2026,6,2,abarkod,0,23,0,23
15220,2026-06-02,2026,6,2,sucakir,1,1,0,2
15221,2026-06-02,2026,6,2,ggirgin,6,7,0,13
15222,2026-06-02,2026,6,2,mertan,5,9,0,14
15223,2026-06-02,2026,6,2,ayyilmaz,4,0,0,4
15224,2026-06-02,2026,6,2,tevirgen,6,1,15,22
15225,2026-06-02,2026,6,2,gayilmaz,5,0,0,5
15226,2026-06-02,2026,6,2,aozgun,7,0,0,7
15227,2026-06-02,2026,6,2,oicoz,2,0,0,2
15228,2026-06-02,2026,6,2,ckarahasan,3,10,0,13
15229,2026-06-02,2026,6,2,dnoic,110,6,2,118
15230,2026-06-02,2026,6,2,caozturk,35,0,1,36
15231,2026-06-02,2026,6,2,obali,0,0,2,2
15232,2026-06-03,2026,6,3,zyuksel,1,0,0,1
15233,2026-06-03,2026,6,3,fgulsever,0,38,0,38
15234,2026-06-03,2026,6,3,okelepe,5,0,0,5
15235,2026-06-03,2026,6,3,gakca,1,0,0,1
15236,2026-06-03,2026,6,3,mecigdem,0,2,0,2
15237,2026-06-03,2026,6,3,udalyan,11,7,3,21
15238,2026-06-03,2026,6,3,aapak,0,8,0,8
15239,2026-06-03,2026,6,3,ierdil,0,5,0,5
15240,2026-06-03,2026,6,3,hakand,2,1,0,3
15241,2026-06-03,2026,6,3,aildeniz,8,0,0,8
15242,2026-06-03,2026,6,3,msevim,0,1,0,1
15243,2026-06-03,2026,6,3,fcolak,6,4,0,10
15244,2026-06-03,2026,6,3,ddcozgu,13,0,0,13
15245,2026-06-03,2026,6,3,egonce,11,2,0,13
15246,2026-06-03,2026,6,3,sapra,0,0,4,4
15247,2026-06-03,2026,6,3,gbalvan,3,1,0,4
15248,2026-06-03,2026,6,3,akocak,0,4,0,4
15249,2026-06-03,2026,6,3,VBAYANER,2,1,0,3
15250,2026-06-03,2026,6,3,bunver,16,0,0,16
15251,2026-06-03,2026,6,3,gekim,0,120,0,120
15252,2026-06-03,2026,6,3,stjegitim,5,0,0,5
15253,2026-06-03,2026,6,3,fozay,6,4,0,10
15254,2026-06-03,2026,6,3,mkarsiv,9,0,0,9
15255,2026-06-03,2026,6,3,amasun,1,5,0,6
15256,2026-06-03,2026,6,3,beozturk,2,0,0,2
15257,2026-06-03,2026,6,3,abarkod,0,7,0,7
15258,2026-06-03,2026,6,3,ntanriverdi,0,10,0,10
15259,2026-06-03,2026,6,3,bkibar,0,13,0,13
15260,2026-06-03,2026,6,3,asablon,2,0,0,2
15261,2026-06-03,2026,6,3,ogun,26,3,0,29
15262,2026-06-03,2026,6,3,aayhan,0,1,24,25
15263,2026-06-03,2026,6,3,mkarabiyik,0,1,0,1
15264,2026-06-03,2026,6,3,obali,0,3,0,3
15265,2026-06-03,2026,6,3,MMUTLU,3,0,2,5
15266,2026-06-03,2026,6,3,akamera,2,0,0,2
15267,2026-06-03,2026,6,3,sucakir,8,4,0,12
15268,2026-06-03,2026,6,3,ggirgin,122,6,0,128
15269,2026-06-03,2026,6,3,ekaradavut,3,0,0,3
15270,2026-06-03,2026,6,3,sulger,0,1,4,5
15271,2026-06-03,2026,6,3,mertan,1,0,0,1
15272,2026-06-03,2026,6,3,tevirgen,1,1,2,4
15273,2026-06-03,2026,6,3,gayilmaz,4,1,0,5
15274,2026-06-03,2026,6,3,oicoz,4,71,0,75
15275,2026-06-03,2026,6,3,ckarahasan,15,19,0,34
15276,2026-06-03,2026,6,3,fimetin,33,0,0,33
15277,2026-06-03,2026,6,3,caozturk,0,6,0,6
15278,2026-06-04,2026,6,4,ierdil,2,5,0,7
15279,2026-06-04,2026,6,4,mguder,18,5,0,23
15280,2026-06-04,2026,6,4,ubasdas,1,0,0,1
15281,2026-06-04,2026,6,4,mecigdem,0,1,0,1
15282,2026-06-04,2026,6,4,aapak,0,1,0,1
15283,2026-06-04,2026,6,4,mguray,4,0,0,4
15284,2026-06-04,2026,6,4,fgulsever,0,19,0,19
15285,2026-06-04,2026,6,4,stjegitim,6,7,0,13
15286,2026-06-04,2026,6,4,msevim,0,3,0,3
15287,2026-06-04,2026,6,4,mkarsiv,3,0,0,3
15288,2026-06-04,2026,6,4,ddcozgu,6,0,0,6
15289,2026-06-04,2026,6,4,egonce,6,1,0,7
15290,2026-06-04,2026,6,4,hbinay,5,0,0,5
15291,2026-06-04,2026,6,4,mmollaoglu,2,0,2,4
15292,2026-06-04,2026,6,4,gbalvan,0,4,0,4
15293,2026-06-04,2026,6,4,ersener,4,0,0,4
15294,2026-06-04,2026,6,4,bunver,20,2,0,22
15295,2026-06-04,2026,6,4,gakca,3,0,0,3
15296,2026-06-04,2026,6,4,fcolak,1,12,0,13
15297,2026-06-04,2026,6,4,sfirinci,2,0,0,2
15298,2026-06-04,2026,6,4,aozgun,5,9,0,14
15299,2026-06-04,2026,6,4,amasun,1,51,0,52
15300,2026-06-04,2026,6,4,abarkod,0,8,0,8
15301,2026-06-04,2026,6,4,gmasistan,5,0,13,18
15302,2026-06-04,2026,6,4,gekim,0,86,0,86
15303,2026-06-04,2026,6,4,cer,1,0,0,1
15304,2026-06-04,2026,6,4,aayhan,0,8,0,8
15305,2026-06-04,2026,6,4,mkarabiyik,0,1,0,1
15306,2026-06-04,2026,6,4,mkofis,20,0,0,20
15307,2026-06-04,2026,6,4,MMUTLU,1,4,0,5
15308,2026-06-04,2026,6,4,sucakir,4,0,0,4
15309,2026-06-04,2026,6,4,bkibar,0,1,0,1
15310,2026-06-04,2026,6,4,ekaradavut,5,0,0,5
15311,2026-06-04,2026,6,4,ayyilmaz,2,0,0,2
15312,2026-06-04,2026,6,4,tevirgen,12,5,0,17
15313,2026-06-04,2026,6,4,gayilmaz,3,0,0,3
15314,2026-06-04,2026,6,4,okanat,0,1,0,1
15315,2026-06-04,2026,6,4,mkorucu,8,0,0,8
15316,2026-06-04,2026,6,4,ckarahasan,23,10,0,33
15317,2026-06-04,2026,6,4,dnoic,11,1,12,24
15318,2026-06-04,2026,6,4,ggirgin,3,0,19,22
15319,2026-06-05,2026,6,5,carican,1,0,0,1
15320,2026-06-05,2026,6,5,mguder,38,0,0,38
15321,2026-06-05,2026,6,5,zyuksel,15,0,0,15
15322,2026-06-05,2026,6,5,ierdil,3,5,0,8
15323,2026-06-05,2026,6,5,mguray,4,0,0,4
15324,2026-06-05,2026,6,5,eozkan,5,0,0,5
15325,2026-06-05,2026,6,5,stjegitim,2,102,6,110
15326,2026-06-05,2026,6,5,msevim,0,1,0,1
15327,2026-06-05,2026,6,5,hbinay,12,0,0,12
15328,2026-06-05,2026,6,5,gbalvan,0,5,0,5
15329,2026-06-05,2026,6,5,bcigdem,1,0,0,1
15330,2026-06-05,2026,6,5,VBAYANER,5,0,0,5
15331,2026-06-05,2026,6,5,hakand,40,0,0,40
15332,2026-06-05,2026,6,5,ayyilmaz,1,0,0,1
15333,2026-06-05,2026,6,5,udalyan,2,3,0,5
15334,2026-06-05,2026,6,5,asablon,0,2,0,2
15335,2026-06-05,2026,6,5,mkarabiyik,0,4,0,4
15336,2026-06-05,2026,6,5,MMUTLU,20,3,8,31
15337,2026-06-05,2026,6,5,fimetin,5,0,0,5
15338,2026-06-05,2026,6,5,ggirgin,127,2,0,129
15339,2026-06-05,2026,6,5,mecigdem,0,1,0,1
15340,2026-06-05,2026,6,5,ckarahasan,9,12,0,21
15341,2026-06-05,2026,6,5,amasun,0,26,0,26
15342,2026-06-05,2026,6,5,fozay,21,6,0,27
15343,2026-06-05,2026,6,5,bsakrak,45,0,0,45
15344,2026-06-05,2026,6,5,gakca,4,0,0,4
15345,2026-06-05,2026,6,5,tevirgen,0,1,18,19
15346,2026-06-06,2026,6,6,mkarsiv,1,0,0,1
15347,2026-06-06,2026,6,6,hbinay,21,0,0,21
15348,2026-06-06,2026,6,6,asablon,0,2,0,2
15349,2026-06-06,2026,6,6,mecigdem,2,3,0,5
15350,2026-06-07,2026,6,7,aapak,12,44,0,56
15351,2026-06-07,2026,6,7,egonce,10,2,0,12
15352,2026-06-07,2026,6,7,mkarsiv,1,0,0,1
15353,2026-06-07,2026,6,7,fcolak,1,0,0,1
15354,2026-06-07,2026,6,7,aakyildiz,9,0,0,9
15355,2026-06-07,2026,6,7,bbugdayci,0,1,0,1
15356,2026-06-07,2026,6,7,fgulsever,0,8,0,8
15357,2026-06-07,2026,6,7,okelepe,18,0,0,18
15358,2026-06-07,2026,6,7,bsakrak,13,3,0,16
15359,2026-06-07,2026,6,7,ierdil,2,24,0,26
15360,2026-06-07,2026,6,7,ekaragoz,0,0,16,16
15361,2026-06-07,2026,6,7,mkorucu,1,0,0,1
15362,2026-06-07,2026,6,7,busyilmaz,0,0,1,1
15363,2026-06-07,2026,6,7,mkofis,2,0,0,2
15364,2026-06-07,2026,6,7,aayhan,37,6,0,43
15365,2026-06-07,2026,6,7,tcapkin,0,11,0,11
15366,2026-06-07,2026,6,7,edemirbas,1,0,0,1
15367,2026-06-07,2026,6,7,abarkod,0,5,0,5
15368,2026-06-07,2026,6,7,gekim,2,97,0,99
15369,2026-06-08,2026,6,8,ierdil,1,7,0,8
15370,2026-06-08,2026,6,8,mguder,13,1,0,14
15371,2026-06-08,2026,6,8,gsapmaz,32,4,0,36
15372,2026-06-08,2026,6,8,itopcu,5,0,0,5
15373,2026-06-08,2026,6,8,udalyan,4,3,0,7
15374,2026-06-08,2026,6,8,hakand,95,0,0,95
15375,2026-06-08,2026,6,8,mecigdem,0,1,0,1
15376,2026-06-08,2026,6,8,rkontrol,9,0,0,9
15377,2026-06-08,2026,6,8,aapak,0,15,0,15
15378,2026-06-08,2026,6,8,gakca,4,0,0,4
15379,2026-06-08,2026,6,8,fgulsever,0,10,0,10
15380,2026-06-08,2026,6,8,fcolak,4,0,0,4
15381,2026-06-08,2026,6,8,hbinay,4,0,0,4
15382,2026-06-08,2026,6,8,egonce,7,3,0,10
15383,2026-06-08,2026,6,8,msevim,1,9,0,10
15384,2026-06-08,2026,6,8,mmollaoglu,1,0,0,1
15385,2026-06-08,2026,6,8,tcakan,2,0,0,2
15386,2026-06-08,2026,6,8,sapra,0,0,2,2
15387,2026-06-08,2026,6,8,eozkan,4,0,0,4
15388,2026-06-08,2026,6,8,bdagdeviren,0,0,32,32
15389,2026-06-08,2026,6,8,bfirat,13,1,0,14
15390,2026-06-08,2026,6,8,VBAYANER,52,16,0,68
15391,2026-06-08,2026,6,8,bunver,0,1,0,1
15392,2026-06-08,2026,6,8,gekim,0,92,0,92
15393,2026-06-08,2026,6,8,ddcozgu,2,0,0,2
15394,2026-06-08,2026,6,8,gbakanoglu,3,0,0,3
15395,2026-06-08,2026,6,8,busyilmaz,0,1,6,7
15396,2026-06-08,2026,6,8,amasun,0,75,0,75
15397,2026-06-08,2026,6,8,akamera,0,13,0,13
15398,2026-06-08,2026,6,8,abarkod,0,2,0,2
15399,2026-06-08,2026,6,8,fozay,32,5,0,37
15400,2026-06-08,2026,6,8,oyurtsever,13,18,0,31
15401,2026-06-08,2026,6,8,ntanriverdi,0,8,0,8
15402,2026-06-08,2026,6,8,gmasistan,2,1,9,12
15403,2026-06-08,2026,6,8,asablon,1,0,0,1
15404,2026-06-08,2026,6,8,fyilanci,0,3,0,3
15405,2026-06-08,2026,6,8,mkarabiyik,0,1,0,1
15406,2026-06-08,2026,6,8,obali,0,10,12,22
15407,2026-06-08,2026,6,8,MMUTLU,1,4,0,5
15408,2026-06-08,2026,6,8,fimetin,7,0,0,7
15409,2026-06-08,2026,6,8,tcapkin,2,7,0,9
15410,2026-06-08,2026,6,8,ggirgin,157,0,0,157
15411,2026-06-08,2026,6,8,sucakir,7,6,0,13
15412,2026-06-08,2026,6,8,dnoic,26,1,0,27
15413,2026-06-08,2026,6,8,aozgun,358,0,0,358
15414,2026-06-08,2026,6,8,kcakir,7,0,0,7
15415,2026-06-08,2026,6,8,TIRMAK,1,1,0,2
15416,2026-06-08,2026,6,8,ckarahasan,5,7,0,12
15417,2026-06-08,2026,6,8,gayilmaz,19,1,0,20
15418,2026-06-08,2026,6,8,tevirgen,21,7,1,29
15419,2026-06-08,2026,6,8,ayyilmaz,0,3,0,3
15420,2026-06-08,2026,6,8,mertan,0,1,0,1
15421,2026-06-08,2026,6,8,ekaradavut,4,0,0,4
15422,2026-06-09,2026,6,9,mguder,3,0,0,3
15423,2026-06-09,2026,6,9,udalyan,5,3,4,12
15424,2026-06-09,2026,6,9,mecigdem,1,2,0,3
15425,2026-06-09,2026,6,9,hakand,55,19,9,83
15426,2026-06-09,2026,6,9,BSOGUT,0,1,0,1
15427,2026-06-09,2026,6,9,okelepe,140,20,0,160
15428,2026-06-09,2026,6,9,fgulsever,0,55,0,55
15429,2026-06-09,2026,6,9,itopcu,29,10,0,39
15430,2026-06-09,2026,6,9,aapak,2,11,0,13
15431,2026-06-09,2026,6,9,zyuksel,2,0,16,18
15432,2026-06-09,2026,6,9,sekisa,16,0,0,16
15433,2026-06-09,2026,6,9,rkontrol,3,0,0,3
15434,2026-06-09,2026,6,9,cadonmez,2,0,0,2
15435,2026-06-09,2026,6,9,stjegitim,3,0,0,3
15436,2026-06-09,2026,6,9,aakyildiz,3,0,0,3
15437,2026-06-09,2026,6,9,egonce,9,4,0,13
15438,2026-06-09,2026,6,9,herbilgin,21,0,0,21
15439,2026-06-09,2026,6,9,fdeniz,7,0,0,7
15440,2026-06-09,2026,6,9,msevim,0,2,0,2
15441,2026-06-09,2026,6,9,gakca,2,0,0,2
15442,2026-06-09,2026,6,9,ierdil,1,9,0,10
15443,2026-06-09,2026,6,9,fyakut,12,15,0,27
15444,2026-06-09,2026,6,9,bfirat,13,0,0,13
15445,2026-06-09,2026,6,9,gbakanoglu,1,0,0,1
15446,2026-06-09,2026,6,9,gekim,0,60,0,60
15447,2026-06-09,2026,6,9,akamera,0,5,0,5
15448,2026-06-09,2026,6,9,oyurtsever,16,45,0,61
15449,2026-06-09,2026,6,9,bkibar,0,7,0,7
15450,2026-06-09,2026,6,9,asablon,2,0,0,2
15451,2026-06-09,2026,6,9,MMUTLU,4,0,2,6
15452,2026-06-09,2026,6,9,fimetin,6,0,0,6
15453,2026-06-09,2026,6,9,sucakir,4,0,0,4
15454,2026-06-09,2026,6,9,bsamuk,6,0,0,6
15455,2026-06-09,2026,6,9,mertan,0,4,0,4
15456,2026-06-09,2026,6,9,aayhan,8,3,1,12
15457,2026-06-09,2026,6,9,tevirgen,0,6,0,6
15458,2026-06-09,2026,6,9,eulsever,13,0,0,13
15459,2026-06-09,2026,6,9,TIRMAK,83,0,0,83
15460,2026-06-09,2026,6,9,aozgun,487,0,0,487
15461,2026-06-09,2026,6,9,mkorucu,20,0,0,20
15462,2026-06-09,2026,6,9,ckarahasan,12,3,0,15
15463,2026-06-09,2026,6,9,dnoic,45,0,0,45
15464,2026-06-09,2026,6,9,amasun,3,55,0,58
15465,2026-06-09,2026,6,9,SUYILMAZ,4,0,0,4
15466,2026-06-09,2026,6,9,ayyilmaz,19,0,0,19
15467,2026-06-10,2026,6,10,mguder,4,0,0,4
15468,2026-06-10,2026,6,10,gsapmaz,93,0,0,93
15469,2026-06-10,2026,6,10,itopcu,16,0,0,16
15470,2026-06-10,2026,6,10,fgulsever,0,15,0,15
15471,2026-06-10,2026,6,10,okelepe,10,4,2,16
15472,2026-06-10,2026,6,10,gakca,15,0,0,15
15473,2026-06-10,2026,6,10,mecigdem,0,3,0,3
15474,2026-06-10,2026,6,10,udalyan,46,1,48,95
15475,2026-06-10,2026,6,10,aapak,0,10,0,10
15476,2026-06-10,2026,6,10,ierdil,21,5,0,26
15477,2026-06-10,2026,6,10,hakand,18,4,0,22
15478,2026-06-10,2026,6,10,mguray,5,0,0,5
15479,2026-06-10,2026,6,10,bfirat,11,8,0,19
15480,2026-06-10,2026,6,10,stjegitim,194,22,0,216
15481,2026-06-10,2026,6,10,aakyildiz,33,0,0,33
15482,2026-06-10,2026,6,10,fcolak,41,0,0,41
15483,2026-06-10,2026,6,10,mkarsiv,5,1,0,6
15484,2026-06-10,2026,6,10,egonce,16,0,0,16
15485,2026-06-10,2026,6,10,fdeniz,39,0,0,39
15486,2026-06-10,2026,6,10,msevim,1,4,0,5
15487,2026-06-10,2026,6,10,hbinay,2,0,0,2
15488,2026-06-10,2026,6,10,gbalvan,0,4,0,4
15489,2026-06-10,2026,6,10,sfirinci,41,0,0,41
15490,2026-06-10,2026,6,10,VBAYANER,44,0,0,44
15491,2026-06-10,2026,6,10,rkontrol,4,0,0,4
15492,2026-06-10,2026,6,10,gekim,0,48,0,48
15493,2026-06-10,2026,6,10,amasun,6,116,0,122
15494,2026-06-10,2026,6,10,fozay,3,0,0,3
15495,2026-06-10,2026,6,10,akamera,0,1,0,1
15496,2026-06-10,2026,6,10,abarkod,0,4,0,4
15497,2026-06-10,2026,6,10,ttlideri,4,2,0,6
15498,2026-06-10,2026,6,10,ekaragoz,0,0,1,1
15499,2026-06-10,2026,6,10,ogun,75,0,0,75
15500,2026-06-10,2026,6,10,MMUTLU,1,0,1,2
15501,2026-06-10,2026,6,10,fimetin,13,4,0,17
15502,2026-06-10,2026,6,10,sucakir,1,1,0,2
15503,2026-06-10,2026,6,10,gkenarli,13,0,0,13
15504,2026-06-10,2026,6,10,bsamuk,41,0,0,41
15505,2026-06-10,2026,6,10,ggirgin,5,0,6,11
15506,2026-06-10,2026,6,10,ekaradavut,2,1,0,3
15507,2026-06-10,2026,6,10,asablon,2,0,0,2
15508,2026-06-10,2026,6,10,tevirgen,2,5,14,21
15509,2026-06-10,2026,6,10,ayyilmaz,3,2,0,5
15510,2026-06-10,2026,6,10,dnoic,22,0,0,22
15511,2026-06-10,2026,6,10,ckarahasan,18,23,0,41
15512,2026-06-10,2026,6,10,gcevik,5,0,0,5
15513,2026-06-10,2026,6,10,caozturk,30,84,23,137
15514,2026-06-10,2026,6,10,aozgun,80,0,0,80
15515,2026-06-10,2026,6,10,TIRMAK,320,0,0,320
15516,2026-06-10,2026,6,10,gayilmaz,19,0,0,19
15517,2026-06-10,2026,6,10,eulsever,51,7,0,58
15518,2026-06-10,2026,6,10,mkorucu,98,4,0,102
15519,2026-06-11,2026,6,11,mguray,7,0,0,7
15520,2026-06-11,2026,6,11,mecigdem,0,1,0,1
15521,2026-06-11,2026,6,11,okelepe,1,0,0,1
15522,2026-06-11,2026,6,11,fgulsever,0,57,0,57
15523,2026-06-11,2026,6,11,itopcu,36,0,0,36
15524,2026-06-11,2026,6,11,zyuksel,222,0,0,222
15525,2026-06-11,2026,6,11,ierdil,7,7,0,14
15526,2026-06-11,2026,6,11,nkaya,0,1,0,1
15527,2026-06-11,2026,6,11,satinalmastajyer,4,0,0,4
15528,2026-06-11,2026,6,11,mkarsiv,2,0,0,2
15529,2026-06-11,2026,6,11,egonce,25,9,0,34
15530,2026-06-11,2026,6,11,msevim,1,20,0,21
15531,2026-06-11,2026,6,11,hbinay,2,0,0,2
15532,2026-06-11,2026,6,11,gbalvan,0,13,0,13
15533,2026-06-11,2026,6,11,bfirat,0,1,0,1
15534,2026-06-11,2026,6,11,udalyan,3,0,0,3
15535,2026-06-11,2026,6,11,fcolak,2,0,0,2
15536,2026-06-11,2026,6,11,aapak,0,6,0,6
15537,2026-06-11,2026,6,11,fimetin,7,0,0,7
15538,2026-06-11,2026,6,11,ekaragoz,0,1,0,1
15539,2026-06-11,2026,6,11,gekim,0,94,0,94
15540,2026-06-11,2026,6,11,ttlideri,3,0,0,3
15541,2026-06-11,2026,6,11,asablon,2,0,0,2
15542,2026-06-11,2026,6,11,mkarabiyik,2,1,0,3
15543,2026-06-11,2026,6,11,sucakir,4,1,0,5
15544,2026-06-11,2026,6,11,mertan,0,1,0,1
15545,2026-06-11,2026,6,11,ayyilmaz,48,0,0,48
15546,2026-06-11,2026,6,11,tevirgen,8,28,0,36
15547,2026-06-11,2026,6,11,ggirgin,5,6,0,11
15548,2026-06-11,2026,6,11,fakgul,1,1,0,2
15549,2026-06-11,2026,6,11,ogungor,1,0,0,1
15550,2026-06-11,2026,6,11,TIRMAK,1,0,0,1
15551,2026-06-11,2026,6,11,aozgun,32,0,0,32
15552,2026-06-11,2026,6,11,ckarahasan,41,18,0,59
15553,2026-06-11,2026,6,11,fozay,44,4,0,48
15554,2026-06-11,2026,6,11,zkurt,1,0,0,1
15555,2026-06-11,2026,6,11,eulsever,17,0,0,17
15556,2026-06-12,2026,6,12,ierdil,2,105,0,107
15557,2026-06-12,2026,6,12,gakca,1,0,0,1
15558,2026-06-12,2026,6,12,udalyan,5,3,0,8
15559,2026-06-12,2026,6,12,itopcu,1,0,0,1
15560,2026-06-12,2026,6,12,mguder,7,0,0,7
15561,2026-06-12,2026,6,12,zyuksel,5,0,5,10
15562,2026-06-12,2026,6,12,mguray,0,8,0,8
15563,2026-06-12,2026,6,12,VBAYANER,28,0,0,28
15564,2026-06-12,2026,6,12,acelebi,2,0,0,2
15565,2026-06-12,2026,6,12,mkarsiv,1,0,0,1
15566,2026-06-12,2026,6,12,herbilgin,3,0,0,3
15567,2026-06-12,2026,6,12,fdeniz,4,0,0,4
15568,2026-06-12,2026,6,12,gbalvan,0,7,0,7
15569,2026-06-12,2026,6,12,bfirat,4,1,0,5
15570,2026-06-12,2026,6,12,fozay,5,3,0,8
15571,2026-06-12,2026,6,12,stjegitim,3,6,14,23
15572,2026-06-12,2026,6,12,amasun,5,0,0,5
15573,2026-06-12,2026,6,12,eulsever,102,0,0,102
15574,2026-06-12,2026,6,12,nbolkis,8,0,0,8
15575,2026-06-12,2026,6,12,akamera,0,5,0,5
15576,2026-06-12,2026,6,12,ayetik,1,0,0,1
15577,2026-06-12,2026,6,12,ckarahasan,7,10,0,17
15578,2026-06-12,2026,6,12,asablon,2,0,0,2
15579,2026-06-12,2026,6,12,ykiye,30,0,0,30
15580,2026-06-12,2026,6,12,mkofis,1,25,0,26
15581,2026-06-12,2026,6,12,obali,1,1,1,3
15582,2026-06-12,2026,6,12,bkibar,1,0,0,1
15583,2026-06-12,2026,6,12,bsamuk,1,0,0,1
15584,2026-06-12,2026,6,12,ggirgin,16,1,0,17
15585,2026-06-12,2026,6,12,ayyilmaz,1,0,0,1
15586,2026-06-12,2026,6,12,tevirgen,20,10,0,30
15587,2026-06-12,2026,6,12,gayilmaz,1,0,0,1
15588,2026-06-12,2026,6,12,ogungor,59,0,0,59
15589,2026-06-12,2026,6,12,MMUTLU,15,8,8,31
15590,2026-06-13,2026,6,13,rkontrol,2,0,0,2
15591,2026-06-13,2026,6,13,oicoz,2,0,0,2
15592,2026-06-13,2026,6,13,asablon,2,0,0,2
15593,2026-06-14,2026,6,14,fgulsever,0,3,0,3
15594,2026-06-14,2026,6,14,ersener,7,0,0,7
15595,2026-06-14,2026,6,14,mkarsiv,1,0,0,1
15596,2026-06-14,2026,6,14,fcolak,2,0,0,2
15597,2026-06-14,2026,6,14,rkontrol,0,3,0,3
15598,2026-06-14,2026,6,14,ierdil,3,2,0,5
15599,2026-06-14,2026,6,14,aapak,0,37,0,37
15600,2026-06-14,2026,6,14,gekim,0,61,0,61
15601,2026-06-14,2026,6,14,fbalaban,2,0,0,2
15602,2026-06-14,2026,6,14,dnoic,1,0,0,1
15603,2026-06-14,2026,6,14,mkofis,21,1,0,22
15604,2026-06-14,2026,6,14,aayhan,9,26,4,39
15605,2026-06-14,2026,6,14,ogun,6,0,0,6
15606,2026-06-14,2026,6,14,abarkod,0,34,0,34
15607,2026-06-14,2026,6,14,sfirinci,3,0,0,3
15608,2026-06-15,2026,6,15,gsapmaz,2,1,0,3
15609,2026-06-15,2026,6,15,nakilli,5,0,3,8
15610,2026-06-15,2026,6,15,aapak,18,11,0,29
15611,2026-06-15,2026,6,15,udalyan,2,3,0,5
15612,2026-06-15,2026,6,15,mecigdem,0,1,0,1
15613,2026-06-15,2026,6,15,okelepe,0,1,0,1
15614,2026-06-15,2026,6,15,fgulsever,0,2,0,2
15615,2026-06-15,2026,6,15,zyuksel,1,0,0,1
15616,2026-06-15,2026,6,15,ierdil,8,7,0,15
15617,2026-06-15,2026,6,15,gdogruyurur,24,3,0,27
15618,2026-06-15,2026,6,15,aildeniz,7,5,0,12
15619,2026-06-15,2026,6,15,mciftci,0,1,0,1
15620,2026-06-15,2026,6,15,fbalaban,0,1,0,1
15621,2026-06-15,2026,6,15,fcolak,8,1,0,9
15622,2026-06-15,2026,6,15,mbayirli,3,0,0,3
15623,2026-06-15,2026,6,15,msevim,2,3,0,5
15624,2026-06-15,2026,6,15,eozkan,2,0,0,2
15625,2026-06-15,2026,6,15,akapucu,0,0,7,7
15626,2026-06-15,2026,6,15,ebadem,1,0,0,1
15627,2026-06-15,2026,6,15,fozay,4,0,0,4
15628,2026-06-15,2026,6,15,gekim,0,50,0,50
15629,2026-06-15,2026,6,15,dnoic,2,0,0,2
15630,2026-06-15,2026,6,15,akamera,7,8,0,15
15631,2026-06-15,2026,6,15,abarkod,0,6,0,6
15632,2026-06-15,2026,6,15,tcapkin,2,3,0,5
15633,2026-06-15,2026,6,15,ntanriverdi,0,2,0,2
15634,2026-06-15,2026,6,15,ayetik,8,0,0,8
15635,2026-06-15,2026,6,15,amasun,2,24,0,26
15636,2026-06-15,2026,6,15,fyilanci,0,2,0,2
15637,2026-06-15,2026,6,15,dyavuzkasap,2,0,0,2
15638,2026-06-15,2026,6,15,MMUTLU,212,10,0,222
15639,2026-06-15,2026,6,15,yercin,1,1,0,2
15640,2026-06-15,2026,6,15,bkibar,0,4,0,4
15641,2026-06-15,2026,6,15,sucakir,11,11,0,22
15642,2026-06-15,2026,6,15,ggirgin,148,0,0,148
15643,2026-06-15,2026,6,15,mertan,0,9,0,9
15644,2026-06-15,2026,6,15,tevirgen,25,0,0,25
15645,2026-06-15,2026,6,15,gayilmaz,17,0,0,17
15646,2026-06-15,2026,6,15,aozgun,7,1,0,8
15647,2026-06-15,2026,6,15,oicoz,1,7,0,8
15648,2026-06-15,2026,6,15,ckarahasan,29,24,0,53
15649,2026-06-15,2026,6,15,fimetin,13,2,0,15
15650,2026-06-16,2026,6,16,mguray,2,0,0,2
15651,2026-06-16,2026,6,16,ierdil,1,5,0,6
15652,2026-06-16,2026,6,16,zyuksel,1,2,1,4
15653,2026-06-16,2026,6,16,gsapmaz,2,0,0,2
15654,2026-06-16,2026,6,16,mecigdem,1,3,0,4
15655,2026-06-16,2026,6,16,BSOGUT,4,0,0,4
15656,2026-06-16,2026,6,16,hakand,1,0,0,1
15657,2026-06-16,2026,6,16,udalyan,0,1,1,2
15658,2026-06-16,2026,6,16,cadonmez,0,3,0,3
15659,2026-06-16,2026,6,16,aapak,0,15,0,15
15660,2026-06-16,2026,6,16,okelepe,0,10,0,10
15661,2026-06-16,2026,6,16,acelebi,16,0,0,16
15662,2026-06-16,2026,6,16,aozgun,14,0,0,14
15663,2026-06-16,2026,6,16,fcolak,8,1,0,9
15664,2026-06-16,2026,6,16,mkarsiv,2,0,0,2
15665,2026-06-16,2026,6,16,ddcozgu,2,0,0,2
15666,2026-06-16,2026,6,16,egonce,231,3,0,234
15667,2026-06-16,2026,6,16,mbayirli,5,0,0,5
15668,2026-06-16,2026,6,16,msevim,1,3,0,4
15669,2026-06-16,2026,6,16,hbinay,3,0,0,3
15670,2026-06-16,2026,6,16,eozkan,3,1,0,4
15671,2026-06-16,2026,6,16,gbalvan,0,10,0,10
15672,2026-06-16,2026,6,16,akocak,0,1,0,1
15673,2026-06-16,2026,6,16,bfirat,0,1,0,1
15674,2026-06-16,2026,6,16,gakca,6,0,0,6
15675,2026-06-16,2026,6,16,aakyildiz,3,0,0,3
15676,2026-06-16,2026,6,16,sfirinci,4,1,0,5
15677,2026-06-16,2026,6,16,sucakir,3,0,0,3
15678,2026-06-16,2026,6,16,gbakanoglu,10,0,0,10
15679,2026-06-16,2026,6,16,akamera,3,0,0,3
15680,2026-06-16,2026,6,16,ntanriverdi,0,8,0,8
15681,2026-06-16,2026,6,16,asablon,4,0,0,4
15682,2026-06-16,2026,6,16,ogun,6,15,1,22
15683,2026-06-16,2026,6,16,aayhan,23,74,29,126
15684,2026-06-16,2026,6,16,obali,3,0,0,3
15685,2026-06-16,2026,6,16,gekim,0,80,0,80
15686,2026-06-16,2026,6,16,fimetin,5,3,0,8
15687,2026-06-16,2026,6,16,gkenarli,2,0,0,2
15688,2026-06-16,2026,6,16,ggirgin,6,0,0,6
15689,2026-06-16,2026,6,16,mertan,37,102,0,139
15690,2026-06-16,2026,6,16,ayyilmaz,3,0,0,3
15691,2026-06-16,2026,6,16,MMUTLU,14,0,0,14
15692,2026-06-16,2026,6,16,gayilmaz,8,1,0,9
15693,2026-06-16,2026,6,16,tevirgen,8,8,1,17
15694,2026-06-16,2026,6,16,ekaragoz,1,0,2,3
15695,2026-06-16,2026,6,16,fozay,24,0,0,24
15696,2026-06-16,2026,6,16,beozturk,1,0,0,1
15697,2026-06-16,2026,6,16,caozturk,7,0,4,11
15698,2026-06-16,2026,6,16,amasun,0,85,0,85
15699,2026-06-16,2026,6,16,ckarahasan,8,3,0,11
15700,2026-06-16,2026,6,16,mkorucu,4,0,0,4
15701,2026-06-16,2026,6,16,oicoz,15,9,0,24
15702,2026-06-16,2026,6,16,fakgul,2,0,0,2
15703,2026-06-16,2026,6,16,dnoic,19,1,1,21
15704,2026-06-17,2026,6,17,aapak,0,6,0,6
15705,2026-06-17,2026,6,17,hakand,1,0,0,1
15706,2026-06-17,2026,6,17,mecigdem,0,1,0,1
15707,2026-06-17,2026,6,17,udalyan,3,3,0,6
15708,2026-06-17,2026,6,17,oguler,1,0,0,1
15709,2026-06-17,2026,6,17,SUYILMAZ,1,0,0,1
15710,2026-06-17,2026,6,17,sfirinci,2,0,0,2
15711,2026-06-17,2026,6,17,iunlu,3,2,0,5
15712,2026-06-17,2026,6,17,gekim,0,71,0,71
15713,2026-06-17,2026,6,17,gbakanoglu,6,0,0,6
15714,2026-06-17,2026,6,17,esaribuyuk,0,1,0,1
15715,2026-06-17,2026,6,17,gakca,5,2,0,7
15716,2026-06-17,2026,6,17,fgulsever,0,30,0,30
15717,2026-06-17,2026,6,17,ekaragoz,2,0,0,2
15718,2026-06-17,2026,6,17,zyuksel,0,3,0,3
15719,2026-06-17,2026,6,17,ierdil,5,7,0,12
15720,2026-06-17,2026,6,17,mguray,1,0,0,1
15721,2026-06-17,2026,6,17,egonce,11,14,0,25
15722,2026-06-17,2026,6,17,fdeniz,2,0,0,2
15723,2026-06-17,2026,6,17,mbayirli,4,0,0,4
15724,2026-06-17,2026,6,17,msevim,1,11,0,12
15725,2026-06-17,2026,6,17,hbinay,4,0,0,4
15726,2026-06-17,2026,6,17,sapra,28,9,0,37
15727,2026-06-17,2026,6,17,eozkan,0,0,14,14
15728,2026-06-17,2026,6,17,bfirat,29,14,0,43
15729,2026-06-17,2026,6,17,VBAYANER,52,14,0,66
15730,2026-06-17,2026,6,17,gsapmaz,1,0,0,1
15731,2026-06-17,2026,6,17,fozay,18,3,0,21
15732,2026-06-17,2026,6,17,ckarahasan,11,11,0,22
15733,2026-06-17,2026,6,17,caozturk,2,0,0,2
15734,2026-06-17,2026,6,17,amasun,0,48,0,48
15735,2026-06-17,2026,6,17,akamera,10,0,0,10
15736,2026-06-17,2026,6,17,abarkod,0,1,0,1
15737,2026-06-17,2026,6,17,edemirbas,1,2,9,12
15738,2026-06-17,2026,6,17,ayetik,1,0,0,1
15739,2026-06-17,2026,6,17,asablon,2,0,0,2
15740,2026-06-17,2026,6,17,tyaman,8,0,0,8
15741,2026-06-17,2026,6,17,nkorkmaz,0,16,0,16
15742,2026-06-17,2026,6,17,hktlideri,0,13,0,13
15743,2026-06-17,2026,6,17,aayhan,11,12,0,23
15744,2026-06-17,2026,6,17,mkarabiyik,0,4,0,4
15745,2026-06-17,2026,6,17,obali,6,0,0,6
15746,2026-06-17,2026,6,17,MMUTLU,12,203,0,215
15747,2026-06-17,2026,6,17,ntanriverdi,0,2,0,2
15748,2026-06-17,2026,6,17,snazli,22,0,0,22
15749,2026-06-17,2026,6,17,dnoic,1,3,1,5
15750,2026-06-17,2026,6,17,fimetin,18,14,0,32
15751,2026-06-17,2026,6,17,oicoz,4,1,0,5
15752,2026-06-17,2026,6,17,aozgun,15,1,11,27
15753,2026-06-17,2026,6,17,gayilmaz,8,0,0,8
15754,2026-06-17,2026,6,17,mkorucu,10,0,0,10
15755,2026-06-17,2026,6,17,ayyilmaz,2,0,0,2
15756,2026-06-17,2026,6,17,mertan,5,1,0,6
15757,2026-06-17,2026,6,17,ggirgin,170,0,9,179
15758,2026-06-17,2026,6,17,gkenarli,2,0,0,2
15759,2026-06-17,2026,6,17,tevirgen,2,10,0,12
15760,2026-06-18,2026,6,18,gbakanoglu,21,0,0,21
15761,2026-06-18,2026,6,18,fgulsever,0,17,0,17
15762,2026-06-18,2026,6,18,gekim,0,70,0,70
15763,2026-06-18,2026,6,18,gakca,7,0,0,7
15764,2026-06-18,2026,6,18,aapak,0,74,0,74
15765,2026-06-18,2026,6,18,udalyan,2,1,0,3
15766,2026-06-18,2026,6,18,hakand,2,1,0,3
15767,2026-06-18,2026,6,18,BSOGUT,0,0,1,1
15768,2026-06-18,2026,6,18,itopcu,3,0,0,3
15769,2026-06-18,2026,6,18,mkarsiv,5,1,0,6
15770,2026-06-18,2026,6,18,ierdil,6,7,0,13
15771,2026-06-18,2026,6,18,bbugdayci,0,1,0,1
15772,2026-06-18,2026,6,18,stjegitim,3,17,0,20
15773,2026-06-18,2026,6,18,egonce,36,1,0,37
15774,2026-06-18,2026,6,18,msevim,1,12,0,13
15775,2026-06-18,2026,6,18,ersener,1,0,0,1
15776,2026-06-18,2026,6,18,akapucu,0,0,1,1
15777,2026-06-18,2026,6,18,fozay,2,0,0,2
15778,2026-06-18,2026,6,18,gsapmaz,0,0,2,2
15779,2026-06-18,2026,6,18,amasun,0,85,0,85
15780,2026-06-18,2026,6,18,ytinmaz,3,0,0,3
15781,2026-06-18,2026,6,18,dnoic,75,0,1,76
15782,2026-06-18,2026,6,18,akamera,5,12,0,17
15783,2026-06-18,2026,6,18,abarkod,0,7,0,7
15784,2026-06-18,2026,6,18,caozturk,1,0,0,1
15785,2026-06-18,2026,6,18,ttlideri,4,0,0,4
15786,2026-06-18,2026,6,18,ntanriverdi,0,2,0,2
15787,2026-06-18,2026,6,18,asablon,2,0,0,2
15788,2026-06-18,2026,6,18,hktlideri,4,0,0,4
15789,2026-06-18,2026,6,18,aayhan,2,1,0,3
15790,2026-06-18,2026,6,18,fyilanci,0,2,0,2
15791,2026-06-18,2026,6,18,edemirbas,7,0,7,14
15792,2026-06-18,2026,6,18,obali,0,5,0,5
15793,2026-06-18,2026,6,18,fimetin,14,0,0,14
15794,2026-06-18,2026,6,18,sucakir,4,1,0,5
15795,2026-06-18,2026,6,18,ggirgin,20,3,0,23
15796,2026-06-18,2026,6,18,ayyilmaz,1,0,0,1
15797,2026-06-18,2026,6,18,tevirgen,4,5,17,26
15798,2026-06-18,2026,6,18,gayilmaz,1,0,0,1
15799,2026-06-18,2026,6,18,oicoz,5,0,0,5
15800,2026-06-18,2026,6,18,ckarahasan,19,5,0,24
15801,2026-06-18,2026,6,18,dyavuzkasap,9,0,0,9
15802,2026-06-19,2026,6,19,bsakrak,10,0,0,10
15803,2026-06-19,2026,6,19,gakca,1,0,0,1
15804,2026-06-19,2026,6,19,udalyan,3,1,12,16
15805,2026-06-19,2026,6,19,hakand,2,1,0,3
15806,2026-06-19,2026,6,19,itopcu,1,0,0,1
15807,2026-06-19,2026,6,19,baozturk,1,2,0,3
15808,2026-06-19,2026,6,19,msevim,0,2,0,2
15809,2026-06-19,2026,6,19,mguray,1,0,0,1
15810,2026-06-19,2026,6,19,stjegitim,190,20,7,217
15811,2026-06-19,2026,6,19,nkaya,0,8,0,8
15812,2026-06-19,2026,6,19,mmollaoglu,6,1,4,11
15813,2026-06-19,2026,6,19,gbalvan,0,5,0,5
15814,2026-06-19,2026,6,19,ierdil,2,5,0,7
15815,2026-06-19,2026,6,19,amasun,0,31,0,31
15816,2026-06-19,2026,6,19,fozay,37,0,0,37
15817,2026-06-19,2026,6,19,oicoz,3,4,0,7
15818,2026-06-19,2026,6,19,ckarahasan,10,16,0,26
15819,2026-06-19,2026,6,19,akamera,1,0,0,1
15820,2026-06-19,2026,6,19,asablon,3,1,0,4
15821,2026-06-19,2026,6,19,hktlideri,17,0,0,17
15822,2026-06-19,2026,6,19,MMUTLU,11,0,0,11
15823,2026-06-19,2026,6,19,fimetin,12,0,0,12
15824,2026-06-19,2026,6,19,bkibar,0,1,0,1
15825,2026-06-19,2026,6,19,eatasoy,1,0,0,1
15826,2026-06-19,2026,6,19,ggirgin,14,0,0,14
15827,2026-06-19,2026,6,19,ekaradavut,2,0,0,2
15828,2026-06-19,2026,6,19,ayyilmaz,0,16,0,16
15829,2026-06-19,2026,6,19,gayilmaz,4,0,0,4
15830,2026-06-19,2026,6,19,tevirgen,7,27,13,47
15831,2026-06-19,2026,6,19,sucakir,17,0,0,17
15832,2026-06-20,2026,6,20,rkontrol,1,0,0,1
15833,2026-06-20,2026,6,20,oicoz,3,0,0,3
15834,2026-06-20,2026,6,20,asablon,2,0,0,2
15835,2026-06-21,2026,6,21,sapra,23,3,24,50
15836,2026-06-21,2026,6,21,egonce,7,3,0,10
15837,2026-06-21,2026,6,21,aapak,0,67,0,67
15838,2026-06-21,2026,6,21,ierdil,2,7,0,9
15839,2026-06-21,2026,6,21,fgulsever,0,40,0,40
15840,2026-06-21,2026,6,21,okelepe,0,18,0,18
15841,2026-06-21,2026,6,21,sfirinci,3,1,0,4
15842,2026-06-21,2026,6,21,mkarabiyik,10,10,0,20
15843,2026-06-21,2026,6,21,fbalaban,2,0,0,2
15844,2026-06-21,2026,6,21,ekaragoz,1,0,1,2
15845,2026-06-21,2026,6,21,dnoic,4,1,0,5
15846,2026-06-21,2026,6,21,aozgun,20,0,0,20
15847,2026-06-21,2026,6,21,TIRMAK,2,0,0,2
15848,2026-06-21,2026,6,21,abarkod,0,8,0,8
15849,2026-06-21,2026,6,21,gekim,0,95,0,95
15850,2026-06-22,2026,6,22,nakilli,0,1,0,1
15851,2026-06-22,2026,6,22,fbalaban,1,0,0,1
15852,2026-06-22,2026,6,22,gekim,0,48,0,48
15853,2026-06-22,2026,6,22,bsakrak,193,6,0,199
15854,2026-06-22,2026,6,22,sfirinci,1,1,0,2
15855,2026-06-22,2026,6,22,gakca,10,3,0,13
15856,2026-06-22,2026,6,22,aapak,0,54,0,54
15857,2026-06-22,2026,6,22,caozturk,55,1,2,58
15858,2026-06-22,2026,6,22,hakand,104,2,0,106
15859,2026-06-22,2026,6,22,fgulsever,0,18,0,18
15860,2026-06-22,2026,6,22,gsapmaz,2,1,0,3
15861,2026-06-22,2026,6,22,ierdil,2,8,0,10
15862,2026-06-22,2026,6,22,mguray,2,0,0,2
15863,2026-06-22,2026,6,22,egonce,18,0,0,18
15864,2026-06-22,2026,6,22,bfirat,16,0,0,16
15865,2026-06-22,2026,6,22,VBAYANER,0,4,0,4
15866,2026-06-22,2026,6,22,dnoic,3,0,0,3
15867,2026-06-22,2026,6,22,udalyan,13,8,1,22
15868,2026-06-22,2026,6,22,mkorucu,1,0,0,1
15869,2026-06-22,2026,6,22,ckarahasan,14,4,0,18
15870,2026-06-22,2026,6,22,akamera,9,12,0,21
15871,2026-06-22,2026,6,22,bkibar,0,1,0,1
15872,2026-06-22,2026,6,22,asablon,2,2,0,4
15873,2026-06-22,2026,6,22,obali,8,2,0,10
15874,2026-06-22,2026,6,22,MMUTLU,9,5,1,15
15875,2026-06-22,2026,6,22,fimetin,0,24,0,24
15876,2026-06-22,2026,6,22,sucakir,7,0,0,7
15877,2026-06-22,2026,6,22,aayhan,3,2,0,5
15878,2026-06-22,2026,6,22,ggirgin,56,3,0,59
15879,2026-06-22,2026,6,22,ekaradavut,0,1,0,1
15880,2026-06-22,2026,6,22,ayyilmaz,0,1,0,1
15881,2026-06-22,2026,6,22,tevirgen,0,4,0,4
15882,2026-06-22,2026,6,22,gayilmaz,1,0,0,1
15883,2026-06-22,2026,6,22,ogungor,2,0,0,2
15884,2026-06-22,2026,6,22,aozgun,3,0,0,3
15885,2026-06-22,2026,6,22,snazli,18,0,0,18
15886,2026-06-23,2026,6,23,zyuksel,3,2,1,6
15887,2026-06-23,2026,6,23,gsapmaz,3,0,0,3
15888,2026-06-23,2026,6,23,itopcu,5,0,0,5
15889,2026-06-23,2026,6,23,aapak,12,36,0,48
15890,2026-06-23,2026,6,23,hakand,28,6,0,34
15891,2026-06-23,2026,6,23,udalyan,0,4,1,5
15892,2026-06-23,2026,6,23,ierdil,3,9,0,12
15893,2026-06-23,2026,6,23,fgulsever,5,117,0,122
15894,2026-06-23,2026,6,23,aildeniz,6,0,0,6
15895,2026-06-23,2026,6,23,bfirat,8,0,0,8
15896,2026-06-23,2026,6,23,cyildiz,0,2,0,2
15897,2026-06-23,2026,6,23,fcolak,3,2,0,5
15898,2026-06-23,2026,6,23,egonce,110,1,0,111
15899,2026-06-23,2026,6,23,hbinay,5,0,0,5
15900,2026-06-23,2026,6,23,mmollaoglu,12,0,6,18
15901,2026-06-23,2026,6,23,gbalvan,0,4,0,4
15902,2026-06-23,2026,6,23,ersener,4,0,0,4
15903,2026-06-23,2026,6,23,ubasdas,1,0,0,1
15904,2026-06-23,2026,6,23,VBAYANER,0,4,0,4
15905,2026-06-23,2026,6,23,ytinmaz,9,0,0,9
15906,2026-06-23,2026,6,23,gakca,4,0,0,4
15907,2026-06-23,2026,6,23,gekim,0,20,0,20
15908,2026-06-23,2026,6,23,caozturk,35,0,1,36
15909,2026-06-23,2026,6,23,akamera,1,0,0,1
15910,2026-06-23,2026,6,23,ntanriverdi,0,10,0,10
15911,2026-06-23,2026,6,23,bkibar,0,4,0,4
15912,2026-06-23,2026,6,23,asablon,2,0,0,2
15913,2026-06-23,2026,6,23,eatansay,2,0,0,2
15914,2026-06-23,2026,6,23,nkorkmaz,4,1,0,5
15915,2026-06-23,2026,6,23,MMUTLU,3,1,0,4
15916,2026-06-23,2026,6,23,fimetin,5,6,0,11
15917,2026-06-23,2026,6,23,sucakir,0,1,0,1
15918,2026-06-23,2026,6,23,abarkod,0,3,0,3
15919,2026-06-23,2026,6,23,eatasoy,2,2,0,4
15920,2026-06-23,2026,6,23,ggirgin,142,1,0,143
15921,2026-06-23,2026,6,23,mertan,6,6,0,12
15922,2026-06-23,2026,6,23,ayyilmaz,1,0,0,1
15923,2026-06-23,2026,6,23,tevirgen,18,12,5,35
15924,2026-06-23,2026,6,23,gayilmaz,5,0,0,5
15925,2026-06-23,2026,6,23,oicoz,6,4,0,10
15926,2026-06-23,2026,6,23,ckarahasan,3,6,0,9
15927,2026-06-23,2026,6,23,dnoic,30,1,1,32
15928,2026-06-23,2026,6,23,snazli,2,0,0,2
15929,2026-06-24,2026,6,24,mguder,10,0,0,10
15930,2026-06-24,2026,6,24,gsapmaz,1,0,0,1
15931,2026-06-24,2026,6,24,gakca,3,0,0,3
15932,2026-06-24,2026,6,24,udalyan,3,0,45,48
15933,2026-06-24,2026,6,24,aapak,0,78,0,78
15934,2026-06-24,2026,6,24,zyuksel,0,0,5,5
15935,2026-06-24,2026,6,24,fgulsever,3,55,0,58
15936,2026-06-24,2026,6,24,ierdil,8,7,0,15
15937,2026-06-24,2026,6,24,msevim,2,6,0,8
15938,2026-06-24,2026,6,24,fcolak,4,0,0,4
15939,2026-06-24,2026,6,24,mkarsiv,5,0,0,5
15940,2026-06-24,2026,6,24,egonce,62,0,0,62
15941,2026-06-24,2026,6,24,sapra,0,0,1,1
15942,2026-06-24,2026,6,24,gbalvan,0,8,0,8
15943,2026-06-24,2026,6,24,bfirat,9,0,0,9
15944,2026-06-24,2026,6,24,VBAYANER,30,0,0,30
15945,2026-06-24,2026,6,24,gekim,0,51,0,51
15946,2026-06-24,2026,6,24,nkaya,1,0,0,1
15947,2026-06-24,2026,6,24,fozay,14,0,0,14
15948,2026-06-24,2026,6,24,ayyilmaz,0,1,0,1
15949,2026-06-24,2026,6,24,ckarahasan,11,5,0,16
15950,2026-06-24,2026,6,24,beozturk,1,0,0,1
15951,2026-06-24,2026,6,24,akamera,6,0,0,6
15952,2026-06-24,2026,6,24,abarkod,0,1,0,1
15953,2026-06-24,2026,6,24,oyurtsever,0,11,0,11
15954,2026-06-24,2026,6,24,asablon,4,0,0,4
15955,2026-06-24,2026,6,24,nkorkmaz,0,0,15,15
15956,2026-06-24,2026,6,24,aayhan,8,1,2,11
15957,2026-06-24,2026,6,24,ykiye,16,0,0,16
15958,2026-06-24,2026,6,24,mkarabiyik,0,2,0,2
15959,2026-06-24,2026,6,24,cer,4,0,0,4
15960,2026-06-24,2026,6,24,fimetin,2,0,0,2
15961,2026-06-24,2026,6,24,ggirgin,1,0,0,1
15962,2026-06-24,2026,6,24,oseker,15,59,0,74
15963,2026-06-24,2026,6,24,tevirgen,70,34,0,104
15964,2026-06-24,2026,6,24,eulsever,2,0,0,2
15965,2026-06-24,2026,6,24,gayilmaz,16,0,0,16
15966,2026-06-24,2026,6,24,aozgun,1,0,0,1
15967,2026-06-24,2026,6,24,MMUTLU,0,12,0,12
15968,2026-06-25,2026,6,25,mguder,1,0,0,1
15969,2026-06-25,2026,6,25,gekim,0,19,0,19
15970,2026-06-25,2026,6,25,gakca,2,0,0,2
15971,2026-06-25,2026,6,25,aapak,0,48,0,48
15972,2026-06-25,2026,6,25,BSOGUT,0,0,6,6
15973,2026-06-25,2026,6,25,fgulsever,0,107,0,107
15974,2026-06-25,2026,6,25,baozturk,0,3,0,3
15975,2026-06-25,2026,6,25,zyuksel,0,24,0,24
15976,2026-06-25,2026,6,25,bfirat,16,20,0,36
15977,2026-06-25,2026,6,25,nkaya,5,0,0,5
15978,2026-06-25,2026,6,25,fcolak,5,0,0,5
15979,2026-06-25,2026,6,25,mkarsiv,2,0,0,2
15980,2026-06-25,2026,6,25,egonce,6,0,0,6
15981,2026-06-25,2026,6,25,fdeniz,2,0,0,2
15982,2026-06-25,2026,6,25,msevim,1,1,0,2
15983,2026-06-25,2026,6,25,gbalvan,0,5,0,5
15984,2026-06-25,2026,6,25,gbakanoglu,2,0,0,2
15985,2026-06-25,2026,6,25,VBAYANER,0,2,0,2
15986,2026-06-25,2026,6,25,ierdil,1,7,0,8
15987,2026-06-25,2026,6,25,dnoic,14,0,0,14
15988,2026-06-25,2026,6,25,gayilmaz,16,4,0,20
15989,2026-06-25,2026,6,25,gcevik,1,0,0,1
15990,2026-06-25,2026,6,25,akamera,2,0,0,2
15991,2026-06-25,2026,6,25,abarkod,0,9,0,9
15992,2026-06-25,2026,6,25,ntanriverdi,0,3,0,3
15993,2026-06-25,2026,6,25,bkibar,0,2,0,2
15994,2026-06-25,2026,6,25,ckarahasan,43,8,0,51
15995,2026-06-25,2026,6,25,hktlideri,4,0,0,4
15996,2026-06-25,2026,6,25,mkarabiyik,0,2,0,2
15997,2026-06-25,2026,6,25,obali,1,0,0,1
15998,2026-06-25,2026,6,25,MMUTLU,22,0,20,42
15999,2026-06-25,2026,6,25,asablon,2,0,0,2
16000,2026-06-25,2026,6,25,snazli,10,0,0,10
16001,2026-06-25,2026,6,25,ggirgin,3,2,0,5
16002,2026-06-25,2026,6,25,ayyilmaz,1,0,0,1
16003,2026-06-25,2026,6,25,tevirgen,11,83,1,95
16004,2026-06-25,2026,6,25,eulsever,0,4,0,4
16005,2026-06-25,2026,6,25,okanat,2,0,0,2
16006,2026-06-25,2026,6,25,oicoz,27,0,0,27
16007,2026-06-25,2026,6,25,mkorucu,1,0,0,1
16008,2026-06-25,2026,6,25,fimetin,0,5,0,5
16009,2026-06-26,2026,6,26,gakca,3,0,0,3
16010,2026-06-26,2026,6,26,mguder,4,0,0,4
16011,2026-06-26,2026,6,26,ierdil,0,6,0,6
16012,2026-06-26,2026,6,26,fozay,24,0,0,24
16013,2026-06-26,2026,6,26,eozkan,1,0,0,1
16014,2026-06-26,2026,6,26,gbalvan,0,9,0,9
16015,2026-06-26,2026,6,26,bfirat,10,1,0,11
16016,2026-06-26,2026,6,26,msevim,0,6,0,6
16017,2026-06-26,2026,6,26,ckarahasan,10,26,0,36
16018,2026-06-26,2026,6,26,obali,61,0,0,61
16019,2026-06-26,2026,6,26,tevirgen,38,5,0,43
16020,2026-06-26,2026,6,26,mertan,1,3,0,4
16021,2026-06-26,2026,6,26,ggirgin,6,0,0,6
16022,2026-06-26,2026,6,26,fimetin,3,16,0,19
16023,2026-06-26,2026,6,26,MMUTLU,3,1,4,8
16024,2026-06-26,2026,6,26,gayilmaz,1,0,0,1
16025,2026-06-26,2026,6,26,hktlideri,15,6,0,21
16026,2026-06-26,2026,6,26,bkibar,0,2,0,2
16027,2026-06-27,2026,6,27,bsakrak,5,0,0,5
16028,2026-06-28,2026,6,28,uunver,5,0,0,5
16029,2026-06-28,2026,6,28,aakyildiz,2,0,0,2
16030,2026-06-28,2026,6,28,aildeniz,1,0,0,1
16031,2026-06-28,2026,6,28,ierdil,6,18,0,24
16032,2026-06-28,2026,6,28,fgulsever,2,8,0,10
16033,2026-06-28,2026,6,28,aapak,0,49,0,49
16034,2026-06-28,2026,6,28,sfirinci,5,1,0,6
16035,2026-06-28,2026,6,28,fcolak,5,0,0,5
16036,2026-06-28,2026,6,28,dnoic,20,0,0,20
16037,2026-06-28,2026,6,28,aozgun,19,0,0,19
16038,2026-06-28,2026,6,28,aayhan,3,0,0,3
16039,2026-06-28,2026,6,28,nkorkmaz,0,2,0,2
16040,2026-06-28,2026,6,28,edemirbas,6,0,6,12
16041,2026-06-28,2026,6,28,gekim,0,99,0,99
16042,2026-06-28,2026,6,28,abarkod,0,2,0,2
16043,2026-06-29,2026,6,29,ierdil,3,7,0,10
16044,2026-06-29,2026,6,29,zyuksel,1,1,0,2
16045,2026-06-29,2026,6,29,mguder,0,27,0,27
16046,2026-06-29,2026,6,29,fgulsever,2,94,0,96
16047,2026-06-29,2026,6,29,itopcu,6,0,0,6
16048,2026-06-29,2026,6,29,mguray,4,0,0,4
16049,2026-06-29,2026,6,29,BSOGUT,4,2,2,8
16050,2026-06-29,2026,6,29,hakand,4,2,0,6
16051,2026-06-29,2026,6,29,baozturk,0,7,0,7
16052,2026-06-29,2026,6,29,ebadem,2,0,0,2
16053,2026-06-29,2026,6,29,mkarsiv,3,0,0,3
16054,2026-06-29,2026,6,29,bbugdayci,18,2,0,20
16055,2026-06-29,2026,6,29,egonce,16,2,0,18
16056,2026-06-29,2026,6,29,msevim,4,24,0,28
16057,2026-06-29,2026,6,29,sapra,17,0,9,26
16058,2026-06-29,2026,6,29,eozkan,4,2,0,6
16059,2026-06-29,2026,6,29,gbalvan,0,7,0,7
16060,2026-06-29,2026,6,29,bfirat,4,0,0,4
16061,2026-06-29,2026,6,29,VBAYANER,11,21,0,32
16062,2026-06-29,2026,6,29,udalyan,11,9,0,20
16063,2026-06-29,2026,6,29,cadonmez,0,1,0,1
16064,2026-06-29,2026,6,29,aapak,0,68,0,68
16065,2026-06-29,2026,6,29,nakilli,0,1,0,1
16066,2026-06-29,2026,6,29,gakca,2,1,0,3
16067,2026-06-29,2026,6,29,akamera,3,6,0,9
16068,2026-06-29,2026,6,29,abarkod,0,42,0,42
16069,2026-06-29,2026,6,29,ntanriverdi,0,89,0,89
16070,2026-06-29,2026,6,29,nkorkmaz,0,1,0,1
16071,2026-06-29,2026,6,29,aayhan,3,0,0,3
16072,2026-06-29,2026,6,29,makkus,4,0,0,4
16073,2026-06-29,2026,6,29,MMUTLU,3,1,0,4
16074,2026-06-29,2026,6,29,fimetin,18,6,0,24
16075,2026-06-29,2026,6,29,snazli,28,0,0,28
16076,2026-06-29,2026,6,29,mkarabiyik,0,2,0,2
16077,2026-06-29,2026,6,29,ayyilmaz,1,0,0,1
16078,2026-06-29,2026,6,29,ggirgin,14,18,0,32
16079,2026-06-29,2026,6,29,scabuker,0,10,0,10
16080,2026-06-29,2026,6,29,fbalaban,2,0,0,2
16081,2026-06-29,2026,6,29,fozay,0,1,0,1
16082,2026-06-29,2026,6,29,gekim,0,63,0,63
16083,2026-06-29,2026,6,29,ckarahasan,8,3,0,11
16084,2026-06-29,2026,6,29,gayilmaz,23,2,0,25
16085,2026-06-29,2026,6,29,tevirgen,12,4,0,16
16086,2026-06-29,2026,6,29,dnoic,1,0,0,1
16087,2026-06-30,2026,6,30,mguder,2,29,0,31
16088,2026-06-30,2026,6,30,gakca,9,0,0,9
16089,2026-06-30,2026,6,30,ubasdas,2,1,0,3
16090,2026-06-30,2026,6,30,aapak,12,64,0,76
16091,2026-06-30,2026,6,30,udalyan,4,2,0,6
16092,2026-06-30,2026,6,30,BSOGUT,0,1,0,1
16093,2026-06-30,2026,6,30,fgulsever,0,40,0,40
16094,2026-06-30,2026,6,30,baozturk,0,9,0,9
16095,2026-06-30,2026,6,30,carican,7,0,0,7
16096,2026-06-30,2026,6,30,zyuksel,3,0,1,4
16097,2026-06-30,2026,6,30,bfirat,5,0,0,5
16098,2026-06-30,2026,6,30,mguray,3,0,0,3
16099,2026-06-30,2026,6,30,rkontrol,1,0,0,1
16100,2026-06-30,2026,6,30,cadonmez,7,1,0,8
16101,2026-06-30,2026,6,30,sekisa,42,16,0,58
16102,2026-06-30,2026,6,30,mkarsiv,2,0,0,2
16103,2026-06-30,2026,6,30,egonce,9,1,0,10
16104,2026-06-30,2026,6,30,msevim,5,6,0,11
16105,2026-06-30,2026,6,30,eozkan,1,0,0,1
16106,2026-06-30,2026,6,30,gbalvan,0,5,0,5
16107,2026-06-30,2026,6,30,sfirinci,5,0,0,5
16108,2026-06-30,2026,6,30,ierdil,2,9,0,11
16109,2026-06-30,2026,6,30,gekim,0,70,0,70
16110,2026-06-30,2026,6,30,akamera,7,0,0,7
16111,2026-06-30,2026,6,30,fbalaban,0,0,6,6
16112,2026-06-30,2026,6,30,gbakanoglu,17,1,0,18
16113,2026-06-30,2026,6,30,abarkod,0,5,0,5
16114,2026-06-30,2026,6,30,edemirbas,6,0,0,6
16115,2026-06-30,2026,6,30,ayetik,0,1,0,1
16116,2026-06-30,2026,6,30,bkibar,0,2,0,2
16117,2026-06-30,2026,6,30,aayhan,5,14,0,19
16118,2026-06-30,2026,6,30,mkarabiyik,0,1,0,1
16119,2026-06-30,2026,6,30,obali,2,8,1,11
16120,2026-06-30,2026,6,30,MMUTLU,4,2,0,6
16121,2026-06-30,2026,6,30,tevirgen,3,19,0,22
16122,2026-06-30,2026,6,30,fyilanci,1,0,0,1
16123,2026-06-30,2026,6,30,gayilmaz,12,2,0,14
16124,2026-06-30,2026,6,30,eulsever,5,21,0,26
16125,2026-06-30,2026,6,30,amasun,0,14,0,14
16126,2026-06-30,2026,6,30,caozturk,24,0,0,24
16127,2026-06-30,2026,6,30,dnoic,104,14,40,158
16128,2026-06-30,2026,6,30,ckarahasan,12,12,0,24
16129,2026-06-30,2026,6,30,fozay,6,10,0,16
16130,2026-06-30,2026,6,30,oicoz,1,4,0,5
16131,2026-06-30,2026,6,30,okanat,2,2,0,4
16132,2026-06-30,2026,6,30,TIRMAK,8,0,0,8
16133,2026-06-30,2026,6,30,mkorucu,1,2,0,3
16134,2026-07-01,2026,7,1,VBAYANER,2,0,0,2
16135,2026-07-01,2026,7,1,hakand,22,0,0,22
16136,2026-07-01,2026,7,1,BSOGUT,0,0,11,11
16137,2026-07-01,2026,7,1,fgulsever,0,10,0,10
16138,2026-07-01,2026,7,1,mguder,76,4,0,80
16139,2026-07-01,2026,7,1,zyuksel,35,1,0,36
16140,2026-07-01,2026,7,1,ierdil,3,12,0,15
16141,2026-07-01,2026,7,1,mguray,4,0,0,4
16142,2026-07-01,2026,7,1,aildeniz,0,0,6,6
16143,2026-07-01,2026,7,1,cadonmez,6,0,0,6
16144,2026-07-01,2026,7,1,aapak,0,55,0,55
16145,2026-07-01,2026,7,1,sekisa,13,0,0,13
16146,2026-07-01,2026,7,1,ddcozgu,13,2,0,15
16147,2026-07-01,2026,7,1,egonce,12,17,0,29
16148,2026-07-01,2026,7,1,mbayirli,20,0,0,20
16149,2026-07-01,2026,7,1,msevim,0,2,0,2
16150,2026-07-01,2026,7,1,hbinay,16,0,0,16
16151,2026-07-01,2026,7,1,gbalvan,0,1,0,1
16152,2026-07-01,2026,7,1,ersener,27,0,0,27
16153,2026-07-01,2026,7,1,bfirat,60,0,0,60
16154,2026-07-01,2026,7,1,fcolak,4,1,0,5
16155,2026-07-01,2026,7,1,ubasdas,23,0,0,23
16156,2026-07-01,2026,7,1,mertan,6,11,0,17
16157,2026-07-01,2026,7,1,iunlu,30,0,0,30
16158,2026-07-01,2026,7,1,gakca,9,1,0,10
16159,2026-07-01,2026,7,1,abarkod,0,5,0,5
16160,2026-07-01,2026,7,1,ttlideri,20,0,0,20
16161,2026-07-01,2026,7,1,hktlideri,3,6,0,9
16162,2026-07-01,2026,7,1,ogun,2,1,1,4
16163,2026-07-01,2026,7,1,aayhan,9,25,34,68
16164,2026-07-01,2026,7,1,dyavuzkasap,1,0,0,1
16165,2026-07-01,2026,7,1,obali,23,42,6,71
16166,2026-07-01,2026,7,1,fimetin,1,0,0,1
16167,2026-07-01,2026,7,1,bsamuk,2,0,0,2
16168,2026-07-01,2026,7,1,akamera,3,0,0,3
16169,2026-07-01,2026,7,1,tevirgen,10,7,16,33
16170,2026-07-01,2026,7,1,ggirgin,228,2,0,230
16171,2026-07-01,2026,7,1,SUYILMAZ,1,0,0,1
16172,2026-07-01,2026,7,1,fbalaban,0,0,1,1
16173,2026-07-01,2026,7,1,amasun,2,12,0,14
16174,2026-07-01,2026,7,1,gekim,0,26,0,26
16175,2026-07-01,2026,7,1,ckarahasan,19,6,0,25
16176,2026-07-01,2026,7,1,ogungor,10,0,0,10
16177,2026-07-01,2026,7,1,eulsever,6,1,0,7
16178,2026-07-01,2026,7,1,dnoic,4,7,3,14
16179,2026-07-02,2026,7,2,gekim,0,99,0,99
16180,2026-07-02,2026,7,2,fgulsever,0,14,0,14
16181,2026-07-02,2026,7,2,sfirinci,2,0,0,2
16182,2026-07-02,2026,7,2,gakca,7,0,0,7
16183,2026-07-02,2026,7,2,nakilli,0,9,0,9
16184,2026-07-02,2026,7,2,udalyan,2,2,1,5
16185,2026-07-02,2026,7,2,hakand,2,0,0,2
16186,2026-07-02,2026,7,2,okelepe,10,5,0,15
16187,2026-07-02,2026,7,2,zyuksel,1,2,0,3
16188,2026-07-02,2026,7,2,mkarsiv,2,0,0,2
16189,2026-07-02,2026,7,2,mguray,3,0,0,3
16190,2026-07-02,2026,7,2,aakyildiz,8,1,0,9
16191,2026-07-02,2026,7,2,fcolak,4,0,0,4
16192,2026-07-02,2026,7,2,ddcozgu,2,0,0,2
16193,2026-07-02,2026,7,2,eozkan,0,2,0,2
16194,2026-07-02,2026,7,2,bfirat,5,0,0,5
16195,2026-07-02,2026,7,2,VBAYANER,2,0,0,2
16196,2026-07-02,2026,7,2,amasun,2,15,0,17
16197,2026-07-02,2026,7,2,ierdil,12,9,0,21
16198,2026-07-02,2026,7,2,caozturk,12,0,0,12
16199,2026-07-02,2026,7,2,egonce,22,0,0,22
16200,2026-07-02,2026,7,2,aozgun,5,0,0,5
16201,2026-07-02,2026,7,2,ckarahasan,17,5,0,22
16202,2026-07-02,2026,7,2,akamera,5,0,0,5
16203,2026-07-02,2026,7,2,abarkod,0,4,0,4
16204,2026-07-02,2026,7,2,ttlideri,7,0,0,7
16205,2026-07-02,2026,7,2,ntanriverdi,0,3,0,3
16206,2026-07-02,2026,7,2,cer,4,0,0,4
16207,2026-07-02,2026,7,2,mkofis,5,0,0,5
16208,2026-07-02,2026,7,2,dyavuzkasap,4,1,0,5
16209,2026-07-02,2026,7,2,obali,1,3,1,5
16210,2026-07-02,2026,7,2,ogun,3,0,0,3
16211,2026-07-02,2026,7,2,fimetin,7,0,0,7
16212,2026-07-02,2026,7,2,TIRMAK,1,0,0,1
16213,2026-07-02,2026,7,2,MMUTLU,10,0,0,10
16214,2026-07-02,2026,7,2,tevirgen,13,3,0,16
16215,2026-07-02,2026,7,2,ayyilmaz,1,0,0,1
16216,2026-07-02,2026,7,2,eulsever,4,0,0,4
16217,2026-07-02,2026,7,2,ekaradavut,28,0,0,28
16218,2026-07-02,2026,7,2,ggirgin,1,1,0,2
16219,2026-07-02,2026,7,2,snazli,1,0,0,1
16220,2026-07-02,2026,7,2,mertan,102,102,0,204
16221,2026-07-03,2026,7,3,bfirat,2,0,0,2
16222,2026-07-03,2026,7,3,iunlu,10,0,0,10
16223,2026-07-03,2026,7,3,ddcozgu,1,0,0,1
16224,2026-07-03,2026,7,3,mguray,3,0,0,3
16225,2026-07-03,2026,7,3,zyuksel,11,2,2,15
16226,2026-07-03,2026,7,3,hakand,4,1,0,5
16227,2026-07-03,2026,7,3,udalyan,6,2,0,8
16228,2026-07-03,2026,7,3,gakca,3,1,0,4
16229,2026-07-03,2026,7,3,fozay,2,0,0,2
16230,2026-07-03,2026,7,3,gbalvan,0,5,0,5
16231,2026-07-03,2026,7,3,ckarahasan,6,0,0,6
16232,2026-07-03,2026,7,3,ggirgin,16,2,0,18
16233,2026-07-03,2026,7,3,gkenarli,5,0,0,5
16234,2026-07-03,2026,7,3,fimetin,18,0,0,18
16235,2026-07-03,2026,7,3,mkofis,15,0,0,15
16236,2026-07-03,2026,7,3,mkarabiyik,0,2,0,2
16237,2026-07-03,2026,7,3,ntanriverdi,0,4,0,4
16238,2026-07-03,2026,7,3,akamera,2,3,0,5
16239,2026-07-03,2026,7,3,amasun,0,23,0,23
16240,2026-07-04,2026,7,4,abarkod,0,4,0,4
16241,2026-07-04,2026,7,4,egonce,0,2,0,2
16242,2026-07-05,2026,7,5,fgulsever,0,8,0,8
16243,2026-07-05,2026,7,5,ierdil,3,6,0,9
16244,2026-07-05,2026,7,5,fdeniz,3,0,0,3
16245,2026-07-05,2026,7,5,esaribuyuk,1,0,0,1
16246,2026-07-05,2026,7,5,bbugdayci,0,1,0,1
16247,2026-07-05,2026,7,5,aapak,18,72,0,90
16248,2026-07-05,2026,7,5,sekisa,0,1,0,1
16249,2026-07-05,2026,7,5,sfirinci,7,8,0,15
16250,2026-07-05,2026,7,5,gekim,0,94,0,94
16251,2026-07-05,2026,7,5,dyavuzkasap,3,1,0,4
16252,2026-07-05,2026,7,5,hktlideri,6,0,0,6
16253,2026-07-05,2026,7,5,tcapkin,2,0,0,2
16254,2026-07-05,2026,7,5,abarkod,0,2,0,2
16255,2026-07-05,2026,7,5,ubasdas,3,0,0,3
16256,2026-07-06,2026,7,6,mguder,1,0,0,1
16257,2026-07-06,2026,7,6,gsapmaz,1,0,0,1
16258,2026-07-06,2026,7,6,fgulsever,0,27,0,27
16259,2026-07-06,2026,7,6,udalyan,15,25,38,78
16260,2026-07-06,2026,7,6,mecigdem,2,0,0,2
16261,2026-07-06,2026,7,6,zyuksel,40,0,0,40
16262,2026-07-06,2026,7,6,aapak,0,1,0,1
16263,2026-07-06,2026,7,6,ubasdas,1,1,0,2
16264,2026-07-06,2026,7,6,hakand,32,1,0,33
16265,2026-07-06,2026,7,6,VBAYANER,0,25,0,25
16266,2026-07-06,2026,7,6,fcolak,3,0,0,3
16267,2026-07-06,2026,7,6,cyildiz,14,3,0,17
16268,2026-07-06,2026,7,6,sekisa,40,0,0,40
16269,2026-07-06,2026,7,6,mkarsiv,4,3,0,7
16270,2026-07-06,2026,7,6,egonce,12,2,0,14
16271,2026-07-06,2026,7,6,msevim,2,2,0,4
16272,2026-07-06,2026,7,6,gbalvan,0,2,0,2
16273,2026-07-06,2026,7,6,ersener,11,0,0,11
16274,2026-07-06,2026,7,6,bfirat,6,0,0,6
16275,2026-07-06,2026,7,6,gakca,3,1,0,4
16276,2026-07-06,2026,7,6,nkaya,14,0,0,14
16277,2026-07-06,2026,7,6,sfirinci,0,1,0,1
16278,2026-07-06,2026,7,6,ierdil,1,9,0,10
16279,2026-07-06,2026,7,6,eanli,0,2,0,2
16280,2026-07-06,2026,7,6,gekim,0,57,0,57
16281,2026-07-06,2026,7,6,abarkod,0,4,0,4
16282,2026-07-06,2026,7,6,tcapkin,0,8,0,8
16283,2026-07-06,2026,7,6,ntanriverdi,0,7,0,7
16284,2026-07-06,2026,7,6,tyaman,7,0,0,7
16285,2026-07-06,2026,7,6,cer,12,0,0,12
16286,2026-07-06,2026,7,6,ogun,0,2,0,2
16287,2026-07-06,2026,7,6,obali,17,1,0,18
16288,2026-07-06,2026,7,6,MMUTLU,79,25,0,104
16289,2026-07-06,2026,7,6,ggirgin,69,43,0,112
16290,2026-07-06,2026,7,6,ttlideri,1,0,0,1
16291,2026-07-06,2026,7,6,mertan,0,7,0,7
16292,2026-07-06,2026,7,6,ekaradavut,1,0,0,1
16293,2026-07-06,2026,7,6,fozay,24,0,0,24
16294,2026-07-06,2026,7,6,caozturk,1,3,0,4
16295,2026-07-06,2026,7,6,oicoz,4,0,0,4
16296,2026-07-06,2026,7,6,amasun,0,19,0,19
16297,2026-07-06,2026,7,6,ogungor,19,0,0,19
16298,2026-07-06,2026,7,6,gayilmaz,4,4,0,8
16299,2026-07-06,2026,7,6,tevirgen,15,7,33,55
16300,2026-07-06,2026,7,6,aozgun,4,0,0,4
16301,2026-07-07,2026,7,7,hakand,39,3,0,42
16302,2026-07-07,2026,7,7,mguray,32,0,0,32
16303,2026-07-07,2026,7,7,okelepe,2,1,0,3
16304,2026-07-07,2026,7,7,fgulsever,0,63,0,63
16305,2026-07-07,2026,7,7,gsapmaz,2,0,0,2
16306,2026-07-07,2026,7,7,ierdil,5,6,0,11
16307,2026-07-07,2026,7,7,nsevkiyat,0,6,0,6
16308,2026-07-07,2026,7,7,eozkan,3,0,0,3
16309,2026-07-07,2026,7,7,fcolak,2,0,0,2
16310,2026-07-07,2026,7,7,mkarsiv,2,0,0,2
16311,2026-07-07,2026,7,7,egonce,25,2,0,27
16312,2026-07-07,2026,7,7,gbalvan,0,2,0,2
16313,2026-07-07,2026,7,7,bfirat,4,0,0,4
16314,2026-07-07,2026,7,7,VBAYANER,0,12,0,12
16315,2026-07-07,2026,7,7,udalyan,8,1,6,15
16316,2026-07-07,2026,7,7,bbugdayci,1,0,0,1
16317,2026-07-07,2026,7,7,gakca,1,0,0,1
16318,2026-07-07,2026,7,7,beozturk,1,0,0,1
16319,2026-07-07,2026,7,7,fozay,15,1,0,16
16320,2026-07-07,2026,7,7,gekim,0,48,0,48
16321,2026-07-07,2026,7,7,akamera,0,5,0,5
16322,2026-07-07,2026,7,7,abarkod,0,1,0,1
16323,2026-07-07,2026,7,7,gmasistan,6,0,0,6
16324,2026-07-07,2026,7,7,cer,1,1,0,2
16325,2026-07-07,2026,7,7,obali,8,0,0,8
16326,2026-07-07,2026,7,7,MMUTLU,5,1,0,6
16327,2026-07-07,2026,7,7,bsamuk,7,0,0,7
16328,2026-07-07,2026,7,7,aayhan,1,0,0,1
16329,2026-07-07,2026,7,7,tevirgen,9,4,2,15
16330,2026-07-07,2026,7,7,eulsever,6,0,0,6
16331,2026-07-07,2026,7,7,gayilmaz,1,0,0,1
16332,2026-07-07,2026,7,7,aozgun,6,3,0,9
16333,2026-07-07,2026,7,7,caozturk,8,0,0,8
16334,2026-07-07,2026,7,7,amasun,2,2,0,4
16335,2026-07-07,2026,7,7,ggirgin,218,1,0,219
16336,2026-07-08,2026,7,8,gsapmaz,2,0,0,2
16337,2026-07-08,2026,7,8,gekim,0,44,0,44
16338,2026-07-08,2026,7,8,gakca,5,0,0,5
16339,2026-07-08,2026,7,8,VBAYANER,13,8,0,21
16340,2026-07-08,2026,7,8,nakilli,3,1,0,4
16341,2026-07-08,2026,7,8,udalyan,15,11,0,26
16342,2026-07-08,2026,7,8,fgulsever,0,67,0,67
16343,2026-07-08,2026,7,8,ierdil,4,5,0,9
16344,2026-07-08,2026,7,8,bfirat,4,0,0,4
16345,2026-07-08,2026,7,8,nkaya,0,37,0,37
16346,2026-07-08,2026,7,8,fcolak,2,0,0,2
16347,2026-07-08,2026,7,8,egonce,75,34,0,109
16348,2026-07-08,2026,7,8,uunver,1,0,0,1
16349,2026-07-08,2026,7,8,hbinay,8,0,0,8
16350,2026-07-08,2026,7,8,eozkan,23,6,0,29
16351,2026-07-08,2026,7,8,gbalvan,0,1,0,1
16352,2026-07-08,2026,7,8,eanli,0,3,0,3
16353,2026-07-08,2026,7,8,stjegitim,226,20,0,246
16354,2026-07-08,2026,7,8,beozturk,10,1,0,11
16355,2026-07-08,2026,7,8,gayilmaz,3,0,0,3
16356,2026-07-08,2026,7,8,caozturk,23,0,0,23
16357,2026-07-08,2026,7,8,amasun,17,2,0,19
16358,2026-07-08,2026,7,8,akamera,12,0,0,12
16359,2026-07-08,2026,7,8,tcapkin,0,4,0,4
16360,2026-07-08,2026,7,8,ntanriverdi,0,4,0,4
16361,2026-07-08,2026,7,8,bkibar,0,1,0,1
16362,2026-07-08,2026,7,8,cer,0,1,0,1
16363,2026-07-08,2026,7,8,ogun,3,1,0,4
16364,2026-07-08,2026,7,8,aayhan,1,6,0,7
16365,2026-07-08,2026,7,8,nkorkmaz,1,0,0,1
16366,2026-07-08,2026,7,8,ggirgin,8,0,0,8
16367,2026-07-08,2026,7,8,mertan,8,19,0,27
16368,2026-07-08,2026,7,8,ayyilmaz,8,0,0,8
16369,2026-07-08,2026,7,8,tevirgen,6,2,0,8
16370,2026-07-08,2026,7,8,eulsever,1,8,0,9
16371,2026-07-08,2026,7,8,ogungor,1,0,0,1
16372,2026-07-08,2026,7,8,nibolkis,77,0,0,77
16373,2026-07-08,2026,7,8,gkenarli,0,1,0,1
16374,2026-07-09,2026,7,9,fgulsever,0,47,0,47
16375,2026-07-09,2026,7,9,sfirinci,0,2,0,2
16376,2026-07-09,2026,7,9,fyakut,1,1,0,2
16377,2026-07-09,2026,7,9,gakca,2,0,0,2
16378,2026-07-09,2026,7,9,hakand,1,0,0,1
16379,2026-07-09,2026,7,9,BSOGUT,1,0,0,1
16380,2026-07-09,2026,7,9,baozturk,0,1,0,1
16381,2026-07-09,2026,7,9,bfirat,5,1,0,6
16382,2026-07-09,2026,7,9,mguder,37,0,0,37
16383,2026-07-09,2026,7,9,ierdil,16,7,0,23
16384,2026-07-09,2026,7,9,rkontrol,1,0,0,1
16385,2026-07-09,2026,7,9,egonce,74,2,0,76
16386,2026-07-09,2026,7,9,msevim,0,5,0,5
16387,2026-07-09,2026,7,9,BDEMIRAL,0,55,0,55
16388,2026-07-09,2026,7,9,gbalvan,0,7,0,7
16389,2026-07-09,2026,7,9,gsapmaz,34,0,0,34
16390,2026-07-09,2026,7,9,gekim,0,61,0,61
16391,2026-07-09,2026,7,9,amasun,0,20,0,20
16392,2026-07-09,2026,7,9,beozturk,2,0,0,2
16393,2026-07-09,2026,7,9,gbakanoglu,1,0,2,3
16394,2026-07-09,2026,7,9,abarkod,0,8,0,8
16395,2026-07-09,2026,7,9,edemirbas,1,1,1,3
16396,2026-07-09,2026,7,9,ntanriverdi,0,6,0,6
16397,2026-07-09,2026,7,9,gmasistan,6,0,3,9
16398,2026-07-09,2026,7,9,bkibar,0,1,0,1
16399,2026-07-09,2026,7,9,ogun,5,0,0,5
16400,2026-07-09,2026,7,9,akamera,1,0,0,1
16401,2026-07-09,2026,7,9,gkenarli,2,3,0,5
16402,2026-07-09,2026,7,9,ggirgin,11,0,0,11
16403,2026-07-09,2026,7,9,ayyilmaz,3,0,0,3
16404,2026-07-09,2026,7,9,tevirgen,1,11,0,12
16405,2026-07-09,2026,7,9,eulsever,0,2,0,2
16406,2026-07-09,2026,7,9,kkaplan,3,0,0,3
16407,2026-07-09,2026,7,9,ckarahasan,43,49,0,92
16408,2026-07-09,2026,7,9,MMUTLU,0,2,0,2
16409,2026-07-10,2026,7,10,fozay,48,0,0,48
16410,2026-07-10,2026,7,10,gakca,1,0,0,1
16411,2026-07-10,2026,7,10,udalyan,6,5,74,85
16412,2026-07-10,2026,7,10,hakand,338,0,0,338
16413,2026-07-10,2026,7,10,baozturk,0,1,0,1
16414,2026-07-10,2026,7,10,ierdil,0,8,0,8
16415,2026-07-10,2026,7,10,msevim,0,3,0,3
16416,2026-07-10,2026,7,10,nkaya,0,34,0,34
16417,2026-07-10,2026,7,10,mkarsiv,3,0,0,3
16418,2026-07-10,2026,7,10,mmollaoglu,0,5,0,5
16419,2026-07-10,2026,7,10,gbalvan,0,1,0,1
16420,2026-07-10,2026,7,10,bfirat,23,0,0,23
16421,2026-07-10,2026,7,10,stjegitim,161,20,45,226
16422,2026-07-10,2026,7,10,amasun,5,44,0,49
16423,2026-07-10,2026,7,10,beozturk,0,4,0,4
16424,2026-07-10,2026,7,10,ckarahasan,9,1,0,10
16425,2026-07-10,2026,7,10,caozturk,3,3,0,6
16426,2026-07-10,2026,7,10,ntanriverdi,0,3,0,3
16427,2026-07-10,2026,7,10,fyilanci,0,5,0,5
16428,2026-07-10,2026,7,10,mkarabiyik,1,2,0,3
16429,2026-07-10,2026,7,10,MMUTLU,9,0,1,10
16430,2026-07-10,2026,7,10,gkenarli,2,0,0,2
16431,2026-07-10,2026,7,10,bkibar,4,6,0,10
16432,2026-07-10,2026,7,10,bsamuk,2,0,0,2
16433,2026-07-10,2026,7,10,ggirgin,14,3,0,17
16434,2026-07-10,2026,7,10,ayyilmaz,2,0,0,2
16435,2026-07-10,2026,7,10,tevirgen,3,1,2,6
16436,2026-07-10,2026,7,10,gayilmaz,2,0,0,2
16437,2026-07-10,2026,7,10,eatasoy,0,0,17,17
16438,2026-07-11,2026,7,11,mkarsiv,2,0,0,2
16439,2026-07-12,2026,7,12,aapak,18,18,0,36
16440,2026-07-12,2026,7,12,ersener,19,0,0,19
16441,2026-07-12,2026,7,12,uunver,8,0,0,8
16442,2026-07-12,2026,7,12,fcolak,3,3,0,6
16443,2026-07-12,2026,7,12,ierdil,8,8,0,16
16444,2026-07-12,2026,7,12,okelepe,0,2,0,2
16445,2026-07-12,2026,7,12,BSOGUT,26,0,0,26
16446,2026-07-12,2026,7,12,sfirinci,4,4,0,8
16447,2026-07-12,2026,7,12,ubasdas,0,3,0,3
16448,2026-07-12,2026,7,12,fbalaban,0,0,2,2
16449,2026-07-12,2026,7,12,gekim,0,110,0,110
16450,2026-07-12,2026,7,12,edemirbas,26,0,32,58
16451,2026-07-12,2026,7,12,tcapkin,0,3,0,3
16452,2026-07-12,2026,7,12,fbasak,6,0,0,6
16453,2026-07-12,2026,7,12,abarkod,0,4,0,4
16454,2026-07-12,2026,7,12,mkorucu,3,0,0,3
16455,2026-07-12,2026,7,12,dnoic,13,0,2,15
16456,2026-07-12,2026,7,12,aayhan,4,0,1,5
16457,2026-07-13,2026,7,13,ierdil,4,7,0,11
16458,2026-07-13,2026,7,13,gakca,7,0,0,7
16459,2026-07-13,2026,7,13,ubasdas,13,0,0,13
16460,2026-07-13,2026,7,13,aapak,0,14,0,14
16461,2026-07-13,2026,7,13,hakand,8,1,0,9
16462,2026-07-13,2026,7,13,sfirinci,3,1,0,4
16463,2026-07-13,2026,7,13,zyuksel,50,0,0,50
16464,2026-07-13,2026,7,13,cadonmez,0,1,0,1
16465,2026-07-13,2026,7,13,mkarsiv,3,2,0,5
16466,2026-07-13,2026,7,13,acelebi,2,0,0,2
16467,2026-07-13,2026,7,13,fcolak,1,0,0,1
16468,2026-07-13,2026,7,13,fdeniz,27,0,0,27
16469,2026-07-13,2026,7,13,msevim,2,5,0,7
16470,2026-07-13,2026,7,13,ersener,67,8,0,75
16471,2026-07-13,2026,7,13,VBAYANER,0,12,0,12
16472,2026-07-13,2026,7,13,gekim,0,63,0,63
16473,2026-07-13,2026,7,13,stjegitim,2,2,0,4
16474,2026-07-13,2026,7,13,SUYILMAZ,2,0,0,2
16475,2026-07-13,2026,7,13,MMUTLU,36,7,3,46
16476,2026-07-13,2026,7,13,amasun,2,16,0,18
16477,2026-07-13,2026,7,13,akamera,23,0,0,23
16478,2026-07-13,2026,7,13,abarkod,0,6,0,6
16479,2026-07-13,2026,7,13,tcapkin,0,41,0,41
16480,2026-07-13,2026,7,13,beozturk,0,1,0,1
16481,2026-07-13,2026,7,13,tyaman,11,0,0,11
16482,2026-07-13,2026,7,13,aayhan,6,0,0,6
16483,2026-07-13,2026,7,13,mkarabiyik,0,2,0,2
16484,2026-07-13,2026,7,13,fimetin,6,6,0,12
16485,2026-07-13,2026,7,13,ntanriverdi,0,8,0,8
16486,2026-07-13,2026,7,13,mertan,2,2,0,4
16487,2026-07-13,2026,7,13,ayyilmaz,1,0,0,1
16488,2026-07-13,2026,7,13,tevirgen,27,10,5,42
16489,2026-07-13,2026,7,13,gayilmaz,5,0,0,5
16490,2026-07-13,2026,7,13,oicoz,2,0,0,2
16491,2026-07-13,2026,7,13,mkorucu,1,0,0,1
16492,2026-07-13,2026,7,13,ckarahasan,12,7,0,19
16493,2026-07-13,2026,7,13,ggirgin,43,28,0,71
16494,2026-07-14,2026,7,14,eanli,0,2,0,2
16495,2026-07-14,2026,7,14,gakca,1,0,0,1
16496,2026-07-14,2026,7,14,baozturk,0,2,0,2
16497,2026-07-14,2026,7,14,ierdil,8,9,0,17
16498,2026-07-14,2026,7,14,stjegitim,7,0,6,13
16499,2026-07-14,2026,7,14,eozkan,1,0,0,1
16500,2026-07-14,2026,7,14,herbilgin,16,0,0,16
16501,2026-07-14,2026,7,14,msevim,0,3,0,3
16502,2026-07-14,2026,7,14,hbinay,4,0,0,4
16503,2026-07-14,2026,7,14,gbalvan,0,2,0,2
16504,2026-07-14,2026,7,14,mkarsiv,8,0,0,8
16505,2026-07-14,2026,7,14,beozturk,8,0,0,8
16506,2026-07-14,2026,7,14,gkenarli,0,2,0,2
16507,2026-07-14,2026,7,14,dnoic,23,0,0,23
16508,2026-07-14,2026,7,14,akamera,1,0,0,1
16509,2026-07-14,2026,7,14,mkarabiyik,0,3,0,3
16510,2026-07-14,2026,7,14,MMUTLU,6,2,5,13
16511,2026-07-14,2026,7,14,sucakir,0,1,0,1
16512,2026-07-14,2026,7,14,amasun,0,16,0,16
16513,2026-07-14,2026,7,14,fimetin,10,6,0,16
16514,2026-07-14,2026,7,14,ggirgin,17,3,1,21
16515,2026-07-14,2026,7,14,tevirgen,9,14,0,23
16516,2026-07-14,2026,7,14,gayilmaz,5,0,0,5
16517,2026-07-14,2026,7,14,ckarahasan,12,16,0,28
16518,2026-07-14,2026,7,14,bsamuk,5,0,0,5
16519,2026-07-15,2026,7,15,ierdil,2,7,0,9
16520,2026-07-15,2026,7,15,mkarsiv,2,0,0,2
16521,2026-07-15,2026,7,15,fcolak,5,0,0,5
16522,2026-07-15,2026,7,15,cyildiz,0,2,0,2
16523,2026-07-15,2026,7,15,aapak,0,2,0,2
16524,2026-07-15,2026,7,15,aildeniz,0,2,0,2
16525,2026-07-15,2026,7,15,gekim,0,77,0,77
16526,2026-07-15,2026,7,15,dnoic,0,0,62,62
16527,2026-07-15,2026,7,15,aayhan,17,1,0,18
16528,2026-07-15,2026,7,15,fbasak,13,0,0,13
16529,2026-07-15,2026,7,15,abarkod,0,2,0,2
16530,2026-07-15,2026,7,15,ubasdas,0,3,0,3
16531,2026-07-16,2026,7,16,gekim,0,39,0,39
16532,2026-07-16,2026,7,16,sfirinci,3,2,0,5
16533,2026-07-16,2026,7,16,fyakut,4,0,0,4
16534,2026-07-16,2026,7,16,ubasdas,22,0,0,22
16535,2026-07-16,2026,7,16,nakilli,0,6,0,6
16536,2026-07-16,2026,7,16,gbalvan,0,2,0,2
16537,2026-07-16,2026,7,16,aapak,0,37,0,37
16538,2026-07-16,2026,7,16,zyuksel,0,0,1,1
16539,2026-07-16,2026,7,16,baozturk,0,2,0,2
16540,2026-07-16,2026,7,16,ierdil,10,5,0,15
16541,2026-07-16,2026,7,16,stjegitim,3,0,31,34
16542,2026-07-16,2026,7,16,fcolak,1,0,0,1
16543,2026-07-16,2026,7,16,msevim,0,1,0,1
16544,2026-07-16,2026,7,16,eozkan,2,0,0,2
16545,2026-07-16,2026,7,16,beozturk,9,2,0,11
16546,2026-07-16,2026,7,16,udalyan,3,9,4,16
16547,2026-07-16,2026,7,16,amasun,0,18,0,18
16548,2026-07-16,2026,7,16,sucakir,9,0,0,9
16549,2026-07-16,2026,7,16,ckarahasan,6,15,0,21
16550,2026-07-16,2026,7,16,akamera,12,0,0,12
16551,2026-07-16,2026,7,16,abarkod,0,35,0,35
16552,2026-07-16,2026,7,16,dnoic,2,0,2,4
16553,2026-07-16,2026,7,16,ntanriverdi,0,2,0,2
16554,2026-07-16,2026,7,16,ogun,3,0,0,3
16555,2026-07-16,2026,7,16,mkarabiyik,0,1,0,1
16556,2026-07-16,2026,7,16,dyavuzkasap,13,0,0,13
16557,2026-07-16,2026,7,16,tcapkin,0,1,0,1
16558,2026-07-16,2026,7,16,fimetin,24,4,0,28
16559,2026-07-16,2026,7,16,ggirgin,13,0,0,13
16560,2026-07-16,2026,7,16,ayyilmaz,2,0,0,2
16561,2026-07-16,2026,7,16,tevirgen,5,46,15,66
16562,2026-07-16,2026,7,16,gayilmaz,2,0,0,2
16563,2026-07-16,2026,7,16,oicoz,11,11,0,22
16564,2026-07-16,2026,7,16,MMUTLU,7,0,7,14
16565,2026-07-17,2026,7,17,udalyan,3,0,1,4
16566,2026-07-17,2026,7,17,baozturk,0,2,0,2
16567,2026-07-17,2026,7,17,ierdil,3,4,0,7
16568,2026-07-17,2026,7,17,stjegitim,3,0,0,3
16569,2026-07-17,2026,7,17,msevim,2,2,0,4
16570,2026-07-17,2026,7,17,mkarsiv,5,0,0,5
16571,2026-07-17,2026,7,17,gbalvan,0,6,0,6
16572,2026-07-17,2026,7,17,beozturk,3,0,0,3
16573,2026-07-17,2026,7,17,sekisa,26,0,0,26
16574,2026-07-17,2026,7,17,amasun,4,64,0,68
16575,2026-07-17,2026,7,17,MMUTLU,10,2,0,12
16576,2026-07-17,2026,7,17,ckarahasan,43,24,0,67
16577,2026-07-17,2026,7,17,caozturk,3,3,0,6
16578,2026-07-17,2026,7,17,fimetin,12,4,0,16
16579,2026-07-17,2026,7,17,bsamuk,2,0,0,2
16580,2026-07-17,2026,7,17,ayyilmaz,2,0,0,2
16581,2026-07-17,2026,7,17,akamera,1,0,0,1
16582,2026-07-17,2026,7,17,eulsever,0,8,0,8
16583,2026-07-17,2026,7,17,gayilmaz,3,19,0,22
16584,2026-07-17,2026,7,17,oicoz,3,0,0,3
16585,2026-07-17,2026,7,17,tevirgen,12,12,0,24
16586,2026-07-18,2026,7,18,ogun,11,0,0,11
16587,2026-07-19,2026,7,19,ubasdas,1,0,0,1
16588,2026-07-19,2026,7,19,egonce,69,28,0,97
16589,2026-07-19,2026,7,19,mkarsiv,2,0,0,2
16590,2026-07-19,2026,7,19,fcolak,3,0,0,3
16591,2026-07-19,2026,7,19,cyildiz,3,0,0,3
16592,2026-07-19,2026,7,19,bbugdayci,0,1,0,1
16593,2026-07-19,2026,7,19,okelepe,0,115,0,115
16594,2026-07-19,2026,7,19,aapak,0,36,0,36
16595,2026-07-19,2026,7,19,sfirinci,0,3,0,3
16596,2026-07-19,2026,7,19,ierdil,6,4,0,10
16597,2026-07-19,2026,7,19,gbakanoglu,3,1,0,4
16598,2026-07-19,2026,7,19,gekim,0,105,0,105
16599,2026-07-19,2026,7,19,edemirbas,4,0,4,8
16600,2026-07-19,2026,7,19,tcapkin,0,1,0,1
16601,2026-07-19,2026,7,19,nkorkmaz,13,1,0,14
16602,2026-07-19,2026,7,19,abarkod,0,23,0,23
16603,2026-07-19,2026,7,19,ogun,12,0,0,12
16604,2026-07-19,2026,7,19,mkorucu,1,0,0,1
16605,2026-07-19,2026,7,19,dnoic,1,0,0,1
16606,2026-07-19,2026,7,19,fbasak,6,0,0,6
16607,2026-07-20,2026,7,20,sfirinci,4,2,0,6
16608,2026-07-20,2026,7,20,zyuksel,1,0,0,1
16609,2026-07-20,2026,7,20,aapak,12,4,0,16
16610,2026-07-20,2026,7,20,udalyan,1,5,95,101
16611,2026-07-20,2026,7,20,mecigdem,0,4,0,4
16612,2026-07-20,2026,7,20,okelepe,0,3,0,3
16613,2026-07-20,2026,7,20,fgulsever,0,16,0,16
16614,2026-07-20,2026,7,20,itopcu,6,0,0,6
16615,2026-07-20,2026,7,20,ierdil,4,4,0,8
16616,2026-07-20,2026,7,20,sekisa,12,0,0,12
16617,2026-07-20,2026,7,20,bbugdayci,1,0,0,1
16618,2026-07-20,2026,7,20,VBAYANER,48,0,0,48
16619,2026-07-20,2026,7,20,fcolak,3,5,0,8
16620,2026-07-20,2026,7,20,mkarsiv,1,0,0,1
16621,2026-07-20,2026,7,20,egonce,43,1,0,44
16622,2026-07-20,2026,7,20,msevim,0,13,0,13
16623,2026-07-20,2026,7,20,gbalvan,0,6,0,6
16624,2026-07-20,2026,7,20,bfirat,10,0,0,10
16625,2026-07-20,2026,7,20,gekim,0,64,0,64
16626,2026-07-20,2026,7,20,aildeniz,42,0,0,42
16627,2026-07-20,2026,7,20,gbakanoglu,1,0,0,1
16628,2026-07-20,2026,7,20,stjegitim,194,21,0,215
16629,2026-07-20,2026,7,20,fozay,39,9,0,48
16630,2026-07-20,2026,7,20,tcapkin,1,0,0,1
16631,2026-07-20,2026,7,20,nkorkmaz,1,0,0,1
16632,2026-07-20,2026,7,20,fbasak,2,0,0,2
16633,2026-07-20,2026,7,20,fyilanci,0,1,0,1
16634,2026-07-20,2026,7,20,mkarabiyik,0,1,0,1
16635,2026-07-20,2026,7,20,obali,2,3,0,5
16636,2026-07-20,2026,7,20,fimetin,22,0,0,22
16637,2026-07-20,2026,7,20,sucakir,2,1,0,3
16638,2026-07-20,2026,7,20,bsamuk,3,0,0,3
16639,2026-07-20,2026,7,20,abarkod,0,30,0,30
16640,2026-07-20,2026,7,20,mertan,19,12,0,31
16641,2026-07-20,2026,7,20,ggirgin,156,0,0,156
16642,2026-07-20,2026,7,20,beozturk,4,0,0,4
16643,2026-07-20,2026,7,20,amasun,0,7,0,7
16644,2026-07-20,2026,7,20,caozturk,2,0,0,2
16645,2026-07-20,2026,7,20,SUYILMAZ,1,0,0,1
16646,2026-07-20,2026,7,20,ckarahasan,14,18,0,32
16647,2026-07-20,2026,7,20,kkaplan,0,0,4,4
16648,2026-07-20,2026,7,20,gayilmaz,1,0,0,1
16649,2026-07-20,2026,7,20,tevirgen,22,28,6,56
16650,2026-07-20,2026,7,20,dnoic,45,1,38,84
16651,2026-07-21,2026,7,21,fozay,9,1,0,10
16652,2026-07-21,2026,7,21,gekim,0,50,0,50
16653,2026-07-21,2026,7,21,fyakut,10,0,0,10
16654,2026-07-21,2026,7,21,udalyan,1,0,6,7
16655,2026-07-21,2026,7,21,mecigdem,0,2,0,2
16656,2026-07-21,2026,7,21,okelepe,3,57,0,60
16657,2026-07-21,2026,7,21,fgulsever,0,30,0,30
16658,2026-07-21,2026,7,21,gsapmaz,35,0,0,35
16659,2026-07-21,2026,7,21,mguray,7,0,0,7
16660,2026-07-21,2026,7,21,ierdil,14,4,0,18
16661,2026-07-21,2026,7,21,nkaya,36,18,0,54
16662,2026-07-21,2026,7,21,sekisa,3,0,0,3
16663,2026-07-21,2026,7,21,msevim,2,2,0,4
16664,2026-07-21,2026,7,21,eozkan,8,0,0,8
16665,2026-07-21,2026,7,21,gbalvan,0,1,0,1
16666,2026-07-21,2026,7,21,bfirat,2,0,0,2
16667,2026-07-21,2026,7,21,beozturk,7,0,0,7
16668,2026-07-21,2026,7,21,zyuksel,4,0,0,4
16669,2026-07-21,2026,7,21,egonce,25,4,0,29
16670,2026-07-21,2026,7,21,amasun,0,44,0,44
16671,2026-07-21,2026,7,21,dnoic,3,0,0,3
16672,2026-07-21,2026,7,21,caozturk,2,10,0,12
16673,2026-07-21,2026,7,21,abarkod,0,7,0,7
16674,2026-07-21,2026,7,21,fbasak,2,0,0,2
16675,2026-07-21,2026,7,21,cer,1,1,0,2
16676,2026-07-21,2026,7,21,obali,4,1,0,5
16677,2026-07-21,2026,7,21,fimetin,23,0,0,23
16678,2026-07-21,2026,7,21,sucakir,1,0,0,1
16679,2026-07-21,2026,7,21,gkenarli,0,20,0,20
16680,2026-07-21,2026,7,21,mkarabiyik,0,8,0,8
16681,2026-07-21,2026,7,21,mertan,4,0,0,4
16682,2026-07-21,2026,7,21,ayyilmaz,1,0,0,1
16683,2026-07-21,2026,7,21,tevirgen,7,5,3,15
16684,2026-07-21,2026,7,21,eulsever,4,0,0,4
16685,2026-07-21,2026,7,21,gayilmaz,0,2,0,2
16686,2026-07-21,2026,7,21,mkorucu,6,0,0,6
16687,2026-07-21,2026,7,21,ekaradavut,2,0,0,2
16688,2026-07-21,2026,7,21,ckarahasan,24,9,0,33
16689,2026-07-22,2026,7,22,mguder,0,0,6,6
16690,2026-07-22,2026,7,22,fgulsever,0,35,0,35
16691,2026-07-22,2026,7,22,mecigdem,0,2,0,2
16692,2026-07-22,2026,7,22,fyakut,73,2,0,75
16693,2026-07-22,2026,7,22,aapak,0,44,0,44
16694,2026-07-22,2026,7,22,sfirinci,1,1,0,2
16695,2026-07-22,2026,7,22,ierdil,8,5,0,13
16696,2026-07-22,2026,7,22,udalyan,0,3,0,3
16697,2026-07-22,2026,7,22,mguray,3,0,0,3
16698,2026-07-22,2026,7,22,gbalvan,0,5,0,5
16699,2026-07-22,2026,7,22,cadonmez,2,0,0,2
16700,2026-07-22,2026,7,22,mkarsiv,2,0,0,2
16701,2026-07-22,2026,7,22,egonce,66,4,0,70
16702,2026-07-22,2026,7,22,herbilgin,2,0,0,2
16703,2026-07-22,2026,7,22,uunver,12,1,0,13
16704,2026-07-22,2026,7,22,msevim,0,2,0,2
16705,2026-07-22,2026,7,22,eozkan,2,12,0,14
16706,2026-07-22,2026,7,22,bfirat,10,0,0,10
16707,2026-07-22,2026,7,22,gekim,0,12,0,12
16708,2026-07-22,2026,7,22,aildeniz,1,1,2,4
16709,2026-07-22,2026,7,22,fbalaban,1,0,0,1
16710,2026-07-22,2026,7,22,mkarabiyik,1,4,0,5
16711,2026-07-22,2026,7,22,amasun,1,19,0,20
16712,2026-07-22,2026,7,22,abarkod,0,5,0,5
16713,2026-07-22,2026,7,22,ntanriverdi,0,3,0,3
16714,2026-07-22,2026,7,22,nkorkmaz,0,14,0,14
16715,2026-07-22,2026,7,22,cer,1,0,0,1
16716,2026-07-22,2026,7,22,aayhan,20,15,0,35
16717,2026-07-22,2026,7,22,dyavuzkasap,2,0,0,2
16718,2026-07-22,2026,7,22,fimetin,21,0,0,21
16719,2026-07-22,2026,7,22,goyilmaz,0,7,0,7
16720,2026-07-22,2026,7,22,ggirgin,3,0,0,3
16721,2026-07-22,2026,7,22,beozturk,3,0,0,3
16722,2026-07-22,2026,7,22,tevirgen,5,4,1,10
16723,2026-07-22,2026,7,22,mertan,0,2,0,2
16724,2026-07-22,2026,7,22,dnoic,0,0,1,1
16725,2026-07-22,2026,7,22,ckarahasan,18,1,0,19
16726,2026-07-22,2026,7,22,mkorucu,4,0,0,4
16727,2026-07-22,2026,7,22,caozturk,1,0,2,3
16728,2026-07-22,2026,7,22,okanat,10,0,0,10
16729,2026-07-22,2026,7,22,gayilmaz,3,0,0,3
16730,2026-07-22,2026,7,22,oicoz,0,1,0,1
16731,2026-07-23,2026,7,23,ierdil,0,8,0,8
16732,2026-07-23,2026,7,23,fyakut,1,0,0,1
16733,2026-07-23,2026,7,23,gakca,9,0,0,9
16734,2026-07-23,2026,7,23,aapak,0,16,0,16
16735,2026-07-23,2026,7,23,udalyan,3,0,0,3
16736,2026-07-23,2026,7,23,mecigdem,0,2,0,2
16737,2026-07-23,2026,7,23,fgulsever,0,19,0,19
16738,2026-07-23,2026,7,23,gsapmaz,2,0,0,2
16739,2026-07-23,2026,7,23,mguray,6,0,0,6
16740,2026-07-23,2026,7,23,sbaykal,1,0,0,1
16741,2026-07-23,2026,7,23,bbugdayci,1,1,0,2
16742,2026-07-23,2026,7,23,sekisa,2,0,0,2
16743,2026-07-23,2026,7,23,egonce,26,2,0,28
16744,2026-07-23,2026,7,23,msevim,2,2,0,4
16745,2026-07-23,2026,7,23,mmollaoglu,1,0,1,2
16746,2026-07-23,2026,7,23,gbalvan,0,5,0,5
16747,2026-07-23,2026,7,23,ersener,1,0,0,1
16748,2026-07-23,2026,7,23,bfirat,4,0,0,4
16749,2026-07-23,2026,7,23,sfirinci,1,1,0,2
16750,2026-07-23,2026,7,23,cadonmez,1,1,0,2
16751,2026-07-23,2026,7,23,gekim,0,34,0,34
16752,2026-07-23,2026,7,23,fozay,8,0,0,8
16753,2026-07-23,2026,7,23,fbalaban,1,0,0,1
16754,2026-07-23,2026,7,23,abarkod,0,5,0,5
16755,2026-07-23,2026,7,23,tcapkin,0,8,0,8
16756,2026-07-23,2026,7,23,ntanriverdi,0,3,0,3
16757,2026-07-23,2026,7,23,SUYILMAZ,3,0,0,3
16758,2026-07-23,2026,7,23,aayhan,7,23,0,30
16759,2026-07-23,2026,7,23,mkarabiyik,0,3,0,3
16760,2026-07-23,2026,7,23,fimetin,6,0,0,6
16761,2026-07-23,2026,7,23,sucakir,10,0,0,10
16762,2026-07-23,2026,7,23,goyilmaz,15,4,0,19
16763,2026-07-23,2026,7,23,ayyilmaz,1,0,0,1
16764,2026-07-23,2026,7,23,ogun,5,0,0,5
16765,2026-07-23,2026,7,23,gayilmaz,4,0,0,4
16766,2026-07-23,2026,7,23,mkorucu,17,1,0,18
16767,2026-07-23,2026,7,23,ckarahasan,26,8,0,34
16768,2026-07-23,2026,7,23,dnoic,1,0,87,88
16769,2026-07-23,2026,7,23,caozturk,9,1,0,10
16770,2026-07-23,2026,7,23,amasun,0,26,0,26
16771,2026-07-23,2026,7,23,beozturk,2,0,0,2
16772,2026-07-23,2026,7,23,zkurt,0,0,2,2
16773,2026-07-23,2026,7,23,tevirgen,6,13,19,38
16774,2026-07-24,2026,7,24,udalyan,16,11,0,27
16775,2026-07-24,2026,7,24,mecigdem,0,2,0,2
16776,2026-07-24,2026,7,24,hakand,4,1,0,5
16777,2026-07-24,2026,7,24,ierdil,1,4,0,5
16778,2026-07-24,2026,7,24,mguray,4,0,0,4
16779,2026-07-24,2026,7,24,stjegitim,29,0,14,43
16780,2026-07-24,2026,7,24,gbalvan,0,1,0,1
16781,2026-07-24,2026,7,24,mkarsiv,1,0,0,1
16782,2026-07-24,2026,7,24,msevim,0,1,0,1
16783,2026-07-24,2026,7,24,hbinay,4,0,0,4
16784,2026-07-24,2026,7,24,bfirat,16,0,0,16
16785,2026-07-24,2026,7,24,sbaykal,4,0,0,4
16786,2026-07-24,2026,7,24,gakca,2,0,0,2
16787,2026-07-24,2026,7,24,acelebi,2,0,0,2
16788,2026-07-24,2026,7,24,fozay,28,9,0,37
16789,2026-07-24,2026,7,24,cer,4,0,0,4
16790,2026-07-24,2026,7,24,amasun,0,10,0,10
16791,2026-07-24,2026,7,24,beozturk,2,5,0,7
16792,2026-07-24,2026,7,24,ntanriverdi,0,8,0,8
16793,2026-07-24,2026,7,24,bkibar,0,1,0,1
16794,2026-07-24,2026,7,24,fimetin,8,0,0,8
16795,2026-07-24,2026,7,24,sucakir,1,0,0,1
16796,2026-07-24,2026,7,24,goyilmaz,24,1,0,25
16797,2026-07-24,2026,7,24,obali,0,1,0,1
16798,2026-07-24,2026,7,24,ekaradavut,1,0,0,1
16799,2026-07-24,2026,7,24,tevirgen,3,2,0,5
16800,2026-07-24,2026,7,24,eulsever,0,4,0,4
16801,2026-07-24,2026,7,24,gayilmaz,3,1,0,4
16802,2026-07-24,2026,7,24,okanat,1,0,0,1
16803,2026-07-24,2026,7,24,ggirgin,7,5,0,12
16804,2026-07-25,2026,7,25,uunver,78,92,0,170
16805,2026-07-26,2026,7,26,scabuker,1,31,0,32
16806,2026-07-26,2026,7,26,mkarsiv,6,0,0,6
16807,2026-07-26,2026,7,26,ierdil,5,4,0,9
16808,2026-07-26,2026,7,26,aapak,1,60,0,61
16809,2026-07-26,2026,7,26,gekim,0,47,0,47
16810,2026-07-26,2026,7,26,gbakanoglu,5,0,0,5
16811,2026-07-26,2026,7,26,fgulsever,2,4,0,6
16812,2026-07-26,2026,7,26,dnoic,17,0,1,18
16813,2026-07-26,2026,7,26,dyavuzkasap,20,0,0,20
16814,2026-07-26,2026,7,26,aayhan,2,0,2,4
16815,2026-07-26,2026,7,26,tcapkin,0,10,0,10
16816,2026-07-26,2026,7,26,abarkod,0,33,0,33
16817,2026-07-26,2026,7,26,fbalaban,2,0,0,2
16818,2026-07-27,2026,7,27,ierdil,3,4,0,7
16819,2026-07-27,2026,7,27,mguder,6,9,0,15
16820,2026-07-27,2026,7,27,gsapmaz,4,0,0,4
16821,2026-07-27,2026,7,27,itopcu,2,0,0,2
16822,2026-07-27,2026,7,27,BSOGUT,2,1,0,3
16823,2026-07-27,2026,7,27,mguray,8,0,0,8
16824,2026-07-27,2026,7,27,sbaykal,0,9,0,9
16825,2026-07-27,2026,7,27,hakand,2,1,0,3
16826,2026-07-27,2026,7,27,udalyan,7,4,0,11
16827,2026-07-27,2026,7,27,fgulsever,0,28,0,28
16828,2026-07-27,2026,7,27,cadonmez,1,1,0,2
16829,2026-07-27,2026,7,27,acelebi,44,1,0,45
16830,2026-07-27,2026,7,27,stjegitim,14,2,10,26
16831,2026-07-27,2026,7,27,mkarsiv,2,0,0,2
16832,2026-07-27,2026,7,27,egonce,12,1,0,13
16833,2026-07-27,2026,7,27,fdeniz,2,0,0,2
16834,2026-07-27,2026,7,27,msevim,4,2,0,6
16835,2026-07-27,2026,7,27,mmollaoglu,4,75,0,79
16836,2026-07-27,2026,7,27,eozkan,18,14,0,32
16837,2026-07-27,2026,7,27,gbalvan,0,2,0,2
16838,2026-07-27,2026,7,27,bfirat,44,0,0,44
16839,2026-07-27,2026,7,27,aapak,12,11,0,23
16840,2026-07-27,2026,7,27,bbugdayci,1,0,1,2
16841,2026-07-27,2026,7,27,gakca,8,0,0,8
16842,2026-07-27,2026,7,27,fozay,16,0,0,16
16843,2026-07-27,2026,7,27,gekim,0,69,0,69
16844,2026-07-27,2026,7,27,sfirinci,66,0,0,66
16845,2026-07-27,2026,7,27,abarkod,0,2,0,2
16846,2026-07-27,2026,7,27,edemirbas,4,0,4,8
16847,2026-07-27,2026,7,27,tcapkin,0,0,1,1
16848,2026-07-27,2026,7,27,bkibar,0,1,0,1
16849,2026-07-27,2026,7,27,nkorkmaz,0,0,12,12
16850,2026-07-27,2026,7,27,fbasak,1,3,2,6
16851,2026-07-27,2026,7,27,aayhan,1,16,0,17
16852,2026-07-27,2026,7,27,obali,3,12,0,15
16853,2026-07-27,2026,7,27,MMUTLU,21,3,2,26
16854,2026-07-27,2026,7,27,goyilmaz,0,4,0,4
16855,2026-07-27,2026,7,27,ttlideri,1,0,0,1
16856,2026-07-27,2026,7,27,mertan,4,3,0,7
16857,2026-07-27,2026,7,27,ggirgin,47,0,0,47
16858,2026-07-27,2026,7,27,fbalaban,0,0,1,1
16859,2026-07-27,2026,7,27,ekaragoz,1,0,0,1
16860,2026-07-27,2026,7,27,beozturk,14,8,0,22
16861,2026-07-27,2026,7,27,eanli,12,0,0,12
16862,2026-07-27,2026,7,27,caozturk,5,4,0,9
16863,2026-07-27,2026,7,27,ckarahasan,7,30,0,37
16864,2026-07-27,2026,7,27,ekoyun,24,0,0,24
16865,2026-07-27,2026,7,27,tevirgen,15,0,1,16
16866,2026-07-27,2026,7,27,amasun,11,5,0,16
16867,2026-07-28,2026,7,28,ubasdas,3,0,0,3
16868,2026-07-28,2026,7,28,ierdil,8,5,0,13
16869,2026-07-28,2026,7,28,aapak,0,69,0,69
16870,2026-07-28,2026,7,28,udalyan,2,2,3,7
16871,2026-07-28,2026,7,28,fgulsever,0,4,0,4
16872,2026-07-28,2026,7,28,itopcu,2,0,0,2
16873,2026-07-28,2026,7,28,mguder,7,0,0,7
16874,2026-07-28,2026,7,28,mguray,7,0,0,7
16875,2026-07-28,2026,7,28,egonce,29,2,0,31
16876,2026-07-28,2026,7,28,stjegitim,1,0,0,1
16877,2026-07-28,2026,7,28,sekisa,97,51,0,148
16878,2026-07-28,2026,7,28,mkarsiv,6,0,0,6
16879,2026-07-28,2026,7,28,sapra,0,0,2,2
16880,2026-07-28,2026,7,28,gbalvan,0,3,0,3
16881,2026-07-28,2026,7,28,ersener,2,2,0,4
16882,2026-07-28,2026,7,28,gakca,4,1,0,5
16883,2026-07-28,2026,7,28,ucelebi,0,0,5,5
16884,2026-07-28,2026,7,28,gekim,0,127,0,127
16885,2026-07-28,2026,7,28,bfirat,6,0,0,6
16886,2026-07-28,2026,7,28,eanli,10,0,0,10
16887,2026-07-28,2026,7,28,fbalaban,1,0,0,1
16888,2026-07-28,2026,7,28,fbasak,23,7,0,30
16889,2026-07-28,2026,7,28,aayhan,6,4,10,20
16890,2026-07-28,2026,7,28,obali,0,3,0,3
16891,2026-07-28,2026,7,28,MMUTLU,9,2,0,11
16892,2026-07-28,2026,7,28,goyilmaz,2,4,0,6
16893,2026-07-28,2026,7,28,ggirgin,10,1,0,11
16894,2026-07-28,2026,7,28,ekaradavut,2,0,0,2
16895,2026-07-28,2026,7,28,fimetin,12,1,0,13
16896,2026-07-28,2026,7,28,ayyilmaz,2,7,0,9
16897,2026-07-28,2026,7,28,tevirgen,0,10,64,74
16898,2026-07-28,2026,7,28,oicoz,2,0,0,2
16899,2026-07-28,2026,7,28,mkorucu,16,0,0,16
16900,2026-07-28,2026,7,28,ckarahasan,22,5,0,27
16901,2026-07-28,2026,7,28,dnoic,29,0,6,35
16902,2026-07-28,2026,7,28,beozturk,14,6,0,20
16903,2026-07-28,2026,7,28,mertan,1,2,0,3
16904,2026-07-29,2026,7,29,zyuksel,0,0,1,1
16905,2026-07-29,2026,7,29,sfirinci,1,1,0,2
16906,2026-07-29,2026,7,29,aapak,0,55,0,55
16907,2026-07-29,2026,7,29,hakand,5,0,0,5
16908,2026-07-29,2026,7,29,BSOGUT,0,0,2,2
16909,2026-07-29,2026,7,29,fgulsever,0,33,0,33
16910,2026-07-29,2026,7,29,gsapmaz,6,0,0,6
16911,2026-07-29,2026,7,29,ierdil,0,5,0,5
16912,2026-07-29,2026,7,29,ersener,9,0,0,9
16913,2026-07-29,2026,7,29,aildeniz,0,2,0,2
16914,2026-07-29,2026,7,29,rkontrol,2,0,0,2
16915,2026-07-29,2026,7,29,stjegitim,1,0,0,1
16916,2026-07-29,2026,7,29,mkarsiv,4,1,0,5
16917,2026-07-29,2026,7,29,egonce,12,1,0,13
16918,2026-07-29,2026,7,29,msevim,0,4,0,4
16919,2026-07-29,2026,7,29,mmollaoglu,0,3,0,3
16920,2026-07-29,2026,7,29,bfirat,10,0,0,10
16921,2026-07-29,2026,7,29,mguray,2,0,0,2
16922,2026-07-29,2026,7,29,eanli,0,2,0,2
16923,2026-07-29,2026,7,29,gekim,0,99,0,99
16924,2026-07-29,2026,7,29,fozay,4,4,0,8
16925,2026-07-29,2026,7,29,ekaragoz,2,0,3,5
16926,2026-07-29,2026,7,29,abarkod,0,1,0,1
16927,2026-07-29,2026,7,29,fbasak,1,0,0,1
16928,2026-07-29,2026,7,29,ogun,1,0,1,2
16929,2026-07-29,2026,7,29,fyilanci,0,10,0,10
16930,2026-07-29,2026,7,29,MMUTLU,4,2,2,8
16931,2026-07-29,2026,7,29,fimetin,4,0,0,4
16932,2026-07-29,2026,7,29,goyilmaz,15,9,0,24
16933,2026-07-29,2026,7,29,ggirgin,222,1,0,223
16934,2026-07-29,2026,7,29,obali,42,0,18,60
16935,2026-07-29,2026,7,29,tevirgen,19,18,3,40
16936,2026-07-29,2026,7,29,ekoyun,10,1,0,11
16937,2026-07-29,2026,7,29,nibolkis,7,0,0,7
16938,2026-07-29,2026,7,29,TIRMAK,1,0,0,1
16939,2026-07-29,2026,7,29,okanat,3,0,0,3
16940,2026-07-29,2026,7,29,ckarahasan,7,9,0,16
16941,2026-07-29,2026,7,29,caozturk,23,20,0,43
16942,2026-07-29,2026,7,29,mertan,3,20,0,23
16943,2026-07-29,2026,7,29,beozturk,4,4,0,8
16944,2026-07-30,2026,7,30,ierdil,3,6,0,9
16945,2026-07-30,2026,7,30,mguder,32,0,0,32
16946,2026-07-30,2026,7,30,gsapmaz,8,0,0,8
16947,2026-07-30,2026,7,30,hakand,2,1,0,3
16948,2026-07-30,2026,7,30,fgulsever,0,51,0,51
16949,2026-07-30,2026,7,30,bfirat,2,0,0,2
16950,2026-07-30,2026,7,30,mguray,7,0,0,7
16951,2026-07-30,2026,7,30,baozturk,0,1,0,1
16952,2026-07-30,2026,7,30,aildeniz,1,0,0,1
16953,2026-07-30,2026,7,30,ersener,1,0,0,1
16954,2026-07-30,2026,7,30,stjegitim,166,17,0,183
16955,2026-07-30,2026,7,30,mkarsiv,3,0,0,3
16956,2026-07-30,2026,7,30,egonce,11,1,0,12
16957,2026-07-30,2026,7,30,uunver,18,2,0,20
16958,2026-07-30,2026,7,30,mbayirli,9,0,0,9
16959,2026-07-30,2026,7,30,msevim,1,0,0,1
16960,2026-07-30,2026,7,30,mmollaoglu,0,2,0,2
16961,2026-07-30,2026,7,30,gbalvan,0,8,0,8
16962,2026-07-30,2026,7,30,aapak,0,62,0,62
16963,2026-07-30,2026,7,30,cadonmez,0,2,0,2
16964,2026-07-30,2026,7,30,gakca,4,1,0,5
16965,2026-07-30,2026,7,30,esaribuyuk,1,0,0,1
16966,2026-07-30,2026,7,30,gekim,0,38,0,38
16967,2026-07-30,2026,7,30,sfirinci,67,0,0,67
16968,2026-07-30,2026,7,30,akamera,4,0,0,4
16969,2026-07-30,2026,7,30,abarkod,0,33,0,33
16970,2026-07-30,2026,7,30,bkibar,0,1,0,1
16971,2026-07-30,2026,7,30,fyilanci,0,27,0,27
16972,2026-07-30,2026,7,30,ykiye,2,0,0,2
16973,2026-07-30,2026,7,30,obali,8,9,6,23
16974,2026-07-30,2026,7,30,MMUTLU,6,0,0,6
16975,2026-07-30,2026,7,30,fimetin,1,12,0,13
16976,2026-07-30,2026,7,30,goyilmaz,16,1,0,17
16977,2026-07-30,2026,7,30,tcapkin,2,0,0,2
16978,2026-07-30,2026,7,30,ekaradavut,6,0,0,6
16979,2026-07-30,2026,7,30,tevirgen,7,3,0,10
16980,2026-07-30,2026,7,30,TIRMAK,3,2,0,5
16981,2026-07-30,2026,7,30,ckarahasan,7,18,0,25
16982,2026-07-30,2026,7,30,dnoic,65,1,0,66
16983,2026-07-30,2026,7,30,caozturk,2,1,0,3
16984,2026-07-30,2026,7,30,beozturk,2,0,0,2
16985,2026-07-30,2026,7,30,ekaragoz,1,0,0,1
16986,2026-07-30,2026,7,30,fbalaban,0,0,1,1
16987,2026-07-30,2026,7,30,ggirgin,17,0,0,17
16988,2026-07-31,2026,7,31,gsapmaz,8,0,0,8
16989,2026-07-31,2026,7,31,carican,6,0,0,6
16990,2026-07-31,2026,7,31,mguder,4,0,0,4
16991,2026-07-31,2026,7,31,zyuksel,1,0,7,8
16992,2026-07-31,2026,7,31,ierdil,0,104,0,104
16993,2026-07-31,2026,7,31,mguray,6,0,0,6
16994,2026-07-31,2026,7,31,eozkan,5,0,0,5
16995,2026-07-31,2026,7,31,sekisa,0,0,178,178
16996,2026-07-31,2026,7,31,msevim,1,2,0,3
16997,2026-07-31,2026,7,31,mmollaoglu,0,3,0,3
16998,2026-07-31,2026,7,31,gbalvan,0,4,0,4
16999,2026-07-31,2026,7,31,bfirat,3,0,0,3
17000,2026-07-31,2026,7,31,hakand,3,0,1,4
17001,2026-07-31,2026,7,31,stjegitim,13,0,1,14
17002,2026-07-31,2026,7,31,udalyan,0,0,1,1
17003,2026-07-31,2026,7,31,ckarahasan,12,18,0,30
17004,2026-07-31,2026,7,31,saskin,14,0,0,14
17005,2026-07-31,2026,7,31,bkibar,0,1,0,1
17006,2026-07-31,2026,7,31,gakca,7,0,0,7
17007,2026-07-31,2026,7,31,obali,3,2,4,9
17008,2026-07-31,2026,7,31,MMUTLU,22,5,0,27
17009,2026-07-31,2026,7,31,fimetin,8,0,0,8
17010,2026-07-31,2026,7,31,goyilmaz,11,0,0,11
17011,2026-07-31,2026,7,31,ggirgin,17,3,0,20
17012,2026-07-31,2026,7,31,hktlideri,3,6,0,9
17013,2026-07-31,2026,7,31,tevirgen,15,32,7,54
17014,2026-07-31,2026,7,31,oicoz,7,2,0,9
17015,2026-07-31,2026,7,31,ayyilmaz,5,0,0,5
17016,2026-07-31,2026,7,31,amasun,1,0,0,1
17017,2026-07-31,2026,7,31,beozturk,8,7,0,15
17018,2026-07-31,2026,7,31,fozay,12,0,0,12
