,ID,toplam,Tarih,Donem,genel_renkli,genel_sb,dijital_islemler
224,dcolor,4,2025-03-01,2025-03,0,4,0
225,hbinay,30,2025-03-01,2025-03,30,0,0
226,herbilgin,1,2025-03-01,2025-03,1,0,0
227,zyuksel,8,2025-03-01,2025-03,0,0,8
228,aayhan,13,2025-03-01,2025-03,5,7,1
229,udalyan,1,2025-03-01,2025-03,1,0,0
230,dcolor,1,2025-03-02,2025-03,1,0,0
231,mbayirli,11,2025-03-02,2025-03,10,1,0
232,egonce,37,2025-03-02,2025-03,23,14,0
233,mkarsiv,1,2025-03-02,2025-03,1,0,0
234,fcolak,14,2025-03-02,2025-03,14,0,0
235,bbugdayci,10,2025-03-02,2025-03,3,7,0
236,ebadem,6,2025-03-02,2025-03,6,0,0
237,ierdil,19,2025-03-02,2025-03,10,9,0
238,fgulsever,88,2025-03-02,2025-03,87,1,0
239,carican,7,2025-03-02,2025-03,1,6,0
240,aapak,13,2025-03-02,2025-03,12,1,0
241,ubasdas,5,2025-03-02,2025-03,5,0,0
242,gekim,160,2025-03-02,2025-03,0,160,0
243,dnoic,48,2025-03-02,2025-03,47,1,0
244,mkorucu,1,2025-03-02,2025-03,1,0,0
245,bsamuk,3,2025-03-02,2025-03,3,0,0
246,dustasi,10,2025-03-02,2025-03,10,0,0
247,abarkod,6,2025-03-02,2025-03,6,0,0
248,BSOGUT,2,2025-03-02,2025-03,2,0,0
249,aildeniz,5,2025-03-03,2025-03,4,1,0
250,ierdil,5,2025-03-03,2025-03,0,5,0
251,mguder,11,2025-03-03,2025-03,11,0,0
252,itopcu,1,2025-03-03,2025-03,1,0,0
253,fgulsever,14,2025-03-03,2025-03,7,7,0
254,udalyan,2,2025-03-03,2025-03,0,1,1
255,hakand,6,2025-03-03,2025-03,3,1,2
256,mecigdem,3,2025-03-03,2025-03,0,3,0
257,bbugdayci,38,2025-03-03,2025-03,19,1,18
258,aapak,79,2025-03-03,2025-03,0,79,0
259,dayakta,16,2025-03-03,2025-03,11,5,0
260,ubasdas,1,2025-03-03,2025-03,1,0,0
261,BSOGUT,4,2025-03-03,2025-03,0,4,0
262,stjegitim,7,2025-03-03,2025-03,5,1,1
263,hakdemir,9,2025-03-03,2025-03,7,2,0
264,egonce,17,2025-03-03,2025-03,17,0,0
265,herbilgin,17,2025-03-03,2025-03,17,0,0
266,mbayirli,13,2025-03-03,2025-03,13,0,0
267,hbinay,8,2025-03-03,2025-03,7,1,0
268,sapra,2,2025-03-03,2025-03,2,0,0
269,eozkan,7,2025-03-03,2025-03,7,0,0
270,dcolor,22,2025-03-03,2025-03,0,22,0
271,ekoksal,8,2025-03-03,2025-03,5,3,0
272,ersener,6,2025-03-03,2025-03,6,0,0
273,hbulut,20,2025-03-03,2025-03,19,1,0
274,bfirat,30,2025-03-03,2025-03,23,7,0
275,VBAYANER,24,2025-03-03,2025-03,0,24,0
276,gakca,7,2025-03-03,2025-03,4,3,0
277,fcolak,44,2025-03-03,2025-03,0,44,0
278,adogan,14,2025-03-03,2025-03,14,0,0
279,ihasdemir,7,2025-03-03,2025-03,7,0,0
280,bsakrak,25,2025-03-03,2025-03,25,0,0
281,akamera,49,2025-03-03,2025-03,44,5,0
282,abarkod,1,2025-03-03,2025-03,1,0,0
283,vgemici,1,2025-03-03,2025-03,1,0,0
284,tcapkin,1,2025-03-03,2025-03,0,1,0
285,ntanriverdi,30,2025-03-03,2025-03,0,30,0
286,asablon,1,2025-03-03,2025-03,1,0,0
287,cer,20,2025-03-03,2025-03,20,0,0
288,aayhan,4,2025-03-03,2025-03,0,0,3
289,mkarabiyik,18,2025-03-03,2025-03,0,18,0
290,obali,4,2025-03-03,2025-03,1,3,0
291,fimetin,1,2025-03-03,2025-03,0,1,0
292,gkenarli,9,2025-03-03,2025-03,6,3,0
293,ggirgin,78,2025-03-03,2025-03,61,17,0
294,ekaradavut,1,2025-03-03,2025-03,1,0,0
295,ngogce,96,2025-03-03,2025-03,52,40,4
296,saskin,21,2025-03-03,2025-03,21,0,0
297,gekim,139,2025-03-03,2025-03,0,139,0
298,gbakanoglu,20,2025-03-03,2025-03,10,10,0
299,aozbal,1,2025-03-03,2025-03,1,0,0
300,amasun,11,2025-03-03,2025-03,11,0,0
301,mertan,1,2025-03-03,2025-03,1,0,0
302,dnoic,7,2025-03-03,2025-03,7,0,0
303,ebalaban,22,2025-03-03,2025-03,22,0,0
304,ogungor,2,2025-03-03,2025-03,0,2,0
305,gayilmaz,10,2025-03-03,2025-03,10,0,0
306,stjncakirci,5,2025-03-03,2025-03,3,2,0
307,eulsever,10,2025-03-03,2025-03,0,10,0
308,tevirgen,21,2025-03-03,2025-03,20,1,0
309,ayyilmaz,3,2025-03-03,2025-03,3,0,0
310,oicoz,18,2025-03-03,2025-03,18,0,0
311,ierdil,7,2025-03-04,2025-03,7,0,0
312, modified by system 2025-04-29 10:29:20 4,41,2025-03-04,2025-03,38,3,0
313,zyuksel,2,2025-03-04,2025-03,0,0,2
314,gsapmaz,4,2025-03-04,2025-03,4,0,0
315,baozturk,2,2025-03-04,2025-03,2,0,0
316,udalyan,101,2025-03-04,2025-03,51,0,50
317,fgulsever,31,2025-03-04,2025-03,0,31,0
318,esaribuyuk,4,2025-03-04,2025-03,0,4,0
319,hakand,87,2025-03-04,2025-03,65,22,0
320,mecigdem,2,2025-03-04,2025-03,0,2,0
321,kbtlideri,1,2025-03-04,2025-03,1,0,0
322,itopcu,7,2025-03-04,2025-03,7,0,0
323,ebadem,3,2025-03-04,2025-03,2,1,0
324,eozkan,3,2025-03-04,2025-03,3,0,0
325,mkarsiv,1,2025-03-04,2025-03,1,0,0
326,egonce,19,2025-03-04,2025-03,13,6,0
327,mbayirli,11,2025-03-04,2025-03,0,11,0
328,hbinay,9,2025-03-04,2025-03,9,0,0
329,tcakan,1,2025-03-04,2025-03,1,0,0
330,hkaragoz,3,2025-03-04,2025-03,3,0,0
331,dcolor,27,2025-03-04,2025-03,0,27,0
332,ekoksal,2,2025-03-04,2025-03,0,2,0
333,ersener,8,2025-03-04,2025-03,2,6,0
334,hbulut,15,2025-03-04,2025-03,15,0,0
335,bfirat,2,2025-03-04,2025-03,2,0,0
336,bunver,3,2025-03-04,2025-03,3,0,0
337,aapak,39,2025-03-04,2025-03,0,39,0
338,stjegitim,3,2025-03-04,2025-03,2,0,1
339,dayakta,7,2025-03-04,2025-03,7,0,0
340,herbilgin,10,2025-03-04,2025-03,10,0,0
341,ESERT,16,2025-03-04,2025-03,16,0,0
342,gakca,7,2025-03-04,2025-03,4,3,0
343,akamera,158,2025-03-04,2025-03,156,2,0
344,ngogce,3,2025-03-04,2025-03,3,0,0
345,abarkod,1,2025-03-04,2025-03,1,0,0
346,ntanriverdi,19,2025-03-04,2025-03,0,19,0
347,gmasistan,7,2025-03-04,2025-03,6,0,1
348,fbasak,4,2025-03-04,2025-03,4,0,0
349,mkofis,2,2025-03-04,2025-03,2,0,0
350,obali,2,2025-03-04,2025-03,0,2,0
351,MMUTLU,9,2025-03-04,2025-03,4,5,0
352,fimetin,5,2025-03-04,2025-03,5,0,0
353,ggirgin,61,2025-03-04,2025-03,54,7,0
354,ekaradavut,2,2025-03-04,2025-03,2,0,0
355,tevirgen,20,2025-03-04,2025-03,0,5,15
356,vgemici,3,2025-03-04,2025-03,2,1,0
357,oasistan,63,2025-03-04,2025-03,41,22,0
358,eulsever,16,2025-03-04,2025-03,0,16,0
359,iunlu,1,2025-03-04,2025-03,1,0,0
360,gekim,99,2025-03-04,2025-03,0,99,0
361,bsakrak,2,2025-03-04,2025-03,2,0,0
362,eanli,3,2025-03-04,2025-03,0,3,0
363,amasun,77,2025-03-04,2025-03,77,0,0
364,SUYILMAZ,1,2025-03-04,2025-03,1,0,0
365,dnoic,5,2025-03-04,2025-03,5,0,0
366,gcevik,1,2025-03-04,2025-03,1,0,0
367,okanat,2,2025-03-04,2025-03,2,0,0
368,ogungor,3,2025-03-04,2025-03,1,2,0
369,gayilmaz,7,2025-03-04,2025-03,7,0,0
370,ebalaban,24,2025-03-04,2025-03,24,0,0
371, modified by system 2025-04-29 10:29:20 4,14,2025-03-05,2025-03,13,1,0
372,aapak,1,2025-03-05,2025-03,0,1,0
373,udalyan,11,2025-03-05,2025-03,4,7,0
374,mecigdem,5,2025-03-05,2025-03,4,1,0
375,BSOGUT,27,2025-03-05,2025-03,27,0,0
376,fgulsever,11,2025-03-05,2025-03,0,11,0
377,itopcu,34,2025-03-05,2025-03,34,0,0
378,mguder,5,2025-03-05,2025-03,5,0,0
379,zyuksel,1,2025-03-05,2025-03,1,0,0
380,rkontrol,19,2025-03-05,2025-03,19,0,0
381,mbayirli,6,2025-03-05,2025-03,0,6,0
382,acelebi,2,2025-03-05,2025-03,2,0,0
383,fcolak,6,2025-03-05,2025-03,6,0,0
384,egonce,10,2025-03-05,2025-03,8,2,0
385,hakdemir,12,2025-03-05,2025-03,9,3,0
386,eozkan,3,2025-03-05,2025-03,3,0,0
387,dcolor,39,2025-03-05,2025-03,0,39,0
388,hbulut,1,2025-03-05,2025-03,1,0,0
389,bfirat,7,2025-03-05,2025-03,7,0,0
390,nakilli,1,2025-03-05,2025-03,1,0,0
391,bunver,1,2025-03-05,2025-03,1,0,0
392,stjegitim,4,2025-03-05,2025-03,4,0,0
393,dayakta,26,2025-03-05,2025-03,15,11,0
394,amasun,36,2025-03-05,2025-03,34,2,0
395,saskin,5,2025-03-05,2025-03,5,0,0
396,gakca,4,2025-03-05,2025-03,3,1,0
397,akamera,94,2025-03-05,2025-03,92,2,0
398,ngogce,32,2025-03-05,2025-03,13,3,16
399,abarkod,24,2025-03-05,2025-03,24,0,0
400,vgemici,2,2025-03-05,2025-03,0,2,0
401,ntanriverdi,5,2025-03-05,2025-03,0,5,0
402,cer,1,2025-03-05,2025-03,0,1,0
403,kesmeray,5,2025-03-05,2025-03,5,0,0
404,fimetin,1,2025-03-05,2025-03,1,0,0
405,gkenarli,8,2025-03-05,2025-03,6,2,0
406,fbasak,20,2025-03-05,2025-03,20,0,0
407,ekaradavut,2,2025-03-05,2025-03,2,0,0
408,ggirgin,10,2025-03-05,2025-03,9,1,0
409,gekim,90,2025-03-05,2025-03,0,90,0
410,ebalaban,25,2025-03-05,2025-03,25,0,0
411,ezyildiz,1,2025-03-05,2025-03,1,0,0
412,dnoic,1,2025-03-05,2025-03,1,0,0
413,iunlu,10,2025-03-05,2025-03,10,0,0
414,ogungor,7,2025-03-05,2025-03,4,3,0
415,oasistan,7,2025-03-05,2025-03,1,6,0
416,tevirgen,1,2025-03-05,2025-03,0,1,0
417,nibolkis,9,2025-03-05,2025-03,9,0,0
418,zyuksel,5,2025-03-06,2025-03,5,0,0
419,ubasdas,2,2025-03-06,2025-03,2,0,0
420,dayakta,1,2025-03-06,2025-03,1,0,0
421,aapak,44,2025-03-06,2025-03,0,44,0
422,bfirat,36,2025-03-06,2025-03,35,1,0
423,udalyan,6,2025-03-06,2025-03,6,0,0
424,hakand,6,2025-03-06,2025-03,1,5,0
425,fgulsever,13,2025-03-06,2025-03,3,10,0
426,itopcu,8,2025-03-06,2025-03,8,0,0
427, modified by system 2025-04-29 10:29:20 4,4,2025-03-06,2025-03,4,0,0
428,gakca,6,2025-03-06,2025-03,6,0,0
429,ihasdemir,35,2025-03-06,2025-03,35,0,0
430,bbugdayci,12,2025-03-06,2025-03,11,1,0
431,fcolak,6,2025-03-06,2025-03,6,0,0
432,mkarsiv,1,2025-03-06,2025-03,1,0,0
433,egonce,8,2025-03-06,2025-03,8,0,0
434,hakdemir,4,2025-03-06,2025-03,1,3,0
435,dcolor,44,2025-03-06,2025-03,0,44,0
436,hbulut,3,2025-03-06,2025-03,3,0,0
437,akapucu,22,2025-03-06,2025-03,0,0,22
438,aildeniz,6,2025-03-06,2025-03,5,0,1
439,fyakut,1,2025-03-06,2025-03,0,1,0
440,dnoic,79,2025-03-06,2025-03,32,46,1
441,gekim,167,2025-03-06,2025-03,0,167,0
442,bsakrak,1,2025-03-06,2025-03,1,0,0
443,akamera,92,2025-03-06,2025-03,85,7,0
444,ngogce,2,2025-03-06,2025-03,2,0,0
445,abarkod,3,2025-03-06,2025-03,3,0,0
446,tcapkin,2,2025-03-06,2025-03,0,2,0
447,mkofis,5,2025-03-06,2025-03,5,0,0
448,MMUTLU,2,2025-03-06,2025-03,0,2,0
449,fimetin,5,2025-03-06,2025-03,3,2,0
450,ggirgin,25,2025-03-06,2025-03,25,0,0
451,fbasak,12,2025-03-06,2025-03,12,0,0
452,tevirgen,15,2025-03-06,2025-03,10,4,1
453,eulsever,13,2025-03-06,2025-03,8,5,0
454,oasistan,11,2025-03-06,2025-03,0,11,0
455,gayilmaz,6,2025-03-06,2025-03,5,1,0
456,ogungor,21,2025-03-06,2025-03,21,0,0
457,okanat,3,2025-03-06,2025-03,1,2,0
458,ezyildiz,7,2025-03-06,2025-03,6,1,0
459,ebalaban,43,2025-03-06,2025-03,43,0,0
460,amasun,61,2025-03-06,2025-03,59,2,0
461,mertan,10,2025-03-06,2025-03,10,0,0
462,udalyan,3,2025-03-07,2025-03,0,1,2
463,hakand,48,2025-03-07,2025-03,41,7,0
464,baozturk,1,2025-03-07,2025-03,1,0,0
465,mguder,6,2025-03-07,2025-03,6,0,0
466,bfirat,8,2025-03-07,2025-03,8,0,0
467,dcolor,41,2025-03-07,2025-03,0,41,0
468,ekoksal,6,2025-03-07,2025-03,6,0,0
469,hbulut,1,2025-03-07,2025-03,1,0,0
470,gakca,3,2025-03-07,2025-03,0,3,0
471,hakdemir,4,2025-03-07,2025-03,3,1,0
472,adogan,2,2025-03-07,2025-03,2,0,0
473,tevirgen,10,2025-03-07,2025-03,3,7,0
474,okanat,18,2025-03-07,2025-03,18,0,0
475,gayilmaz,15,2025-03-07,2025-03,15,0,0
476,mertan,40,2025-03-07,2025-03,0,40,0
477,ekaradavut,12,2025-03-07,2025-03,11,1,0
478,ggirgin,23,2025-03-07,2025-03,23,0,0
479,fimetin,3,2025-03-07,2025-03,2,1,0
480,obali,1,2025-03-07,2025-03,1,0,0
481,aaksoy,29,2025-03-07,2025-03,29,0,0
482,ngogce,73,2025-03-07,2025-03,48,16,9
483,akamera,6,2025-03-07,2025-03,0,6,0
484,ebalaban,19,2025-03-07,2025-03,19,0,0
485,dcolor,32,2025-03-08,2025-03,0,32,0
486,hakdemir,3,2025-03-08,2025-03,2,1,0
487,ebalaban,17,2025-03-08,2025-03,17,0,0
488,ebtlideri,16,2025-03-08,2025-03,16,0,0
489,rkontrol,1,2025-03-09,2025-03,1,0,0
490,ersener,19,2025-03-09,2025-03,19,0,0
491,mbayirli,20,2025-03-09,2025-03,19,1,0
492,uunver,4,2025-03-09,2025-03,4,0,0
493,egonce,31,2025-03-09,2025-03,31,0,0
494,mkarsiv,3,2025-03-09,2025-03,3,0,0
495,fcolak,4,2025-03-09,2025-03,3,1,0
496,aakyildiz,5,2025-03-09,2025-03,5,0,0
497,cyildiz,4,2025-03-09,2025-03,2,2,0
498,bbugdayci,16,2025-03-09,2025-03,0,2,14
499,ihasdemir,34,2025-03-09,2025-03,34,0,0
500,aildeniz,1,2025-03-09,2025-03,1,0,0
501,abarkod,20,2025-03-09,2025-03,20,0,0
502,fgulsever,31,2025-03-09,2025-03,0,31,0
503,okelepe,1,2025-03-09,2025-03,0,0,1
504,aapak,16,2025-03-09,2025-03,15,1,0
505,dayakta,4,2025-03-09,2025-03,4,0,0
506,ubasdas,1,2025-03-09,2025-03,0,1,0
507,gekim,120,2025-03-09,2025-03,0,120,0
508,SUYILMAZ,1,2025-03-09,2025-03,1,0,0
509,dnoic,6,2025-03-09,2025-03,3,1,2
510,TIRMAK,1,2025-03-09,2025-03,0,0,1
511,mkofis,1,2025-03-09,2025-03,1,0,0
512,fbasak,2,2025-03-09,2025-03,1,1,0
513,ebadem,4,2025-03-09,2025-03,4,0,0
514,BSOGUT,12,2025-03-10,2025-03,2,0,10
515,hakand,4,2025-03-10,2025-03,0,4,0
516,mecigdem,6,2025-03-10,2025-03,4,2,0
517,udalyan,44,2025-03-10,2025-03,42,0,2
518,adogan,55,2025-03-10,2025-03,15,40,0
519,dayakta,29,2025-03-10,2025-03,26,3,0
520,ubasdas,1,2025-03-10,2025-03,1,0,0
521,gakca,1,2025-03-10,2025-03,0,1,0
522,cdonmez,1,2025-03-10,2025-03,1,0,0
523,aapak,29,2025-03-10,2025-03,0,29,0
524,fgulsever,26,2025-03-10,2025-03,0,26,0
525,fcolak,1,2025-03-10,2025-03,0,1,0
526,mguder,11,2025-03-10,2025-03,11,0,0
527,zyuksel,41,2025-03-10,2025-03,40,0,1
528,ierdil,2,2025-03-10,2025-03,2,0,0
529,stjegitim,3,2025-03-10,2025-03,2,1,0
530,mkarsiv,2,2025-03-10,2025-03,2,0,0
531,egonce,27,2025-03-10,2025-03,27,0,0
532,mbayirli,2,2025-03-10,2025-03,2,0,0
533,dcolor,19,2025-03-10,2025-03,0,19,0
534,bfirat,16,2025-03-10,2025-03,16,0,0
535,gekim,24,2025-03-10,2025-03,0,24,0
536,gsapmaz,1,2025-03-10,2025-03,1,0,0
537,amasun,26,2025-03-10,2025-03,16,10,0
538,akamera,5,2025-03-10,2025-03,0,5,0
539,ezyildiz,22,2025-03-10,2025-03,22,0,0
540,ebalaban,22,2025-03-10,2025-03,22,0,0
541,ngogce,42,2025-03-10,2025-03,22,20,0
542,abarkod,1,2025-03-10,2025-03,1,0,0
543,tcapkin,1,2025-03-10,2025-03,0,1,0
544,nkorkmaz,3,2025-03-10,2025-03,3,0,0
545,fbasak,6,2025-03-10,2025-03,6,0,0
546,aaksoy,2,2025-03-10,2025-03,2,0,0
547,aayhan,67,2025-03-10,2025-03,22,43,2
548,MMUTLU,10,2025-03-10,2025-03,5,5,0
549,fimetin,25,2025-03-10,2025-03,15,10,0
550,sucakir,3,2025-03-10,2025-03,3,0,0
551,cer,1,2025-03-10,2025-03,0,1,0
552,ggirgin,288,2025-03-10,2025-03,249,39,0
553,gkenarli,2,2025-03-10,2025-03,2,0,0
554,mkorucu,1,2025-03-10,2025-03,1,0,0
555,oicoz,1,2025-03-10,2025-03,0,1,0
556,gayilmaz,24,2025-03-10,2025-03,8,16,0
557,eulsever,8,2025-03-10,2025-03,0,8,0
558,gcevik,3,2025-03-10,2025-03,3,0,0
559,ayyilmaz,1,2025-03-10,2025-03,1,0,0
560,mertan,8,2025-03-10,2025-03,8,0,0
561,ekaradavut,8,2025-03-10,2025-03,7,1,0
562,tevirgen,40,2025-03-10,2025-03,13,2,25
563,mguder,2,2025-03-11,2025-03,2,0,0
564,adogan,52,2025-03-11,2025-03,19,7,26
565,oguler,9,2025-03-11,2025-03,9,0,0
566,ubasdas,1,2025-03-11,2025-03,1,0,0
567,aapak,20,2025-03-11,2025-03,0,20,0
568,udalyan,1,2025-03-11,2025-03,0,1,0
569,mecigdem,2,2025-03-11,2025-03,0,2,0
570,hakand,8,2025-03-11,2025-03,0,8,0
571,BSOGUT,1,2025-03-11,2025-03,0,0,1
572,fgulsever,22,2025-03-11,2025-03,0,22,0
573,gsapmaz,1,2025-03-11,2025-03,1,0,0
574,zyuksel,1,2025-03-11,2025-03,1,0,0
575,bfirat,55,2025-03-11,2025-03,53,2,0
576,ytinmaz,1,2025-03-11,2025-03,1,0,0
577,ihasdemir,186,2025-03-11,2025-03,183,3,0
578,stjegitim,6,2025-03-11,2025-03,4,2,0
579,fcolak,5,2025-03-11,2025-03,4,1,0
580,egonce,44,2025-03-11,2025-03,42,2,0
581,hakdemir,3,2025-03-11,2025-03,1,2,0
582,mbayirli,2,2025-03-11,2025-03,1,1,0
583,msevim,1,2025-03-11,2025-03,1,0,0
584,dcolor,31,2025-03-11,2025-03,0,31,0
585,hbulut,4,2025-03-11,2025-03,4,0,0
586,bsakrak,10,2025-03-11,2025-03,10,0,0
587,rkontrol,3,2025-03-11,2025-03,3,0,0
588,otufan,4,2025-03-11,2025-03,1,1,2
589,ngogce,6,2025-03-11,2025-03,5,1,0
590,SUYILMAZ,2,2025-03-11,2025-03,2,0,0
591,gekim,27,2025-03-11,2025-03,0,27,0
592,edemirbas,3,2025-03-11,2025-03,0,2,1
593,gmasistan,2,2025-03-11,2025-03,1,0,1
594,asablon,5,2025-03-11,2025-03,5,0,0
595,nkorkmaz,4,2025-03-11,2025-03,2,2,0
596,fbasak,5,2025-03-11,2025-03,5,0,0
597,cer,1,2025-03-11,2025-03,0,1,0
598,aayhan,5,2025-03-11,2025-03,1,2,2
599,mkarabiyik,4,2025-03-11,2025-03,0,4,0
600,obali,13,2025-03-11,2025-03,11,2,0
601,MMUTLU,21,2025-03-11,2025-03,21,0,0
602,fimetin,28,2025-03-11,2025-03,23,5,0
603,bkibar,3,2025-03-11,2025-03,0,3,0
604,ggirgin,34,2025-03-11,2025-03,26,6,2
605,sucakir,2,2025-03-11,2025-03,2,0,0
606,eanli,5,2025-03-11,2025-03,0,5,0
607,ebalaban,18,2025-03-11,2025-03,18,0,0
608,ezyildiz,15,2025-03-11,2025-03,15,0,0
609,dnoic,87,2025-03-11,2025-03,86,0,1
610,amasun,34,2025-03-11,2025-03,30,4,0
611,oicoz,1,2025-03-11,2025-03,0,1,0
612,tevirgen,20,2025-03-11,2025-03,12,8,0
613,ayyilmaz,2,2025-03-11,2025-03,0,2,0
614,mertan,1,2025-03-11,2025-03,1,0,0
615,mkorucu,2,2025-03-11,2025-03,1,1,0
616,udalyan,82,2025-03-12,2025-03,0,1,81
617,zyuksel,5,2025-03-12,2025-03,5,0,0
618,hakand,8,2025-03-12,2025-03,1,3,4
619,BSOGUT,1,2025-03-12,2025-03,0,0,1
620,cdonmez,25,2025-03-12,2025-03,0,25,0
621,fgulsever,29,2025-03-12,2025-03,0,29,0
622,itopcu,1,2025-03-12,2025-03,1,0,0
623,mguder,8,2025-03-12,2025-03,8,0,0
624,rkontrol,3,2025-03-12,2025-03,3,0,0
625,hakdemir,5,2025-03-12,2025-03,5,0,0
626,cyildiz,1,2025-03-12,2025-03,0,1,0
627,fcolak,14,2025-03-12,2025-03,9,5,0
628,mkarsiv,1,2025-03-12,2025-03,1,0,0
629,egonce,38,2025-03-12,2025-03,38,0,0
630,gbalvan,10,2025-03-12,2025-03,4,6,0
631,akocak,1,2025-03-12,2025-03,1,0,0
632,dcolor,33,2025-03-12,2025-03,0,33,0
633,aapak,40,2025-03-12,2025-03,0,40,0
634,ihasdemir,44,2025-03-12,2025-03,43,1,0
635,gekim,77,2025-03-12,2025-03,0,77,0
636,hbulut,3,2025-03-12,2025-03,3,0,0
637,amasun,21,2025-03-12,2025-03,19,2,0
638,eanli,1,2025-03-12,2025-03,0,1,0
639,akamera,4,2025-03-12,2025-03,1,3,0
640,ngogce,13,2025-03-12,2025-03,12,1,0
641,abarkod,3,2025-03-12,2025-03,3,0,0
642,ntanriverdi,47,2025-03-12,2025-03,0,47,0
643,aayhan,10,2025-03-12,2025-03,0,10,0
644,mkarabiyik,10,2025-03-12,2025-03,0,10,0
645,obali,1,2025-03-12,2025-03,1,0,0
646,MMUTLU,59,2025-03-12,2025-03,56,3,0
647,nkorkmaz,9,2025-03-12,2025-03,6,3,0
648,ggirgin,8,2025-03-12,2025-03,6,2,0
649,sulger,1,2025-03-12,2025-03,1,0,0
650,tevirgen,15,2025-03-12,2025-03,6,9,0
651,gayilmaz,29,2025-03-12,2025-03,29,0,0
652,ogungor,1,2025-03-12,2025-03,1,0,0
653,klaboratuar,1,2025-03-12,2025-03,0,1,0
654,dnoic,6,2025-03-12,2025-03,3,2,1
655,ezyildiz,2,2025-03-12,2025-03,2,0,0
656,fimetin,14,2025-03-12,2025-03,14,0,0
657,ebalaban,8,2025-03-12,2025-03,8,0,0
658,kbtlideri,1,2025-03-13,2025-03,1,0,0
659,zyuksel,72,2025-03-13,2025-03,67,5,0
660,mguder,15,2025-03-13,2025-03,1,14,0
661,fgulsever,7,2025-03-13,2025-03,0,7,0
662,aapak,21,2025-03-13,2025-03,0,21,0
663,mecigdem,10,2025-03-13,2025-03,9,1,0
664,udalyan,4,2025-03-13,2025-03,3,1,0
665,ubasdas,6,2025-03-13,2025-03,5,1,0
666,aildeniz,3,2025-03-13,2025-03,3,0,0
667,hakand,32,2025-03-13,2025-03,25,7,0
668,rkontrol,3,2025-03-13,2025-03,3,0,0
669,hbulut,11,2025-03-13,2025-03,5,6,0
670,nkaya,1,2025-03-13,2025-03,0,1,0
671,fcolak,12,2025-03-13,2025-03,10,2,0
672,egonce,253,2025-03-13,2025-03,250,3,0
673,herbilgin,12,2025-03-13,2025-03,10,2,0
674,hakdemir,22,2025-03-13,2025-03,20,2,0
675,mmollaoglu,3,2025-03-13,2025-03,0,3,0
676,sapra,4,2025-03-13,2025-03,4,0,0
677,eozkan,7,2025-03-13,2025-03,7,0,0
678,dcolor,27,2025-03-13,2025-03,0,27,0
679,akapucu,12,2025-03-13,2025-03,0,0,12
680,bfirat,91,2025-03-13,2025-03,91,0,0
681,ihasdemir,7,2025-03-13,2025-03,5,2,0
682,oguler,2,2025-03-13,2025-03,2,0,0
683,gekim,15,2025-03-13,2025-03,0,15,0
684,adogan,3,2025-03-13,2025-03,3,0,0
685,akamera,15,2025-03-13,2025-03,0,15,0
686,ngogce,14,2025-03-13,2025-03,10,2,2
687,abarkod,22,2025-03-13,2025-03,22,0,0
688,gakca,1,2025-03-13,2025-03,0,1,0
689,nkorkmaz,7,2025-03-13,2025-03,6,0,1
690,fbasak,4,2025-03-13,2025-03,4,0,0
691,aaksoy,40,2025-03-13,2025-03,16,24,0
692,aayhan,6,2025-03-13,2025-03,6,0,0
693,mkofis,1,2025-03-13,2025-03,1,0,0
694,obali,11,2025-03-13,2025-03,9,0,2
695,MMUTLU,1,2025-03-13,2025-03,1,0,0
696,tcapkin,2,2025-03-13,2025-03,1,1,0
697,ggirgin,109,2025-03-13,2025-03,109,0,0
698,fimetin,10,2025-03-13,2025-03,10,0,0
699,gbakanoglu,2,2025-03-13,2025-03,1,1,0
700,aozbal,8,2025-03-13,2025-03,3,5,0
701,amasun,43,2025-03-13,2025-03,36,7,0
702,ebalaban,32,2025-03-13,2025-03,32,0,0
703,SUYILMAZ,3,2025-03-13,2025-03,3,0,0
704,mkorucu,1,2025-03-13,2025-03,1,0,0
705,eulsever,18,2025-03-13,2025-03,0,18,0
706,tevirgen,30,2025-03-13,2025-03,6,21,3
707,ayyilmaz,1,2025-03-13,2025-03,1,0,0
708,ezyildiz,24,2025-03-13,2025-03,24,0,0
709,mecigdem,10,2025-03-14,2025-03,9,1,0
710,amasun,1,2025-03-14,2025-03,0,1,0
711,aozbal,2,2025-03-14,2025-03,2,0,0
712,adogan,28,2025-03-14,2025-03,6,22,0
713,gakca,7,2025-03-14,2025-03,6,1,0
714,udalyan,2,2025-03-14,2025-03,2,0,0
715,hakand,8,2025-03-14,2025-03,4,4,0
716,dcolor,45,2025-03-14,2025-03,0,45,0
717,mguder,13,2025-03-14,2025-03,0,13,0
718, modified by system 2025-04-29 10:29:20 4,37,2025-03-14,2025-03,37,0,0
719,hakdemir,2,2025-03-14,2025-03,1,1,0
720,gbalvan,2,2025-03-14,2025-03,2,0,0
721,hbulut,3,2025-03-14,2025-03,3,0,0
722,bfirat,56,2025-03-14,2025-03,56,0,0
723,ebalaban,25,2025-03-14,2025-03,25,0,0
724,baozturk,3,2025-03-14,2025-03,1,2,0
725,ezyildiz,1,2025-03-14,2025-03,1,0,0
726,ntanriverdi,5,2025-03-14,2025-03,0,5,0
727,okanat,4,2025-03-14,2025-03,4,0,0
728,akamera,11,2025-03-14,2025-03,0,11,0
729,ngogce,219,2025-03-14,2025-03,119,98,2
730,vgemici,3,2025-03-14,2025-03,3,0,0
731,merkan,11,2025-03-14,2025-03,11,0,0
732,ogun,1,2025-03-14,2025-03,0,0,1
733,obali,23,2025-03-14,2025-03,22,1,0
734,fimetin,7,2025-03-14,2025-03,5,2,0
735,dnoic,1,2025-03-14,2025-03,1,0,0
736,gkenarli,6,2025-03-14,2025-03,6,0,0
737,ggirgin,91,2025-03-14,2025-03,83,8,0
738,ayyilmaz,2,2025-03-14,2025-03,2,0,0
739,tevirgen,49,2025-03-14,2025-03,33,9,7
740,eulsever,7,2025-03-14,2025-03,2,5,0
741,gayilmaz,21,2025-03-14,2025-03,21,0,0
742,nibolkis,6,2025-03-14,2025-03,6,0,0
743,sucakir,2,2025-03-14,2025-03,1,1,0
744,dcolor,16,2025-03-15,2025-03,0,16,0
745,ebalaban,4,2025-03-15,2025-03,4,0,0
746,ngogce,221,2025-03-15,2025-03,189,32,0
747,rkontrol,6,2025-03-16,2025-03,6,0,0
748,mbayirli,9,2025-03-16,2025-03,9,0,0
749,egonce,40,2025-03-16,2025-03,34,6,0
750,fcolak,4,2025-03-16,2025-03,3,1,0
751,cyildiz,5,2025-03-16,2025-03,2,3,0
752,secitak,5,2025-03-16,2025-03,5,0,0
753,bbugdayci,20,2025-03-16,2025-03,0,16,4
754,fgulsever,28,2025-03-16,2025-03,0,28,0
755,ihasdemir,69,2025-03-16,2025-03,69,0,0
756,aapak,54,2025-03-16,2025-03,15,39,0
757,gekim,45,2025-03-16,2025-03,0,45,0
758,dnoic,19,2025-03-16,2025-03,19,0,0
759,mkorucu,178,2025-03-16,2025-03,177,1,0
760,aayhan,20,2025-03-16,2025-03,8,10,1
761,fbasak,2,2025-03-16,2025-03,2,0,0
762,abarkod,32,2025-03-16,2025-03,32,0,0
763,BSOGUT,7,2025-03-16,2025-03,1,6,0
764,aildeniz,12,2025-03-17,2025-03,12,0,0
765,zyuksel,29,2025-03-17,2025-03,29,0,0
766,mguder,17,2025-03-17,2025-03,17,0,0
767,fgulsever,10,2025-03-17,2025-03,0,10,0
768,hakand,63,2025-03-17,2025-03,43,20,0
769,esaribuyuk,19,2025-03-17,2025-03,19,0,0
770,rkontrol,5,2025-03-17,2025-03,1,4,0
771,mecigdem,14,2025-03-17,2025-03,12,2,0
772,udalyan,2,2025-03-17,2025-03,0,1,1
773,bunver,8,2025-03-17,2025-03,8,0,0
774,stjegitim,15,2025-03-17,2025-03,3,0,12
775,herbilgin,4,2025-03-17,2025-03,2,0,2
776,fcolak,1,2025-03-17,2025-03,1,0,0
777,egonce,38,2025-03-17,2025-03,38,0,0
778,hakdemir,17,2025-03-17,2025-03,15,2,0
779,eozkan,35,2025-03-17,2025-03,35,0,0
780,dcolor,29,2025-03-17,2025-03,0,29,0
781,ekoksal,1,2025-03-17,2025-03,1,0,0
782,ersener,44,2025-03-17,2025-03,43,1,0
783,hbulut,1,2025-03-17,2025-03,1,0,0
784,bfirat,30,2025-03-17,2025-03,30,0,0
785,aapak,22,2025-03-17,2025-03,0,22,0
786,cyildiz,2,2025-03-17,2025-03,2,0,0
787,gakca,6,2025-03-17,2025-03,1,5,0
788,ayyilmaz,1,2025-03-17,2025-03,1,0,0
789,eanli,5,2025-03-17,2025-03,0,5,0
790,gekim,16,2025-03-17,2025-03,0,16,0
791,akamera,9,2025-03-17,2025-03,0,9,0
792,ngogce,111,2025-03-17,2025-03,57,54,0
793,abarkod,3,2025-03-17,2025-03,3,0,0
794,tcapkin,1,2025-03-17,2025-03,0,1,0
795,ntanriverdi,68,2025-03-17,2025-03,0,68,0
796,ayetik,10,2025-03-17,2025-03,5,5,0
797,fbasak,10,2025-03-17,2025-03,0,10,0
798,cer,2,2025-03-17,2025-03,0,2,0
799,aaksoy,9,2025-03-17,2025-03,9,0,0
800,aayhan,5,2025-03-17,2025-03,4,0,1
801,merkan,21,2025-03-17,2025-03,20,1,0
802,fimetin,10,2025-03-17,2025-03,8,2,0
803,fyilanci,1,2025-03-17,2025-03,0,1,0
804,ezyildiz,10,2025-03-17,2025-03,2,8,0
805,mkorucu,95,2025-03-17,2025-03,94,1,0
806,eulsever,4,2025-03-17,2025-03,0,4,0
807,tevirgen,9,2025-03-17,2025-03,6,2,1
808,ebalaban,12,2025-03-17,2025-03,12,0,0
809,ggirgin,33,2025-03-17,2025-03,28,3,2
810,gkenarli,2,2025-03-17,2025-03,2,0,0
811,alofca,5,2025-03-17,2025-03,1,4,0
812,ekaradavut,1,2025-03-17,2025-03,1,0,0
813,sakgumus,2,2025-03-18,2025-03,2,0,0
814,ubasdas,2,2025-03-18,2025-03,2,0,0
815,aapak,125,2025-03-18,2025-03,0,125,0
816,udalyan,51,2025-03-18,2025-03,15,12,24
817,mecigdem,1,2025-03-18,2025-03,0,1,0
818,hakand,1,2025-03-18,2025-03,1,0,0
819,fgulsever,11,2025-03-18,2025-03,0,11,0
820,baozturk,2,2025-03-18,2025-03,1,1,0
821,zyuksel,27,2025-03-18,2025-03,27,0,0
822, modified by system 2025-04-29 10:29:20 4,15,2025-03-18,2025-03,13,2,0
823,gakca,5,2025-03-18,2025-03,4,1,0
824,aildeniz,11,2025-03-18,2025-03,0,11,0
825,stjegitim,22,2025-03-18,2025-03,3,0,19
826,fcolak,2,2025-03-18,2025-03,2,0,0
827,egonce,151,2025-03-18,2025-03,127,24,0
828,hakdemir,2,2025-03-18,2025-03,1,1,0
829,hbinay,3,2025-03-18,2025-03,3,0,0
830,gbalvan,5,2025-03-18,2025-03,5,0,0
831,dcolor,63,2025-03-18,2025-03,0,63,0
832,bfirat,37,2025-03-18,2025-03,37,0,0
833,hbulut,2,2025-03-18,2025-03,1,1,0
834,ierdil,3,2025-03-18,2025-03,3,0,0
835,adogan,5,2025-03-18,2025-03,1,0,4
836,ekoksal,2,2025-03-18,2025-03,2,0,0
837,gekim,189,2025-03-18,2025-03,0,189,0
838,otufan,6,2025-03-18,2025-03,5,1,0
839,akamera,7,2025-03-18,2025-03,0,7,0
840,ngogce,283,2025-03-18,2025-03,164,115,4
841,abarkod,1,2025-03-18,2025-03,1,0,0
842,tcapkin,1,2025-03-18,2025-03,0,1,0
843,nkorkmaz,7,2025-03-18,2025-03,1,3,3
844,cer,3,2025-03-18,2025-03,3,0,0
845,obali,10,2025-03-18,2025-03,0,7,3
846,MMUTLU,1,2025-03-18,2025-03,1,0,0
847,fimetin,11,2025-03-18,2025-03,8,3,0
848,ggirgin,18,2025-03-18,2025-03,14,4,0
849,fbasak,4,2025-03-18,2025-03,4,0,0
850,mertan,7,2025-03-18,2025-03,7,0,0
851,ekaradavut,1,2025-03-18,2025-03,1,0,0
852,aozbal,5,2025-03-18,2025-03,4,1,0
853,amasun,11,2025-03-18,2025-03,7,4,0
854,ebalaban,12,2025-03-18,2025-03,12,0,0
855,dnoic,10,2025-03-18,2025-03,9,0,1
856,eanli,6,2025-03-18,2025-03,2,4,0
857,gayilmaz,15,2025-03-18,2025-03,13,2,0
858,eulsever,22,2025-03-18,2025-03,0,22,0
859,tevirgen,8,2025-03-18,2025-03,8,0,0
860,oicoz,2,2025-03-18,2025-03,1,1,0
861,zyuksel,2,2025-03-19,2025-03,0,0,2
862,aapak,106,2025-03-19,2025-03,7,99,0
863,udalyan,1,2025-03-19,2025-03,0,0,1
864,ebtlideri,1,2025-03-19,2025-03,0,1,0
865,mecigdem,1,2025-03-19,2025-03,0,1,0
866,hakand,1,2025-03-19,2025-03,1,0,0
867,esaribuyuk,4,2025-03-19,2025-03,2,0,2
868,BSOGUT,2,2025-03-19,2025-03,2,0,0
869,cdonmez,3,2025-03-19,2025-03,0,3,0
870,fgulsever,29,2025-03-19,2025-03,1,28,0
871, modified by system 2025-04-29 10:29:20 4,19,2025-03-19,2025-03,19,0,0
872,bunver,7,2025-03-19,2025-03,6,1,0
873,stjegitim,2,2025-03-19,2025-03,0,0,2
874,aakyildiz,4,2025-03-19,2025-03,4,0,0
875,fcolak,27,2025-03-19,2025-03,27,0,0
876,egonce,49,2025-03-19,2025-03,49,0,0
877,hakdemir,5,2025-03-19,2025-03,2,3,0
878,hbinay,7,2025-03-19,2025-03,7,0,0
879,eozkan,1,2025-03-19,2025-03,0,1,0
880,dcolor,50,2025-03-19,2025-03,0,50,0
881,hbulut,3,2025-03-19,2025-03,3,0,0
882,bfirat,43,2025-03-19,2025-03,43,0,0
883,dayakta,5,2025-03-19,2025-03,3,2,0
884,secitak,1,2025-03-19,2025-03,1,0,0
885,ubasdas,4,2025-03-19,2025-03,4,0,0
886,msevim,1,2025-03-19,2025-03,1,0,0
887,gekim,157,2025-03-19,2025-03,0,157,0
888,gakca,12,2025-03-19,2025-03,10,2,0
889,akamera,77,2025-03-19,2025-03,72,5,0
890,edemirbas,39,2025-03-19,2025-03,39,0,0
891,tcapkin,42,2025-03-19,2025-03,37,5,0
892,ntanriverdi,8,2025-03-19,2025-03,0,8,0
893,fbasak,26,2025-03-19,2025-03,26,0,0
894,cer,4,2025-03-19,2025-03,4,0,0
895,aayhan,65,2025-03-19,2025-03,13,9,43
896,obali,7,2025-03-19,2025-03,0,1,6
897,fimetin,5,2025-03-19,2025-03,3,2,0
898,gkenarli,4,2025-03-19,2025-03,4,0,0
899,ngogce,8,2025-03-19,2025-03,3,4,1
900,tevirgen,8,2025-03-19,2025-03,4,1,3
901,eulsever,4,2025-03-19,2025-03,0,4,0
902,gayilmaz,3,2025-03-19,2025-03,3,0,0
903,okanat,1,2025-03-19,2025-03,1,0,0
904,mkorucu,29,2025-03-19,2025-03,29,0,0
905,dnoic,10,2025-03-19,2025-03,7,2,1
906,ezyildiz,4,2025-03-19,2025-03,2,2,0
907,ebalaban,13,2025-03-19,2025-03,13,0,0
908,amasun,5,2025-03-19,2025-03,4,1,0
909,eanli,2,2025-03-19,2025-03,0,2,0
910,SUYILMAZ,1,2025-03-19,2025-03,1,0,0
911,ggirgin,24,2025-03-19,2025-03,14,10,0
912, modified by system 2025-04-29 10:29:20 4,66,2025-03-20,2025-03,66,0,0
913,zyuksel,7,2025-03-20,2025-03,5,2,0
914,fgulsever,29,2025-03-20,2025-03,0,29,0
915,dayakta,2,2025-03-20,2025-03,0,2,0
916,udalyan,1,2025-03-20,2025-03,1,0,0
917,aapak,78,2025-03-20,2025-03,0,78,0
918,ierdil,16,2025-03-20,2025-03,16,0,0
919,gakca,2,2025-03-20,2025-03,1,1,0
920,mecigdem,10,2025-03-20,2025-03,9,1,0
921,kbtlideri,1,2025-03-20,2025-03,1,0,0
922,fcolak,12,2025-03-20,2025-03,5,7,0
923,ihasdemir,37,2025-03-20,2025-03,34,3,0
924,cyildiz,1,2025-03-20,2025-03,1,0,0
925,aakyildiz,7,2025-03-20,2025-03,7,0,0
926,mkarsiv,5,2025-03-20,2025-03,5,0,0
927,egonce,12,2025-03-20,2025-03,12,0,0
928,hakdemir,15,2025-03-20,2025-03,12,3,0
929,hbinay,1,2025-03-20,2025-03,1,0,0
930,dcolor,49,2025-03-20,2025-03,0,49,0
931,gekim,72,2025-03-20,2025-03,0,72,0
932,bfirat,43,2025-03-20,2025-03,43,0,0
933,ebadem,12,2025-03-20,2025-03,12,0,0
934,amasun,17,2025-03-20,2025-03,10,7,0
935,gayilmaz,5,2025-03-20,2025-03,5,0,0
936,ezyildiz,6,2025-03-20,2025-03,2,4,0
937,akamera,57,2025-03-20,2025-03,52,5,0
938,abarkod,1,2025-03-20,2025-03,1,0,0
939,ebalaban,13,2025-03-20,2025-03,13,0,0
940,ntanriverdi,3,2025-03-20,2025-03,0,3,0
941,asablon,5,2025-03-20,2025-03,5,0,0
942,eatansay,4,2025-03-20,2025-03,4,0,0
943,nkorkmaz,13,2025-03-20,2025-03,11,0,2
944,aayhan,12,2025-03-20,2025-03,1,5,6
945,fyilanci,2,2025-03-20,2025-03,0,2,0
946,obali,13,2025-03-20,2025-03,4,9,0
947,edemirbas,3,2025-03-20,2025-03,0,3,0
948,gkenarli,1,2025-03-20,2025-03,1,0,0
949,fimetin,9,2025-03-20,2025-03,8,1,0
950,mkorucu,2,2025-03-20,2025-03,2,0,0
951,eulsever,7,2025-03-20,2025-03,7,0,0
952,tevirgen,3,2025-03-20,2025-03,2,1,0
953,dnoic,1,2025-03-20,2025-03,1,0,0
954,mertan,1,2025-03-20,2025-03,1,0,0
955,okorucu,5,2025-03-20,2025-03,3,2,0
956,ggirgin,18,2025-03-20,2025-03,17,1,0
957,ayyilmaz,3,2025-03-20,2025-03,3,0,0
958,bfirat,39,2025-03-21,2025-03,39,0,0
959,cisahin,16,2025-03-21,2025-03,16,0,0
960,adogan,12,2025-03-21,2025-03,0,12,0
961,gakca,4,2025-03-21,2025-03,4,0,0
962,oguler,10,2025-03-21,2025-03,10,0,0
963,udalyan,3,2025-03-21,2025-03,3,0,0
964,hakand,16,2025-03-21,2025-03,16,0,0
965,mmollaoglu,8,2025-03-21,2025-03,0,8,0
966,zyuksel,1,2025-03-21,2025-03,1,0,0
967,acelebi,72,2025-03-21,2025-03,72,0,0
968,hakdemir,2,2025-03-21,2025-03,1,1,0
969,dcolor,65,2025-03-21,2025-03,0,65,0
970,ekoksal,4,2025-03-21,2025-03,2,2,0
971,aozbal,7,2025-03-21,2025-03,5,2,0
972,gsapmaz,2,2025-03-21,2025-03,2,0,0
973,amasun,104,2025-03-21,2025-03,84,20,0
974,mecigdem,6,2025-03-21,2025-03,2,4,0
975,ezyildiz,1,2025-03-21,2025-03,1,0,0
976,ebalaban,26,2025-03-21,2025-03,26,0,0
977,akamera,6,2025-03-21,2025-03,0,6,0
978,vgemici,1,2025-03-21,2025-03,1,0,0
979,ntanriverdi,110,2025-03-21,2025-03,109,1,0
980,merkan,3,2025-03-21,2025-03,3,0,0
981,mkarabiyik,2,2025-03-21,2025-03,0,2,0
982,obali,37,2025-03-21,2025-03,9,14,14
983,ngogce,6,2025-03-21,2025-03,3,2,1
984,ggirgin,21,2025-03-21,2025-03,15,6,0
985,tevirgen,12,2025-03-21,2025-03,5,4,3
986,eulsever,8,2025-03-21,2025-03,0,8,0
987,okanat,1,2025-03-21,2025-03,1,0,0
988,fimetin,2,2025-03-21,2025-03,2,0,0
989,klaboratuar,10,2025-03-21,2025-03,0,10,0
990,oicoz,2,2025-03-21,2025-03,0,2,0
991,hakdemir,2,2025-03-22,2025-03,2,0,0
992,dcolor,13,2025-03-22,2025-03,0,13,0
993,ebalaban,18,2025-03-22,2025-03,18,0,0
994,otanriverdi,4,2025-03-23,2025-03,4,0,0
995,mbayirli,3,2025-03-23,2025-03,3,0,0
996,uunver,3,2025-03-23,2025-03,3,0,0
997,egonce,23,2025-03-23,2025-03,21,2,0
998,fcolak,3,2025-03-23,2025-03,3,0,0
999,aakyildiz,2,2025-03-23,2025-03,2,0,0
1000,ihasdemir,8,2025-03-23,2025-03,8,0,0
1001,ebadem,30,2025-03-23,2025-03,30,0,0
1002,ierdil,7,2025-03-23,2025-03,7,0,0
1003,fgulsever,11,2025-03-23,2025-03,0,11,0
1004,abarkod,1,2025-03-23,2025-03,1,0,0
1005,aapak,58,2025-03-23,2025-03,20,38,0
1006,dayakta,12,2025-03-23,2025-03,12,0,0
1007,ubasdas,11,2025-03-23,2025-03,11,0,0
1008,iunlu,14,2025-03-23,2025-03,14,0,0
1009,gekim,92,2025-03-23,2025-03,0,92,0
1010,gbakanoglu,1,2025-03-23,2025-03,1,0,0
1011,mkorucu,1,2025-03-23,2025-03,1,0,0
1012,nkorkmaz,6,2025-03-23,2025-03,0,0,6
1013,okelepe,288,2025-03-23,2025-03,0,0,288
1014,fgulsever,3,2025-03-24,2025-03,0,3,0
1015,BSOGUT,1,2025-03-24,2025-03,0,1,0
1016,hakand,10,2025-03-24,2025-03,10,0,0
1017,gakca,5,2025-03-24,2025-03,2,3,0
1018,udalyan,7,2025-03-24,2025-03,5,2,0
1019,aapak,12,2025-03-24,2025-03,0,12,0
1020,ubasdas,1,2025-03-24,2025-03,1,0,0
1021,rkontrol,4,2025-03-24,2025-03,3,1,0
1022,mecigdem,1,2025-03-24,2025-03,0,1,0
1023,ihasdemir,3,2025-03-24,2025-03,0,3,0
1024,hakdemir,50,2025-03-24,2025-03,50,0,0
1025,fcolak,4,2025-03-24,2025-03,4,0,0
1026,mkarsiv,3,2025-03-24,2025-03,3,0,0
1027,bfirat,8,2025-03-24,2025-03,4,2,2
1028,hkaragoz,11,2025-03-24,2025-03,11,0,0
1029,eozkan,12,2025-03-24,2025-03,12,0,0
1030,gbalvan,4,2025-03-24,2025-03,4,0,0
1031,dcolor,36,2025-03-24,2025-03,0,36,0
1032,hbulut,8,2025-03-24,2025-03,8,0,0
1033,stjegitim,139,2025-03-24,2025-03,131,2,6
1034,saskin,5,2025-03-24,2025-03,4,1,0
1035,egonce,18,2025-03-24,2025-03,18,0,0
1036,ekaragoz,1,2025-03-24,2025-03,1,0,0
1037,akamera,1,2025-03-24,2025-03,0,1,0
1038,ngogce,1,2025-03-24,2025-03,0,0,1
1039,tcapkin,3,2025-03-24,2025-03,0,3,0
1040,ntanriverdi,1,2025-03-24,2025-03,0,1,0
1041,gmasistan,6,2025-03-24,2025-03,3,0,3
1042,bkibar,2,2025-03-24,2025-03,1,1,0
1043,nkorkmaz,43,2025-03-24,2025-03,13,11,19
1044,fbasak,2,2025-03-24,2025-03,2,0,0
1045,cer,2,2025-03-24,2025-03,0,2,0
1046,MMUTLU,5,2025-03-24,2025-03,3,1,1
1047,gekim,122,2025-03-24,2025-03,0,122,0
1048,ggirgin,11,2025-03-24,2025-03,10,1,0
1049,ayyilmaz,1,2025-03-24,2025-03,1,0,0
1050,tevirgen,1,2025-03-24,2025-03,0,1,0
1051,gayilmaz,4,2025-03-24,2025-03,4,0,0
1052,gcevik,3,2025-03-24,2025-03,0,3,0
1053,dnoic,26,2025-03-24,2025-03,19,7,0
1054,ezyildiz,13,2025-03-24,2025-03,4,9,0
1055,ebalaban,46,2025-03-24,2025-03,46,0,0
1056,amasun,69,2025-03-24,2025-03,66,3,0
1057,fimetin,64,2025-03-24,2025-03,63,1,0
1058,mguder,2,2025-03-25,2025-03,2,0,0
1059,fgulsever,25,2025-03-25,2025-03,0,25,0
1060,okelepe,140,2025-03-25,2025-03,0,0,140
1061,mecigdem,4,2025-03-25,2025-03,3,1,0
1062,gakca,5,2025-03-25,2025-03,3,2,0
1063,aapak,4,2025-03-25,2025-03,0,4,0
1064,ubasdas,3,2025-03-25,2025-03,0,3,0
1065,zyuksel,3,2025-03-25,2025-03,3,0,0
1066,fyakut,29,2025-03-25,2025-03,29,0,0
1067,udalyan,7,2025-03-25,2025-03,4,2,1
1068, modified by system 2025-04-29 10:29:20 4,2,2025-03-25,2025-03,2,0,0
1069,fcolak,1,2025-03-25,2025-03,1,0,0
1070,aildeniz,4,2025-03-25,2025-03,0,4,0
1071,stjegitim,1,2025-03-25,2025-03,1,0,0
1072,aakyildiz,20,2025-03-25,2025-03,20,0,0
1073,egonce,19,2025-03-25,2025-03,19,0,0
1074,hakdemir,17,2025-03-25,2025-03,15,2,0
1075,hkaragoz,27,2025-03-25,2025-03,27,0,0
1076,dcolor,64,2025-03-25,2025-03,0,64,0
1077,ekoksal,1,2025-03-25,2025-03,1,0,0
1078,iunlu,8,2025-03-25,2025-03,8,0,0
1079,bfirat,26,2025-03-25,2025-03,13,1,12
1080,mguray,13,2025-03-25,2025-03,13,0,0
1081,hbulut,10,2025-03-25,2025-03,10,0,0
1082,amasun,25,2025-03-25,2025-03,23,2,0
1083,ebalaban,29,2025-03-25,2025-03,29,0,0
1084,akamera,6,2025-03-25,2025-03,0,6,0
1085,gekim,80,2025-03-25,2025-03,0,80,0
1086,abarkod,11,2025-03-25,2025-03,11,0,0
1087,tcapkin,5,2025-03-25,2025-03,0,5,0
1088,ntanriverdi,9,2025-03-25,2025-03,0,9,0
1089,bkibar,2,2025-03-25,2025-03,0,2,0
1090,merkan,2,2025-03-25,2025-03,0,2,0
1091,nkorkmaz,7,2025-03-25,2025-03,5,2,0
1092,aayhan,88,2025-03-25,2025-03,7,80,1
1093,mkarabiyik,2,2025-03-25,2025-03,0,2,0
1094,MMUTLU,10,2025-03-25,2025-03,9,1,0
1095,ngogce,30,2025-03-25,2025-03,21,9,0
1096,gkenarli,4,2025-03-25,2025-03,4,0,0
1097,fimetin,402,2025-03-25,2025-03,402,0,0
1098,dnoic,41,2025-03-25,2025-03,33,0,8
1099,mkorucu,21,2025-03-25,2025-03,18,3,0
1100,gayilmaz,5,2025-03-25,2025-03,5,0,0
1101,ezyildiz,344,2025-03-25,2025-03,344,0,0
1102,tevirgen,5,2025-03-25,2025-03,3,2,0
1103,sulger,31,2025-03-25,2025-03,10,21,0
1104,ekaradavut,1,2025-03-25,2025-03,1,0,0
1105,ggirgin,18,2025-03-25,2025-03,15,3,0
1106,oasistan,17,2025-03-25,2025-03,10,7,0
1107,zyuksel,32,2025-03-26,2025-03,32,0,0
1108,amasun,163,2025-03-26,2025-03,163,0,0
1109,gekim,37,2025-03-26,2025-03,0,37,0
1110,gakca,4,2025-03-26,2025-03,3,1,0
1111,aapak,30,2025-03-26,2025-03,0,30,0
1112,mecigdem,3,2025-03-26,2025-03,2,1,0
1113,fgulsever,28,2025-03-26,2025-03,0,28,0
1114,mguder,2,2025-03-26,2025-03,2,0,0
1115,ihasdemir,1,2025-03-26,2025-03,1,0,0
1116,hakdemir,17,2025-03-26,2025-03,17,0,0
1117,fcolak,7,2025-03-26,2025-03,7,0,0
1118,mkarsiv,1,2025-03-26,2025-03,1,0,0
1119,egonce,14,2025-03-26,2025-03,14,0,0
1120,gbalvan,1,2025-03-26,2025-03,1,0,0
1121,dcolor,54,2025-03-26,2025-03,0,54,0
1122,hbulut,9,2025-03-26,2025-03,9,0,0
1123,bfirat,35,2025-03-26,2025-03,30,5,0
1124,ebalaban,47,2025-03-26,2025-03,47,0,0
1125,stjegitim,28,2025-03-26,2025-03,23,5,0
1126,ezyildiz,381,2025-03-26,2025-03,381,0,0
1127,ngogce,1,2025-03-26,2025-03,1,0,0
1128,oicoz,8,2025-03-26,2025-03,8,0,0
1129,vgemici,4,2025-03-26,2025-03,2,2,0
1130,tcapkin,1,2025-03-26,2025-03,0,1,0
1131,ntanriverdi,31,2025-03-26,2025-03,0,31,0
1132,nkorkmaz,6,2025-03-26,2025-03,6,0,0
1133,cer,2,2025-03-26,2025-03,2,0,0
1134,aayhan,253,2025-03-26,2025-03,42,211,0
1135,mkarabiyik,2,2025-03-26,2025-03,0,2,0
1136,mkofis,8,2025-03-26,2025-03,8,0,0
1137,obali,9,2025-03-26,2025-03,5,0,4
1138,dnoic,2,2025-03-26,2025-03,2,0,0
1139,fimetin,305,2025-03-26,2025-03,304,1,0
1140,gkenarli,12,2025-03-26,2025-03,12,0,0
1141,ggirgin,13,2025-03-26,2025-03,12,1,0
1142,ekaradavut,5,2025-03-26,2025-03,5,0,0
1143,ayyilmaz,8,2025-03-26,2025-03,8,0,0
1144,tevirgen,2,2025-03-26,2025-03,1,1,0
1145,oasistan,5,2025-03-26,2025-03,0,5,0
1146,gayilmaz,2,2025-03-26,2025-03,2,0,0
1147,MMUTLU,484,2025-03-26,2025-03,484,0,0
1148,mguder,26,2025-03-27,2025-03,26,0,0
1149,fgulsever,103,2025-03-27,2025-03,0,103,0
1150,mecigdem,1,2025-03-27,2025-03,0,1,0
1151,dayakta,1,2025-03-27,2025-03,1,0,0
1152,aapak,39,2025-03-27,2025-03,0,39,0
1153,nakilli,13,2025-03-27,2025-03,6,7,0
1154, modified by system 2025-04-29 10:29:20 4,5,2025-03-27,2025-03,5,0,0
1155,udalyan,121,2025-03-27,2025-03,121,0,0
1156,aildeniz,1,2025-03-27,2025-03,0,1,0
1157,hakdemir,4,2025-03-27,2025-03,2,2,0
1158,fcolak,136,2025-03-27,2025-03,24,112,0
1159,egonce,33,2025-03-27,2025-03,23,10,0
1160,mmollaoglu,1,2025-03-27,2025-03,0,1,0
1161,dcolor,55,2025-03-27,2025-03,0,55,0
1162,ekoksal,2,2025-03-27,2025-03,2,0,0
1163,hbulut,5,2025-03-27,2025-03,3,2,0
1164,bfirat,39,2025-03-27,2025-03,39,0,0
1165,gakca,10,2025-03-27,2025-03,6,4,0
1166,secitak,3,2025-03-27,2025-03,3,0,0
1167,gekim,120,2025-03-27,2025-03,0,120,0
1168,uunver,3,2025-03-27,2025-03,3,0,0
1169,amasun,75,2025-03-27,2025-03,75,0,0
1170,akamera,3,2025-03-27,2025-03,0,3,0
1171,ngogce,3,2025-03-27,2025-03,0,2,1
1172,abarkod,2,2025-03-27,2025-03,2,0,0
1173,vgemici,1,2025-03-27,2025-03,1,0,0
1174,tcapkin,4,2025-03-27,2025-03,0,4,0
1175,bbusta,1,2025-03-27,2025-03,1,0,0
1176,ntanriverdi,2,2025-03-27,2025-03,0,2,0
1177,eatansay,4,2025-03-27,2025-03,2,2,0
1178,fyilanci,2,2025-03-27,2025-03,0,2,0
1179,fbasak,3,2025-03-27,2025-03,3,0,0
1180,obali,1,2025-03-27,2025-03,0,1,0
1181,fimetin,282,2025-03-27,2025-03,277,5,0
1182,ggirgin,5,2025-03-27,2025-03,4,1,0
1183,mertan,8,2025-03-27,2025-03,8,0,0
1184,tevirgen,93,2025-03-27,2025-03,13,47,33
1185,oasistan,4,2025-03-27,2025-03,0,4,0
1186,dnoic,16,2025-03-27,2025-03,16,0,0
1187,ezyildiz,328,2025-03-27,2025-03,328,0,0
1188,ebalaban,25,2025-03-27,2025-03,25,0,0
1189,mkofis,3,2025-03-27,2025-03,3,0,0
1190,gakca,7,2025-03-28,2025-03,2,5,0
1191,amasun,5,2025-03-28,2025-03,5,0,0
1192,gcengelli,12,2025-03-28,2025-03,10,2,0
1193,udalyan,2,2025-03-28,2025-03,2,0,0
1194,bfirat,40,2025-03-28,2025-03,40,0,0
1195,eyuksel,13,2025-03-28,2025-03,11,2,0
1196,hakdemir,1,2025-03-28,2025-03,1,0,0
1197,dcolor,59,2025-03-28,2025-03,0,59,0
1198,ezyildiz,14,2025-03-28,2025-03,11,3,0
1199,zyuksel,31,2025-03-28,2025-03,31,0,0
1200,oicoz,5,2025-03-28,2025-03,1,4,0
1201,ebalaban,20,2025-03-28,2025-03,16,4,0
1202,eulsever,19,2025-03-28,2025-03,0,19,0
1203,gayilmaz,8,2025-03-28,2025-03,8,0,0
1204,akamera,17,2025-03-28,2025-03,11,6,0
1205,ngogce,47,2025-03-28,2025-03,35,1,11
1206,ntanriverdi,56,2025-03-28,2025-03,55,1,0
1207,mkarabiyik,4,2025-03-28,2025-03,0,4,0
1208,vgemici,1,2025-03-28,2025-03,1,0,0
1209,fimetin,89,2025-03-28,2025-03,86,3,0
1210,gkenarli,14,2025-03-28,2025-03,8,6,0
1211,ggirgin,108,2025-03-28,2025-03,99,9,0
1212,tevirgen,4,2025-03-28,2025-03,0,3,1
1213,obali,9,2025-03-28,2025-03,4,1,4
1214,dcolor,3,2025-03-29,2025-03,0,3,0
1215,BSOGUT,2,2025-04-01,2025-04,1,1,0
1216,mbayirli,18,2025-04-01,2025-04,18,0,0
1217,ierdil,3,2025-04-01,2025-04,3,0,0
1218,udalyan,1,2025-04-01,2025-04,1,0,0
1219,fgulsever,261,2025-04-01,2025-04,0,261,0
1220,gekim,50,2025-04-01,2025-04,0,50,0
1221,dnoic,8,2025-04-01,2025-04,8,0,0
1222,abarkod,11,2025-04-01,2025-04,11,0,0
1223,aapak,21,2025-04-01,2025-04,15,6,0
1224,aapak,1,2025-04-02,2025-04,0,1,0
1225,udalyan,4,2025-04-02,2025-04,1,2,1
1226,BSOGUT,1,2025-04-02,2025-04,0,1,0
1227,fgulsever,162,2025-04-02,2025-04,0,162,0
1228,ebadem,6,2025-04-02,2025-04,6,0,0
1229,aildeniz,1,2025-04-02,2025-04,1,0,0
1230,bbugdayci,6,2025-04-02,2025-04,2,4,0
1231,fcolak,5,2025-04-02,2025-04,5,0,0
1232,hakdemir,7,2025-04-02,2025-04,6,1,0
1233,hbinay,29,2025-04-02,2025-04,29,0,0
1234,eozkan,8,2025-04-02,2025-04,4,4,0
1235,dcolor,39,2025-04-02,2025-04,0,39,0
1236,ersener,50,2025-04-02,2025-04,50,0,0
1237,bfirat,35,2025-04-02,2025-04,35,0,0
1238,gakca,6,2025-04-02,2025-04,3,3,0
1239,secitak,41,2025-04-02,2025-04,41,0,0
1240,adogan,2,2025-04-02,2025-04,2,0,0
1241,zyuksel,3,2025-04-02,2025-04,0,0,3
1242,gekim,130,2025-04-02,2025-04,0,130,0
1243,ngogce,43,2025-04-02,2025-04,7,36,0
1244,abarkod,4,2025-04-02,2025-04,4,0,0
1245,nkorkmaz,1,2025-04-02,2025-04,1,0,0
1246,fbasak,1,2025-04-02,2025-04,1,0,0
1247,MMUTLU,3,2025-04-02,2025-04,0,3,0
1248,fimetin,89,2025-04-02,2025-04,86,3,0
1249,ggirgin,31,2025-04-02,2025-04,27,4,0
1250,tevirgen,10,2025-04-02,2025-04,6,4,0
1251,obali,4,2025-04-02,2025-04,0,4,0
1252,gayilmaz,1,2025-04-02,2025-04,1,0,0
1253,iunlu,7,2025-04-02,2025-04,7,0,0
1254,klaboratuar,2,2025-04-02,2025-04,0,2,0
1255,ezyildiz,80,2025-04-02,2025-04,80,0,0
1256,ebalaban,56,2025-04-02,2025-04,8,48,0
1257,amasun,19,2025-04-02,2025-04,12,7,0
1258,gbakanoglu,1,2025-04-02,2025-04,1,0,0
1259,eulsever,4,2025-04-02,2025-04,0,4,0
1260,zyuksel,43,2025-04-03,2025-04,43,0,0
1261,mguder,4,2025-04-03,2025-04,4,0,0
1262,itopcu,1,2025-04-03,2025-04,1,0,0
1263,hakand,3,2025-04-03,2025-04,2,1,0
1264,BSOGUT,18,2025-04-03,2025-04,1,1,16
1265,esaribuyuk,2,2025-04-03,2025-04,0,2,0
1266, modified by system 2025-04-29 10:29:20 4,9,2025-04-03,2025-04,9,0,0
1267,fgulsever,24,2025-04-03,2025-04,0,24,0
1268,ierdil,3,2025-04-03,2025-04,3,0,0
1269,bunver,11,2025-04-03,2025-04,8,0,3
1270,aakyildiz,1,2025-04-03,2025-04,1,0,0
1271,fcolak,16,2025-04-03,2025-04,16,0,0
1272,hakdemir,4,2025-04-03,2025-04,2,2,0
1273,hbinay,8,2025-04-03,2025-04,8,0,0
1274,dcolor,65,2025-04-03,2025-04,0,65,0
1275,hbulut,12,2025-04-03,2025-04,12,0,0
1276,bfirat,63,2025-04-03,2025-04,63,0,0
1277,mecigdem,1,2025-04-03,2025-04,0,1,0
1278,ihasdemir,45,2025-04-03,2025-04,32,13,0
1279,udalyan,18,2025-04-03,2025-04,13,5,0
1280,fyakut,3,2025-04-03,2025-04,3,0,0
1281,gakca,4,2025-04-03,2025-04,1,3,0
1282,akamera,1,2025-04-03,2025-04,1,0,0
1283,abarkod,2,2025-04-03,2025-04,2,0,0
1284,asablon,2,2025-04-03,2025-04,2,0,0
1285,aapak,2,2025-04-03,2025-04,0,2,0
1286,cer,3,2025-04-03,2025-04,2,1,0
1287,MMUTLU,50,2025-04-03,2025-04,50,0,0
1288,fimetin,6,2025-04-03,2025-04,3,3,0
1289,ggirgin,7,2025-04-03,2025-04,6,1,0
1290,ayyilmaz,1,2025-04-03,2025-04,1,0,0
1291,fbasak,4,2025-04-03,2025-04,4,0,0
1292,eulsever,3,2025-04-03,2025-04,0,3,0
1293,ogungor,6,2025-04-03,2025-04,6,0,0
1294,dnoic,6,2025-04-03,2025-04,6,0,0
1295,ezyildiz,19,2025-04-03,2025-04,18,1,0
1296,ebalaban,29,2025-04-03,2025-04,29,0,0
1297,amasun,10,2025-04-03,2025-04,6,4,0
1298,gekim,64,2025-04-03,2025-04,0,64,0
1299,tevirgen,1,2025-04-03,2025-04,0,1,0
1300,udalyan,1,2025-04-04,2025-04,0,0,1
1301,hakand,2,2025-04-04,2025-04,0,2,0
1302,baozturk,2,2025-04-04,2025-04,2,0,0
1303,gsapmaz,28,2025-04-04,2025-04,28,0,0
1304,carican,6,2025-04-04,2025-04,6,0,0
1305,hakdemir,9,2025-04-04,2025-04,6,3,0
1306,mguder,11,2025-04-04,2025-04,11,0,0
1307,mkarsiv,2,2025-04-04,2025-04,2,0,0
1308,dcolor,42,2025-04-04,2025-04,0,42,0
1309,hbulut,6,2025-04-04,2025-04,4,2,0
1310,gakca,4,2025-04-04,2025-04,2,2,0
1311,bfirat,80,2025-04-04,2025-04,76,4,0
1312,saskin,18,2025-04-04,2025-04,18,0,0
1313,MMUTLU,37,2025-04-04,2025-04,37,0,0
1314,ebalaban,36,2025-04-04,2025-04,34,2,0
1315,amasun,42,2025-04-04,2025-04,18,24,0
1316,ngogce,3,2025-04-04,2025-04,0,0,3
1317,asablon,11,2025-04-04,2025-04,11,0,0
1318,cer,20,2025-04-04,2025-04,20,0,0
1319,mkarabiyik,1,2025-04-04,2025-04,0,1,0
1320,akamera,2,2025-04-04,2025-04,0,2,0
1321,ggirgin,43,2025-04-04,2025-04,39,4,0
1322,tevirgen,29,2025-04-04,2025-04,8,3,18
1323,eulsever,25,2025-04-04,2025-04,0,25,0
1324,ezyildiz,168,2025-04-04,2025-04,168,0,0
1325,fimetin,95,2025-04-04,2025-04,94,1,0
1326,ebalaban,84,2025-04-05,2025-04,84,0,0
1327,akocak,13,2025-04-05,2025-04,0,13,0
1328,dcolor,34,2025-04-05,2025-04,0,34,0
1329,aapak,11,2025-04-06,2025-04,5,6,0
1330,dcolor,4,2025-04-06,2025-04,0,4,0
1331,fcolak,10,2025-04-06,2025-04,8,2,0
1332,ebadem,1,2025-04-06,2025-04,1,0,0
1333,fgulsever,5,2025-04-06,2025-04,3,2,0
1334,gekim,110,2025-04-06,2025-04,0,110,0
1335,egonce,22,2025-04-06,2025-04,22,0,0
1336,fakgul,1,2025-04-06,2025-04,1,0,0
1337,okorucu,3,2025-04-06,2025-04,3,0,0
1338,aayhan,8,2025-04-06,2025-04,4,4,0
1339,nkorkmaz,5,2025-04-06,2025-04,5,0,0
1340,tcapkin,11,2025-04-06,2025-04,11,0,0
1341,abarkod,22,2025-04-06,2025-04,22,0,0
1342,dnoic,1,2025-04-06,2025-04,1,0,0
1343,rkontrol,1,2025-04-07,2025-04,1,0,0
1344,ebadem,2,2025-04-07,2025-04,2,0,0
1345,ierdil,1,2025-04-07,2025-04,1,0,0
1346,zyuksel,2,2025-04-07,2025-04,0,0,2
1347,fgulsever,89,2025-04-07,2025-04,0,89,0
1348,itopcu,12,2025-04-07,2025-04,10,1,1
1349,stjegitim,5,2025-04-07,2025-04,0,0,5
1350,okelepe,54,2025-04-07,2025-04,7,47,0
1351,hakand,7,2025-04-07,2025-04,4,3,0
1352,udalyan,2,2025-04-07,2025-04,0,1,1
1353,mguder,14,2025-04-07,2025-04,14,0,0
1354,cyildiz,2,2025-04-07,2025-04,1,1,0
1355,mkarsiv,1,2025-04-07,2025-04,1,0,0
1356,fcolak,1,2025-04-07,2025-04,1,0,0
1357,egonce,56,2025-04-07,2025-04,35,21,0
1358,herbilgin,28,2025-04-07,2025-04,28,0,0
1359,hakdemir,9,2025-04-07,2025-04,9,0,0
1360,mbayirli,1,2025-04-07,2025-04,1,0,0
1361,akocak,5,2025-04-07,2025-04,0,5,0
1362,dcolor,50,2025-04-07,2025-04,0,50,0
1363,ersener,6,2025-04-07,2025-04,6,0,0
1364,hbulut,9,2025-04-07,2025-04,9,0,0
1365,bunver,1,2025-04-07,2025-04,1,0,0
1366,aapak,12,2025-04-07,2025-04,0,12,0
1367,aakyildiz,25,2025-04-07,2025-04,25,0,0
1368,ubasdas,3,2025-04-07,2025-04,3,0,0
1369,hbinay,4,2025-04-07,2025-04,4,0,0
1370,gekim,65,2025-04-07,2025-04,0,65,0
1371,akamera,31,2025-04-07,2025-04,0,31,0
1372,abarkod,1,2025-04-07,2025-04,1,0,0
1373,tcapkin,4,2025-04-07,2025-04,1,3,0
1374,ntanriverdi,24,2025-04-07,2025-04,0,24,0
1375,gakca,4,2025-04-07,2025-04,1,3,0
1376,fbasak,3,2025-04-07,2025-04,3,0,0
1377,cer,1,2025-04-07,2025-04,0,1,0
1378,fyilanci,4,2025-04-07,2025-04,4,0,0
1379,obali,4,2025-04-07,2025-04,2,0,2
1380,MMUTLU,1,2025-04-07,2025-04,0,1,0
1381,fimetin,77,2025-04-07,2025-04,77,0,0
1382,ggirgin,70,2025-04-07,2025-04,52,18,0
1383,ngogce,24,2025-04-07,2025-04,0,18,6
1384,eulsever,14,2025-04-07,2025-04,0,14,0
1385,gayilmaz,1,2025-04-07,2025-04,1,0,0
1386,ogungor,3,2025-04-07,2025-04,3,0,0
1387,oicoz,1,2025-04-07,2025-04,1,0,0
1388,mkorucu,5,2025-04-07,2025-04,5,0,0
1389,dnoic,2,2025-04-07,2025-04,1,0,1
1390,ezyildiz,80,2025-04-07,2025-04,80,0,0
1391,ebalaban,7,2025-04-07,2025-04,7,0,0
1392,amasun,3,2025-04-07,2025-04,1,2,0
1393,eanli,8,2025-04-07,2025-04,0,8,0
1394,gcengelli,14,2025-04-07,2025-04,13,1,0
1395,tevirgen,8,2025-04-07,2025-04,5,3,0
1396,zyuksel,2,2025-04-08,2025-04,2,0,0
1397,fgulsever,60,2025-04-08,2025-04,0,60,0
1398,BSOGUT,33,2025-04-08,2025-04,0,0,33
1399,gakca,1,2025-04-08,2025-04,0,1,0
1400,udalyan,36,2025-04-08,2025-04,0,0,36
1401,dayakta,1,2025-04-08,2025-04,1,0,0
1402,ubasdas,12,2025-04-08,2025-04,12,0,0
1403,kbtlideri,1,2025-04-08,2025-04,1,0,0
1404,esaribuyuk,5,2025-04-08,2025-04,4,1,0
1405,ebadem,41,2025-04-08,2025-04,40,1,0
1406,hakdemir,16,2025-04-08,2025-04,8,8,0
1407,stjegitim,13,2025-04-08,2025-04,0,0,13
1408,fcolak,10,2025-04-08,2025-04,10,0,0
1409,mkarsiv,9,2025-04-08,2025-04,8,1,0
1410,egonce,54,2025-04-08,2025-04,54,0,0
1411,mmollaoglu,11,2025-04-08,2025-04,0,11,0
1412,hkaragoz,1,2025-04-08,2025-04,1,0,0
1413,dcolor,59,2025-04-08,2025-04,0,59,0
1414,ekoksal,3,2025-04-08,2025-04,3,0,0
1415,bfirat,92,2025-04-08,2025-04,87,5,0
1416,adogan,13,2025-04-08,2025-04,13,0,0
1417,aildeniz,8,2025-04-08,2025-04,8,0,0
1418,saskin,11,2025-04-08,2025-04,11,0,0
1419,hbulut,18,2025-04-08,2025-04,18,0,0
1420,gekim,71,2025-04-08,2025-04,0,71,0
1421,akamera,3,2025-04-08,2025-04,0,3,0
1422,bsakrak,10,2025-04-08,2025-04,10,0,0
1423,ngogce,8,2025-04-08,2025-04,8,0,0
1424,edemirbas,2,2025-04-08,2025-04,0,1,1
1425,tcapkin,2,2025-04-08,2025-04,1,1,0
1426,ntanriverdi,71,2025-04-08,2025-04,0,71,0
1427,merkan,2,2025-04-08,2025-04,0,2,0
1428,cer,2,2025-04-08,2025-04,0,2,0
1429,aaksoy,1,2025-04-08,2025-04,1,0,0
1430,obali,6,2025-04-08,2025-04,4,2,0
1431,fbasak,27,2025-04-08,2025-04,21,6,0
1432,fimetin,93,2025-04-08,2025-04,93,0,0
1433,gbakanoglu,1,2025-04-08,2025-04,0,1,0
1434,MMUTLU,15,2025-04-08,2025-04,13,2,0
1435,ezyildiz,18,2025-04-08,2025-04,16,2,0
1436,dnoic,9,2025-04-08,2025-04,7,1,1
1437,eulsever,20,2025-04-08,2025-04,0,20,0
1438,amasun,50,2025-04-08,2025-04,17,33,0
1439,ekaradavut,2,2025-04-08,2025-04,2,0,0
1440,ggirgin,17,2025-04-08,2025-04,12,5,0
1441,gkenarli,8,2025-04-08,2025-04,8,0,0
1442,tevirgen,7,2025-04-08,2025-04,4,1,2
1443,fcolak,42,2025-04-09,2025-04,8,34,0
1444,okelepe,35,2025-04-09,2025-04,0,35,0
1445,fgulsever,3,2025-04-09,2025-04,0,3,0
1446,mguder,6,2025-04-09,2025-04,2,0,4
1447,zyuksel,39,2025-04-09,2025-04,25,1,13
1448,mguray,15,2025-04-09,2025-04,12,3,0
1449,stjegitim,1,2025-04-09,2025-04,1,0,0
1450,nkaya,1,2025-04-09,2025-04,0,1,0
1451,mkarsiv,4,2025-04-09,2025-04,0,4,0
1452,bunver,22,2025-04-09,2025-04,22,0,0
1453,hakdemir,39,2025-04-09,2025-04,36,3,0
1454,uunver,5,2025-04-09,2025-04,5,0,0
1455,hbinay,5,2025-04-09,2025-04,5,0,0
1456,akocak,31,2025-04-09,2025-04,0,18,13
1457,dcolor,58,2025-04-09,2025-04,0,58,0
1458,ersener,2,2025-04-09,2025-04,2,0,0
1459,hbulut,9,2025-04-09,2025-04,9,0,0
1460,bfirat,37,2025-04-09,2025-04,37,0,0
1461,mecigdem,5,2025-04-09,2025-04,2,3,0
1462,egonce,10,2025-04-09,2025-04,9,1,0
1463,aapak,16,2025-04-09,2025-04,0,16,0
1464,BSOGUT,1,2025-04-09,2025-04,1,0,0
1465,gcengelli,37,2025-04-09,2025-04,34,3,0
1466,gekim,119,2025-04-09,2025-04,0,119,0
1467,ngogce,32,2025-04-09,2025-04,24,2,6
1468,abarkod,24,2025-04-09,2025-04,24,0,0
1469,vgemici,1,2025-04-09,2025-04,1,0,0
1470,ayetik,1,2025-04-09,2025-04,1,0,0
1471,fbasak,9,2025-04-09,2025-04,1,2,6
1472,obali,1,2025-04-09,2025-04,0,1,0
1473,MMUTLU,3,2025-04-09,2025-04,0,3,0
1474,fimetin,172,2025-04-09,2025-04,172,0,0
1475,ntanriverdi,12,2025-04-09,2025-04,9,3,0
1476,ggirgin,30,2025-04-09,2025-04,29,1,0
1477,sulger,25,2025-04-09,2025-04,4,21,0
1478,tevirgen,10,2025-04-09,2025-04,2,8,0
1479,gayilmaz,16,2025-04-09,2025-04,15,1,0
1480,ogungor,10,2025-04-09,2025-04,10,0,0
1481,oicoz,6,2025-04-09,2025-04,6,0,0
1482,ezyildiz,176,2025-04-09,2025-04,176,0,0
1483,ebalaban,46,2025-04-09,2025-04,46,0,0
1484,gkenarli,4,2025-04-09,2025-04,4,0,0
1485,eanli,6,2025-04-09,2025-04,0,6,0
1486,itopcu,4,2025-04-10,2025-04,4,0,0
1487,fgulsever,13,2025-04-10,2025-04,0,13,0
1488,cdonmez,2,2025-04-10,2025-04,0,2,0
1489,hakand,2,2025-04-10,2025-04,2,0,0
1490,mecigdem,1,2025-04-10,2025-04,0,1,0
1491,ubasdas,59,2025-04-10,2025-04,59,0,0
1492,aapak,61,2025-04-10,2025-04,0,61,0
1493,dayakta,18,2025-04-10,2025-04,10,8,0
1494,kdeda,8,2025-04-10,2025-04,5,2,1
1495,bfirat,75,2025-04-10,2025-04,75,0,0
1496,mguder,3,2025-04-10,2025-04,2,1,0
1497,udalyan,4,2025-04-10,2025-04,1,3,0
1498, modified by system 2025-04-29 10:29:20 4,47,2025-04-10,2025-04,20,25,2
1499,BDEMIRAL,3,2025-04-10,2025-04,0,3,0
1500,ihasdemir,114,2025-04-10,2025-04,109,5,0
1501,secitak,2,2025-04-10,2025-04,0,2,0
1502,nkaya,1,2025-04-10,2025-04,1,0,0
1503,aakyildiz,5,2025-04-10,2025-04,4,1,0
1504,egonce,20,2025-04-10,2025-04,19,1,0
1505,hakdemir,215,2025-04-10,2025-04,212,3,0
1506,uunver,4,2025-04-10,2025-04,4,0,0
1507,SKARTOGLU,9,2025-04-10,2025-04,9,0,0
1508,dcolor,45,2025-04-10,2025-04,0,45,0
1509,ekoksal,13,2025-04-10,2025-04,13,0,0
1510,hbulut,4,2025-04-10,2025-04,4,0,0
1511,gakca,2,2025-04-10,2025-04,1,1,0
1512,aildeniz,1,2025-04-10,2025-04,0,0,1
1513,iunlu,13,2025-04-10,2025-04,13,0,0
1514,ezyildiz,49,2025-04-10,2025-04,49,0,0
1515,cisahin,2,2025-04-10,2025-04,0,0,2
1516,gekim,135,2025-04-10,2025-04,0,135,0
1517,akamera,5,2025-04-10,2025-04,0,5,0
1518,ngogce,5,2025-04-10,2025-04,3,1,1
1519,abarkod,3,2025-04-10,2025-04,3,0,0
1520,tcapkin,3,2025-04-10,2025-04,0,3,0
1521,ntanriverdi,1,2025-04-10,2025-04,0,1,0
1522,gmasistan,6,2025-04-10,2025-04,0,0,6
1523,merkan,3,2025-04-10,2025-04,0,3,0
1524,cer,45,2025-04-10,2025-04,31,14,0
1525,ogun,2,2025-04-10,2025-04,2,0,0
1526,mkarabiyik,1,2025-04-10,2025-04,0,1,0
1527,obali,7,2025-04-10,2025-04,2,4,1
1528,MMUTLU,19,2025-04-10,2025-04,4,14,1
1529,fbasak,8,2025-04-10,2025-04,1,0,7
1530,ggirgin,34,2025-04-10,2025-04,26,8,0
1531,fimetin,73,2025-04-10,2025-04,72,1,0
1532,dnoic,57,2025-04-10,2025-04,50,1,6
1533,gcevik,19,2025-04-10,2025-04,19,0,0
1534,mkorucu,7,2025-04-10,2025-04,7,0,0
1535,oicoz,3,2025-04-10,2025-04,3,0,0
1536,okanat,4,2025-04-10,2025-04,4,0,0
1537,ebalaban,30,2025-04-10,2025-04,30,0,0
1538,nibolkis,11,2025-04-10,2025-04,7,0,4
1539,eulsever,25,2025-04-10,2025-04,25,0,0
1540,tevirgen,6,2025-04-10,2025-04,6,0,0
1541,mertan,32,2025-04-10,2025-04,32,0,0
1542,TIRMAK,2,2025-04-10,2025-04,2,0,0
1543,ebalaban,26,2025-04-11,2025-04,26,0,0
1544,gakca,6,2025-04-11,2025-04,6,0,0
1545,mguder,12,2025-04-11,2025-04,12,0,0
1546,zyuksel,40,2025-04-11,2025-04,37,1,2
1547,hakdemir,8,2025-04-11,2025-04,4,4,0
1548,akocak,161,2025-04-11,2025-04,35,126,0
1549,dcolor,74,2025-04-11,2025-04,0,74,0
1550,hbulut,16,2025-04-11,2025-04,15,1,0
1551,bfirat,71,2025-04-11,2025-04,71,0,0
1552,ezyildiz,8,2025-04-11,2025-04,8,0,0
1553,mmollaoglu,1,2025-04-11,2025-04,0,0,1
1554,oicoz,13,2025-04-11,2025-04,3,10,0
1555,obali,2,2025-04-11,2025-04,1,0,1
1556,eulsever,15,2025-04-11,2025-04,15,0,0
1557,tevirgen,3,2025-04-11,2025-04,0,0,3
1558,ayyilmaz,1,2025-04-11,2025-04,1,0,0
1559,ekaradavut,3,2025-04-11,2025-04,3,0,0
1560,ggirgin,77,2025-04-11,2025-04,70,7,0
1561,fimetin,6,2025-04-11,2025-04,5,1,0
1562,fyilanci,3,2025-04-11,2025-04,3,0,0
1563,ntanriverdi,7,2025-04-11,2025-04,7,0,0
1564,ngogce,3,2025-04-11,2025-04,2,0,1
1565,akamera,3,2025-04-11,2025-04,0,3,0
1566,gayilmaz,7,2025-04-11,2025-04,6,1,0
1567,dcolor,31,2025-04-12,2025-04,0,31,0
1568,hbinay,2,2025-04-12,2025-04,2,0,0
1569,oicoz,55,2025-04-12,2025-04,55,0,0
1570,ezyildiz,10,2025-04-12,2025-04,9,1,0
1571,ebalaban,6,2025-04-12,2025-04,6,0,0
1572,fgulsever,99,2025-04-13,2025-04,3,96,0
1573,akocak,2,2025-04-13,2025-04,0,2,0
1574,uunver,5,2025-04-13,2025-04,5,0,0
1575,egonce,19,2025-04-13,2025-04,19,0,0
1576,dcolor,3,2025-04-13,2025-04,0,3,0
1577,secitak,23,2025-04-13,2025-04,9,14,0
1578,ihasdemir,86,2025-04-13,2025-04,85,1,0
1579,aapak,111,2025-04-13,2025-04,0,111,0
1580,fcolak,5,2025-04-13,2025-04,5,0,0
1581,gekim,121,2025-04-13,2025-04,0,121,0
1582,ebalaban,5,2025-04-13,2025-04,5,0,0
1583,dnoic,16,2025-04-13,2025-04,7,0,9
1584,gcevik,3,2025-04-13,2025-04,3,0,0
1585,fbasak,20,2025-04-13,2025-04,7,1,12
1586,edemirbas,2,2025-04-13,2025-04,0,0,2
1587,abarkod,1,2025-04-13,2025-04,1,0,0
1588,nakilli,2,2025-04-13,2025-04,1,0,1
1589,baozturk,5,2025-04-14,2025-04,5,0,0
1590,fgulsever,14,2025-04-14,2025-04,0,14,0
1591,okelepe,1,2025-04-14,2025-04,0,1,0
1592,gakca,25,2025-04-14,2025-04,19,6,0
1593,ubasdas,60,2025-04-14,2025-04,53,7,0
1594,mguder,4,2025-04-14,2025-04,4,0,0
1595,iunlu,2,2025-04-14,2025-04,2,0,0
1596,aapak,64,2025-04-14,2025-04,0,64,0
1597,zyuksel,41,2025-04-14,2025-04,41,0,0
1598,mkarsiv,3,2025-04-14,2025-04,3,0,0
1599,stjegitim,16,2025-04-14,2025-04,2,3,11
1600,fcolak,1,2025-04-14,2025-04,1,0,0
1601,gekim,107,2025-04-14,2025-04,0,107,0
1602,egonce,41,2025-04-14,2025-04,17,24,0
1603,herbilgin,7,2025-04-14,2025-04,7,0,0
1604,hakdemir,4,2025-04-14,2025-04,2,2,0
1605,eozkan,1,2025-04-14,2025-04,1,0,0
1606,dcolor,43,2025-04-14,2025-04,0,43,0
1607,hbulut,17,2025-04-14,2025-04,17,0,0
1608,bfirat,27,2025-04-14,2025-04,27,0,0
1609,mguray,2,2025-04-14,2025-04,2,0,0
1610,gcengelli,4,2025-04-14,2025-04,0,4,0
1611,udalyan,35,2025-04-14,2025-04,5,5,25
1612,eanli,4,2025-04-14,2025-04,1,3,0
1613,gbakanoglu,1,2025-04-14,2025-04,1,0,0
1614,ngogce,48,2025-04-14,2025-04,10,24,14
1615,abarkod,16,2025-04-14,2025-04,16,0,0
1616,ntanriverdi,11,2025-04-14,2025-04,10,1,0
1617,merkan,1,2025-04-14,2025-04,1,0,0
1618,fbasak,3,2025-04-14,2025-04,1,2,0
1619,cer,1,2025-04-14,2025-04,0,1,0
1620,ogun,1,2025-04-14,2025-04,1,0,0
1621,aayhan,172,2025-04-14,2025-04,45,118,9
1622,fyilanci,9,2025-04-14,2025-04,9,0,0
1623,akamera,29,2025-04-14,2025-04,28,1,0
1624,MMUTLU,22,2025-04-14,2025-04,17,4,1
1625,ggirgin,76,2025-04-14,2025-04,68,8,0
1626,tevirgen,14,2025-04-14,2025-04,8,6,0
1627,eulsever,17,2025-04-14,2025-04,1,16,0
1628,gayilmaz,4,2025-04-14,2025-04,4,0,0
1629,dnoic,32,2025-04-14,2025-04,6,25,1
1630,ezyildiz,42,2025-04-14,2025-04,40,2,0
1631,ebalaban,7,2025-04-14,2025-04,7,0,0
1632,amasun,100,2025-04-14,2025-04,59,41,0
1633,mkofis,6,2025-04-14,2025-04,6,0,0
1634,mecigdem,3,2025-04-15,2025-04,0,3,0
1635,udalyan,9,2025-04-15,2025-04,7,1,1
1636,aapak,22,2025-04-15,2025-04,0,22,0
1637,gekim,146,2025-04-15,2025-04,0,146,0
1638,adogan,1,2025-04-15,2025-04,0,1,0
1639,bsakrak,2,2025-04-15,2025-04,1,1,0
1640,hakand,10,2025-04-15,2025-04,10,0,0
1641,gakca,5,2025-04-15,2025-04,0,5,0
1642,fgulsever,5,2025-04-15,2025-04,0,5,0
1643,fcolak,14,2025-04-15,2025-04,5,9,0
1644,mguder,30,2025-04-15,2025-04,7,23,0
1645,ihasdemir,81,2025-04-15,2025-04,80,1,0
1646,aakyildiz,12,2025-04-15,2025-04,12,0,0
1647,bfirat,74,2025-04-15,2025-04,65,9,0
1648,hakdemir,1,2025-04-15,2025-04,1,0,0
1649,dcolor,47,2025-04-15,2025-04,0,47,0
1650,hbulut,1,2025-04-15,2025-04,1,0,0
1651,eanli,6,2025-04-15,2025-04,0,6,0
1652,baozturk,2,2025-04-15,2025-04,2,0,0
1653,amasun,13,2025-04-15,2025-04,13,0,0
1654,egonce,41,2025-04-15,2025-04,29,12,0
1655,ezyildiz,13,2025-04-15,2025-04,13,0,0
1656,ebalaban,6,2025-04-15,2025-04,6,0,0
1657,ngogce,42,2025-04-15,2025-04,7,1,34
1658,vgemici,73,2025-04-15,2025-04,72,1,0
1659,tcapkin,5,2025-04-15,2025-04,5,0,0
1660,fbasak,2,2025-04-15,2025-04,2,0,0
1661,cer,2,2025-04-15,2025-04,2,0,0
1662,aayhan,86,2025-04-15,2025-04,70,4,12
1663,fyilanci,2,2025-04-15,2025-04,2,0,0
1664,obali,9,2025-04-15,2025-04,3,1,5
1665,ntanriverdi,6,2025-04-15,2025-04,6,0,0
1666,fimetin,85,2025-04-15,2025-04,83,2,0
1667,gkenarli,3,2025-04-15,2025-04,3,0,0
1668,ggirgin,11,2025-04-15,2025-04,10,1,0
1669,ekaradavut,1,2025-04-15,2025-04,1,0,0
1670,mertan,3,2025-04-15,2025-04,3,0,0
1671,ayyilmaz,2,2025-04-15,2025-04,2,0,0
1672,tevirgen,90,2025-04-15,2025-04,55,16,19
1673,stjncakirci,20,2025-04-15,2025-04,20,0,0
1674,gayilmaz,21,2025-04-15,2025-04,21,0,0
1675,MMUTLU,5,2025-04-15,2025-04,5,0,0
1676,ierdil,5,2025-04-16,2025-04,0,5,0
1677, modified by system 2025-04-29 10:29:20 4,40,2025-04-16,2025-04,39,1,0
1678,baozturk,3,2025-04-16,2025-04,1,2,0
1679,fgulsever,19,2025-04-16,2025-04,0,19,0
1680,okelepe,2,2025-04-16,2025-04,1,0,1
1681,aapak,63,2025-04-16,2025-04,1,61,1
1682,hakand,1,2025-04-16,2025-04,1,0,0
1683,mecigdem,2,2025-04-16,2025-04,0,2,0
1684,udalyan,13,2025-04-16,2025-04,12,1,0
1685,kbtlideri,2,2025-04-16,2025-04,2,0,0
1686,BSOGUT,1,2025-04-16,2025-04,0,0,1
1687,rkontrol,1,2025-04-16,2025-04,1,0,0
1688,dcolor,46,2025-04-16,2025-04,0,46,0
1689,fcolak,3,2025-04-16,2025-04,3,0,0
1690,mkarsiv,1,2025-04-16,2025-04,1,0,0
1691,egonce,20,2025-04-16,2025-04,20,0,0
1692,hakdemir,3,2025-04-16,2025-04,3,0,0
1693,uunver,2,2025-04-16,2025-04,1,1,0
1694,hbinay,5,2025-04-16,2025-04,5,0,0
1695,sbayiroglu,10,2025-04-16,2025-04,0,10,0
1696,sapra,2,2025-04-16,2025-04,2,0,0
1697,eozkan,10,2025-04-16,2025-04,8,2,0
1698,ELOFCA,1,2025-04-16,2025-04,0,1,0
1699,hbulut,1,2025-04-16,2025-04,1,0,0
1700,bfirat,64,2025-04-16,2025-04,64,0,0
1701,ihasdemir,25,2025-04-16,2025-04,25,0,0
1702,gakca,8,2025-04-16,2025-04,1,7,0
1703,stjegitim,7,2025-04-16,2025-04,2,3,2
1704,byarimay,4,2025-04-16,2025-04,4,0,0
1705,iunlu,4,2025-04-16,2025-04,4,0,0
1706,akamera,95,2025-04-16,2025-04,87,8,0
1707,ngogce,2,2025-04-16,2025-04,0,0,2
1708,abarkod,3,2025-04-16,2025-04,3,0,0
1709,ntanriverdi,2,2025-04-16,2025-04,2,0,0
1710,fbasak,19,2025-04-16,2025-04,19,0,0
1711,aayhan,29,2025-04-16,2025-04,28,1,0
1712,fyilanci,6,2025-04-16,2025-04,6,0,0
1713,mkarabiyik,2,2025-04-16,2025-04,0,2,0
1714,obali,2,2025-04-16,2025-04,2,0,0
1715,MMUTLU,18,2025-04-16,2025-04,4,14,0
1716,fimetin,33,2025-04-16,2025-04,24,9,0
1717,nkorkmaz,2,2025-04-16,2025-04,0,2,0
1718,eanli,7,2025-04-16,2025-04,0,7,0
1719,ggirgin,30,2025-04-16,2025-04,29,1,0
1720,oasistan,2,2025-04-16,2025-04,0,2,0
1721,gayilmaz,6,2025-04-16,2025-04,6,0,0
1722,mkorucu,26,2025-04-16,2025-04,26,0,0
1723,gcevik,12,2025-04-16,2025-04,12,0,0
1724,ezyildiz,78,2025-04-16,2025-04,78,0,0
1725,ebalaban,9,2025-04-16,2025-04,8,1,0
1726,amasun,44,2025-04-16,2025-04,42,2,0
1727,gekim,36,2025-04-16,2025-04,0,36,0
1728,SUYILMAZ,2,2025-04-16,2025-04,2,0,0
1729,gcengelli,1,2025-04-16,2025-04,0,1,0
1730,gkenarli,1,2025-04-16,2025-04,1,0,0
1731,fgulsever,2,2025-04-17,2025-04,0,2,0
1732,okelepe,2,2025-04-17,2025-04,2,0,0
1733,bfirat,29,2025-04-17,2025-04,29,0,0
1734,mecigdem,4,2025-04-17,2025-04,2,2,0
1735,itopcu,1,2025-04-17,2025-04,1,0,0
1736,udalyan,20,2025-04-17,2025-04,9,4,7
1737,hakand,12,2025-04-17,2025-04,8,3,1
1738,baozturk,2,2025-04-17,2025-04,2,0,0
1739,dcolor,70,2025-04-17,2025-04,0,70,0
1740,mguray,1,2025-04-17,2025-04,1,0,0
1741,kbtlideri,1,2025-04-17,2025-04,1,0,0
1742,fcolak,4,2025-04-17,2025-04,4,0,0
1743,egonce,24,2025-04-17,2025-04,22,2,0
1744,hakdemir,43,2025-04-17,2025-04,42,1,0
1745,ersener,2,2025-04-17,2025-04,2,0,0
1746,hbulut,1,2025-04-17,2025-04,1,0,0
1747,aapak,77,2025-04-17,2025-04,0,77,0
1748,ierdil,10,2025-04-17,2025-04,10,0,0
1749,gakca,8,2025-04-17,2025-04,6,2,0
1750,tevirgen,14,2025-04-17,2025-04,14,0,0
1751,SUYILMAZ,2,2025-04-17,2025-04,2,0,0
1752,akamera,16,2025-04-17,2025-04,12,4,0
1753,ngogce,5,2025-04-17,2025-04,2,0,3
1754,gekim,37,2025-04-17,2025-04,0,37,0
1755,ntanriverdi,18,2025-04-17,2025-04,10,8,0
1756,aayhan,6,2025-04-17,2025-04,2,4,0
1757,mkofis,4,2025-04-17,2025-04,4,0,0
1758,obali,7,2025-04-17,2025-04,3,4,0
1759,MMUTLU,109,2025-04-17,2025-04,33,74,2
1760,abarkod,21,2025-04-17,2025-04,21,0,0
1761,gkenarli,1,2025-04-17,2025-04,1,0,0
1762,ggirgin,22,2025-04-17,2025-04,18,4,0
1763,ayyilmaz,5,2025-04-17,2025-04,4,1,0
1764,gayilmaz,2,2025-04-17,2025-04,2,0,0
1765,nibolkis,1,2025-04-17,2025-04,0,0,1
1766,ezyildiz,13,2025-04-17,2025-04,13,0,0
1767,ebalaban,20,2025-04-17,2025-04,20,0,0
1768,amasun,28,2025-04-17,2025-04,26,2,0
1769,fimetin,64,2025-04-17,2025-04,56,8,0
1770,hakand,10,2025-04-18,2025-04,8,2,0
1771,itopcu,4,2025-04-18,2025-04,4,0,0
1772,mguder,3,2025-04-18,2025-04,3,0,0
1773,kbtlideri,2,2025-04-18,2025-04,2,0,0
1774,mkarsiv,2,2025-04-18,2025-04,2,0,0
1775,hbulut,1,2025-04-18,2025-04,1,0,0
1776,hkaragoz,3,2025-04-18,2025-04,0,3,0
1777,eozkan,1,2025-04-18,2025-04,1,0,0
1778,dcolor,53,2025-04-18,2025-04,0,53,0
1779,bfirat,17,2025-04-18,2025-04,13,4,0
1780,mecigdem,2,2025-04-18,2025-04,0,2,0
1781,hakdemir,2,2025-04-18,2025-04,1,1,0
1782,udalyan,2,2025-04-18,2025-04,0,0,2
1783,cdonmez,12,2025-04-18,2025-04,0,12,0
1784,gcengelli,13,2025-04-18,2025-04,7,3,3
1785,akamera,16,2025-04-18,2025-04,13,3,0
1786,ngogce,1,2025-04-18,2025-04,0,0,1
1787,fimetin,120,2025-04-18,2025-04,118,2,0
1788,ggirgin,172,2025-04-18,2025-04,148,24,0
1789,ayyilmaz,9,2025-04-18,2025-04,7,2,0
1790,mkofis,3,2025-04-18,2025-04,3,0,0
1791,ezyildiz,26,2025-04-18,2025-04,26,0,0
1792,ebalaban,17,2025-04-18,2025-04,17,0,0
1793,amasun,3,2025-04-18,2025-04,0,3,0
1794,gakca,9,2025-04-18,2025-04,5,4,0
1795,aozbal,1,2025-04-18,2025-04,1,0,0
1796,tevirgen,7,2025-04-18,2025-04,4,3,0
1797,ebalaban,50,2025-04-19,2025-04,50,0,0
1798,dcolor,37,2025-04-19,2025-04,0,37,0
1799,ihasdemir,35,2025-04-20,2025-04,1,34,0
1800,ersener,2,2025-04-20,2025-04,2,0,0
1801,mmollaoglu,4,2025-04-20,2025-04,0,4,0
1802,egonce,18,2025-04-20,2025-04,7,11,0
1803,mkarsiv,7,2025-04-20,2025-04,7,0,0
1804,fcolak,16,2025-04-20,2025-04,2,14,0
1805,fgulsever,7,2025-04-20,2025-04,0,7,0
1806,ierdil,4,2025-04-20,2025-04,4,0,0
1807,ubasdas,4,2025-04-20,2025-04,2,2,0
1808,daktas,10,2025-04-20,2025-04,10,0,0
1809,gekim,45,2025-04-20,2025-04,0,45,0
1810,dnoic,11,2025-04-20,2025-04,9,0,2
1811,fbasak,5,2025-04-20,2025-04,5,0,0
1812,nkorkmaz,5,2025-04-20,2025-04,5,0,0
1813,abarkod,4,2025-04-20,2025-04,4,0,0
1814,aapak,72,2025-04-20,2025-04,5,67,0
1815,dayakta,1,2025-04-21,2025-04,0,1,0
1816,aapak,105,2025-04-21,2025-04,10,95,0
1817,udalyan,1,2025-04-21,2025-04,0,1,0
1818,mecigdem,1,2025-04-21,2025-04,0,1,0
1819,fgulsever,11,2025-04-21,2025-04,0,11,0
1820,itopcu,4,2025-04-21,2025-04,4,0,0
1821,mguder,4,2025-04-21,2025-04,4,0,0
1822,ihasdemir,33,2025-04-21,2025-04,1,32,0
1823,egonce,26,2025-04-21,2025-04,10,16,0
1824,stjegitim,38,2025-04-21,2025-04,2,29,7
1825,mkarsiv,4,2025-04-21,2025-04,4,0,0
1826,hakdemir,3,2025-04-21,2025-04,1,2,0
1827,dcolor,44,2025-04-21,2025-04,0,44,0
1828,bfirat,4,2025-04-21,2025-04,0,4,0
1829,hbulut,36,2025-04-21,2025-04,36,0,0
1830,gakca,7,2025-04-21,2025-04,5,2,0
1831,bbugdayci,1,2025-04-21,2025-04,0,1,0
1832,gekim,43,2025-04-21,2025-04,0,43,0
1833,ersener,3,2025-04-21,2025-04,3,0,0
1834,gbakanoglu,25,2025-04-21,2025-04,25,0,0
1835,gcengelli,75,2025-04-21,2025-04,59,16,0
1836,akamera,19,2025-04-21,2025-04,14,5,0
1837,abarkod,21,2025-04-21,2025-04,21,0,0
1838,merkan,1,2025-04-21,2025-04,0,1,0
1839,nkorkmaz,5,2025-04-21,2025-04,1,0,4
1840,fbasak,4,2025-04-21,2025-04,4,0,0
1841,aayhan,253,2025-04-21,2025-04,78,148,27
1842,mkofis,6,2025-04-21,2025-04,6,0,0
1843,ngogce,33,2025-04-21,2025-04,32,0,1
1844,MMUTLU,3,2025-04-21,2025-04,0,2,1
1845,fimetin,28,2025-04-21,2025-04,16,12,0
1846,ggirgin,114,2025-04-21,2025-04,86,24,4
1847,tevirgen,32,2025-04-21,2025-04,18,14,0
1848,mkorucu,1,2025-04-21,2025-04,1,0,0
1849,ezyildiz,14,2025-04-21,2025-04,14,0,0
1850,ebalaban,9,2025-04-21,2025-04,9,0,0
1851,obali,27,2025-04-21,2025-04,5,10,12
1852,amasun,20,2025-04-21,2025-04,18,2,0
1853,udalyan,36,2025-04-22,2025-04,1,4,31
1854,mecigdem,2,2025-04-22,2025-04,0,2,0
1855,hakand,13,2025-04-22,2025-04,1,12,0
1856,itopcu,6,2025-04-22,2025-04,0,6,0
1857,stjegitim,4,2025-04-22,2025-04,4,0,0
1858,mkarsiv,22,2025-04-22,2025-04,22,0,0
1859,dcolor,76,2025-04-22,2025-04,0,76,0
1860,eozkan,7,2025-04-22,2025-04,7,0,0
1861,ekoksal,3,2025-04-22,2025-04,3,0,0
1862,hbulut,13,2025-04-22,2025-04,11,2,0
1863,bfirat,55,2025-04-22,2025-04,55,0,0
1864,gakca,1,2025-04-22,2025-04,0,1,0
1865,hkaragoz,3,2025-04-22,2025-04,0,3,0
1866,adogan,2,2025-04-22,2025-04,1,0,1
1867,hakdemir,22,2025-04-22,2025-04,22,0,0
1868,amasun,39,2025-04-22,2025-04,36,3,0
1869,akamera,58,2025-04-22,2025-04,53,5,0
1870,ngogce,12,2025-04-22,2025-04,0,5,7
1871,gcengelli,5,2025-04-22,2025-04,4,1,0
1872,cer,1,2025-04-22,2025-04,1,0,0
1873,MMUTLU,19,2025-04-22,2025-04,17,2,0
1874,fimetin,45,2025-04-22,2025-04,38,7,0
1875,ntanriverdi,12,2025-04-22,2025-04,9,3,0
1876,mertan,2,2025-04-22,2025-04,2,0,0
1877,eulsever,76,2025-04-22,2025-04,13,63,0
1878,nibolkis,7,2025-04-22,2025-04,7,0,0
1879,ezyildiz,16,2025-04-22,2025-04,16,0,0
1880,ebalaban,15,2025-04-22,2025-04,14,1,0
1881,ggirgin,32,2025-04-22,2025-04,25,1,6
1882,bfirat,17,2025-04-23,2025-04,17,0,0
1883,egonce,10,2025-04-23,2025-04,2,8,0
1884,mkarsiv,6,2025-04-23,2025-04,6,0,0
1885,fcolak,5,2025-04-23,2025-04,5,0,0
1886,secitak,26,2025-04-23,2025-04,0,26,0
1887,bbugdayci,2,2025-04-23,2025-04,1,0,1
1888,ihasdemir,44,2025-04-23,2025-04,44,0,0
1889,okelepe,1,2025-04-23,2025-04,0,1,0
1890,fgulsever,5,2025-04-23,2025-04,0,5,0
1891,aapak,39,2025-04-23,2025-04,0,39,0
1892,ubasdas,20,2025-04-23,2025-04,19,1,0
1893,gekim,58,2025-04-23,2025-04,0,58,0
1894,gbakanoglu,4,2025-04-23,2025-04,4,0,0
1895,mkorucu,6,2025-04-23,2025-04,6,0,0
1896,kcakir,8,2025-04-23,2025-04,8,0,0
1897,aayhan,151,2025-04-23,2025-04,148,3,0
1898,nkorkmaz,1,2025-04-23,2025-04,1,0,0
1899,BSOGUT,9,2025-04-23,2025-04,1,1,7
1900,ihasdemir,18,2025-04-24,2025-04,18,0,0
1901,aildeniz,4,2025-04-24,2025-04,0,2,2
1902,hakand,3,2025-04-24,2025-04,2,1,0
1903,fgulsever,41,2025-04-24,2025-04,0,41,0
1904,cdonmez,2,2025-04-24,2025-04,2,0,0
1905,bbugdayci,1,2025-04-24,2025-04,0,1,0
1906,gsapmaz,24,2025-04-24,2025-04,24,0,0
1907,secitak,1,2025-04-24,2025-04,0,1,0
1908,hakdemir,4,2025-04-24,2025-04,2,2,0
1909,mkarsiv,15,2025-04-24,2025-04,15,0,0
1910,egonce,15,2025-04-24,2025-04,1,14,0
1911,BDEMIRAL,4,2025-04-24,2025-04,4,0,0
1912,akocak,13,2025-04-24,2025-04,2,5,6
1913,bfirat,46,2025-04-24,2025-04,46,0,0
1914,hbulut,10,2025-04-24,2025-04,9,1,0
1915,mecigdem,2,2025-04-24,2025-04,2,0,0
1916,sekisa,198,2025-04-24,2025-04,198,0,0
1917,aapak,59,2025-04-24,2025-04,0,59,0
1918,dcolor,28,2025-04-24,2025-04,0,28,0
1919,gekim,25,2025-04-24,2025-04,0,25,0
1920,gakca,8,2025-04-24,2025-04,4,4,0
1921,akamera,41,2025-04-24,2025-04,40,1,0
1922,vgemici,1,2025-04-24,2025-04,1,0,0
1923,tcapkin,3,2025-04-24,2025-04,0,3,0
1924,ntanriverdi,9,2025-04-24,2025-04,8,1,0
1925,merkan,1,2025-04-24,2025-04,1,0,0
1926,nkorkmaz,1,2025-04-24,2025-04,1,0,0
1927,fimetin,30,2025-04-24,2025-04,18,12,0
1928,abarkod,2,2025-04-24,2025-04,2,0,0
1929,tevirgen,45,2025-04-24,2025-04,31,13,1
1930,eulsever,17,2025-04-24,2025-04,0,17,0
1931,gayilmaz,5,2025-04-24,2025-04,5,0,0
1932,ezyildiz,22,2025-04-24,2025-04,22,0,0
1933,ebalaban,29,2025-04-24,2025-04,29,0,0
1934,amasun,12,2025-04-24,2025-04,5,7,0
1935,gcengelli,47,2025-04-24,2025-04,2,45,0
1936,ggirgin,40,2025-04-24,2025-04,14,26,0
1937,adogan,12,2025-04-25,2025-04,4,4,4
1938,gakca,3,2025-04-25,2025-04,2,1,0
1939,udalyan,4,2025-04-25,2025-04,0,4,0
1940,itopcu,4,2025-04-25,2025-04,4,0,0
1941,zyuksel,30,2025-04-25,2025-04,30,0,0
1942,mmollaoglu,1,2025-04-25,2025-04,0,1,0
1943,mkarsiv,1,2025-04-25,2025-04,1,0,0
1944,hakdemir,10,2025-04-25,2025-04,7,3,0
1945,dcolor,75,2025-04-25,2025-04,0,75,0
1946,bfirat,17,2025-04-25,2025-04,17,0,0
1947,gcengelli,1,2025-04-25,2025-04,0,1,0
1948,rkontrol,3,2025-04-25,2025-04,3,0,0
1949,amasun,24,2025-04-25,2025-04,13,11,0
1950,eozkan,3,2025-04-25,2025-04,3,0,0
1951,dnoic,27,2025-04-25,2025-04,9,0,18
1952,akamera,6,2025-04-25,2025-04,0,6,0
1953,ebalaban,24,2025-04-25,2025-04,24,0,0
1954,vgemici,2,2025-04-25,2025-04,0,2,0
1955,fimetin,32,2025-04-25,2025-04,32,0,0
1956,sucakir,1,2025-04-25,2025-04,1,0,0
1957,gkenarli,2,2025-04-25,2025-04,1,1,0
1958,ngogce,10,2025-04-25,2025-04,0,5,5
1959,ayyilmaz,2,2025-04-25,2025-04,2,0,0
1960,tevirgen,27,2025-04-25,2025-04,5,4,18
1961,eulsever,14,2025-04-25,2025-04,0,14,0
1962,gayilmaz,5,2025-04-25,2025-04,5,0,0
1963,okanat,2,2025-04-25,2025-04,2,0,0
1964,ggirgin,135,2025-04-25,2025-04,56,79,0
1965,dcolor,41,2025-04-26,2025-04,0,41,0
1966,hbinay,11,2025-04-26,2025-04,7,4,0
1967,ebalaban,18,2025-04-26,2025-04,18,0,0
1968,rkontrol,1,2025-04-26,2025-04,1,0,0
1969,dcolor,5,2025-04-27,2025-04,0,5,0
1970,uunver,1,2025-04-27,2025-04,0,1,0
1971,egonce,20,2025-04-27,2025-04,2,18,0
1972,mkarsiv,3,2025-04-27,2025-04,3,0,0
1973,fcolak,7,2025-04-27,2025-04,7,0,0
1974,ierdil,4,2025-04-27,2025-04,1,3,0
1975,BSOGUT,2,2025-04-27,2025-04,0,2,0
1976,fgulsever,50,2025-04-27,2025-04,0,50,0
1977,iunlu,8,2025-04-27,2025-04,8,0,0
1978,gekim,47,2025-04-27,2025-04,0,47,0
1979,gbakanoglu,18,2025-04-27,2025-04,16,2,0
1980,dnoic,82,2025-04-27,2025-04,49,24,9
1981,aayhan,27,2025-04-27,2025-04,11,13,3
1982,fbasak,2,2025-04-27,2025-04,2,0,0
1983,abarkod,18,2025-04-27,2025-04,18,0,0
1984,aapak,46,2025-04-27,2025-04,0,46,0
1985,mguray,2,2025-04-28,2025-04,2,0,0
1986,ierdil,1,2025-04-28,2025-04,1,0,0
1987,mguder,6,2025-04-28,2025-04,6,0,0
1988,aapak,27,2025-04-28,2025-04,5,22,0
1989,hakand,58,2025-04-28,2025-04,48,10,0
1990,udalyan,3,2025-04-28,2025-04,1,2,0
1991,rkontrol,2,2025-04-28,2025-04,1,1,0
1992,nakilli,54,2025-04-28,2025-04,0,54,0
1993,fgulsever,88,2025-04-28,2025-04,0,88,0
1994,stjegitim,13,2025-04-28,2025-04,6,0,7
1995,egonce,34,2025-04-28,2025-04,2,32,0
1996,fcolak,1,2025-04-28,2025-04,1,0,0
1997,sekisa,12,2025-04-28,2025-04,12,0,0
1998,hakdemir,21,2025-04-28,2025-04,17,4,0
1999,msevim,2,2025-04-28,2025-04,2,0,0
2000,eozkan,3,2025-04-28,2025-04,2,1,0
2001,dcolor,33,2025-04-28,2025-04,0,33,0
2002,hbulut,26,2025-04-28,2025-04,26,0,0
2003,bfirat,16,2025-04-28,2025-04,16,0,0
2004,gakca,5,2025-04-28,2025-04,4,1,0
2005,aakyildiz,1,2025-04-28,2025-04,1,0,0
2006,adogan,4,2025-04-28,2025-04,2,0,2
2007,abarkod,2,2025-04-28,2025-04,2,0,0
2008,ebalaban,27,2025-04-28,2025-04,27,0,0
2009,gekim,131,2025-04-28,2025-04,0,131,0
2010,akamera,12,2025-04-28,2025-04,1,11,0
2011,vgemici,1,2025-04-28,2025-04,1,0,0
2012,tcapkin,4,2025-04-28,2025-04,1,3,0
2013,ntanriverdi,3,2025-04-28,2025-04,2,1,0
2014,fbasak,11,2025-04-28,2025-04,10,1,0
2015,scolak,8,2025-04-28,2025-04,8,0,0
2016,obali,49,2025-04-28,2025-04,43,6,0
2017,MMUTLU,34,2025-04-28,2025-04,27,3,4
2018,eatansay,3,2025-04-28,2025-04,3,0,0
2019,gkenarli,1,2025-04-28,2025-04,1,0,0
2020,ggirgin,4,2025-04-28,2025-04,1,3,0
2021,ayyilmaz,2,2025-04-28,2025-04,2,0,0
2022,tevirgen,12,2025-04-28,2025-04,9,2,1
2023,eulsever,6,2025-04-28,2025-04,0,6,0
2024,stjncakirci,10,2025-04-28,2025-04,10,0,0
2025,klaboratuar,3,2025-04-28,2025-04,3,0,0
2026,dnoic,14,2025-04-28,2025-04,14,0,0
2027,sucakir,1,2025-04-28,2025-04,1,0,0
2028,ezyildiz,4,2025-04-28,2025-04,4,0,0
2029,zyuksel,4,2025-04-29,2025-04,4,0,0
2030,mguder,5,2025-04-29,2025-04,5,0,0
2031,fgulsever,96,2025-04-29,2025-04,0,96,0
2032,cdonmez,1,2025-04-29,2025-04,0,1,0
2033,udalyan,30,2025-04-29,2025-04,1,2,27
2034,hakand,8,2025-04-29,2025-04,4,4,0
2035,mecigdem,5,2025-04-29,2025-04,3,2,0
2036,aapak,34,2025-04-29,2025-04,0,34,0
2037,aildeniz,4,2025-04-29,2025-04,4,0,0
2038,okelepe,1,2025-04-29,2025-04,1,0,0
2039,bfirat,12,2025-04-29,2025-04,12,0,0
2040,dcolor,50,2025-04-29,2025-04,0,50,0
2041,stjegitim,24,2025-04-29,2025-04,24,0,0
2042,cyildiz,5,2025-04-29,2025-04,3,2,0
2043,fcolak,6,2025-04-29,2025-04,5,1,0
2044,egonce,17,2025-04-29,2025-04,0,17,0
2045,hakdemir,11,2025-04-29,2025-04,11,0,0
2046,mbayirli,24,2025-04-29,2025-04,24,0,0
2047,BDEMIRAL,2,2025-04-29,2025-04,2,0,0
2048,eozkan,4,2025-04-29,2025-04,4,0,0
2049,akocak,70,2025-04-29,2025-04,20,50,0
2050,hbulut,1,2025-04-29,2025-04,1,0,0
2051,ubasdas,6,2025-04-29,2025-04,2,4,0
2052,secitak,5,2025-04-29,2025-04,0,5,0
2053,gakca,8,2025-04-29,2025-04,5,3,0
2054,ihasdemir,13,2025-04-29,2025-04,12,1,0
2055,gekim,170,2025-04-29,2025-04,0,170,0
2056,bsakrak,1,2025-04-29,2025-04,1,0,0
2057,akamera,59,2025-04-29,2025-04,0,59,0
2058,ngogce,5,2025-04-29,2025-04,5,0,0
2059,abarkod,17,2025-04-29,2025-04,17,0,0
2060,vgemici,4,2025-04-29,2025-04,2,2,0
2061,ntanriverdi,15,2025-04-29,2025-04,14,1,0
2062,ayetik,1,2025-04-29,2025-04,1,0,0
2063,aayhan,14,2025-04-29,2025-04,12,1,1
2064,obali,7,2025-04-29,2025-04,2,2,3
2065,MMUTLU,32,2025-04-29,2025-04,20,8,4
2066,fimetin,20,2025-04-29,2025-04,18,2,0
2067,tcapkin,89,2025-04-29,2025-04,17,72,0
2068,ggirgin,24,2025-04-29,2025-04,8,16,0
2069,gkenarli,5,2025-04-29,2025-04,5,0,0
2070,amasun,121,2025-04-29,2025-04,0,121,0
2071,ebalaban,5,2025-04-29,2025-04,5,0,0
2072,ezyildiz,21,2025-04-29,2025-04,21,0,0
2073,mkorucu,6,2025-04-29,2025-04,6,0,0
2074,dnoic,24,2025-04-29,2025-04,22,1,1
2075,TIRMAK,17,2025-04-29,2025-04,17,0,0
2076,gayilmaz,1,2025-04-29,2025-04,1,0,0
2077,tevirgen,7,2025-04-29,2025-04,3,4,0
2078,mertan,3,2025-04-29,2025-04,3,0,0
2079,ekaradavut,11,2025-04-29,2025-04,11,0,0
2080,cdonmez,1,2025-04-30,2025-04,0,1,0
2081,gakca,3,2025-04-30,2025-04,1,2,0
2082,mecigdem,1,2025-04-30,2025-04,0,1,0
2083,hakand,16,2025-04-30,2025-04,16,0,0
2084,adogan,2,2025-04-30,2025-04,1,0,1
2085,itopcu,6,2025-04-30,2025-04,6,0,0
2086,hbulut,9,2025-04-30,2025-04,9,0,0
2087,stjegitim,40,2025-04-30,2025-04,32,8,0
2088,eyuksel,13,2025-04-30,2025-04,11,2,0
2089,hakdemir,9,2025-04-30,2025-04,4,5,0
2090,dcolor,64,2025-04-30,2025-04,0,64,0
2091,bfirat,23,2025-04-30,2025-04,23,0,0
2092,amasun,99,2025-04-30,2025-04,0,99,0
2093,mguder,5,2025-04-30,2025-04,5,0,0
2094,ebalaban,27,2025-04-30,2025-04,27,0,0
2095,udalyan,20,2025-04-30,2025-04,13,6,1
2096,mkorucu,5,2025-04-30,2025-04,5,0,0
2097,akamera,5,2025-04-30,2025-04,0,5,0
2098,ngogce,8,2025-04-30,2025-04,8,0,0
2099,ntanriverdi,25,2025-04-30,2025-04,22,3,0
2100,merkan,3,2025-04-30,2025-04,0,3,0
2101,obali,26,2025-04-30,2025-04,18,5,3
2102,fimetin,15,2025-04-30,2025-04,10,5,0
2103,eatansay,6,2025-04-30,2025-04,6,0,0
2104,ggirgin,16,2025-04-30,2025-04,8,8,0
2105,ekaradavut,6,2025-04-30,2025-04,4,2,0
2106,tevirgen,51,2025-04-30,2025-04,0,36,15
2107,gayilmaz,4,2025-04-30,2025-04,4,0,0
2108,oicoz,3,2025-04-30,2025-04,3,0,0
2109,gkenarli,7,2025-04-30,2025-04,7,0,0
2110,ezyildiz,12,2025-04-30,2025-04,12,0,0
2111,dayakta,48,2025-05-01,2025-05,1,47,0
2112,akapucu,10,2025-05-01,2025-05,10,0,0
2113,dcolor,17,2025-05-01,2025-05,0,17,0
2114,egonce,29,2025-05-01,2025-05,4,25,0
2115,ihasdemir,69,2025-05-01,2025-05,68,1,0
2116,fgulsever,8,2025-05-01,2025-05,0,8,0
2117,BSOGUT,1,2025-05-01,2025-05,0,1,0
2118,udalyan,1,2025-05-01,2025-05,1,0,0
2119,aapak,33,2025-05-01,2025-05,0,33,0
2120,otufan,1,2025-05-01,2025-05,1,0,0
2121,gekim,131,2025-05-01,2025-05,0,131,0
2122,SUYILMAZ,1,2025-05-01,2025-05,1,0,0
2123,dnoic,20,2025-05-01,2025-05,20,0,0
2124,oasistan,2,2025-05-01,2025-05,0,2,0
2125,aayhan,22,2025-05-01,2025-05,19,2,1
2126,fbasak,56,2025-05-01,2025-05,50,6,0
2127,tcapkin,3,2025-05-01,2025-05,3,0,0
2128,abarkod,2,2025-05-01,2025-05,2,0,0
2129,ubasdas,52,2025-05-01,2025-05,52,0,0
2130,gcengelli,1,2025-05-02,2025-05,0,1,0
2131,adogan,3,2025-05-02,2025-05,2,0,1
2132,gakca,9,2025-05-02,2025-05,6,3,0
2133,carican,4,2025-05-02,2025-05,4,0,0
2134,mguder,5,2025-05-02,2025-05,5,0,0
2135,rkontrol,3,2025-05-02,2025-05,3,0,0
2136,akocak,1,2025-05-02,2025-05,0,1,0
2137,bfirat,10,2025-05-02,2025-05,10,0,0
2138,hakdemir,10,2025-05-02,2025-05,8,2,0
2139,dcolor,61,2025-05-02,2025-05,0,61,0
2140,hbulut,7,2025-05-02,2025-05,7,0,0
2141,amasun,124,2025-05-02,2025-05,0,124,0
2142,herbilgin,24,2025-05-02,2025-05,24,0,0
2143,ebalaban,64,2025-05-02,2025-05,64,0,0
2144,asablon,1,2025-05-02,2025-05,1,0,0
2145,dnoic,4,2025-05-02,2025-05,2,0,2
2146,ezyildiz,26,2025-05-02,2025-05,26,0,0
2147,akamera,37,2025-05-02,2025-05,36,1,0
2148,ngogce,61,2025-05-02,2025-05,1,51,9
2149,vgemici,3,2025-05-02,2025-05,2,1,0
2150,ntanriverdi,1,2025-05-02,2025-05,1,0,0
2151,fimetin,96,2025-05-02,2025-05,92,4,0
2152,obali,11,2025-05-02,2025-05,6,5,0
2153,ggirgin,28,2025-05-02,2025-05,24,4,0
2154,mertan,2,2025-05-02,2025-05,2,0,0
2155,tevirgen,2,2025-05-02,2025-05,1,1,0
2156,eulsever,8,2025-05-02,2025-05,0,8,0
2157,aavcil,6,2025-05-02,2025-05,4,2,0
2158,gkenarli,1,2025-05-02,2025-05,1,0,0
2159,dcolor,46,2025-05-03,2025-05,0,46,0
2160,bfirat,39,2025-05-03,2025-05,39,0,0
2161,hbinay,34,2025-05-03,2025-05,34,0,0
2162,asablon,1,2025-05-03,2025-05,1,0,0
2163,ebalaban,1,2025-05-03,2025-05,1,0,0
2164,kbtlideri,1,2025-05-03,2025-05,1,0,0
2165,fgulsever,109,2025-05-04,2025-05,0,109,0
2166,ersener,53,2025-05-04,2025-05,53,0,0
2167,dcolor,16,2025-05-04,2025-05,0,16,0
2168,mbayirli,21,2025-05-04,2025-05,20,1,0
2169,uunver,1,2025-05-04,2025-05,1,0,0
2170,egonce,52,2025-05-04,2025-05,45,7,0
2171,bunver,2,2025-05-04,2025-05,0,2,0
2172,fcolak,2,2025-05-04,2025-05,2,0,0
2173,ihasdemir,76,2025-05-04,2025-05,76,0,0
2174,okelepe,10,2025-05-04,2025-05,10,0,0
2175,mkarsiv,1,2025-05-04,2025-05,1,0,0
2176,aapak,36,2025-05-04,2025-05,11,25,0
2177,gekim,117,2025-05-04,2025-05,0,117,0
2178,gbakanoglu,21,2025-05-04,2025-05,6,15,0
2179,dnoic,20,2025-05-04,2025-05,20,0,0
2180,mkofis,1,2025-05-04,2025-05,1,0,0
2181,fbasak,25,2025-05-04,2025-05,5,20,0
2182,tcapkin,3,2025-05-04,2025-05,3,0,0
2183,dustasi,10,2025-05-04,2025-05,10,0,0
2184,abarkod,21,2025-05-04,2025-05,21,0,0
2185,BSOGUT,1,2025-05-04,2025-05,0,1,0
2186,mguder,32,2025-05-05,2025-05,32,0,0
2187,fgulsever,41,2025-05-05,2025-05,0,41,0
2188,cdonmez,3,2025-05-05,2025-05,2,1,0
2189,okelepe,4,2025-05-05,2025-05,0,4,0
2190,esaribuyuk,2,2025-05-05,2025-05,0,2,0
2191,dayakta,3,2025-05-05,2025-05,1,0,2
2192,udalyan,45,2025-05-05,2025-05,43,0,2
2193,aapak,13,2025-05-05,2025-05,0,13,0
2194,zyuksel,22,2025-05-05,2025-05,21,1,0
2195,ubasdas,1,2025-05-05,2025-05,1,0,0
2196,gakca,2,2025-05-05,2025-05,1,1,0
2197,mecigdem,3,2025-05-05,2025-05,2,1,0
2198,ebadem,1,2025-05-05,2025-05,1,0,0
2199,egonce,26,2025-05-05,2025-05,16,10,0
2200,stjegitim,4,2025-05-05,2025-05,2,2,0
2201,eyuksel,3,2025-05-05,2025-05,3,0,0
2202,aakyildiz,2,2025-05-05,2025-05,2,0,0
2203,hakdemir,6,2025-05-05,2025-05,6,0,0
2204,uunver,3,2025-05-05,2025-05,3,0,0
2205,tcakan,5,2025-05-05,2025-05,0,5,0
2206,dcolor,34,2025-05-05,2025-05,0,34,0
2207,ekoksal,7,2025-05-05,2025-05,7,0,0
2208,ersener,1,2025-05-05,2025-05,1,0,0
2209,hbulut,27,2025-05-05,2025-05,21,6,0
2210,bfirat,35,2025-05-05,2025-05,35,0,0
2211,bunver,2,2025-05-05,2025-05,2,0,0
2212,gekim,129,2025-05-05,2025-05,0,129,0
2213,secitak,26,2025-05-05,2025-05,7,19,0
2214,gcengelli,75,2025-05-05,2025-05,60,15,0
2215,abarkod,30,2025-05-05,2025-05,30,0,0
2216,eanli,3,2025-05-05,2025-05,0,3,0
2217,akamera,16,2025-05-05,2025-05,0,16,0
2218,gbakanoglu,1,2025-05-05,2025-05,0,1,0
2219,vgemici,6,2025-05-05,2025-05,4,2,0
2220,tcapkin,21,2025-05-05,2025-05,2,19,0
2221,ntanriverdi,10,2025-05-05,2025-05,10,0,0
2222,ayetik,2,2025-05-05,2025-05,0,2,0
2223,asablon,14,2025-05-05,2025-05,14,0,0
2224,fbasak,12,2025-05-05,2025-05,12,0,0
2225,cer,22,2025-05-05,2025-05,22,0,0
2226,obali,7,2025-05-05,2025-05,1,6,0
2227,MMUTLU,5,2025-05-05,2025-05,1,3,1
2228,fimetin,16,2025-05-05,2025-05,8,8,0
2229,gkenarli,9,2025-05-05,2025-05,2,7,0
2230,ngogce,8,2025-05-05,2025-05,8,0,0
2231,mertan,33,2025-05-05,2025-05,33,0,0
2232,ggirgin,388,2025-05-05,2025-05,136,252,0
2233,ebalaban,11,2025-05-05,2025-05,11,0,0
2234,ezyildiz,2,2025-05-05,2025-05,2,0,0
2235,dnoic,2,2025-05-05,2025-05,1,0,1
2236,aavcil,181,2025-05-05,2025-05,168,13,0
2237,amasun,17,2025-05-05,2025-05,0,17,0
2238,mkorucu,4,2025-05-05,2025-05,4,0,0
2239,uyigit,36,2025-05-05,2025-05,36,0,0
2240,gayilmaz,5,2025-05-05,2025-05,5,0,0
2241,tevirgen,24,2025-05-05,2025-05,22,1,1
2242,ayyilmaz,2,2025-05-05,2025-05,1,1,0
2243,gcevik,1,2025-05-05,2025-05,1,0,0
2244,mecigdem,2,2025-05-06,2025-05,0,2,0
2245,udalyan,28,2025-05-06,2025-05,24,2,2
2246,nakilli,5,2025-05-06,2025-05,5,0,0
2247,dayakta,16,2025-05-06,2025-05,0,16,0
2248,iunlu,1,2025-05-06,2025-05,1,0,0
2249,gakca,8,2025-05-06,2025-05,3,5,0
2250,gekim,94,2025-05-06,2025-05,0,94,0
2251,gcengelli,47,2025-05-06,2025-05,41,6,0
2252,fgulsever,29,2025-05-06,2025-05,0,29,0
2253,amasun,59,2025-05-06,2025-05,0,59,0
2254,ubasdas,44,2025-05-06,2025-05,44,0,0
2255,ebadem,54,2025-05-06,2025-05,54,0,0
2256,egonce,28,2025-05-06,2025-05,2,26,0
2257,stjegitim,106,2025-05-06,2025-05,90,16,0
2258,nkaya,1,2025-05-06,2025-05,0,1,0
2259,fcolak,10,2025-05-06,2025-05,9,1,0
2260,mkarsiv,2,2025-05-06,2025-05,2,0,0
2261,hakdemir,6,2025-05-06,2025-05,4,2,0
2262,tcakan,4,2025-05-06,2025-05,0,4,0
2263,ersener,4,2025-05-06,2025-05,4,0,0
2264,hbulut,22,2025-05-06,2025-05,22,0,0
2265,bfirat,75,2025-05-06,2025-05,75,0,0
2266,bunver,1,2025-05-06,2025-05,1,0,0
2267,ebalaban,14,2025-05-06,2025-05,14,0,0
2268,bbugdayci,7,2025-05-06,2025-05,0,7,0
2269,ezyildiz,54,2025-05-06,2025-05,46,8,0
2270,dcolor,57,2025-05-06,2025-05,0,57,0
2271,aavcil,19,2025-05-06,2025-05,18,1,0
2272,akamera,4,2025-05-06,2025-05,0,4,0
2273,abarkod,1,2025-05-06,2025-05,1,0,0
2274,vgemici,2,2025-05-06,2025-05,1,1,0
2275,tcapkin,3,2025-05-06,2025-05,1,2,0
2276,oyurtsever,21,2025-05-06,2025-05,21,0,0
2277,gmasistan,9,2025-05-06,2025-05,5,2,2
2278,bkibar,6,2025-05-06,2025-05,0,6,0
2279,merkan,4,2025-05-06,2025-05,4,0,0
2280,nkorkmaz,19,2025-05-06,2025-05,19,0,0
2281,fbasak,9,2025-05-06,2025-05,8,1,0
2282,ogun,3,2025-05-06,2025-05,3,0,0
2283,aayhan,10,2025-05-06,2025-05,7,3,0
2284,ngogce,9,2025-05-06,2025-05,9,0,0
2285,MMUTLU,6,2025-05-06,2025-05,6,0,0
2286,obali,10,2025-05-06,2025-05,4,6,0
2287,mkorucu,5,2025-05-06,2025-05,5,0,0
2288,oicoz,2,2025-05-06,2025-05,0,2,0
2289,okanat,3,2025-05-06,2025-05,0,3,0
2290,ogungor,8,2025-05-06,2025-05,8,0,0
2291,dnoic,103,2025-05-06,2025-05,103,0,0
2292,ayyilmaz,251,2025-05-06,2025-05,14,237,0
2293,tevirgen,24,2025-05-06,2025-05,3,15,6
2294,ekaradavut,2,2025-05-06,2025-05,2,0,0
2295,ggirgin,26,2025-05-06,2025-05,18,8,0
2296,sucakir,4,2025-05-06,2025-05,3,1,0
2297,fimetin,6,2025-05-06,2025-05,4,2,0
2298,cdonmez,2,2025-05-07,2025-05,0,2,0
2299,mecigdem,1,2025-05-07,2025-05,0,1,0
2300,udalyan,6,2025-05-07,2025-05,0,6,0
2301,nakilli,1,2025-05-07,2025-05,1,0,0
2302,fgulsever,172,2025-05-07,2025-05,0,172,0
2303,ubasdas,92,2025-05-07,2025-05,92,0,0
2304,gakca,5,2025-05-07,2025-05,3,2,0
2305,adogan,13,2025-05-07,2025-05,13,0,0
2306,gekim,27,2025-05-07,2025-05,0,27,0
2307,aapak,42,2025-05-07,2025-05,0,42,0
2308,kbtlideri,1,2025-05-07,2025-05,1,0,0
2309,cyildiz,2,2025-05-07,2025-05,2,0,0
2310,stjegitim,43,2025-05-07,2025-05,28,12,3
2311,fcolak,16,2025-05-07,2025-05,16,0,0
2312,mkarsiv,13,2025-05-07,2025-05,13,0,0
2313,hakdemir,18,2025-05-07,2025-05,10,8,0
2314,earslanbay,4,2025-05-07,2025-05,0,4,0
2315,dcolor,61,2025-05-07,2025-05,0,61,0
2316,ekoksal,7,2025-05-07,2025-05,6,1,0
2317,hbulut,6,2025-05-07,2025-05,6,0,0
2318,gcengelli,22,2025-05-07,2025-05,2,20,0
2319,bfirat,30,2025-05-07,2025-05,30,0,0
2320,rkontrol,1,2025-05-07,2025-05,1,0,0
2321,egonce,26,2025-05-07,2025-05,6,20,0
2322,amasun,115,2025-05-07,2025-05,0,115,0
2323,ebalaban,62,2025-05-07,2025-05,62,0,0
2324,ekaragoz,1,2025-05-07,2025-05,1,0,0
2325,akamera,4,2025-05-07,2025-05,0,4,0
2326,ngogce,571,2025-05-07,2025-05,285,226,60
2327,abarkod,2,2025-05-07,2025-05,2,0,0
2328,edemirbas,4,2025-05-07,2025-05,2,2,0
2329,vgemici,1,2025-05-07,2025-05,1,0,0
2330,ntanriverdi,2,2025-05-07,2025-05,0,2,0
2331,merkan,1,2025-05-07,2025-05,1,0,0
2332,aayhan,2,2025-05-07,2025-05,0,2,0
2333,obali,17,2025-05-07,2025-05,10,7,0
2334,MMUTLU,2,2025-05-07,2025-05,2,0,0
2335,tcapkin,5,2025-05-07,2025-05,4,1,0
2336,sucakir,3,2025-05-07,2025-05,3,0,0
2337,ggirgin,25,2025-05-07,2025-05,4,21,0
2338,eulsever,8,2025-05-07,2025-05,0,8,0
2339,gayilmaz,4,2025-05-07,2025-05,4,0,0
2340,ogungor,10,2025-05-07,2025-05,10,0,0
2341,okanat,2,2025-05-07,2025-05,0,2,0
2342,oicoz,6,2025-05-07,2025-05,0,6,0
2343,mkorucu,16,2025-05-07,2025-05,2,14,0
2344,aavcil,1,2025-05-07,2025-05,1,0,0
2345,fimetin,19,2025-05-07,2025-05,16,3,0
2346,ezyildiz,52,2025-05-07,2025-05,52,0,0
2347,fgulsever,131,2025-05-08,2025-05,0,131,0
2348,hakand,12,2025-05-08,2025-05,4,8,0
2349,udalyan,139,2025-05-08,2025-05,1,0,138
2350,aapak,22,2025-05-08,2025-05,0,22,0
2351,iunlu,1,2025-05-08,2025-05,1,0,0
2352,dayakta,1,2025-05-08,2025-05,1,0,0
2353,gakca,3,2025-05-08,2025-05,1,2,0
2354,bsakrak,4,2025-05-08,2025-05,4,0,0
2355,gsapmaz,1,2025-05-08,2025-05,1,0,0
2356,nakilli,3,2025-05-08,2025-05,3,0,0
2357,mguder,3,2025-05-08,2025-05,3,0,0
2358,bunver,5,2025-05-08,2025-05,5,0,0
2359,ihasdemir,12,2025-05-08,2025-05,12,0,0
2360,bbugdayci,6,2025-05-08,2025-05,0,2,4
2361,cyildiz,21,2025-05-08,2025-05,6,15,0
2362,mkarsiv,2,2025-05-08,2025-05,2,0,0
2363,egonce,30,2025-05-08,2025-05,18,12,0
2364,hakdemir,10,2025-05-08,2025-05,9,1,0
2365,BDEMIRAL,6,2025-05-08,2025-05,6,0,0
2366,dcolor,62,2025-05-08,2025-05,0,62,0
2367,hbulut,3,2025-05-08,2025-05,3,0,0
2368,bfirat,51,2025-05-08,2025-05,51,0,0
2369,gekim,79,2025-05-08,2025-05,0,79,0
2370,mguray,13,2025-05-08,2025-05,12,1,0
2371,aozbal,1,2025-05-08,2025-05,1,0,0
2372,ngogce,150,2025-05-08,2025-05,70,3,77
2373,ebalaban,21,2025-05-08,2025-05,21,0,0
2374,amasun,119,2025-05-08,2025-05,6,113,0
2375,akamera,34,2025-05-08,2025-05,0,34,0
2376,vgemici,36,2025-05-08,2025-05,36,0,0
2377,tcapkin,6,2025-05-08,2025-05,6,0,0
2378,ntanriverdi,41,2025-05-08,2025-05,41,0,0
2379,nkorkmaz,5,2025-05-08,2025-05,1,1,3
2380,fbasak,5,2025-05-08,2025-05,5,0,0
2381,aaksoy,17,2025-05-08,2025-05,17,0,0
2382,aayhan,2,2025-05-08,2025-05,2,0,0
2383,mkarabiyik,1,2025-05-08,2025-05,0,1,0
2384,MMUTLU,3,2025-05-08,2025-05,2,0,1
2385,gmasistan,2,2025-05-08,2025-05,1,0,1
2386,fimetin,30,2025-05-08,2025-05,29,1,0
2387,esalli,2,2025-05-08,2025-05,0,2,0
2388,dnoic,53,2025-05-08,2025-05,50,0,3
2389,mkorucu,1,2025-05-08,2025-05,1,0,0
2390,oicoz,3,2025-05-08,2025-05,0,3,0
2391,ogungor,2,2025-05-08,2025-05,2,0,0
2392,ezyildiz,78,2025-05-08,2025-05,78,0,0
2393,gayilmaz,4,2025-05-08,2025-05,4,0,0
2394,oasistan,1,2025-05-08,2025-05,0,1,0
2395,eulsever,4,2025-05-08,2025-05,0,4,0
2396,tevirgen,48,2025-05-08,2025-05,1,40,7
2397,ggirgin,8,2025-05-08,2025-05,8,0,0
2398,gakca,7,2025-05-09,2025-05,7,0,0
2399,udalyan,20,2025-05-09,2025-05,11,8,1
2400,mecigdem,2,2025-05-09,2025-05,0,2,0
2401,hakand,4,2025-05-09,2025-05,4,0,0
2402,cdonmez,1,2025-05-09,2025-05,0,1,0
2403,gsapmaz,19,2025-05-09,2025-05,19,0,0
2404,hakdemir,20,2025-05-09,2025-05,17,3,0
2405,mkarsiv,3,2025-05-09,2025-05,3,0,0
2406,aozbal,6,2025-05-09,2025-05,6,0,0
2407,mmollaoglu,2,2025-05-09,2025-05,0,2,0
2408,SKARTOGLU,3,2025-05-09,2025-05,3,0,0
2409,dcolor,71,2025-05-09,2025-05,0,71,0
2410,bfirat,70,2025-05-09,2025-05,70,0,0
2411,ierdil,2,2025-05-09,2025-05,1,1,0
2412,amasun,30,2025-05-09,2025-05,0,30,0
2413,eozkan,3,2025-05-09,2025-05,3,0,0
2414,ezyildiz,12,2025-05-09,2025-05,8,4,0
2415,ebalaban,25,2025-05-09,2025-05,25,0,0
2416,ngogce,1,2025-05-09,2025-05,1,0,0
2417,vgemici,6,2025-05-09,2025-05,1,5,0
2418,ntanriverdi,3,2025-05-09,2025-05,3,0,0
2419,ogun,3,2025-05-09,2025-05,1,2,0
2420,MMUTLU,5,2025-05-09,2025-05,5,0,0
2421,akamera,4,2025-05-09,2025-05,2,2,0
2422,ggirgin,161,2025-05-09,2025-05,47,111,3
2423,ayyilmaz,2,2025-05-09,2025-05,1,1,0
2424,tevirgen,25,2025-05-09,2025-05,7,13,5
2425,eulsever,8,2025-05-09,2025-05,8,0,0
2426,gayilmaz,19,2025-05-09,2025-05,19,0,0
2427,aavcil,13,2025-05-09,2025-05,13,0,0
2428,sucakir,2,2025-05-09,2025-05,2,0,0
2429,dcolor,35,2025-05-10,2025-05,0,35,0
2430,eyuksel,5,2025-05-10,2025-05,5,0,0
2431,klaboratuar,2,2025-05-10,2025-05,0,2,0
2432,ebalaban,18,2025-05-10,2025-05,18,0,0
2433,bunver,16,2025-05-11,2025-05,16,0,0
2434,dcolor,3,2025-05-11,2025-05,0,3,0
2435,mbayirli,6,2025-05-11,2025-05,4,2,0
2436,egonce,41,2025-05-11,2025-05,23,18,0
2437,fgulsever,66,2025-05-11,2025-05,3,63,0
2438,ihasdemir,85,2025-05-11,2025-05,79,6,0
2439,ebadem,4,2025-05-11,2025-05,4,0,0
2440,ierdil,5,2025-05-11,2025-05,5,0,0
2441,BSOGUT,38,2025-05-11,2025-05,4,0,34
2442,fcolak,7,2025-05-11,2025-05,7,0,0
2443,ubasdas,5,2025-05-11,2025-05,0,5,0
2444,gekim,85,2025-05-11,2025-05,8,77,0
2445,gcevik,1,2025-05-11,2025-05,1,0,0
2446,mkorucu,4,2025-05-11,2025-05,2,2,0
2447,ecelen,5,2025-05-11,2025-05,5,0,0
2448,fbasak,8,2025-05-11,2025-05,5,3,0
2449,tcapkin,12,2025-05-11,2025-05,12,0,0
2450,abarkod,26,2025-05-11,2025-05,26,0,0
2451,aapak,7,2025-05-11,2025-05,0,7,0
2452,zyuksel,22,2025-05-12,2025-05,22,0,0
2453,gsapmaz,1,2025-05-12,2025-05,1,0,0
2454,fgulsever,65,2025-05-12,2025-05,2,63,0
2455,cdonmez,1,2025-05-12,2025-05,0,1,0
2456,esaribuyuk,1,2025-05-12,2025-05,0,1,0
2457,dayakta,2,2025-05-12,2025-05,2,0,0
2458,udalyan,7,2025-05-12,2025-05,3,3,1
2459,aapak,15,2025-05-12,2025-05,0,15,0
2460,ebadem,3,2025-05-12,2025-05,2,1,0
2461,ubasdas,4,2025-05-12,2025-05,4,0,0
2462,gakca,8,2025-05-12,2025-05,5,3,0
2463,mecigdem,17,2025-05-12,2025-05,13,4,0
2464,aildeniz,2,2025-05-12,2025-05,0,2,0
2465,mkarsiv,1,2025-05-12,2025-05,1,0,0
2466,stjegitim,17,2025-05-12,2025-05,12,3,2
2467,eyuksel,4,2025-05-12,2025-05,4,0,0
2468,fcolak,5,2025-05-12,2025-05,1,4,0
2469,egonce,40,2025-05-12,2025-05,28,12,0
2470,hakdemir,7,2025-05-12,2025-05,7,0,0
2471,tcakan,5,2025-05-12,2025-05,0,5,0
2472,akocak,8,2025-05-12,2025-05,0,8,0
2473,dcolor,70,2025-05-12,2025-05,0,70,0
2474,hbulut,13,2025-05-12,2025-05,13,0,0
2475,ydurur,1,2025-05-12,2025-05,1,0,0
2476,bfirat,9,2025-05-12,2025-05,9,0,0
2477,bunver,84,2025-05-12,2025-05,84,0,0
2478,adogan,1,2025-05-12,2025-05,1,0,0
2479,bbugdayci,3,2025-05-12,2025-05,0,3,0
2480,iunlu,3,2025-05-12,2025-05,3,0,0
2481,aozbal,1,2025-05-12,2025-05,0,1,0
2482,gbakanoglu,1,2025-05-12,2025-05,1,0,0
2483,akamera,9,2025-05-12,2025-05,3,6,0
2484,ngogce,1,2025-05-12,2025-05,1,0,0
2485,tcapkin,4,2025-05-12,2025-05,4,0,0
2486,gmasistan,11,2025-05-12,2025-05,5,0,6
2487,bkibar,1,2025-05-12,2025-05,0,1,0
2488,fbasak,7,2025-05-12,2025-05,7,0,0
2489,cer,1,2025-05-12,2025-05,1,0,0
2490,mkarabiyik,21,2025-05-12,2025-05,2,17,2
2491,mkofis,6,2025-05-12,2025-05,6,0,0
2492,obali,2,2025-05-12,2025-05,0,2,0
2493,fimetin,5,2025-05-12,2025-05,5,0,0
2494,ggirgin,35,2025-05-12,2025-05,12,23,0
2495,mertan,3,2025-05-12,2025-05,3,0,0
2496,abarkod,2,2025-05-12,2025-05,2,0,0
2497,eulsever,8,2025-05-12,2025-05,0,8,0
2498,tevirgen,25,2025-05-12,2025-05,12,13,0
2499,eanli,2,2025-05-12,2025-05,0,2,0
2500,amasun,42,2025-05-12,2025-05,0,42,0
2501,ebalaban,21,2025-05-12,2025-05,21,0,0
2502,ezyildiz,88,2025-05-12,2025-05,88,0,0
2503,gekim,110,2025-05-12,2025-05,0,110,0
2504,aavcil,26,2025-05-12,2025-05,25,1,0
2505,oicoz,5,2025-05-12,2025-05,2,3,0
2506,ogungor,1,2025-05-12,2025-05,1,0,0
2507,fakgul,3,2025-05-12,2025-05,3,0,0
2508,gayilmaz,2,2025-05-12,2025-05,2,0,0
2509,dnoic,18,2025-05-12,2025-05,18,0,0
2510,zyuksel,29,2025-05-13,2025-05,28,1,0
2511,itopcu,10,2025-05-13,2025-05,10,0,0
2512,fgulsever,17,2025-05-13,2025-05,0,17,0
2513,BSOGUT,43,2025-05-13,2025-05,0,0,43
2514,mecigdem,1,2025-05-13,2025-05,0,1,0
2515,udalyan,4,2025-05-13,2025-05,3,0,1
2516,aapak,76,2025-05-13,2025-05,0,76,0
2517,ihasdemir,2,2025-05-13,2025-05,2,0,0
2518,adogan,46,2025-05-13,2025-05,8,38,0
2519,hakand,15,2025-05-13,2025-05,13,0,2
2520,stjegitim,3,2025-05-13,2025-05,3,0,0
2521,uunver,25,2025-05-13,2025-05,6,19,0
2522,eyuksel,20,2025-05-13,2025-05,20,0,0
2523,cyildiz,6,2025-05-13,2025-05,6,0,0
2524,fcolak,2,2025-05-13,2025-05,2,0,0
2525,egonce,25,2025-05-13,2025-05,7,18,0
2526,hbinay,6,2025-05-13,2025-05,6,0,0
2527,mmollaoglu,2,2025-05-13,2025-05,1,0,1
2528,akocak,5,2025-05-13,2025-05,0,0,5
2529,hbulut,9,2025-05-13,2025-05,8,1,0
2530,bfirat,40,2025-05-13,2025-05,40,0,0
2531,saskin,6,2025-05-13,2025-05,6,0,0
2532,nkaya,10,2025-05-13,2025-05,6,4,0
2533,iunlu,2,2025-05-13,2025-05,2,0,0
2534,dcolor,100,2025-05-13,2025-05,0,100,0
2535,SUYILMAZ,2,2025-05-13,2025-05,2,0,0
2536,ngogce,38,2025-05-13,2025-05,38,0,0
2537,abarkod,4,2025-05-13,2025-05,4,0,0
2538,tcapkin,6,2025-05-13,2025-05,6,0,0
2539,ntanriverdi,8,2025-05-13,2025-05,6,2,0
2540,nkorkmaz,1,2025-05-13,2025-05,0,1,0
2541,fbasak,3,2025-05-13,2025-05,1,2,0
2542,cer,1,2025-05-13,2025-05,1,0,0
2543,mkofis,1,2025-05-13,2025-05,1,0,0
2544,MMUTLU,11,2025-05-13,2025-05,10,1,0
2545,fimetin,257,2025-05-13,2025-05,257,0,0
2546,akamera,26,2025-05-13,2025-05,19,7,0
2547,tevirgen,1,2025-05-13,2025-05,0,1,0
2548,ggirgin,86,2025-05-13,2025-05,86,0,0
2549,eanli,3,2025-05-13,2025-05,0,3,0
2550,amasun,138,2025-05-13,2025-05,0,138,0
2551,ebalaban,73,2025-05-13,2025-05,73,0,0
2552,ezyildiz,167,2025-05-13,2025-05,167,0,0
2553,gekim,109,2025-05-13,2025-05,0,109,0
2554,oicoz,4,2025-05-13,2025-05,4,0,0
2555,ogungor,2,2025-05-13,2025-05,2,0,0
2556,gayilmaz,5,2025-05-13,2025-05,4,1,0
2557,oasistan,21,2025-05-13,2025-05,21,0,0
2558,mkorucu,13,2025-05-13,2025-05,12,1,0
2559,gakca,10,2025-05-14,2025-05,9,1,0
2560,ubasdas,7,2025-05-14,2025-05,3,4,0
2561,aapak,35,2025-05-14,2025-05,0,35,0
2562,udalyan,3,2025-05-14,2025-05,2,1,0
2563,mecigdem,2,2025-05-14,2025-05,0,2,0
2564,fgulsever,17,2025-05-14,2025-05,0,17,0
2565,mguder,11,2025-05-14,2025-05,11,0,0
2566,zyuksel,1,2025-05-14,2025-05,1,0,0
2567,mguray,10,2025-05-14,2025-05,10,0,0
2568,stjegitim,16,2025-05-14,2025-05,0,10,6
2569,fcolak,16,2025-05-14,2025-05,16,0,0
2570,aakyildiz,1,2025-05-14,2025-05,1,0,0
2571,mkarsiv,1,2025-05-14,2025-05,1,0,0
2572,egonce,39,2025-05-14,2025-05,31,8,0
2573,uunver,30,2025-05-14,2025-05,30,0,0
2574,eozkan,1,2025-05-14,2025-05,1,0,0
2575,dcolor,67,2025-05-14,2025-05,0,67,0
2576,sutetik,7,2025-05-14,2025-05,7,0,0
2577,hbulut,27,2025-05-14,2025-05,10,17,0
2578,fyakut,5,2025-05-14,2025-05,1,4,0
2579,bfirat,29,2025-05-14,2025-05,28,1,0
2580,eyuksel,5,2025-05-14,2025-05,5,0,0
2581,hakdemir,1,2025-05-14,2025-05,1,0,0
2582,gekim,96,2025-05-14,2025-05,0,96,0
2583,eanli,2,2025-05-14,2025-05,0,2,0
2584,SUYILMAZ,1,2025-05-14,2025-05,1,0,0
2585,akamera,1,2025-05-14,2025-05,0,1,0
2586,ngogce,2,2025-05-14,2025-05,0,0,2
2587,abarkod,1,2025-05-14,2025-05,1,0,0
2588,tcapkin,2,2025-05-14,2025-05,0,2,0
2589,ntanriverdi,14,2025-05-14,2025-05,13,1,0
2590,mkarabiyik,2,2025-05-14,2025-05,0,2,0
2591,MMUTLU,4,2025-05-14,2025-05,4,0,0
2592,fimetin,14,2025-05-14,2025-05,13,1,0
2593,gkenarli,1,2025-05-14,2025-05,1,0,0
2594,ggirgin,6,2025-05-14,2025-05,5,1,0
2595,ogun,2,2025-05-14,2025-05,0,0,2
2596,tevirgen,23,2025-05-14,2025-05,3,17,3
2597,eulsever,8,2025-05-14,2025-05,4,4,0
2598,stjncakirci,1,2025-05-14,2025-05,1,0,0
2599,gayilmaz,9,2025-05-14,2025-05,6,3,0
2600,ogungor,1,2025-05-14,2025-05,1,0,0
2601,aavcil,7,2025-05-14,2025-05,6,1,0
2602,dnoic,26,2025-05-14,2025-05,25,1,0
2603,ezyildiz,16,2025-05-14,2025-05,15,1,0
2604,ebalaban,9,2025-05-14,2025-05,9,0,0
2605,oseker,12,2025-05-14,2025-05,8,4,0
2606,amasun,68,2025-05-14,2025-05,2,66,0
2607,fgulsever,29,2025-05-15,2025-05,0,29,0
2608,okelepe,2,2025-05-15,2025-05,2,0,0
2609,hakand,7,2025-05-15,2025-05,6,1,0
2610,mecigdem,2,2025-05-15,2025-05,0,2,0
2611,gekim,91,2025-05-15,2025-05,0,91,0
2612,aapak,12,2025-05-15,2025-05,0,12,0
2613,gakca,2,2025-05-15,2025-05,0,2,0
2614,saskin,2,2025-05-15,2025-05,1,1,0
2615,itopcu,3,2025-05-15,2025-05,1,2,0
2616,udalyan,1,2025-05-15,2025-05,0,0,1
2617,mguder,12,2025-05-15,2025-05,12,0,0
2618,hbulut,3,2025-05-15,2025-05,2,1,0
2619,kbtlideri,1,2025-05-15,2025-05,1,0,0
2620,ihasdemir,20,2025-05-15,2025-05,20,0,0
2621,aakyildiz,2,2025-05-15,2025-05,2,0,0
2622,egonce,22,2025-05-15,2025-05,9,13,0
2623,hakdemir,10,2025-05-15,2025-05,10,0,0
2624,sapra,1,2025-05-15,2025-05,1,0,0
2625,BDEMIRAL,3,2025-05-15,2025-05,3,0,0
2626,bfirat,23,2025-05-15,2025-05,23,0,0
2627,dcolor,51,2025-05-15,2025-05,0,51,0
2628,sutetik,2,2025-05-15,2025-05,2,0,0
2629,aozbal,1,2025-05-15,2025-05,1,0,0
2630,zyuksel,1,2025-05-15,2025-05,1,0,0
2631,amasun,157,2025-05-15,2025-05,0,157,0
2632,vgemici,4,2025-05-15,2025-05,2,2,0
2633,ezyildiz,42,2025-05-15,2025-05,42,0,0
2634,ebalaban,9,2025-05-15,2025-05,9,0,0
2635,akamera,27,2025-05-15,2025-05,8,19,0
2636,ngogce,1,2025-05-15,2025-05,1,0,0
2637,abarkod,33,2025-05-15,2025-05,33,0,0
2638,tcapkin,1,2025-05-15,2025-05,1,0,0
2639,asablon,23,2025-05-15,2025-05,23,0,0
2640,fbasak,56,2025-05-15,2025-05,36,20,0
2641,cer,1,2025-05-15,2025-05,0,1,0
2642,mkarabiyik,1,2025-05-15,2025-05,0,1,0
2643,makkus,1,2025-05-15,2025-05,1,0,0
2644,MMUTLU,6,2025-05-15,2025-05,5,0,1
2645,ntanriverdi,4,2025-05-15,2025-05,4,0,0
2646,ggirgin,7,2025-05-15,2025-05,6,1,0
2647,dnoic,6,2025-05-15,2025-05,6,0,0
2648,fimetin,183,2025-05-15,2025-05,183,0,0
2649,aavcil,11,2025-05-15,2025-05,7,1,3
2650,okanat,2,2025-05-15,2025-05,1,1,0
2651,gayilmaz,3,2025-05-15,2025-05,3,0,0
2652,klaboratuar,4,2025-05-15,2025-05,0,4,0
2653,oasistan,2,2025-05-15,2025-05,2,0,0
2654,eulsever,8,2025-05-15,2025-05,0,8,0
2655,tevirgen,16,2025-05-15,2025-05,3,0,13
2656,ekaradavut,2,2025-05-15,2025-05,2,0,0
2657,mguder,11,2025-05-16,2025-05,8,3,0
2658,mecigdem,24,2025-05-16,2025-05,24,0,0
2659,hakand,2,2025-05-16,2025-05,1,1,0
2660,cdonmez,13,2025-05-16,2025-05,0,13,0
2661,udalyan,5,2025-05-16,2025-05,3,2,0
2662,zyuksel,1,2025-05-16,2025-05,1,0,0
2663,dcolor,61,2025-05-16,2025-05,0,61,0
2664,hkaragoz,2,2025-05-16,2025-05,0,2,0
2665,eozkan,3,2025-05-16,2025-05,3,0,0
2666,hbulut,4,2025-05-16,2025-05,4,0,0
2667,bfirat,88,2025-05-16,2025-05,85,3,0
2668,gakca,2,2025-05-16,2025-05,2,0,0
2669,hakdemir,6,2025-05-16,2025-05,6,0,0
2670,bsakrak,12,2025-05-16,2025-05,12,0,0
2671,obali,3,2025-05-16,2025-05,3,0,0
2672,ebalaban,23,2025-05-16,2025-05,23,0,0
2673,ezyildiz,196,2025-05-16,2025-05,196,0,0
2674,aavcil,179,2025-05-16,2025-05,162,17,0
2675,klaboratuar,3,2025-05-16,2025-05,0,3,0
2676,gayilmaz,1,2025-05-16,2025-05,1,0,0
2677,tevirgen,13,2025-05-16,2025-05,1,8,4
2678,ayyilmaz,1,2025-05-16,2025-05,1,0,0
2679,ggirgin,61,2025-05-16,2025-05,45,16,0
2680,gkenarli,1,2025-05-16,2025-05,1,0,0
2681,fimetin,133,2025-05-16,2025-05,133,0,0
2682,ogun,2,2025-05-16,2025-05,2,0,0
2683,aaksoy,15,2025-05-16,2025-05,15,0,0
2684,akamera,57,2025-05-16,2025-05,27,30,0
2685,amasun,34,2025-05-16,2025-05,3,31,0
2686,dcolor,40,2025-05-17,2025-05,0,40,0
2687,ytinmaz,4,2025-05-17,2025-05,3,1,0
2688,ebalaban,5,2025-05-17,2025-05,5,0,0
2689,rkontrol,1,2025-05-17,2025-05,1,0,0
2690,aayhan,3,2025-05-18,2025-05,2,0,1
2691,klaboratuar,7,2025-05-18,2025-05,0,7,0
2692,mkarsiv,10,2025-05-18,2025-05,10,0,0
2693,dcolor,40,2025-05-18,2025-05,0,40,0
2694,ersener,8,2025-05-19,2025-05,8,0,0
2695,bunver,3,2025-05-19,2025-05,3,0,0
2696,dcolor,36,2025-05-19,2025-05,0,36,0
2697,earslanbay,2,2025-05-19,2025-05,0,2,0
2698,uunver,20,2025-05-19,2025-05,7,13,0
2699,hakdemir,29,2025-05-19,2025-05,26,3,0
2700,egonce,56,2025-05-19,2025-05,38,18,0
2701,fcolak,9,2025-05-19,2025-05,9,0,0
2702,ierdil,2,2025-05-19,2025-05,2,0,0
2703,fgulsever,48,2025-05-19,2025-05,0,48,0
2704,cyildiz,4,2025-05-19,2025-05,4,0,0
2705,mecigdem,8,2025-05-19,2025-05,5,3,0
2706,okelepe,2,2025-05-19,2025-05,2,0,0
2707,tcapkin,1,2025-05-19,2025-05,0,1,0
2708,ogun,2,2025-05-19,2025-05,1,0,1
2709,TIRMAK,1,2025-05-19,2025-05,1,0,0
2710,gbakanoglu,3,2025-05-19,2025-05,3,0,0
2711,abarkod,1,2025-05-19,2025-05,1,0,0
2712,bsakrak,19,2025-05-19,2025-05,19,0,0
2713,dayakta,1,2025-05-19,2025-05,1,0,0
2714,aapak,72,2025-05-19,2025-05,5,67,0
2715,gekim,83,2025-05-19,2025-05,0,83,0
2716,ihasdemir,75,2025-05-20,2025-05,70,5,0
2717,udalyan,12,2025-05-20,2025-05,6,3,3
2718,hakand,46,2025-05-20,2025-05,43,3,0
2719,BSOGUT,1,2025-05-20,2025-05,0,0,1
2720,okelepe,4,2025-05-20,2025-05,4,0,0
2721,cdonmez,1,2025-05-20,2025-05,0,1,0
2722,fgulsever,56,2025-05-20,2025-05,0,56,0
2723,ierdil,1,2025-05-20,2025-05,1,0,0
2724,aildeniz,1,2025-05-20,2025-05,0,1,0
2725,tyilmaz,1,2025-05-20,2025-05,0,0,1
2726,bbugdayci,4,2025-05-20,2025-05,0,4,0
2727,aapak,9,2025-05-20,2025-05,0,9,0
2728,cyildiz,1,2025-05-20,2025-05,1,0,0
2729,egonce,52,2025-05-20,2025-05,49,3,0
2730,hakdemir,2,2025-05-20,2025-05,2,0,0
2731,hbinay,1,2025-05-20,2025-05,1,0,0
2732,hkaragoz,2,2025-05-20,2025-05,2,0,0
2733,eozkan,7,2025-05-20,2025-05,7,0,0
2734,dcolor,67,2025-05-20,2025-05,0,67,0
2735,ekoksal,1,2025-05-20,2025-05,1,0,0
2736,hbulut,12,2025-05-20,2025-05,12,0,0
2737,bfirat,2,2025-05-20,2025-05,0,2,0
2738,stjegitim,4,2025-05-20,2025-05,1,2,1
2739,ubasdas,11,2025-05-20,2025-05,11,0,0
2740,mkarsiv,2,2025-05-20,2025-05,0,2,0
2741,bsakrak,4,2025-05-20,2025-05,4,0,0
2742,ngogce,1,2025-05-20,2025-05,0,0,1
2743,abarkod,1,2025-05-20,2025-05,1,0,0
2744,tcapkin,12,2025-05-20,2025-05,12,0,0
2745,gmasistan,8,2025-05-20,2025-05,0,0,8
2746,merkan,2,2025-05-20,2025-05,2,0,0
2747,fbasak,20,2025-05-20,2025-05,0,20,0
2748,aaksoy,5,2025-05-20,2025-05,5,0,0
2749,MMUTLU,19,2025-05-20,2025-05,9,3,7
2750,gakca,3,2025-05-20,2025-05,3,0,0
2751,fimetin,25,2025-05-20,2025-05,25,0,0
2752,ggirgin,14,2025-05-20,2025-05,14,0,0
2753,akamera,20,2025-05-20,2025-05,0,20,0
2754,ayyilmaz,2,2025-05-20,2025-05,1,1,0
2755,tevirgen,78,2025-05-20,2025-05,74,4,0
2756,klaboratuar,2,2025-05-20,2025-05,0,2,0
2757,aavcil,34,2025-05-20,2025-05,34,0,0
2758,dnoic,92,2025-05-20,2025-05,91,0,1
2759,ezyildiz,18,2025-05-20,2025-05,18,0,0
2760,ebalaban,20,2025-05-20,2025-05,20,0,0
2761,amasun,30,2025-05-20,2025-05,4,26,0
2762,eanli,1,2025-05-20,2025-05,0,1,0
2763,gekim,100,2025-05-20,2025-05,0,100,0
2764,mertan,18,2025-05-20,2025-05,18,0,0
2765,mguder,1,2025-05-21,2025-05,1,0,0
2766,itopcu,7,2025-05-21,2025-05,7,0,0
2767,fgulsever,24,2025-05-21,2025-05,0,24,0
2768,mecigdem,16,2025-05-21,2025-05,0,16,0
2769,okelepe,46,2025-05-21,2025-05,0,0,46
2770,BSOGUT,7,2025-05-21,2025-05,7,0,0
2771,hakand,7,2025-05-21,2025-05,4,3,0
2772,sakgumus,1,2025-05-21,2025-05,1,0,0
2773,cdonmez,1,2025-05-21,2025-05,0,1,0
2774,aildeniz,2,2025-05-21,2025-05,2,0,0
2775,hakdemir,31,2025-05-21,2025-05,26,5,0
2776,ihasdemir,1,2025-05-21,2025-05,1,0,0
2777,stjegitim,38,2025-05-21,2025-05,37,0,1
2778,fcolak,4,2025-05-21,2025-05,3,1,0
2779,egonce,7,2025-05-21,2025-05,3,4,0
2780,hbinay,8,2025-05-21,2025-05,8,0,0
2781,mmollaoglu,1,2025-05-21,2025-05,1,0,0
2782,dcolor,56,2025-05-21,2025-05,0,56,0
2783,ersener,13,2025-05-21,2025-05,13,0,0
2784,hbulut,9,2025-05-21,2025-05,9,0,0
2785,udalyan,1,2025-05-21,2025-05,0,0,1
2786,tyilmaz,11,2025-05-21,2025-05,5,2,4
2787,aapak,1,2025-05-21,2025-05,1,0,0
2788,bfirat,45,2025-05-21,2025-05,45,0,0
2789,gakca,1,2025-05-21,2025-05,1,0,0
2790,dayakta,8,2025-05-21,2025-05,8,0,0
2791,akamera,16,2025-05-21,2025-05,3,13,0
2792,ngogce,1,2025-05-21,2025-05,0,0,1
2793,abarkod,7,2025-05-21,2025-05,7,0,0
2794,ntanriverdi,17,2025-05-21,2025-05,17,0,0
2795,merkan,3,2025-05-21,2025-05,3,0,0
2796,cer,10,2025-05-21,2025-05,2,8,0
2797,obali,32,2025-05-21,2025-05,16,16,0
2798,MMUTLU,17,2025-05-21,2025-05,8,3,6
2799,ggirgin,23,2025-05-21,2025-05,1,12,10
2800,fbasak,4,2025-05-21,2025-05,3,1,0
2801,eulsever,12,2025-05-21,2025-05,0,12,0
2802,tevirgen,32,2025-05-21,2025-05,6,23,3
2803,cisahin,17,2025-05-21,2025-05,17,0,0
2804,gbakanoglu,1,2025-05-21,2025-05,1,0,0
2805,amasun,38,2025-05-21,2025-05,0,38,0
2806,ebalaban,22,2025-05-21,2025-05,22,0,0
2807,gekim,84,2025-05-21,2025-05,0,84,0
2808,aavcil,33,2025-05-21,2025-05,32,1,0
2809,okanat,1,2025-05-21,2025-05,0,1,0
2810,gayilmaz,2,2025-05-21,2025-05,2,0,0
2811,ezyildiz,22,2025-05-21,2025-05,22,0,0
2812,mguder,2,2025-05-22,2025-05,2,0,0
2813,mceylan,4,2025-05-22,2025-05,4,0,0
2814,dayakta,3,2025-05-22,2025-05,3,0,0
2815,aapak,4,2025-05-22,2025-05,0,4,0
2816,udalyan,10,2025-05-22,2025-05,6,4,0
2817,mecigdem,2,2025-05-22,2025-05,0,2,0
2818,hakand,22,2025-05-22,2025-05,19,3,0
2819,BSOGUT,4,2025-05-22,2025-05,4,0,0
2820,okelepe,1,2025-05-22,2025-05,0,0,1
2821,fgulsever,15,2025-05-22,2025-05,1,14,0
2822,tyilmaz,1,2025-05-22,2025-05,1,0,0
2823,dcolor,49,2025-05-22,2025-05,0,49,0
2824,cyildiz,4,2025-05-22,2025-05,4,0,0
2825,fcolak,23,2025-05-22,2025-05,23,0,0
2826,sekisa,14,2025-05-22,2025-05,14,0,0
2827,egonce,41,2025-05-22,2025-05,5,36,0
2828,hakdemir,9,2025-05-22,2025-05,8,1,0
2829,uunver,24,2025-05-22,2025-05,2,22,0
2830,mbayirli,33,2025-05-22,2025-05,33,0,0
2831,hbinay,8,2025-05-22,2025-05,8,0,0
2832,eozkan,4,2025-05-22,2025-05,4,0,0
2833,gakca,4,2025-05-22,2025-05,2,2,0
2834,hbulut,8,2025-05-22,2025-05,8,0,0
2835,bfirat,36,2025-05-22,2025-05,36,0,0
2836,ihasdemir,106,2025-05-22,2025-05,105,1,0
2837,bsakrak,29,2025-05-22,2025-05,29,0,0
2838,ebalaban,26,2025-05-22,2025-05,17,9,0
2839,SUYILMAZ,3,2025-05-22,2025-05,3,0,0
2840,akamera,54,2025-05-22,2025-05,4,50,0
2841,abarkod,31,2025-05-22,2025-05,31,0,0
2842,edemirbas,1,2025-05-22,2025-05,1,0,0
2843,gekim,86,2025-05-22,2025-05,0,86,0
2844,ntanriverdi,1,2025-05-22,2025-05,0,1,0
2845,merkan,1,2025-05-22,2025-05,1,0,0
2846,fbasak,6,2025-05-22,2025-05,6,0,0
2847,aaksoy,1,2025-05-22,2025-05,1,0,0
2848,obali,24,2025-05-22,2025-05,10,1,13
2849,MMUTLU,39,2025-05-22,2025-05,37,1,1
2850,fimetin,3,2025-05-22,2025-05,3,0,0
2851,ggirgin,71,2025-05-22,2025-05,9,62,0
2852,vgemici,2,2025-05-22,2025-05,2,0,0
2853,mertan,3,2025-05-22,2025-05,3,0,0
2854,ekaradavut,3,2025-05-22,2025-05,3,0,0
2855,amasun,31,2025-05-22,2025-05,0,31,0
2856,aavcil,2,2025-05-22,2025-05,2,0,0
2857,oicoz,5,2025-05-22,2025-05,3,2,0
2858,nibolkis,1,2025-05-22,2025-05,1,0,0
2859,dnoic,8,2025-05-22,2025-05,0,8,0
2860,gayilmaz,2,2025-05-22,2025-05,1,1,0
2861,eulsever,6,2025-05-22,2025-05,0,6,0
2862,tevirgen,1,2025-05-22,2025-05,1,0,0
2863,ayyilmaz,1,2025-05-22,2025-05,1,0,0
2864,nbolkis,21,2025-05-22,2025-05,21,0,0
2865,mguder,2,2025-05-23,2025-05,2,0,0
2866,udalyan,6,2025-05-23,2025-05,4,2,0
2867,mecigdem,4,2025-05-23,2025-05,0,4,0
2868,cdonmez,1,2025-05-23,2025-05,0,1,0
2869,itopcu,1,2025-05-23,2025-05,1,0,0
2870,baozturk,4,2025-05-23,2025-05,4,0,0
2871,rkontrol,2,2025-05-23,2025-05,2,0,0
2872,dcolor,79,2025-05-23,2025-05,0,79,0
2873,herbilgin,9,2025-05-23,2025-05,8,1,0
2874,hakdemir,17,2025-05-23,2025-05,17,0,0
2875,mmollaoglu,1,2025-05-23,2025-05,0,1,0
2876,eozkan,2,2025-05-23,2025-05,2,0,0
2877,hbulut,1,2025-05-23,2025-05,1,0,0
2878,bfirat,46,2025-05-23,2025-05,46,0,0
2879,kdeda,20,2025-05-23,2025-05,5,15,0
2880,tyilmaz,13,2025-05-23,2025-05,12,0,1
2881,gakca,8,2025-05-23,2025-05,8,0,0
2882,ierdil,2,2025-05-23,2025-05,2,0,0
2883,ebalaban,33,2025-05-23,2025-05,33,0,0
2884,akamera,5,2025-05-23,2025-05,0,5,0
2885,bkibar,6,2025-05-23,2025-05,0,6,0
2886,mkofis,13,2025-05-23,2025-05,13,0,0
2887,MMUTLU,15,2025-05-23,2025-05,7,1,7
2888,fimetin,10,2025-05-23,2025-05,9,1,0
2889,ggirgin,28,2025-05-23,2025-05,27,1,0
2890,sulger,2,2025-05-23,2025-05,0,2,0
2891,obali,25,2025-05-23,2025-05,13,7,5
2892,amasun,162,2025-05-23,2025-05,1,161,0
2893,ayyilmaz,2,2025-05-23,2025-05,2,0,0
2894,tevirgen,3,2025-05-23,2025-05,1,2,0
2895,eulsever,8,2025-05-23,2025-05,0,8,0
2896,gayilmaz,2,2025-05-23,2025-05,2,0,0
2897,nbolkis,7,2025-05-23,2025-05,7,0,0
2898,aavcil,321,2025-05-23,2025-05,284,37,0
2899,mertan,122,2025-05-23,2025-05,121,1,0
2900,dcolor,39,2025-05-24,2025-05,0,39,0
2901,hbinay,3,2025-05-24,2025-05,3,0,0
2902,ebalaban,3,2025-05-24,2025-05,3,0,0
2903,fgulsever,16,2025-05-25,2025-05,0,16,0
2904,ekoksal,11,2025-05-25,2025-05,9,2,0
2905,dcolor,2,2025-05-25,2025-05,0,2,0
2906,mbayirli,10,2025-05-25,2025-05,10,0,0
2907,egonce,28,2025-05-25,2025-05,14,14,0
2908,mkarsiv,1,2025-05-25,2025-05,1,0,0
2909,ihasdemir,64,2025-05-25,2025-05,64,0,0
2910,okelepe,9,2025-05-25,2025-05,0,6,3
2911,ebadem,2,2025-05-25,2025-05,2,0,0
2912,gekim,41,2025-05-25,2025-05,0,41,0
2913,dnoic,5,2025-05-25,2025-05,3,0,2
2914,mkorucu,5,2025-05-25,2025-05,5,0,0
2915,oseker,12,2025-05-25,2025-05,12,0,0
2916,kesmeray,1,2025-05-25,2025-05,1,0,0
2917,mkofis,17,2025-05-25,2025-05,17,0,0
2918,aayhan,19,2025-05-25,2025-05,5,7,7
2919,edemirbas,1,2025-05-25,2025-05,1,0,0
2920,aapak,69,2025-05-25,2025-05,0,69,0
2921,ierdil,25,2025-05-26,2025-05,0,25,0
2922,fgulsever,20,2025-05-26,2025-05,0,20,0
2923,BSOGUT,1,2025-05-26,2025-05,1,0,0
2924,esaribuyuk,1,2025-05-26,2025-05,0,1,0
2925,gakca,8,2025-05-26,2025-05,8,0,0
2926,mecigdem,114,2025-05-26,2025-05,0,114,0
2927,aapak,37,2025-05-26,2025-05,5,32,0
2928,tyilmaz,11,2025-05-26,2025-05,7,0,4
2929,gekim,42,2025-05-26,2025-05,0,42,0
2930,hakand,11,2025-05-26,2025-05,10,1,0
2931,ytinmaz,1,2025-05-26,2025-05,1,0,0
2932,mkarsiv,1,2025-05-26,2025-05,1,0,0
2933,bbugdayci,8,2025-05-26,2025-05,2,6,0
2934,bfirat,24,2025-05-26,2025-05,24,0,0
2935,cyildiz,3,2025-05-26,2025-05,3,0,0
2936,egonce,16,2025-05-26,2025-05,0,16,0
2937,herbilgin,1,2025-05-26,2025-05,1,0,0
2938,hakdemir,100,2025-05-26,2025-05,94,6,0
2939,eozkan,11,2025-05-26,2025-05,11,0,0
2940,dcolor,58,2025-05-26,2025-05,0,58,0
2941,ekoksal,28,2025-05-26,2025-05,3,25,0
2942,hbulut,12,2025-05-26,2025-05,12,0,0
2943,eanli,5,2025-05-26,2025-05,0,5,0
2944,ihasdemir,35,2025-05-26,2025-05,35,0,0
2945,amasun,148,2025-05-26,2025-05,0,148,0
2946,stjegitim,3,2025-05-26,2025-05,0,0,3
2947,ezyildiz,24,2025-05-26,2025-05,22,2,0
2948,akamera,16,2025-05-26,2025-05,2,14,0
2949,vgemici,2,2025-05-26,2025-05,2,0,0
2950,oyurtsever,23,2025-05-26,2025-05,23,0,0
2951,ntanriverdi,13,2025-05-26,2025-05,10,3,0
2952,bkibar,1,2025-05-26,2025-05,0,1,0
2953,MAYDIN,1,2025-05-26,2025-05,0,1,0
2954,nkorkmaz,1,2025-05-26,2025-05,1,0,0
2955,fbasak,5,2025-05-26,2025-05,5,0,0
2956,cer,24,2025-05-26,2025-05,24,0,0
2957,aayhan,8,2025-05-26,2025-05,4,2,2
2958,scolak,13,2025-05-26,2025-05,13,0,0
2959,abarkod,2,2025-05-26,2025-05,2,0,0
2960,fimetin,15,2025-05-26,2025-05,15,0,0
2961,MMUTLU,14,2025-05-26,2025-05,10,4,0
2962,aavcil,91,2025-05-26,2025-05,91,0,0
2963,mkorucu,7,2025-05-26,2025-05,0,7,0
2964,oicoz,3,2025-05-26,2025-05,3,0,0
2965,ogungor,1,2025-05-26,2025-05,1,0,0
2966,ebalaban,10,2025-05-26,2025-05,10,0,0
2967,tevirgen,17,2025-05-26,2025-05,16,1,0
2968,ayyilmaz,10,2025-05-26,2025-05,0,10,0
2969,mertan,18,2025-05-26,2025-05,18,0,0
2970,ggirgin,16,2025-05-26,2025-05,6,10,0
2971,gayilmaz,36,2025-05-26,2025-05,36,0,0
2972,cisahin,29,2025-05-27,2025-05,27,2,0
2973,gekim,73,2025-05-27,2025-05,0,73,0
2974,adogan,13,2025-05-27,2025-05,13,0,0
2975,gakca,2,2025-05-27,2025-05,2,0,0
2976,udalyan,7,2025-05-27,2025-05,2,3,2
2977,hakand,9,2025-05-27,2025-05,6,2,1
2978,BSOGUT,93,2025-05-27,2025-05,2,91,0
2979,fgulsever,19,2025-05-27,2025-05,0,19,0
2980,gsapmaz,1,2025-05-27,2025-05,1,0,0
2981,ierdil,181,2025-05-27,2025-05,0,181,0
2982,mguray,17,2025-05-27,2025-05,17,0,0
2983,stjegitim,5,2025-05-27,2025-05,5,0,0
2984,egonce,28,2025-05-27,2025-05,0,28,0
2985,mmollaoglu,2,2025-05-27,2025-05,2,0,0
2986,eozkan,15,2025-05-27,2025-05,13,2,0
2987,dcolor,84,2025-05-27,2025-05,0,84,0
2988,bfirat,23,2025-05-27,2025-05,23,0,0
2989,gbakanoglu,7,2025-05-27,2025-05,7,0,0
2990,mguder,2,2025-05-27,2025-05,2,0,0
2991,hakdemir,31,2025-05-27,2025-05,27,4,0
2992,cozkan,2,2025-05-27,2025-05,2,0,0
2993,ebalaban,11,2025-05-27,2025-05,11,0,0
2994,amasun,110,2025-05-27,2025-05,3,107,0
2995,akamera,42,2025-05-27,2025-05,0,42,0
2996,abarkod,2,2025-05-27,2025-05,2,0,0
2997,vgemici,5,2025-05-27,2025-05,5,0,0
2998,fbasak,5,2025-05-27,2025-05,4,1,0
2999,ogun,6,2025-05-27,2025-05,6,0,0
3000,MMUTLU,1,2025-05-27,2025-05,1,0,0
3001,fimetin,15,2025-05-27,2025-05,11,4,0
3002,ggirgin,8,2025-05-27,2025-05,7,1,0
3003,asablon,6,2025-05-27,2025-05,6,0,0
3004,tevirgen,15,2025-05-27,2025-05,12,2,1
3005,eulsever,4,2025-05-27,2025-05,0,4,0
3006,gayilmaz,3,2025-05-27,2025-05,3,0,0
3007,fakgul,12,2025-05-27,2025-05,12,0,0
3008,klaboratuar,18,2025-05-27,2025-05,3,15,0
3009,mkorucu,2,2025-05-27,2025-05,2,0,0
3010,aavcil,2,2025-05-27,2025-05,1,1,0
3011,dnoic,8,2025-05-27,2025-05,5,1,2
3012,mertan,2,2025-05-27,2025-05,2,0,0
3013,ezyildiz,15,2025-05-27,2025-05,15,0,0
3014,rkontrol,2,2025-05-28,2025-05,2,0,0
3015,baozturk,2,2025-05-28,2025-05,2,0,0
3016,fgulsever,38,2025-05-28,2025-05,0,38,0
3017,hakand,3,2025-05-28,2025-05,2,1,0
3018,mecigdem,32,2025-05-28,2025-05,29,3,0
3019,gakca,17,2025-05-28,2025-05,2,15,0
3020,aapak,3,2025-05-28,2025-05,0,3,0
3021,ubasdas,6,2025-05-28,2025-05,6,0,0
3022,gekim,40,2025-05-28,2025-05,0,40,0
3023,tyilmaz,31,2025-05-28,2025-05,9,0,22
3024,udalyan,1,2025-05-28,2025-05,1,0,0
3025,stjegitim,3,2025-05-28,2025-05,1,0,2
3026,dcolor,75,2025-05-28,2025-05,0,75,0
3027,fcolak,8,2025-05-28,2025-05,5,3,0
3028,egonce,63,2025-05-28,2025-05,44,19,0
3029,hakdemir,34,2025-05-28,2025-05,28,6,0
3030,uunver,24,2025-05-28,2025-05,24,0,0
3031,msevim,5,2025-05-28,2025-05,5,0,0
3032,hbinay,26,2025-05-28,2025-05,26,0,0
3033,bfirat,12,2025-05-28,2025-05,12,0,0
3034,earslanbay,1,2025-05-28,2025-05,0,1,0
3035,ersener,2,2025-05-28,2025-05,2,0,0
3036,hbulut,2,2025-05-28,2025-05,2,0,0
3037,gbakanoglu,1,2025-05-28,2025-05,1,0,0
3038,aakyildiz,3,2025-05-28,2025-05,3,0,0
3039,eanli,1,2025-05-28,2025-05,0,1,0
3040,ntanriverdi,8,2025-05-28,2025-05,6,2,0
3041,aozbal,1,2025-05-28,2025-05,1,0,0
3042,ekaragoz,1,2025-05-28,2025-05,1,0,0
3043,akamera,6,2025-05-28,2025-05,1,5,0
3044,tcapkin,1,2025-05-28,2025-05,1,0,0
3045,oyurtsever,2,2025-05-28,2025-05,1,1,0
3046,bkibar,2,2025-05-28,2025-05,0,2,0
3047,merkan,2,2025-05-28,2025-05,2,0,0
3048,cer,1,2025-05-28,2025-05,0,1,0
3049,aaksoy,1,2025-05-28,2025-05,1,0,0
3050,aayhan,5,2025-05-28,2025-05,4,0,1
3051,obali,2,2025-05-28,2025-05,2,0,0
3052,fimetin,48,2025-05-28,2025-05,48,0,0
3053,gkenarli,1,2025-05-28,2025-05,1,0,0
3054,abarkod,1,2025-05-28,2025-05,1,0,0
3055,ekaradavut,1,2025-05-28,2025-05,1,0,0
3056,ggirgin,18,2025-05-28,2025-05,4,0,14
3057,amasun,134,2025-05-28,2025-05,16,118,0
3058,ezyildiz,64,2025-05-28,2025-05,64,0,0
3059,dnoic,27,2025-05-28,2025-05,27,0,0
3060,aavcil,29,2025-05-28,2025-05,27,2,0
3061,ebalaban,8,2025-05-28,2025-05,6,2,0
3062,oasistan,1,2025-05-28,2025-05,0,1,0
3063,eulsever,9,2025-05-28,2025-05,0,9,0
3064,tevirgen,21,2025-05-28,2025-05,1,20,0
3065,ayyilmaz,2,2025-05-28,2025-05,2,0,0
3066,oicoz,5,2025-05-28,2025-05,5,0,0
3067,aapak,4,2025-05-29,2025-05,0,4,0
3068,mguder,1,2025-05-29,2025-05,1,0,0
3069,udalyan,14,2025-05-29,2025-05,10,2,2
3070,mecigdem,3,2025-05-29,2025-05,3,0,0
3071,hakand,13,2025-05-29,2025-05,7,0,6
3072,BSOGUT,5,2025-05-29,2025-05,2,0,3
3073,cdonmez,1,2025-05-29,2025-05,0,1,0
3074,fgulsever,26,2025-05-29,2025-05,0,26,0
3075,zyuksel,1,2025-05-29,2025-05,1,0,0
3076,eozkan,1,2025-05-29,2025-05,1,0,0
3077,fcolak,7,2025-05-29,2025-05,7,0,0
3078,egonce,23,2025-05-29,2025-05,6,17,0
3079,hakdemir,8,2025-05-29,2025-05,2,6,0
3080,BDEMIRAL,2,2025-05-29,2025-05,2,0,0
3081,dcolor,60,2025-05-29,2025-05,0,60,0
3082,ekoksal,1,2025-05-29,2025-05,1,0,0
3083,hbulut,2,2025-05-29,2025-05,2,0,0
3084,bfirat,5,2025-05-29,2025-05,5,0,0
3085,ELOFCA,30,2025-05-29,2025-05,0,30,0
3086,tyilmaz,26,2025-05-29,2025-05,25,0,1
3087,ubasdas,3,2025-05-29,2025-05,3,0,0
3088,ezyildiz,12,2025-05-29,2025-05,12,0,0
3089,iunlu,3,2025-05-29,2025-05,3,0,0
3090,akamera,82,2025-05-29,2025-05,0,82,0
3091,abarkod,4,2025-05-29,2025-05,4,0,0
3092,gakca,10,2025-05-29,2025-05,10,0,0
3093,ntanriverdi,50,2025-05-29,2025-05,49,1,0
3094,eatansay,106,2025-05-29,2025-05,0,106,0
3095,aayhan,3,2025-05-29,2025-05,2,1,0
3096,obali,1,2025-05-29,2025-05,0,1,0
3097,MMUTLU,4,2025-05-29,2025-05,2,0,2
3098,fimetin,79,2025-05-29,2025-05,79,0,0
3099,gkenarli,3,2025-05-29,2025-05,3,0,0
3100,vgemici,1,2025-05-29,2025-05,1,0,0
3101,ekaradavut,2,2025-05-29,2025-05,2,0,0
3102,tevirgen,10,2025-05-29,2025-05,7,0,3
3103,mkorucu,2,2025-05-29,2025-05,2,0,0
3104,aavcil,1,2025-05-29,2025-05,1,0,0
3105,dnoic,1,2025-05-29,2025-05,1,0,0
3106,ebalaban,20,2025-05-29,2025-05,20,0,0
3107,amasun,69,2025-05-29,2025-05,0,69,0
3108,gekim,88,2025-05-29,2025-05,0,88,0
3109,ggirgin,21,2025-05-29,2025-05,21,0,0
3110,gakca,7,2025-05-30,2025-05,6,1,0
3111,udalyan,1,2025-05-30,2025-05,0,1,0
3112,hakand,22,2025-05-30,2025-05,14,1,7
3113,itopcu,5,2025-05-30,2025-05,1,0,4
3114,zyuksel,31,2025-05-30,2025-05,31,0,0
3115,mguray,2,2025-05-30,2025-05,2,0,0
3116,tyilmaz,12,2025-05-30,2025-05,3,0,9
3117,dcolor,55,2025-05-30,2025-05,0,55,0
3118,BDEMIRAL,1,2025-05-30,2025-05,1,0,0
3119,eozkan,8,2025-05-30,2025-05,8,0,0
3120,ekoksal,2,2025-05-30,2025-05,2,0,0
3121,hbulut,5,2025-05-30,2025-05,5,0,0
3122,bfirat,36,2025-05-30,2025-05,34,2,0
3123,adogan,2,2025-05-30,2025-05,2,0,0
3124,mmollaoglu,21,2025-05-30,2025-05,0,21,0
3125,amasun,8,2025-05-30,2025-05,0,8,0
3126,obali,11,2025-05-30,2025-05,5,3,3
3127,ezyildiz,10,2025-05-30,2025-05,9,1,0
3128,ebalaban,13,2025-05-30,2025-05,13,0,0
3129,akamera,75,2025-05-30,2025-05,43,32,0
3130,vgemici,8,2025-05-30,2025-05,6,2,0
3131,ntanriverdi,4,2025-05-30,2025-05,4,0,0
3132,asablon,1,2025-05-30,2025-05,1,0,0
3133,eatansay,1,2025-05-30,2025-05,1,0,0
3134,MMUTLU,2,2025-05-30,2025-05,1,1,0
3135,oyurtsever,2,2025-05-30,2025-05,2,0,0
3136,ggirgin,51,2025-05-30,2025-05,49,2,0
3137,mertan,17,2025-05-30,2025-05,17,0,0
3138,tevirgen,50,2025-05-30,2025-05,0,50,0
3139,gayilmaz,2,2025-05-30,2025-05,2,0,0
3140,okanat,3,2025-05-30,2025-05,3,0,0
3141,fimetin,10,2025-05-30,2025-05,10,0,0
3142,aavcil,255,2025-05-30,2025-05,233,22,0
3143,dcolor,81,2025-05-31,2025-05,0,81,0
3144,ebalaban,4,2025-05-31,2025-05,4,0,0
3145,rkontrol,1,2025-05-31,2025-05,1,0,0
3146,acelebi,2,2025-06-01,2025-06,2,0,0
3147,fcolak,1,2025-06-01,2025-06,1,0,0
3148,mkarsiv,3,2025-06-01,2025-06,3,0,0
3149,bunver,8,2025-06-01,2025-06,8,0,0
3150,dcolor,9,2025-06-01,2025-06,0,9,0
3151,akapucu,9,2025-06-01,2025-06,9,0,0
3152,ihasdemir,1,2025-06-01,2025-06,1,0,0
3153,egonce,32,2025-06-01,2025-06,6,26,0
3154,fgulsever,19,2025-06-01,2025-06,0,19,0
3155,cyildiz,4,2025-06-01,2025-06,4,0,0
3156,aapak,18,2025-06-01,2025-06,5,13,0
3157,dayakta,4,2025-06-01,2025-06,3,0,1
3158,gekim,102,2025-06-01,2025-06,0,102,0
3159,ekaragoz,1,2025-06-01,2025-06,1,0,0
3160,dnoic,7,2025-06-01,2025-06,7,0,0
3161,mkorucu,1,2025-06-01,2025-06,1,0,0
3162,aayhan,5,2025-06-01,2025-06,0,2,3
3163,oyurtsever,1,2025-06-01,2025-06,1,0,0
3164,abarkod,5,2025-06-01,2025-06,5,0,0
3165,udalyan,1,2025-06-01,2025-06,1,0,0
3166,mguray,2,2025-06-02,2025-06,2,0,0
3167,zyuksel,1,2025-06-02,2025-06,1,0,0
3168,cdonmez,6,2025-06-02,2025-06,6,0,0
3169,hakand,2,2025-06-02,2025-06,2,0,0
3170,adogan,30,2025-06-02,2025-06,9,21,0
3171,udalyan,20,2025-06-02,2025-06,7,13,0
3172,aapak,8,2025-06-02,2025-06,0,8,0
3173,gakca,7,2025-06-02,2025-06,7,0,0
3174,kbtlideri,2,2025-06-02,2025-06,2,0,0
3175,gekim,42,2025-06-02,2025-06,0,42,0
3176,mecigdem,94,2025-06-02,2025-06,0,94,0
3177,aildeniz,21,2025-06-02,2025-06,0,0,21
3178,mkarsiv,1,2025-06-02,2025-06,1,0,0
3179,eyuksel,4,2025-06-02,2025-06,0,4,0
3180,aakyildiz,3,2025-06-02,2025-06,3,0,0
3181,fcolak,1,2025-06-02,2025-06,1,0,0
3182,egonce,34,2025-06-02,2025-06,1,33,0
3183,hbinay,20,2025-06-02,2025-06,20,0,0
3184,mmollaoglu,21,2025-06-02,2025-06,0,0,21
3185,BDEMIRAL,8,2025-06-02,2025-06,8,0,0
3186,dcolor,39,2025-06-02,2025-06,0,39,0
3187,hbulut,31,2025-06-02,2025-06,31,0,0
3188,ekoksal,7,2025-06-02,2025-06,5,2,0
3189,ersener,26,2025-06-02,2025-06,26,0,0
3190,cisahin,12,2025-06-02,2025-06,10,2,0
3191,tyilmaz,45,2025-06-02,2025-06,2,35,8
3192,eanli,3,2025-06-02,2025-06,0,3,0
3193,dustasi,10,2025-06-02,2025-06,10,0,0
3194,ebalaban,6,2025-06-02,2025-06,4,2,0
3195,amasun,21,2025-06-02,2025-06,0,21,0
3196,akamera,11,2025-06-02,2025-06,4,7,0
3197,abarkod,5,2025-06-02,2025-06,3,2,0
3198,vgemici,4,2025-06-02,2025-06,4,0,0
3199,tcapkin,1,2025-06-02,2025-06,0,1,0
3200,oyurtsever,1,2025-06-02,2025-06,1,0,0
3201,ntanriverdi,10,2025-06-02,2025-06,8,2,0
3202,fbasak,2,2025-06-02,2025-06,2,0,0
3203,aaksoy,3,2025-06-02,2025-06,3,0,0
3204,aayhan,40,2025-06-02,2025-06,34,3,3
3205,mkofis,1,2025-06-02,2025-06,1,0,0
3206,obali,6,2025-06-02,2025-06,0,5,1
3207,cer,20,2025-06-02,2025-06,20,0,0
3208,fimetin,28,2025-06-02,2025-06,28,0,0
3209,ezyildiz,104,2025-06-02,2025-06,104,0,0
3210,MMUTLU,22,2025-06-02,2025-06,16,4,2
3211,mkorucu,3,2025-06-02,2025-06,1,2,0
3212,fakgul,10,2025-06-02,2025-06,10,0,0
3213,gayilmaz,4,2025-06-02,2025-06,2,2,0
3214,eulsever,8,2025-06-02,2025-06,0,8,0
3215,aavcil,66,2025-06-02,2025-06,31,32,3
3216,ayyilmaz,1,2025-06-02,2025-06,1,0,0
3217,mertan,1,2025-06-02,2025-06,1,0,0
3218,oseker,1,2025-06-02,2025-06,1,0,0
3219,ggirgin,59,2025-06-02,2025-06,57,2,0
3220,tevirgen,47,2025-06-02,2025-06,19,28,0
3221,mguder,29,2025-06-03,2025-06,26,3,0
3222,adogan,2,2025-06-03,2025-06,2,0,0
3223,gakca,3,2025-06-03,2025-06,3,0,0
3224,aapak,4,2025-06-03,2025-06,0,4,0
3225,udalyan,4,2025-06-03,2025-06,1,0,3
3226,mecigdem,90,2025-06-03,2025-06,0,90,0
3227,hakand,26,2025-06-03,2025-06,22,4,0
3228,esaribuyuk,2,2025-06-03,2025-06,0,2,0
3229,fgulsever,7,2025-06-03,2025-06,0,7,0
3230,gsapmaz,4,2025-06-03,2025-06,4,0,0
3231,aildeniz,5,2025-06-03,2025-06,3,2,0
3232,hbulut,63,2025-06-03,2025-06,63,0,0
3233,aakyildiz,3,2025-06-03,2025-06,3,0,0
3234,fcolak,3,2025-06-03,2025-06,3,0,0
3235,mkarsiv,3,2025-06-03,2025-06,3,0,0
3236,ddcozgu,7,2025-06-03,2025-06,7,0,0
3237,egonce,9,2025-06-03,2025-06,4,5,0
3238,uunver,5,2025-06-03,2025-06,5,0,0
3239,mbayirli,1,2025-06-03,2025-06,1,0,0
3240,hbinay,10,2025-06-03,2025-06,10,0,0
3241,dcolor,66,2025-06-03,2025-06,0,66,0
3242,ekoksal,2,2025-06-03,2025-06,1,1,0
3243,ersener,19,2025-06-03,2025-06,19,0,0
3244,otufan,2,2025-06-03,2025-06,0,0,2
3245,tyilmaz,2,2025-06-03,2025-06,2,0,0
3246,gekim,42,2025-06-03,2025-06,0,42,0
3247,ezyildiz,8,2025-06-03,2025-06,6,2,0
3248,ebalaban,14,2025-06-03,2025-06,14,0,0
3249,amasun,48,2025-06-03,2025-06,1,47,0
3250,ntanriverdi,6,2025-06-03,2025-06,6,0,0
3251,gmasistan,32,2025-06-03,2025-06,16,15,1
3252,bkibar,2,2025-06-03,2025-06,0,2,0
3253,asablon,1,2025-06-03,2025-06,1,0,0
3254,aerkus,45,2025-06-03,2025-06,45,0,0
3255,fbasak,6,2025-06-03,2025-06,4,2,0
3256,cer,1,2025-06-03,2025-06,1,0,0
3257,mkarabiyik,1,2025-06-03,2025-06,0,1,0
3258,mkofis,3,2025-06-03,2025-06,3,0,0
3259,obali,8,2025-06-03,2025-06,4,1,3
3260,akamera,7,2025-06-03,2025-06,1,6,0
3261,fimetin,13,2025-06-03,2025-06,13,0,0
3262,MMUTLU,20,2025-06-03,2025-06,12,1,7
3263,aavcil,51,2025-06-03,2025-06,42,9,0
3264,mkorucu,1,2025-06-03,2025-06,1,0,0
3265,okanat,4,2025-06-03,2025-06,4,0,0
3266,gayilmaz,5,2025-06-03,2025-06,5,0,0
3267,dnoic,23,2025-06-03,2025-06,21,0,2
3268,tevirgen,8,2025-06-03,2025-06,4,4,0
3269,mertan,74,2025-06-03,2025-06,74,0,0
3270,ekaradavut,1,2025-06-03,2025-06,1,0,0
3271,ggirgin,75,2025-06-03,2025-06,75,0,0
3272,ddtlideri,7,2025-06-03,2025-06,7,0,0
3273,ezyildiz,5,2025-06-04,2025-06,5,0,0
3274,hkaragoz,2,2025-06-04,2025-06,2,0,0
3275,BDEMIRAL,5,2025-06-04,2025-06,5,0,0
3276,mmollaoglu,3,2025-06-04,2025-06,0,3,0
3277,hakdemir,4,2025-06-04,2025-06,0,4,0
3278,ddcozgu,1,2025-06-04,2025-06,0,1,0
3279,gakca,5,2025-06-04,2025-06,4,1,0
3280,amasun,71,2025-06-04,2025-06,1,70,0
3281,ebalaban,6,2025-06-04,2025-06,6,0,0
3282,aavcil,13,2025-06-04,2025-06,10,3,0
3283,ggirgin,352,2025-06-04,2025-06,316,36,0
3284,gayilmaz,22,2025-06-04,2025-06,22,0,0
3285,eulsever,4,2025-06-04,2025-06,0,4,0
3286,tevirgen,14,2025-06-04,2025-06,5,9,0
3287,sulger,14,2025-06-04,2025-06,10,4,0
3288,fimetin,1,2025-06-04,2025-06,1,0,0
3289,obali,3,2025-06-04,2025-06,1,1,1
3290,mkarabiyik,1,2025-06-04,2025-06,0,1,0
3291,ntanriverdi,17,2025-06-04,2025-06,12,5,0
3292,akamera,68,2025-06-04,2025-06,0,68,0
3293,dcolor,57,2025-06-04,2025-06,0,57,0
3294,okanat,1,2025-06-04,2025-06,1,0,0
3295,hyorulmaz,3,2025-06-04,2025-06,3,0,0
3296,dcolor,5,2025-06-05,2025-06,0,5,0
3297,abarkod,3,2025-06-09,2025-06,3,0,0
3298,egonce,28,2025-06-09,2025-06,0,28,0
3299,fgulsever,9,2025-06-09,2025-06,0,9,0
3300,BSOGUT,14,2025-06-09,2025-06,0,0,14
3301,aapak,21,2025-06-09,2025-06,10,11,0
3302,gekim,108,2025-06-09,2025-06,0,108,0
3303,sapra,2,2025-06-09,2025-06,2,0,0
3304,mkorucu,44,2025-06-09,2025-06,44,0,0
3305,aayhan,178,2025-06-09,2025-06,36,137,5
3306,fbasak,3,2025-06-09,2025-06,2,1,0
3307,tcapkin,4,2025-06-09,2025-06,3,1,0
3308,dnoic,39,2025-06-09,2025-06,39,0,0
3309,cyildiz,1,2025-06-10,2025-06,1,0,0
3310,aapak,2,2025-06-10,2025-06,0,2,0
3311,udalyan,3,2025-06-10,2025-06,0,1,2
3312,hakand,2,2025-06-10,2025-06,2,0,0
3313,fgulsever,8,2025-06-10,2025-06,0,8,0
3314,ierdil,1,2025-06-10,2025-06,1,0,0
3315,mguray,2,2025-06-10,2025-06,2,0,0
3316,rkontrol,1,2025-06-10,2025-06,1,0,0
3317,tyilmaz,1,2025-06-10,2025-06,1,0,0
3318,eyuksel,13,2025-06-10,2025-06,11,2,0
3319,aakyildiz,4,2025-06-10,2025-06,4,0,0
3320,eozkan,2,2025-06-10,2025-06,2,0,0
3321,mkarsiv,3,2025-06-10,2025-06,3,0,0
3322,egonce,15,2025-06-10,2025-06,1,14,0
3323,hakdemir,22,2025-06-10,2025-06,16,6,0
3324,mbayirli,4,2025-06-10,2025-06,4,0,0
3325,ubasdas,2,2025-06-10,2025-06,2,0,0
3326,akocak,4,2025-06-10,2025-06,1,3,0
3327,dcolor,52,2025-06-10,2025-06,0,52,0
3328,akapucu,1,2025-06-10,2025-06,1,0,0
3329,bfirat,15,2025-06-10,2025-06,13,2,0
3330,bunver,91,2025-06-10,2025-06,91,0,0
3331,fcolak,4,2025-06-10,2025-06,4,0,0
3332,gakca,12,2025-06-10,2025-06,11,1,0
3333,zyuksel,1,2025-06-10,2025-06,1,0,0
3334,gekim,132,2025-06-10,2025-06,0,132,0
3335,adogan,4,2025-06-10,2025-06,0,4,0
3336,vgemici,2,2025-06-10,2025-06,2,0,0
3337,tcapkin,1,2025-06-10,2025-06,1,0,0
3338,fbasak,8,2025-06-10,2025-06,5,3,0
3339,aaksoy,1,2025-06-10,2025-06,1,0,0
3340,aayhan,6,2025-06-10,2025-06,0,6,0
3341,fyilanci,2,2025-06-10,2025-06,0,2,0
3342,mkarabiyik,2,2025-06-10,2025-06,0,2,0
3343,mkofis,2,2025-06-10,2025-06,2,0,0
3344,fimetin,7,2025-06-10,2025-06,0,7,0
3345,ggirgin,12,2025-06-10,2025-06,11,1,0
3346,oseker,30,2025-06-10,2025-06,0,30,0
3347,akamera,57,2025-06-10,2025-06,4,53,0
3348,oasistan,1,2025-06-10,2025-06,0,1,0
3349,tevirgen,26,2025-06-10,2025-06,13,13,0
3350,amasun,83,2025-06-10,2025-06,2,81,0
3351,ebalaban,134,2025-06-10,2025-06,28,106,0
3352,aavcil,93,2025-06-10,2025-06,77,16,0
3353,gcevik,5,2025-06-10,2025-06,5,0,0
3354,SUYILMAZ,1,2025-06-10,2025-06,1,0,0
3355,mkorucu,1,2025-06-10,2025-06,1,0,0
3356,nibolkis,4,2025-06-10,2025-06,4,0,0
3357,ogungor,23,2025-06-10,2025-06,23,0,0
3358,gayilmaz,5,2025-06-10,2025-06,5,0,0
3359,nkaya,1,2025-06-11,2025-06,0,1,0
3360,udalyan,8,2025-06-11,2025-06,4,4,0
3361,hakand,6,2025-06-11,2025-06,6,0,0
3362,okelepe,11,2025-06-11,2025-06,1,0,10
3363,fgulsever,17,2025-06-11,2025-06,0,17,0
3364,baozturk,3,2025-06-11,2025-06,1,2,0
3365,ierdil,6,2025-06-11,2025-06,6,0,0
3366,mguray,4,2025-06-11,2025-06,4,0,0
3367,ytinmaz,1,2025-06-11,2025-06,1,0,0
3368,aapak,28,2025-06-11,2025-06,0,28,0
3369,eyuksel,2,2025-06-11,2025-06,0,2,0
3370,hbinay,13,2025-06-11,2025-06,13,0,0
3371,mkarsiv,1,2025-06-11,2025-06,1,0,0
3372,egonce,36,2025-06-11,2025-06,21,15,0
3373,herbilgin,27,2025-06-11,2025-06,27,0,0
3374,hakdemir,13,2025-06-11,2025-06,12,1,0
3375,akocak,1,2025-06-11,2025-06,1,0,0
3376,dcolor,79,2025-06-11,2025-06,0,79,0
3377,ekoksal,3,2025-06-11,2025-06,2,1,0
3378,hbulut,2,2025-06-11,2025-06,2,0,0
3379,bfirat,7,2025-06-11,2025-06,7,0,0
3380,bunver,12,2025-06-11,2025-06,10,2,0
3381,kdeda,1,2025-06-11,2025-06,1,0,0
3382,fcolak,22,2025-06-11,2025-06,16,6,0
3383,gakca,12,2025-06-11,2025-06,12,0,0
3384,gmasistan,9,2025-06-11,2025-06,0,0,9
3385,gbakanoglu,1,2025-06-11,2025-06,1,0,0
3386,akamera,19,2025-06-11,2025-06,1,18,0
3387,gekim,37,2025-06-11,2025-06,0,37,0
3388,oyurtsever,2,2025-06-11,2025-06,2,0,0
3389,ntanriverdi,10,2025-06-11,2025-06,5,5,0
3390,fbasak,3,2025-06-11,2025-06,3,0,0
3391,cer,4,2025-06-11,2025-06,4,0,0
3392,scolak,5,2025-06-11,2025-06,5,0,0
3393,MMUTLU,16,2025-06-11,2025-06,12,0,4
3394,gkenarli,2,2025-06-11,2025-06,2,0,0
3395,ggirgin,7,2025-06-11,2025-06,6,1,0
3396,mertan,3,2025-06-11,2025-06,3,0,0
3397,tcapkin,16,2025-06-11,2025-06,0,16,0
3398,eulsever,5,2025-06-11,2025-06,4,1,0
3399,ayyilmaz,2,2025-06-11,2025-06,2,0,0
3400,eanli,3,2025-06-11,2025-06,0,3,0
3401,amasun,38,2025-06-11,2025-06,5,33,0
3402,ebalaban,8,2025-06-11,2025-06,8,0,0
3403,bbusta,1,2025-06-11,2025-06,1,0,0
3404,aavcil,13,2025-06-11,2025-06,7,0,6
3405,gcevik,2,2025-06-11,2025-06,0,2,0
3406,nibolkis,1,2025-06-11,2025-06,1,0,0
3407,gayilmaz,3,2025-06-11,2025-06,3,0,0
3408,dnoic,66,2025-06-11,2025-06,63,3,0
3409,gakca,7,2025-06-12,2025-06,2,5,0
3410,mguder,2,2025-06-12,2025-06,2,0,0
3411,aapak,57,2025-06-12,2025-06,0,57,0
3412,udalyan,35,2025-06-12,2025-06,19,15,1
3413,mecigdem,4,2025-06-12,2025-06,4,0,0
3414,cdonmez,19,2025-06-12,2025-06,14,5,0
3415,fgulsever,21,2025-06-12,2025-06,0,21,0
3416,itopcu,2,2025-06-12,2025-06,2,0,0
3417,zyuksel,43,2025-06-12,2025-06,43,0,0
3418,earslanbay,4,2025-06-12,2025-06,0,4,0
3419,tyilmaz,3,2025-06-12,2025-06,0,0,3
3420,egonce,23,2025-06-12,2025-06,0,23,0
3421,hakdemir,8,2025-06-12,2025-06,7,1,0
3422,hbinay,2,2025-06-12,2025-06,2,0,0
3423,dcolor,87,2025-06-12,2025-06,0,87,0
3424,hbulut,13,2025-06-12,2025-06,13,0,0
3425,bfirat,12,2025-06-12,2025-06,9,3,0
3426,bunver,6,2025-06-12,2025-06,6,0,0
3427,otufan,2,2025-06-12,2025-06,0,2,0
3428,ebadem,2,2025-06-12,2025-06,2,0,0
3429,gekim,118,2025-06-12,2025-06,0,118,0
3430,eulsever,14,2025-06-12,2025-06,0,14,0
3431,ebalaban,22,2025-06-12,2025-06,22,0,0
3432,akamera,36,2025-06-12,2025-06,0,36,0
3433,abarkod,11,2025-06-12,2025-06,11,0,0
3434,tcapkin,1,2025-06-12,2025-06,0,1,0
3435,gmasistan,17,2025-06-12,2025-06,9,4,4
3436,asablon,12,2025-06-12,2025-06,12,0,0
3437,fbasak,7,2025-06-12,2025-06,7,0,0
3438,cer,3,2025-06-12,2025-06,0,3,0
3439,aaksoy,1,2025-06-12,2025-06,1,0,0
3440,scolak,2,2025-06-12,2025-06,2,0,0
3441,ntanriverdi,42,2025-06-12,2025-06,41,1,0
3442,fimetin,6,2025-06-12,2025-06,0,6,0
3443,ggirgin,4,2025-06-12,2025-06,4,0,0
3444,tevirgen,25,2025-06-12,2025-06,18,7,0
3445,amasun,30,2025-06-12,2025-06,15,15,0
3446,oasistan,2,2025-06-12,2025-06,2,0,0
3447,okanat,3,2025-06-12,2025-06,3,0,0
3448,aavcil,18,2025-06-12,2025-06,13,2,3
3449,dnoic,49,2025-06-12,2025-06,33,0,16
3450,MMUTLU,1,2025-06-12,2025-06,1,0,0
3451,mecigdem,3,2025-06-13,2025-06,0,3,0
3452,hakand,1,2025-06-13,2025-06,1,0,0
3453,mguder,2,2025-06-13,2025-06,2,0,0
3454,zyuksel,1,2025-06-13,2025-06,1,0,0
3455,tyilmaz,4,2025-06-13,2025-06,4,0,0
3456,hbulut,10,2025-06-13,2025-06,10,0,0
3457,hakdemir,7,2025-06-13,2025-06,5,2,0
3458,dcolor,61,2025-06-13,2025-06,0,61,0
3459,ekoksal,2,2025-06-13,2025-06,2,0,0
3460,bfirat,29,2025-06-13,2025-06,29,0,0
3461,udalyan,9,2025-06-13,2025-06,7,2,0
3462,ytinmaz,1,2025-06-13,2025-06,1,0,0
3463,gakca,3,2025-06-13,2025-06,3,0,0
3464,tevirgen,18,2025-06-13,2025-06,3,15,0
3465,ebalaban,12,2025-06-13,2025-06,12,0,0
3466,akamera,7,2025-06-13,2025-06,0,7,0
3467,amasun,295,2025-06-13,2025-06,4,291,0
3468,ntanriverdi,20,2025-06-13,2025-06,20,0,0
3469,mkarabiyik,1,2025-06-13,2025-06,0,1,0
3470,obali,1,2025-06-13,2025-06,0,1,0
3471,vgemici,2,2025-06-13,2025-06,2,0,0
3472,ggirgin,4,2025-06-13,2025-06,4,0,0
3473,eulsever,16,2025-06-13,2025-06,0,16,0
3474,okanat,12,2025-06-13,2025-06,12,0,0
3475,aavcil,2,2025-06-13,2025-06,1,0,1
3476,fimetin,23,2025-06-13,2025-06,23,0,0
3477,ebalaban,11,2025-06-14,2025-06,11,0,0
3478,saskin,3,2025-06-14,2025-06,2,1,0
3479,mecigdem,2,2025-06-14,2025-06,0,2,0
3480,rkontrol,1,2025-06-14,2025-06,1,0,0
3481,fgulsever,52,2025-06-15,2025-06,0,52,0
3482,egonce,14,2025-06-15,2025-06,4,10,0
3483,bunver,1,2025-06-15,2025-06,1,0,0
3484,ierdil,1,2025-06-15,2025-06,1,0,0
3485,aapak,7,2025-06-15,2025-06,0,7,0
3486,fcolak,103,2025-06-15,2025-06,15,88,0
3487,dnoic,58,2025-06-15,2025-06,52,0,6
3488,klaboratuar,12,2025-06-15,2025-06,0,12,0
3489,alofca,27,2025-06-15,2025-06,0,27,0
3490,aayhan,6,2025-06-15,2025-06,0,5,1
3491,abarkod,23,2025-06-15,2025-06,23,0,0
3492,gekim,46,2025-06-15,2025-06,0,46,0
3493,cdonmez,8,2025-06-16,2025-06,1,7,0
3494,fgulsever,45,2025-06-16,2025-06,0,45,0
3495,baozturk,56,2025-06-16,2025-06,56,0,0
3496,zyuksel,22,2025-06-16,2025-06,22,0,0
3497,mguray,19,2025-06-16,2025-06,0,19,0
3498,tyilmaz,6,2025-06-16,2025-06,4,2,0
3499,mkarsiv,2,2025-06-16,2025-06,2,0,0
3500,hakdemir,13,2025-06-16,2025-06,8,5,0
3501,herbilgin,4,2025-06-16,2025-06,4,0,0
3502,mecigdem,2,2025-06-16,2025-06,0,2,0
3503,mbayirli,1,2025-06-16,2025-06,1,0,0
3504,hbinay,3,2025-06-16,2025-06,3,0,0
3505,dcolor,20,2025-06-16,2025-06,0,20,0
3506,ekoksal,2,2025-06-16,2025-06,2,0,0
3507,hbulut,7,2025-06-16,2025-06,7,0,0
3508,bfirat,16,2025-06-16,2025-06,16,0,0
3509,egonce,4,2025-06-16,2025-06,1,3,0
3510,udalyan,3,2025-06-16,2025-06,0,2,1
3511,otanriverdi,5,2025-06-16,2025-06,5,0,0
3512,eanli,4,2025-06-16,2025-06,2,2,0
3513,gekim,29,2025-06-16,2025-06,0,29,0
3514,akamera,4,2025-06-16,2025-06,1,3,0
3515,nsonmez,2,2025-06-16,2025-06,2,0,0
3516,oyurtsever,4,2025-06-16,2025-06,4,0,0
3517,cer,1,2025-06-16,2025-06,1,0,0
3518,obali,18,2025-06-16,2025-06,0,18,0
3519,MMUTLU,38,2025-06-16,2025-06,22,0,16
3520,fimetin,12,2025-06-16,2025-06,12,0,0
3521,ntanriverdi,53,2025-06-16,2025-06,36,17,0
3522,ggirgin,87,2025-06-16,2025-06,45,4,38
3523,alofca,2,2025-06-16,2025-06,0,2,0
3524,ebalaban,5,2025-06-16,2025-06,5,0,0
3525,ezyildiz,32,2025-06-16,2025-06,29,3,0
3526,amasun,35,2025-06-16,2025-06,4,31,0
3527,eulsever,2,2025-06-16,2025-06,2,0,0
3528,tevirgen,27,2025-06-16,2025-06,23,4,0
3529,aavcil,10,2025-06-16,2025-06,10,0,0
3530,cdonmez,1,2025-06-17,2025-06,0,1,0
3531,gekim,77,2025-06-17,2025-06,0,77,0
3532,iunlu,3,2025-06-17,2025-06,3,0,0
3533,gakca,3,2025-06-17,2025-06,3,0,0
3534,aapak,21,2025-06-17,2025-06,10,11,0
3535,udalyan,1,2025-06-17,2025-06,1,0,0
3536,mecigdem,2,2025-06-17,2025-06,0,2,0
3537,hakand,2,2025-06-17,2025-06,2,0,0
3538,fgulsever,54,2025-06-17,2025-06,0,54,0
3539,bfirat,25,2025-06-17,2025-06,25,0,0
3540,otanriverdi,1,2025-06-17,2025-06,1,0,0
3541,bbugdayci,2,2025-06-17,2025-06,2,0,0
3542,mkarsiv,2,2025-06-17,2025-06,2,0,0
3543,egonce,32,2025-06-17,2025-06,0,32,0
3544,dcolor,60,2025-06-17,2025-06,0,60,0
3545,ekoksal,1,2025-06-17,2025-06,1,0,0
3546,hbulut,1,2025-06-17,2025-06,1,0,0
3547,gbakanoglu,22,2025-06-17,2025-06,18,4,0
3548,baozturk,28,2025-06-17,2025-06,28,0,0
3549,eanli,2,2025-06-17,2025-06,0,2,0
3550,hakdemir,3,2025-06-17,2025-06,3,0,0
3551,ebalaban,34,2025-06-17,2025-06,33,1,0
3552,akamera,6,2025-06-17,2025-06,1,5,0
3553,abarkod,1,2025-06-17,2025-06,1,0,0
3554,nsonmez,5,2025-06-17,2025-06,3,2,0
3555,gmasistan,14,2025-06-17,2025-06,3,10,1
3556,amasun,43,2025-06-17,2025-06,1,42,0
3557,asablon,6,2025-06-17,2025-06,6,0,0
3558,merkan,6,2025-06-17,2025-06,6,0,0
3559,aayhan,6,2025-06-17,2025-06,2,0,4
3560,obali,2,2025-06-17,2025-06,2,0,0
3561,bkibar,1,2025-06-17,2025-06,1,0,0
3562,gkenarli,4,2025-06-17,2025-06,4,0,0
3563,MMUTLU,43,2025-06-17,2025-06,42,1,0
3564,gayilmaz,2,2025-06-17,2025-06,2,0,0
3565,eulsever,4,2025-06-17,2025-06,0,4,0
3566,tevirgen,9,2025-06-17,2025-06,6,3,0
3567,dnoic,344,2025-06-17,2025-06,338,5,1
3568,mertan,6,2025-06-17,2025-06,6,0,0
3569,sulger,25,2025-06-17,2025-06,25,0,0
3570,ggirgin,6,2025-06-17,2025-06,4,0,2
3571,ayyilmaz,1,2025-06-17,2025-06,1,0,0
3572,tyilmaz,1,2025-06-18,2025-06,1,0,0
3573,mecigdem,2,2025-06-18,2025-06,0,2,0
3574,BSOGUT,12,2025-06-18,2025-06,6,6,0
3575,fgulsever,35,2025-06-18,2025-06,2,33,0
3576,itopcu,6,2025-06-18,2025-06,4,0,2
3577,baozturk,2,2025-06-18,2025-06,1,1,0
3578,mguder,30,2025-06-18,2025-06,3,27,0
3579,zyuksel,1,2025-06-18,2025-06,1,0,0
3580,rkontrol,1,2025-06-18,2025-06,1,0,0
3581,ihasdemir,63,2025-06-18,2025-06,63,0,0
3582,VBAYANER,1,2025-06-18,2025-06,0,1,0
3583,fcolak,25,2025-06-18,2025-06,3,22,0
3584,egonce,7,2025-06-18,2025-06,0,7,0
3585,hakdemir,3,2025-06-18,2025-06,2,1,0
3586,eozkan,6,2025-06-18,2025-06,6,0,0
3587,dcolor,46,2025-06-18,2025-06,0,46,0
3588,ersener,13,2025-06-18,2025-06,2,11,0
3589,hbulut,1,2025-06-18,2025-06,1,0,0
3590,bfirat,13,2025-06-18,2025-06,13,0,0
3591,udalyan,8,2025-06-18,2025-06,5,3,0
3592,bbugdayci,1,2025-06-18,2025-06,1,0,0
3593,aapak,27,2025-06-18,2025-06,0,27,0
3594,gekim,72,2025-06-18,2025-06,0,72,0
3595,gakca,7,2025-06-18,2025-06,7,0,0
3596,akamera,2,2025-06-18,2025-06,0,2,0
3597,nsonmez,1,2025-06-18,2025-06,1,0,0
3598,ubasdas,5,2025-06-18,2025-06,5,0,0
3599,tcapkin,3,2025-06-18,2025-06,0,3,0
3600,ntanriverdi,30,2025-06-18,2025-06,26,4,0
3601,ogun,26,2025-06-18,2025-06,26,0,0
3602,MMUTLU,32,2025-06-18,2025-06,16,7,9
3603,fimetin,4,2025-06-18,2025-06,4,0,0
3604,ggirgin,10,2025-06-18,2025-06,6,1,3
3605,tevirgen,7,2025-06-18,2025-06,1,6,0
3606,vgemici,2,2025-06-18,2025-06,2,0,0
3607,oicoz,52,2025-06-18,2025-06,0,52,0
3608,gcevik,1,2025-06-18,2025-06,1,0,0
3609,aavcil,5,2025-06-18,2025-06,5,0,0
3610,dnoic,59,2025-06-18,2025-06,1,0,58
3611,ezyildiz,2,2025-06-18,2025-06,2,0,0
3612,ebalaban,13,2025-06-18,2025-06,8,5,0
3613,amasun,109,2025-06-18,2025-06,0,109,0
3614,gbakanoglu,2,2025-06-18,2025-06,2,0,0
3615,gayilmaz,5,2025-06-18,2025-06,5,0,0
3616,fgulsever,54,2025-06-19,2025-06,0,54,0
3617,mguder,10,2025-06-19,2025-06,10,0,0
3618,zyuksel,22,2025-06-19,2025-06,22,0,0
3619,tyilmaz,3,2025-06-19,2025-06,1,0,2
3620,fcolak,1,2025-06-19,2025-06,1,0,0
3621,egonce,33,2025-06-19,2025-06,24,9,0
3622,hakdemir,1,2025-06-19,2025-06,0,1,0
3623,akocak,2,2025-06-19,2025-06,0,2,0
3624,hbinay,17,2025-06-19,2025-06,17,0,0
3625,mmollaoglu,4,2025-06-19,2025-06,4,0,0
3626,eozkan,7,2025-06-19,2025-06,7,0,0
3627,dcolor,56,2025-06-19,2025-06,0,56,0
3628,ersener,2,2025-06-19,2025-06,2,0,0
3629,hbulut,3,2025-06-19,2025-06,3,0,0
3630,hakand,3,2025-06-19,2025-06,3,0,0
3631,mbayirli,4,2025-06-19,2025-06,1,3,0
3632,mecigdem,2,2025-06-19,2025-06,0,2,0
3633,gakca,2,2025-06-19,2025-06,2,0,0
3634,edemirbas,2,2025-06-19,2025-06,0,1,1
3635,aapak,27,2025-06-19,2025-06,0,27,0
3636,akamera,8,2025-06-19,2025-06,4,4,0
3637,abarkod,22,2025-06-19,2025-06,22,0,0
3638,ntanriverdi,2,2025-06-19,2025-06,2,0,0
3639,fbasak,1,2025-06-19,2025-06,1,0,0
3640,aaksoy,4,2025-06-19,2025-06,4,0,0
3641,MMUTLU,21,2025-06-19,2025-06,12,0,9
3642,aayhan,6,2025-06-19,2025-06,0,0,6
3643,tevirgen,6,2025-06-19,2025-06,6,0,0
3644,aavcil,186,2025-06-19,2025-06,170,16,0
3645,dnoic,264,2025-06-19,2025-06,243,16,5
3646,ebalaban,18,2025-06-19,2025-06,18,0,0
3647,amasun,5,2025-06-19,2025-06,0,5,0
3648,gekim,23,2025-06-19,2025-06,0,23,0
3649,ggirgin,43,2025-06-19,2025-06,43,0,0
3650,mkarsiv,3,2025-06-20,2025-06,3,0,0
3651,zyuksel,8,2025-06-20,2025-06,8,0,0
3652,tyilmaz,179,2025-06-20,2025-06,31,25,123
3653,hbinay,3,2025-06-20,2025-06,3,0,0
3654,hakdemir,4,2025-06-20,2025-06,1,3,0
3655,gbalvan,1,2025-06-20,2025-06,1,0,0
3656,akocak,4,2025-06-20,2025-06,4,0,0
3657,dcolor,46,2025-06-20,2025-06,0,46,0
3658,mecigdem,3,2025-06-20,2025-06,0,3,0
3659,SKARTOGLU,14,2025-06-20,2025-06,14,0,0
3660,udalyan,1,2025-06-20,2025-06,0,1,0
3661,ggirgin,30,2025-06-20,2025-06,27,3,0
3662,ebalaban,15,2025-06-20,2025-06,14,1,0
3663,ezyildiz,5,2025-06-20,2025-06,5,0,0
3664,kcakir,2,2025-06-20,2025-06,2,0,0
3665,klaboratuar,1,2025-06-20,2025-06,0,1,0
3666,tevirgen,4,2025-06-20,2025-06,1,3,0
3667,ekaradavut,2,2025-06-20,2025-06,2,0,0
3668,fimetin,2,2025-06-20,2025-06,0,2,0
3669,MMUTLU,19,2025-06-20,2025-06,14,0,5
3670,obali,16,2025-06-20,2025-06,8,8,0
3671,vgemici,8,2025-06-20,2025-06,6,2,0
3672,gakca,7,2025-06-20,2025-06,7,0,0
3673,dcolor,44,2025-06-21,2025-06,0,44,0
3674,hbinay,3,2025-06-21,2025-06,3,0,0
3675,hakdemir,7,2025-06-21,2025-06,7,0,0
3676,klaboratuar,1,2025-06-21,2025-06,0,1,0
3677,ebalaban,3,2025-06-21,2025-06,2,1,0
3678,rkontrol,1,2025-06-21,2025-06,1,0,0
3679,egonce,9,2025-06-22,2025-06,8,1,0
3680,mkarsiv,1,2025-06-22,2025-06,1,0,0
3681,fcolak,1,2025-06-22,2025-06,1,0,0
3682,ierdil,2,2025-06-22,2025-06,2,0,0
3683,fgulsever,24,2025-06-22,2025-06,4,20,0
3684,aapak,40,2025-06-22,2025-06,13,27,0
3685,bbugdayci,12,2025-06-22,2025-06,0,0,12
3686,dnoic,7,2025-06-22,2025-06,6,1,0
3687,mkorucu,1,2025-06-22,2025-06,0,1,0
3688,aayhan,81,2025-06-22,2025-06,61,18,2
3689,fbasak,6,2025-06-22,2025-06,4,2,0
3690,abarkod,28,2025-06-22,2025-06,28,0,0
3691,gekim,78,2025-06-22,2025-06,0,78,0
3692,mguder,3,2025-06-23,2025-06,1,1,1
3693,mecigdem,2,2025-06-23,2025-06,0,2,0
3694,hakand,35,2025-06-23,2025-06,34,1,0
3695,okelepe,1,2025-06-23,2025-06,1,0,0
3696,cdonmez,3,2025-06-23,2025-06,0,3,0
3697,fgulsever,23,2025-06-23,2025-06,0,23,0
3698,itopcu,2,2025-06-23,2025-06,2,0,0
3699,gsapmaz,20,2025-06-23,2025-06,20,0,0
3700,rkontrol,8,2025-06-23,2025-06,8,0,0
3701,udalyan,62,2025-06-23,2025-06,54,4,4
3702,nkaya,1,2025-06-23,2025-06,0,1,0
3703,fcolak,9,2025-06-23,2025-06,9,0,0
3704,egonce,145,2025-06-23,2025-06,136,9,0
3705,hakdemir,3,2025-06-23,2025-06,3,0,0
3706,fdeniz,55,2025-06-23,2025-06,0,0,55
3707,hbinay,2,2025-06-23,2025-06,2,0,0
3708,bfirat,28,2025-06-23,2025-06,15,13,0
3709,hkaragoz,5,2025-06-23,2025-06,4,1,0
3710,dcolor,59,2025-06-23,2025-06,0,59,0
3711,tyilmaz,157,2025-06-23,2025-06,14,134,9
3712,aapak,69,2025-06-23,2025-06,0,69,0
3713,tcapkin,14,2025-06-23,2025-06,7,7,0
3714,gekim,15,2025-06-23,2025-06,0,15,0
3715,akamera,9,2025-06-23,2025-06,0,9,0
3716,abarkod,2,2025-06-23,2025-06,2,0,0
3717,ntanriverdi,12,2025-06-23,2025-06,11,1,0
3718,obali,28,2025-06-23,2025-06,4,11,13
3719,MMUTLU,56,2025-06-23,2025-06,37,5,14
3720,fimetin,14,2025-06-23,2025-06,12,2,0
3721,ggirgin,23,2025-06-23,2025-06,23,0,0
3722,oseker,6,2025-06-23,2025-06,6,0,0
3723,mertan,8,2025-06-23,2025-06,8,0,0
3724,gakca,8,2025-06-23,2025-06,6,2,0
3725,tevirgen,13,2025-06-23,2025-06,9,4,0
3726,oicoz,4,2025-06-23,2025-06,4,0,0
3727,mkorucu,1,2025-06-23,2025-06,1,0,0
3728,aavcil,33,2025-06-23,2025-06,17,16,0
3729,dnoic,34,2025-06-23,2025-06,20,0,14
3730,ebalaban,6,2025-06-23,2025-06,6,0,0
3731,amasun,6,2025-06-23,2025-06,4,2,0
3732,gbakanoglu,4,2025-06-23,2025-06,4,0,0
3733,ayyilmaz,1,2025-06-23,2025-06,1,0,0
3734,hakand,14,2025-06-24,2025-06,3,11,0
3735,mecigdem,4,2025-06-24,2025-06,0,4,0
3736,udalyan,2,2025-06-24,2025-06,1,1,0
3737,iunlu,3,2025-06-24,2025-06,3,0,0
3738,dayakta,3,2025-06-24,2025-06,0,3,0
3739,gakca,10,2025-06-24,2025-06,10,0,0
3740,fgulsever,61,2025-06-24,2025-06,2,59,0
3741,aapak,9,2025-06-24,2025-06,0,9,0
3742,mguder,4,2025-06-24,2025-06,3,1,0
3743,fcolak,6,2025-06-24,2025-06,1,5,0
3744,aildeniz,4,2025-06-24,2025-06,4,0,0
3745,tyilmaz,26,2025-06-24,2025-06,4,20,2
3746,ihasdemir,24,2025-06-24,2025-06,24,0,0
3747,sekisa,29,2025-06-24,2025-06,28,1,0
3748,egonce,36,2025-06-24,2025-06,25,11,0
3749,hakdemir,13,2025-06-24,2025-06,8,5,0
3750,dcolor,66,2025-06-24,2025-06,0,66,0
3751,gekim,69,2025-06-24,2025-06,0,69,0
3752,VBAYANER,24,2025-06-24,2025-06,6,18,0
3753,zyuksel,20,2025-06-24,2025-06,20,0,0
3754,cisahin,31,2025-06-24,2025-06,29,2,0
3755,bfirat,110,2025-06-24,2025-06,110,0,0
3756,aozbal,3,2025-06-24,2025-06,2,1,0
3757,vgemici,1,2025-06-24,2025-06,1,0,0
3758,tcapkin,2,2025-06-24,2025-06,0,2,0
3759,fbasak,2,2025-06-24,2025-06,2,0,0
3760,aayhan,13,2025-06-24,2025-06,7,6,0
3761,MMUTLU,15,2025-06-24,2025-06,7,1,7
3762,fimetin,6,2025-06-24,2025-06,1,5,0
3763,ggirgin,14,2025-06-24,2025-06,11,3,0
3764,mertan,7,2025-06-24,2025-06,7,0,0
3765,ayyilmaz,2,2025-06-24,2025-06,0,2,0
3766,abarkod,2,2025-06-24,2025-06,2,0,0
3767,eulsever,13,2025-06-24,2025-06,4,9,0
3768,tevirgen,22,2025-06-24,2025-06,1,3,18
3769,amasun,49,2025-06-24,2025-06,6,43,0
3770,ebalaban,4,2025-06-24,2025-06,4,0,0
3771,dnoic,8,2025-06-24,2025-06,1,6,1
3772,SUYILMAZ,2,2025-06-24,2025-06,2,0,0
3773,mkorucu,1,2025-06-24,2025-06,1,0,0
3774,nibolkis,18,2025-06-24,2025-06,17,1,0
3775,ogungor,5,2025-06-24,2025-06,3,2,0
3776,gayilmaz,15,2025-06-24,2025-06,14,1,0
3777,aavcil,16,2025-06-24,2025-06,14,2,0
3778,BSOGUT,1,2025-06-25,2025-06,1,0,0
3779,okelepe,2,2025-06-25,2025-06,2,0,0
3780,cdonmez,12,2025-06-25,2025-06,0,12,0
3781,fgulsever,10,2025-06-25,2025-06,0,10,0
3782,mguder,7,2025-06-25,2025-06,7,0,0
3783,aildeniz,10,2025-06-25,2025-06,10,0,0
3784,tyilmaz,20,2025-06-25,2025-06,20,0,0
3785,fcolak,12,2025-06-25,2025-06,12,0,0
3786,sekisa,21,2025-06-25,2025-06,18,3,0
3787,egonce,14,2025-06-25,2025-06,7,7,0
3788,hakdemir,9,2025-06-25,2025-06,6,3,0
3789,hbinay,2,2025-06-25,2025-06,2,0,0
3790,neozdemir,57,2025-06-25,2025-06,0,57,0
3791,dcolor,71,2025-06-25,2025-06,0,71,0
3792,ekoksal,1,2025-06-25,2025-06,1,0,0
3793,bfirat,15,2025-06-25,2025-06,15,0,0
3794,VBAYANER,2,2025-06-25,2025-06,1,1,0
3795,hakand,73,2025-06-25,2025-06,73,0,0
3796,mkarsiv,1,2025-06-25,2025-06,1,0,0
3797,eozkan,12,2025-06-25,2025-06,12,0,0
3798,udalyan,13,2025-06-25,2025-06,12,1,0
3799,aapak,6,2025-06-25,2025-06,0,6,0
3800,mecigdem,2,2025-06-25,2025-06,0,2,0
3801,akamera,7,2025-06-25,2025-06,0,7,0
3802,abarkod,13,2025-06-25,2025-06,13,0,0
3803,tcapkin,3,2025-06-25,2025-06,2,1,0
3804,gmasistan,9,2025-06-25,2025-06,5,0,4
3805,cer,2,2025-06-25,2025-06,2,0,0
3806,obali,37,2025-06-25,2025-06,37,0,0
3807,MMUTLU,2,2025-06-25,2025-06,2,0,0
3808,ggirgin,41,2025-06-25,2025-06,41,0,0
3809,nkorkmaz,4,2025-06-25,2025-06,2,2,0
3810,tevirgen,29,2025-06-25,2025-06,25,4,0
3811,mertan,1,2025-06-25,2025-06,1,0,0
3812,gekim,69,2025-06-25,2025-06,0,69,0
3813,eanli,1,2025-06-25,2025-06,0,1,0
3814,amasun,72,2025-06-25,2025-06,6,66,0
3815,gakca,12,2025-06-25,2025-06,10,2,0
3816,dnoic,59,2025-06-25,2025-06,2,0,57
3817,nibolkis,1,2025-06-25,2025-06,1,0,0
3818,ebalaban,13,2025-06-25,2025-06,13,0,0
3819,mguder,3,2025-06-26,2025-06,3,0,0
3820,mecigdem,4,2025-06-26,2025-06,0,4,0
3821,hakand,21,2025-06-26,2025-06,15,6,0
3822,BSOGUT,1,2025-06-26,2025-06,1,0,0
3823,cdonmez,1,2025-06-26,2025-06,0,1,0
3824,fgulsever,9,2025-06-26,2025-06,0,9,0
3825,baozturk,1,2025-06-26,2025-06,1,0,0
3826,gsapmaz,10,2025-06-26,2025-06,10,0,0
3827,zyuksel,1,2025-06-26,2025-06,1,0,0
3828,aapak,6,2025-06-26,2025-06,0,6,0
3829,egonce,22,2025-06-26,2025-06,3,19,0
3830,hakdemir,11,2025-06-26,2025-06,11,0,0
3831,mmollaoglu,10,2025-06-26,2025-06,8,2,0
3832,eozkan,4,2025-06-26,2025-06,4,0,0
3833,dcolor,50,2025-06-26,2025-06,0,50,0
3834,bfirat,8,2025-06-26,2025-06,8,0,0
3835,VBAYANER,1,2025-06-26,2025-06,1,0,0
3836,bunver,44,2025-06-26,2025-06,0,0,44
3837,tyilmaz,3,2025-06-26,2025-06,0,3,0
3838,gakca,5,2025-06-26,2025-06,5,0,0
3839,ebalaban,10,2025-06-26,2025-06,10,0,0
3840,cozkan,15,2025-06-26,2025-06,15,0,0
3841,abarkod,9,2025-06-26,2025-06,9,0,0
3842,vgemici,12,2025-06-26,2025-06,7,5,0
3843,tcapkin,3,2025-06-26,2025-06,2,1,0
3844,ntanriverdi,42,2025-06-26,2025-06,40,2,0
3845,aayhan,7,2025-06-26,2025-06,6,1,0
3846,mkarabiyik,2,2025-06-26,2025-06,0,2,0
3847,MMUTLU,8,2025-06-26,2025-06,6,0,2
3848,fimetin,8,2025-06-26,2025-06,6,2,0
3849,ggirgin,11,2025-06-26,2025-06,9,2,0
3850,gekim,81,2025-06-26,2025-06,0,81,0
3851,tevirgen,42,2025-06-26,2025-06,13,5,24
3852,ayyilmaz,1,2025-06-26,2025-06,1,0,0
3853,ezyildiz,9,2025-06-26,2025-06,8,1,0
3854,dnoic,18,2025-06-26,2025-06,17,1,0
3855,amasun,4,2025-06-26,2025-06,0,4,0
3856,mkorucu,4,2025-06-26,2025-06,4,0,0
3857,ogungor,1,2025-06-26,2025-06,1,0,0
3858,eulsever,2,2025-06-26,2025-06,1,1,0
3859,aavcil,16,2025-06-26,2025-06,14,2,0
3860,egonce,6,2025-06-27,2025-06,0,6,0
3861,hakand,32,2025-06-27,2025-06,16,16,0
3862,gsapmaz,1,2025-06-27,2025-06,1,0,0
3863,mguder,2,2025-06-27,2025-06,2,0,0
3864,ierdil,3,2025-06-27,2025-06,3,0,0
3865,tyilmaz,31,2025-06-27,2025-06,16,0,15
3866,mkarsiv,1,2025-06-27,2025-06,1,0,0
3867,hakdemir,24,2025-06-27,2025-06,24,0,0
3868,eozkan,8,2025-06-27,2025-06,8,0,0
3869,hbinay,6,2025-06-27,2025-06,4,2,0
3870,mmollaoglu,8,2025-06-27,2025-06,0,0,8
3871,udalyan,18,2025-06-27,2025-06,11,7,0
3872,dcolor,62,2025-06-27,2025-06,0,62,0
3873,sutetik,4,2025-06-27,2025-06,4,0,0
3874,bfirat,20,2025-06-27,2025-06,19,1,0
3875,VBAYANER,54,2025-06-27,2025-06,42,12,0
3876,msevim,1,2025-06-27,2025-06,1,0,0
3877,gakca,15,2025-06-27,2025-06,15,0,0
3878,mecigdem,2,2025-06-27,2025-06,0,2,0
3879,aozbal,1,2025-06-27,2025-06,0,1,0
3880,akamera,4,2025-06-27,2025-06,0,4,0
3881,ntanriverdi,2,2025-06-27,2025-06,2,0,0
3882,cozkan,3,2025-06-27,2025-06,3,0,0
3883,mkarabiyik,6,2025-06-27,2025-06,0,6,0
3884,obali,1,2025-06-27,2025-06,0,1,0
3885,MMUTLU,29,2025-06-27,2025-06,25,0,4
3886,fimetin,4,2025-06-27,2025-06,4,0,0
3887,ggirgin,26,2025-06-27,2025-06,25,1,0
3888,mertan,4,2025-06-27,2025-06,4,0,0
3889,aaksoy,2,2025-06-27,2025-06,2,0,0
3890,eulsever,5,2025-06-27,2025-06,5,0,0
3891,gayilmaz,4,2025-06-27,2025-06,4,0,0
3892,ogungor,1,2025-06-27,2025-06,1,0,0
3893,okanat,1,2025-06-27,2025-06,1,0,0
3894,ezyildiz,5,2025-06-27,2025-06,5,0,0
3895,ebalaban,12,2025-06-27,2025-06,12,0,0
3896,amasun,30,2025-06-27,2025-06,0,30,0
3897,tevirgen,10,2025-06-27,2025-06,5,5,0
3898,dcolor,33,2025-06-28,2025-06,0,33,0
3899,hbinay,2,2025-06-28,2025-06,2,0,0
3900,hakdemir,9,2025-06-28,2025-06,9,0,0
3901,rkontrol,1,2025-06-28,2025-06,1,0,0
3902,mecigdem,4,2025-06-28,2025-06,0,4,0
3903,ebalaban,56,2025-06-28,2025-06,56,0,0
3904,egonce,2,2025-06-28,2025-06,2,0,0
3905,fgulsever,51,2025-06-29,2025-06,8,43,0
3906,VBAYANER,2,2025-06-29,2025-06,2,0,0
3907,dcolor,8,2025-06-29,2025-06,0,8,0
3908,mbayirli,20,2025-06-29,2025-06,20,0,0
3909,sekisa,4,2025-06-29,2025-06,4,0,0
3910,cyildiz,3,2025-06-29,2025-06,3,0,0
3911,aapak,24,2025-06-29,2025-06,0,24,0
3912,egonce,29,2025-06-29,2025-06,9,20,0
3913,cisahin,49,2025-06-29,2025-06,19,30,0
3914,cozkan,5,2025-06-29,2025-06,5,0,0
3915,dnoic,148,2025-06-29,2025-06,148,0,0
3916,TIRMAK,4,2025-06-29,2025-06,4,0,0
3917,tcapkin,2,2025-06-29,2025-06,1,1,0
3918,abarkod,28,2025-06-29,2025-06,28,0,0
3919,gekim,90,2025-06-29,2025-06,0,90,0
3920,hakand,1,2025-06-30,2025-06,1,0,0
3921,BSOGUT,25,2025-06-30,2025-06,0,0,25
3922,okelepe,6,2025-06-30,2025-06,4,2,0
3923,fgulsever,21,2025-06-30,2025-06,0,21,0
3924,zyuksel,41,2025-06-30,2025-06,41,0,0
3925,rkontrol,3,2025-06-30,2025-06,1,2,0
3926,tyilmaz,68,2025-06-30,2025-06,24,26,18
3927,fcolak,1,2025-06-30,2025-06,0,1,0
3928,hakdemir,3,2025-06-30,2025-06,3,0,0
3929,egonce,64,2025-06-30,2025-06,47,17,0
3930,mecigdem,2,2025-06-30,2025-06,0,2,0
3931,tcakan,1,2025-06-30,2025-06,1,0,0
3932,eozkan,4,2025-06-30,2025-06,4,0,0
3933,dcolor,41,2025-06-30,2025-06,0,41,0
3934,ersener,28,2025-06-30,2025-06,28,0,0
3935,hbulut,11,2025-06-30,2025-06,11,0,0
3936,bfirat,1,2025-06-30,2025-06,1,0,0
3937,bunver,8,2025-06-30,2025-06,6,2,0
3938,mkarsiv,1,2025-06-30,2025-06,1,0,0
3939,udalyan,5,2025-06-30,2025-06,1,2,2
3940,ierdil,4,2025-06-30,2025-06,4,0,0
3941,gekim,85,2025-06-30,2025-06,0,85,0
3942,aapak,30,2025-06-30,2025-06,10,20,0
3943,abarkod,16,2025-06-30,2025-06,16,0,0
3944,oyurtsever,1,2025-06-30,2025-06,0,1,0
3945,ntanriverdi,2,2025-06-30,2025-06,2,0,0
3946,asablon,1,2025-06-30,2025-06,1,0,0
3947,obali,15,2025-06-30,2025-06,6,5,4
3948,MMUTLU,22,2025-06-30,2025-06,10,1,11
3949,fimetin,31,2025-06-30,2025-06,31,0,0
3950,ggirgin,27,2025-06-30,2025-06,24,3,0
3951,fbasak,4,2025-06-30,2025-06,4,0,0
3952,tevirgen,36,2025-06-30,2025-06,20,16,0
3953,ekaradavut,3,2025-06-30,2025-06,2,1,0
3954,amasun,29,2025-06-30,2025-06,2,27,0
3955,ebalaban,3,2025-06-30,2025-06,3,0,0
3956,ezyildiz,7,2025-06-30,2025-06,7,0,0
3957,gbakanoglu,1,2025-06-30,2025-06,1,0,0
3958,ogungor,13,2025-06-30,2025-06,11,2,0
3959,gayilmaz,1,2025-06-30,2025-06,1,0,0
3960,aavcil,6,2025-06-30,2025-06,6,0,0
3961,okelepe,1,2025-07-01,2025-07,1,0,0
3962,cozkan,2,2025-07-01,2025-07,2,0,0
3963,bunver,3,2025-07-01,2025-07,3,0,0
3964,gbakanoglu,21,2025-07-01,2025-07,21,0,0
3965,gekim,108,2025-07-01,2025-07,0,108,0
3966,aapak,1,2025-07-01,2025-07,0,1,0
3967,udalyan,2,2025-07-01,2025-07,1,1,0
3968,mecigdem,2,2025-07-01,2025-07,0,2,0
3969,hakand,11,2025-07-01,2025-07,7,4,0
3970,fgulsever,10,2025-07-01,2025-07,1,9,0
3971,bfirat,5,2025-07-01,2025-07,5,0,0
3972,rkontrol,2,2025-07-01,2025-07,1,1,0
3973,tyilmaz,84,2025-07-01,2025-07,15,66,3
3974,fcolak,23,2025-07-01,2025-07,13,10,0
3975,egonce,8,2025-07-01,2025-07,2,6,0
3976,hbinay,2,2025-07-01,2025-07,2,0,0
3977,neozdemir,7,2025-07-01,2025-07,0,7,0
3978,dcolor,47,2025-07-01,2025-07,0,47,0
3979,hbulut,88,2025-07-01,2025-07,87,1,0
3980,fbalaban,6,2025-07-01,2025-07,0,6,0
3981,mguder,26,2025-07-01,2025-07,26,0,0
3982,amasun,71,2025-07-01,2025-07,7,64,0
3983,ogungor,4,2025-07-01,2025-07,4,0,0
3984,ezyildiz,130,2025-07-01,2025-07,130,0,0
3985,ebalaban,9,2025-07-01,2025-07,9,0,0
3986,akamera,5,2025-07-01,2025-07,0,5,0
3987,abarkod,1,2025-07-01,2025-07,1,0,0
3988,vgemici,1,2025-07-01,2025-07,1,0,0
3989,ntanriverdi,4,2025-07-01,2025-07,1,3,0
3990,gmasistan,53,2025-07-01,2025-07,27,0,26
3991,bkibar,1,2025-07-01,2025-07,1,0,0
3992,asablon,1,2025-07-01,2025-07,1,0,0
3993,fbasak,1,2025-07-01,2025-07,1,0,0
3994,obali,4,2025-07-01,2025-07,1,3,0
3995,ayyilmaz,2,2025-07-01,2025-07,2,0,0
3996,fimetin,16,2025-07-01,2025-07,16,0,0
3997,ggirgin,10,2025-07-01,2025-07,10,0,0
3998,mertan,29,2025-07-01,2025-07,25,4,0
3999,MMUTLU,18,2025-07-01,2025-07,9,0,9
4000,tevirgen,23,2025-07-01,2025-07,2,5,16
4001,ddtlideri,14,2025-07-01,2025-07,14,0,0
4002,gayilmaz,9,2025-07-01,2025-07,8,1,0
4003,fakgul,3,2025-07-01,2025-07,3,0,0
4004,oicoz,10,2025-07-01,2025-07,10,0,0
4005,mkorucu,10,2025-07-01,2025-07,10,0,0
4006,zyuksel,1,2025-07-02,2025-07,1,0,0
4007,mguder,8,2025-07-02,2025-07,8,0,0
4008,fgulsever,14,2025-07-02,2025-07,0,14,0
4009,BSOGUT,1,2025-07-02,2025-07,0,0,1
4010,aapak,1,2025-07-02,2025-07,0,1,0
4011,mecigdem,1,2025-07-02,2025-07,0,1,0
4012,udalyan,10,2025-07-02,2025-07,4,1,5
4013,kbtlideri,1,2025-07-02,2025-07,1,0,0
4014,esaribuyuk,1,2025-07-02,2025-07,0,1,0
4015,tyilmaz,41,2025-07-02,2025-07,1,0,40
4016,SKARTOGLU,72,2025-07-02,2025-07,72,0,0
4017,egonce,6,2025-07-02,2025-07,2,4,0
4018,hakdemir,13,2025-07-02,2025-07,6,7,0
4019,hbinay,19,2025-07-02,2025-07,19,0,0
4020,gakca,2,2025-07-02,2025-07,2,0,0
4021,hkaragoz,13,2025-07-02,2025-07,13,0,0
4022,dcolor,38,2025-07-02,2025-07,0,38,0
4023,hbulut,20,2025-07-02,2025-07,20,0,0
4024,akapucu,8,2025-07-02,2025-07,8,0,0
4025,bfirat,66,2025-07-02,2025-07,66,0,0
4026,fcolak,5,2025-07-02,2025-07,5,0,0
4027,adogan,15,2025-07-02,2025-07,15,0,0
4028,eozkan,13,2025-07-02,2025-07,13,0,0
4029,aozbal,1,2025-07-02,2025-07,1,0,0
4030,gekim,47,2025-07-02,2025-07,0,47,0
4031,akamera,5,2025-07-02,2025-07,0,5,0
4032,abarkod,1,2025-07-02,2025-07,1,0,0
4033,nsonmez,16,2025-07-02,2025-07,15,1,0
4034,tcapkin,3,2025-07-02,2025-07,3,0,0
4035,fbasak,3,2025-07-02,2025-07,2,1,0
4036,obali,1,2025-07-02,2025-07,0,1,0
4037,MMUTLU,13,2025-07-02,2025-07,11,2,0
4038,fimetin,2,2025-07-02,2025-07,2,0,0
4039,gkenarli,7,2025-07-02,2025-07,7,0,0
4040,aaksoy,4,2025-07-02,2025-07,4,0,0
4041,tevirgen,3,2025-07-02,2025-07,2,1,0
4042,gayilmaz,5,2025-07-02,2025-07,2,3,0
4043,ogungor,12,2025-07-02,2025-07,11,1,0
4044,oicoz,13,2025-07-02,2025-07,9,4,0
4045,mkorucu,2,2025-07-02,2025-07,2,0,0
4046,aavcil,3,2025-07-02,2025-07,3,0,0
4047,dnoic,187,2025-07-02,2025-07,28,103,56
4048,ebalaban,2,2025-07-02,2025-07,2,0,0
4049,sulger,12,2025-07-02,2025-07,12,0,0
4050,amasun,177,2025-07-02,2025-07,6,171,0
4051,fgulsever,59,2025-07-03,2025-07,2,57,0
4052,BSOGUT,3,2025-07-03,2025-07,2,1,0
4053,mecigdem,12,2025-07-03,2025-07,2,10,0
4054,gakca,1,2025-07-03,2025-07,1,0,0
4055,aapak,13,2025-07-03,2025-07,7,6,0
4056,nakilli,3,2025-07-03,2025-07,3,0,0
4057,baozturk,1,2025-07-03,2025-07,1,0,0
4058,udalyan,2,2025-07-03,2025-07,1,1,0
4059,mguder,4,2025-07-03,2025-07,4,0,0
4060,bfirat,15,2025-07-03,2025-07,10,5,0
4061,fcolak,10,2025-07-03,2025-07,1,9,0
4062,mkarsiv,2,2025-07-03,2025-07,2,0,0
4063,egonce,17,2025-07-03,2025-07,5,12,0
4064,herbilgin,23,2025-07-03,2025-07,23,0,0
4065,hakdemir,8,2025-07-03,2025-07,3,5,0
4066,mbayirli,5,2025-07-03,2025-07,4,1,0
4067,tcakan,8,2025-07-03,2025-07,3,5,0
4068,dcolor,61,2025-07-03,2025-07,0,61,0
4069,hbulut,8,2025-07-03,2025-07,7,1,0
4070,gekim,99,2025-07-03,2025-07,0,99,0
4071,tyilmaz,47,2025-07-03,2025-07,0,46,1
4072,gbakanoglu,2,2025-07-03,2025-07,2,0,0
4073,nibolkis,2,2025-07-03,2025-07,2,0,0
4074,dnoic,24,2025-07-03,2025-07,17,7,0
4075,akamera,8,2025-07-03,2025-07,0,8,0
4076,edemirbas,1,2025-07-03,2025-07,1,0,0
4077,ezyildiz,4,2025-07-03,2025-07,0,4,0
4078,ntanriverdi,3,2025-07-03,2025-07,0,3,0
4079,asablon,12,2025-07-03,2025-07,12,0,0
4080,fbasak,4,2025-07-03,2025-07,4,0,0
4081,aaksoy,2,2025-07-03,2025-07,2,0,0
4082,ogun,10,2025-07-03,2025-07,0,0,10
4083,aayhan,4,2025-07-03,2025-07,2,1,1
4084,tcapkin,5,2025-07-03,2025-07,5,0,0
4085,fimetin,11,2025-07-03,2025-07,10,1,0
4086,MMUTLU,9,2025-07-03,2025-07,3,3,3
4087,mkorucu,15,2025-07-03,2025-07,8,7,0
4088,oicoz,5,2025-07-03,2025-07,3,2,0
4089,okanat,4,2025-07-03,2025-07,2,2,0
4090,abarkod,34,2025-07-03,2025-07,34,0,0
4091,gayilmaz,28,2025-07-03,2025-07,24,4,0
4092,tevirgen,6,2025-07-03,2025-07,1,1,4
4093,ekaradavut,1,2025-07-03,2025-07,1,0,0
4094,ggirgin,13,2025-07-03,2025-07,13,0,0
4095,ogungor,10,2025-07-03,2025-07,6,4,0
4096,mecigdem,1,2025-07-04,2025-07,0,1,0
4097,hakand,19,2025-07-04,2025-07,19,0,0
4098,carican,6,2025-07-04,2025-07,6,0,0
4099,zyuksel,1,2025-07-04,2025-07,1,0,0
4100,tyilmaz,18,2025-07-04,2025-07,5,0,13
4101,hkaragoz,1,2025-07-04,2025-07,0,1,0
4102,mmollaoglu,17,2025-07-04,2025-07,4,9,4
4103,eozkan,1,2025-07-04,2025-07,1,0,0
4104,dcolor,45,2025-07-04,2025-07,0,45,0
4105,bfirat,56,2025-07-04,2025-07,56,0,0
4106,gakca,5,2025-07-04,2025-07,3,2,0
4107,hakdemir,9,2025-07-04,2025-07,5,4,0
4108,hbulut,1,2025-07-04,2025-07,0,1,0
4109,amasun,17,2025-07-04,2025-07,1,16,0
4110,oicoz,3,2025-07-04,2025-07,3,0,0
4111,ogungor,2,2025-07-04,2025-07,1,1,0
4112,tevirgen,3,2025-07-04,2025-07,3,0,0
4113,ayyilmaz,1,2025-07-04,2025-07,0,1,0
4114,sulger,1,2025-07-04,2025-07,0,1,0
4115,ggirgin,15,2025-07-04,2025-07,15,0,0
4116,fimetin,8,2025-07-04,2025-07,8,0,0
4117,MMUTLU,46,2025-07-04,2025-07,32,7,7
4118,obali,12,2025-07-04,2025-07,0,12,0
4119,aaksoy,1,2025-07-04,2025-07,1,0,0
4120,ntanriverdi,1,2025-07-04,2025-07,0,1,0
4121,aavcil,825,2025-07-04,2025-07,780,45,0
4122,bfirat,6,2025-07-05,2025-07,6,0,0
4123,dcolor,34,2025-07-05,2025-07,0,34,0
4124,hbinay,27,2025-07-05,2025-07,24,3,0
4125,bbusta,1,2025-07-05,2025-07,1,0,0
4126,ebalaban,2,2025-07-05,2025-07,2,0,0
4127,hakdemir,11,2025-07-05,2025-07,4,7,0
4128,BSOGUT,11,2025-07-06,2025-07,0,5,6
4129,bunver,3,2025-07-06,2025-07,3,0,0
4130,dcolor,2,2025-07-06,2025-07,0,2,0
4131,uunver,4,2025-07-06,2025-07,3,1,0
4132,egonce,8,2025-07-06,2025-07,1,7,0
4133,mkarsiv,2,2025-07-06,2025-07,2,0,0
4134,fcolak,11,2025-07-06,2025-07,10,1,0
4135,rkontrol,7,2025-07-06,2025-07,7,0,0
4136,esaribuyuk,1,2025-07-06,2025-07,0,1,0
4137,aapak,40,2025-07-06,2025-07,0,40,0
4138,dayakta,1,2025-07-06,2025-07,1,0,0
4139,tcapkin,3,2025-07-06,2025-07,1,2,0
4140,fbasak,2,2025-07-06,2025-07,2,0,0
4141,gcevik,3,2025-07-06,2025-07,3,0,0
4142,abarkod,39,2025-07-06,2025-07,39,0,0
4143,gbakanoglu,2,2025-07-06,2025-07,2,0,0
4144,gekim,154,2025-07-06,2025-07,0,154,0
4145,ubasdas,9,2025-07-06,2025-07,5,4,0
4146,dnoic,74,2025-07-06,2025-07,73,0,1
4147,eyuksel,7,2025-07-07,2025-07,6,1,0
4148,mecigdem,5,2025-07-07,2025-07,0,5,0
4149,zyuksel,22,2025-07-07,2025-07,22,0,0
4150,ierdil,2,2025-07-07,2025-07,2,0,0
4151,aildeniz,1,2025-07-07,2025-07,1,0,0
4152,rkontrol,2,2025-07-07,2025-07,2,0,0
4153,bbugdayci,5,2025-07-07,2025-07,1,4,0
4154,fcolak,2,2025-07-07,2025-07,1,1,0
4155,eozkan,41,2025-07-07,2025-07,27,14,0
4156,hakdemir,5,2025-07-07,2025-07,1,4,0
4157,mbayirli,1,2025-07-07,2025-07,1,0,0
4158,sapra,1,2025-07-07,2025-07,1,0,0
4159,udalyan,30,2025-07-07,2025-07,13,14,3
4160,dcolor,57,2025-07-07,2025-07,0,57,0
4161,hbulut,3,2025-07-07,2025-07,1,2,0
4162,akapucu,9,2025-07-07,2025-07,9,0,0
4163,bfirat,47,2025-07-07,2025-07,47,0,0
4164,egonce,14,2025-07-07,2025-07,3,11,0
4165,aapak,65,2025-07-07,2025-07,5,60,0
4166,hkaragoz,3,2025-07-07,2025-07,0,3,0
4167,gekim,90,2025-07-07,2025-07,0,90,0
4168,akamera,1,2025-07-07,2025-07,0,1,0
4169,abarkod,1,2025-07-07,2025-07,1,0,0
4170,ntanriverdi,1,2025-07-07,2025-07,0,1,0
4171,fbasak,2,2025-07-07,2025-07,2,0,0
4172,aayhan,9,2025-07-07,2025-07,6,1,2
4173,obali,18,2025-07-07,2025-07,17,0,1
4174,MMUTLU,76,2025-07-07,2025-07,71,0,5
4175,fimetin,21,2025-07-07,2025-07,21,0,0
4176,gakca,2,2025-07-07,2025-07,2,0,0
4177,mertan,4,2025-07-07,2025-07,4,0,0
4178,ayyilmaz,1,2025-07-07,2025-07,0,1,0
4179,ogungor,4,2025-07-07,2025-07,1,3,0
4180,aavcil,30,2025-07-07,2025-07,30,0,0
4181,ezyildiz,4,2025-07-07,2025-07,0,4,0
4182,ebalaban,56,2025-07-07,2025-07,56,0,0
4183,amasun,6,2025-07-07,2025-07,2,4,0
4184,SUYILMAZ,4,2025-07-07,2025-07,4,0,0
4185,ggirgin,14,2025-07-07,2025-07,10,1,3
4186,mguder,10,2025-07-08,2025-07,10,0,0
4187,esaribuyuk,1,2025-07-08,2025-07,0,0,1
4188,hakand,3,2025-07-08,2025-07,2,1,0
4189,mecigdem,2,2025-07-08,2025-07,0,2,0
4190,gakca,2,2025-07-08,2025-07,2,0,0
4191,aapak,36,2025-07-08,2025-07,1,35,0
4192,ubasdas,5,2025-07-08,2025-07,5,0,0
4193,rkontrol,6,2025-07-08,2025-07,4,2,0
4194,gekim,40,2025-07-08,2025-07,0,40,0
4195,udalyan,37,2025-07-08,2025-07,21,16,0
4196,ihasdemir,64,2025-07-08,2025-07,64,0,0
4197,herbilgin,4,2025-07-08,2025-07,4,0,0
4198,fcolak,6,2025-07-08,2025-07,4,2,0
4199,egonce,25,2025-07-08,2025-07,0,25,0
4200,hakdemir,1,2025-07-08,2025-07,1,0,0
4201,mmollaoglu,2,2025-07-08,2025-07,2,0,0
4202,eozkan,15,2025-07-08,2025-07,14,0,1
4203,dcolor,60,2025-07-08,2025-07,0,60,0
4204,SUYILMAZ,2,2025-07-08,2025-07,2,0,0
4205,bfirat,47,2025-07-08,2025-07,47,0,0
4206,VBAYANER,9,2025-07-08,2025-07,9,0,0
4207,bunver,3,2025-07-08,2025-07,3,0,0
4208,bbugdayci,11,2025-07-08,2025-07,0,0,11
4209,hbulut,15,2025-07-08,2025-07,11,4,0
4210,eanli,8,2025-07-08,2025-07,0,8,0
4211,ebalaban,21,2025-07-08,2025-07,21,0,0
4212,akamera,21,2025-07-08,2025-07,0,21,0
4213,amasun,17,2025-07-08,2025-07,0,17,0
4214,ntanriverdi,4,2025-07-08,2025-07,4,0,0
4215,gmasistan,1,2025-07-08,2025-07,1,0,0
4216,nkorkmaz,24,2025-07-08,2025-07,3,21,0
4217,ogun,1,2025-07-08,2025-07,0,1,0
4218,aayhan,10,2025-07-08,2025-07,7,2,0
4219,obali,30,2025-07-08,2025-07,22,8,0
4220,MMUTLU,50,2025-07-08,2025-07,26,3,21
4221,fimetin,31,2025-07-08,2025-07,31,0,0
4222,tcapkin,46,2025-07-08,2025-07,44,2,0
4223,ekaradavut,23,2025-07-08,2025-07,23,0,0
4224,ggirgin,22,2025-07-08,2025-07,6,1,15
4225,aavcil,4,2025-07-08,2025-07,2,2,0
4226,klaboratuar,1,2025-07-08,2025-07,0,1,0
4227,okanat,2,2025-07-08,2025-07,1,1,0
4228,dnoic,9,2025-07-08,2025-07,9,0,0
4229,gayilmaz,5,2025-07-08,2025-07,4,1,0
4230,eulsever,3,2025-07-08,2025-07,3,0,0
4231,ayyilmaz,1,2025-07-08,2025-07,1,0,0
4232,mertan,25,2025-07-08,2025-07,23,2,0
4233,ogungor,2,2025-07-08,2025-07,1,1,0
4234,VBAYANER,5,2025-07-09,2025-07,5,0,0
4235,gakca,12,2025-07-09,2025-07,11,1,0
4236,aapak,46,2025-07-09,2025-07,0,46,0
4237,udalyan,5,2025-07-09,2025-07,0,5,0
4238,mecigdem,2,2025-07-09,2025-07,0,2,0
4239,tyilmaz,38,2025-07-09,2025-07,21,1,16
4240,bbugdayci,2,2025-07-09,2025-07,1,1,0
4241,acelebi,2,2025-07-09,2025-07,2,0,0
4242,akocak,197,2025-07-09,2025-07,0,197,0
4243,mkarsiv,1,2025-07-09,2025-07,1,0,0
4244,egonce,21,2025-07-09,2025-07,1,20,0
4245,mmollaoglu,2,2025-07-09,2025-07,0,2,0
4246,dcolor,64,2025-07-09,2025-07,0,64,0
4247,hbulut,22,2025-07-09,2025-07,22,0,0
4248,bfirat,31,2025-07-09,2025-07,31,0,0
4249,otufan,1,2025-07-09,2025-07,1,0,0
4250,fcolak,6,2025-07-09,2025-07,6,0,0
4251,gekim,44,2025-07-09,2025-07,0,44,0
4252,ggirgin,2,2025-07-09,2025-07,1,1,0
4253,amasun,50,2025-07-09,2025-07,1,49,0
4254,scabuker,1,2025-07-09,2025-07,1,0,0
4255,tcapkin,5,2025-07-09,2025-07,0,5,0
4256,ntanriverdi,19,2025-07-09,2025-07,18,1,0
4257,gmasistan,1,2025-07-09,2025-07,0,1,0
4258,ogun,7,2025-07-09,2025-07,6,1,0
4259,aayhan,10,2025-07-09,2025-07,4,6,0
4260,obali,5,2025-07-09,2025-07,0,3,2
4261,aaksoy,1,2025-07-09,2025-07,1,0,0
4262,fimetin,9,2025-07-09,2025-07,8,1,0
4263,mertan,38,2025-07-09,2025-07,38,0,0
4264,gayilmaz,1,2025-07-09,2025-07,1,0,0
4265,ogungor,4,2025-07-09,2025-07,2,2,0
4266,aavcil,13,2025-07-09,2025-07,13,0,0
4267,dnoic,61,2025-07-09,2025-07,2,0,59
4268,ebalaban,21,2025-07-09,2025-07,21,0,0
4269,MMUTLU,9,2025-07-09,2025-07,5,1,3
4270,tyilmaz,22,2025-07-10,2025-07,2,13,7
4271,udalyan,4,2025-07-10,2025-07,0,0,4
4272,mecigdem,2,2025-07-10,2025-07,0,2,0
4273,hakand,2,2025-07-10,2025-07,0,2,0
4274,mguder,2,2025-07-10,2025-07,2,0,0
4275,zyuksel,43,2025-07-10,2025-07,43,0,0
4276,aildeniz,3,2025-07-10,2025-07,3,0,0
4277,cyildiz,3,2025-07-10,2025-07,3,0,0
4278,VBAYANER,12,2025-07-10,2025-07,0,12,0
4279,sekisa,1,2025-07-10,2025-07,1,0,0
4280,egonce,11,2025-07-10,2025-07,4,7,0
4281,hakdemir,7,2025-07-10,2025-07,3,4,0
4282,sapra,5,2025-07-10,2025-07,5,0,0
4283,dcolor,72,2025-07-10,2025-07,0,72,0
4284,hbulut,6,2025-07-10,2025-07,6,0,0
4285,bfirat,11,2025-07-10,2025-07,10,1,0
4286,aapak,25,2025-07-10,2025-07,0,25,0
4287,fcolak,38,2025-07-10,2025-07,38,0,0
4288,ubasdas,8,2025-07-10,2025-07,5,3,0
4289,bsakrak,5,2025-07-10,2025-07,5,0,0
4290,tcapkin,2,2025-07-10,2025-07,2,0,0
4291,akamera,1,2025-07-10,2025-07,0,1,0
4292,abarkod,2,2025-07-10,2025-07,2,0,0
4293,gakca,1,2025-07-10,2025-07,1,0,0
4294,fbasak,3,2025-07-10,2025-07,3,0,0
4295,cer,1,2025-07-10,2025-07,0,1,0
4296,aayhan,6,2025-07-10,2025-07,0,0,6
4297,MMUTLU,47,2025-07-10,2025-07,28,0,19
4298,fimetin,11,2025-07-10,2025-07,8,3,0
4299,obali,3,2025-07-10,2025-07,2,0,1
4300,gayilmaz,10,2025-07-10,2025-07,8,2,0
4301,ogungor,8,2025-07-10,2025-07,5,3,0
4302,nibolkis,13,2025-07-10,2025-07,9,4,0
4303,aavcil,15,2025-07-10,2025-07,14,1,0
4304,dnoic,25,2025-07-10,2025-07,15,10,0
4305,ebalaban,10,2025-07-10,2025-07,10,0,0
4306,amasun,34,2025-07-10,2025-07,3,31,0
4307,gekim,112,2025-07-10,2025-07,0,112,0
4308,ggirgin,12,2025-07-10,2025-07,11,1,0
4309,hakand,12,2025-07-11,2025-07,5,7,0
4310,gakca,22,2025-07-11,2025-07,22,0,0
4311,ELOFCA,5,2025-07-11,2025-07,5,0,0
4312,udalyan,20,2025-07-11,2025-07,11,9,0
4313,mecigdem,4,2025-07-11,2025-07,0,4,0
4314,zyuksel,1,2025-07-11,2025-07,1,0,0
4315,bsakrak,2,2025-07-11,2025-07,2,0,0
4316,bfirat,9,2025-07-11,2025-07,9,0,0
4317,tyilmaz,135,2025-07-11,2025-07,77,52,6
4318,sekisa,4,2025-07-11,2025-07,0,4,0
4319,mkarsiv,1,2025-07-11,2025-07,1,0,0
4320,hakdemir,13,2025-07-11,2025-07,12,1,0
4321,dcolor,53,2025-07-11,2025-07,0,53,0
4322,ierdil,2,2025-07-11,2025-07,2,0,0
4323,amasun,3,2025-07-11,2025-07,0,3,0
4324,MMUTLU,25,2025-07-11,2025-07,10,0,15
4325,dnoic,1,2025-07-11,2025-07,1,0,0
4326,ebalaban,7,2025-07-11,2025-07,7,0,0
4327,akamera,7,2025-07-11,2025-07,1,6,0
4328,cer,1,2025-07-11,2025-07,0,1,0
4329,mkarabiyik,3,2025-07-11,2025-07,0,3,0
4330,obali,10,2025-07-11,2025-07,6,4,0
4331,fimetin,19,2025-07-11,2025-07,15,4,0
4332,mkofis,1,2025-07-11,2025-07,1,0,0
4333,mertan,14,2025-07-11,2025-07,1,13,0
4334,ayyilmaz,3,2025-07-11,2025-07,3,0,0
4335,eulsever,5,2025-07-11,2025-07,1,4,0
4336,gayilmaz,3,2025-07-11,2025-07,2,1,0
4337,ogungor,3,2025-07-11,2025-07,2,1,0
4338,aavcil,92,2025-07-11,2025-07,73,17,2
4339,ggirgin,11,2025-07-11,2025-07,10,1,0
4340,ebalaban,5,2025-07-12,2025-07,5,0,0
4341,dcolor,36,2025-07-12,2025-07,0,36,0
4342,gekim,169,2025-07-13,2025-07,0,169,0
4343,dcolor,3,2025-07-13,2025-07,0,3,0
4344,mbayirli,2,2025-07-13,2025-07,1,1,0
4345,egonce,19,2025-07-13,2025-07,9,10,0
4346,ekaragoz,2,2025-07-13,2025-07,1,1,0
4347,fgulsever,68,2025-07-13,2025-07,0,68,0
4348,mkofis,1,2025-07-13,2025-07,1,0,0
4349,fbasak,6,2025-07-13,2025-07,6,0,0
4350,nkorkmaz,1,2025-07-13,2025-07,1,0,0
4351,edemirbas,1,2025-07-13,2025-07,0,1,0
4352,abarkod,32,2025-07-13,2025-07,32,0,0
4353,fimetin,4,2025-07-13,2025-07,0,4,0
4354,VBAYANER,27,2025-07-14,2025-07,19,8,0
4355,hbulut,4,2025-07-14,2025-07,3,1,0
4356,dcolor,8,2025-07-14,2025-07,0,8,0
4357,hkaragoz,25,2025-07-14,2025-07,7,18,0
4358,sekisa,4,2025-07-14,2025-07,4,0,0
4359,tyilmaz,213,2025-07-14,2025-07,7,38,168
4360,zyuksel,2,2025-07-14,2025-07,2,0,0
4361,cdonmez,2,2025-07-14,2025-07,0,2,0
4362,mecigdem,2,2025-07-14,2025-07,0,2,0
4363,gakca,14,2025-07-14,2025-07,2,12,0
4364,oicoz,2,2025-07-14,2025-07,1,1,0
4365,tevirgen,21,2025-07-14,2025-07,18,3,0
4366,ggirgin,30,2025-07-14,2025-07,29,1,0
4367,fimetin,15,2025-07-14,2025-07,15,0,0
4368,MMUTLU,14,2025-07-14,2025-07,8,2,4
4369,vgemici,1,2025-07-14,2025-07,1,0,0
4370,akamera,4,2025-07-14,2025-07,0,4,0
4371,amasun,27,2025-07-14,2025-07,1,26,0
4372,esaribuyuk,8,2025-07-15,2025-07,0,8,0
4373,mbayirli,6,2025-07-15,2025-07,6,0,0
4374,ierdil,1,2025-07-15,2025-07,1,0,0
4375,fgulsever,230,2025-07-15,2025-07,0,230,0
4376,iunlu,4,2025-07-15,2025-07,4,0,0
4377,egonce,22,2025-07-15,2025-07,11,11,0
4378,ogun,2,2025-07-15,2025-07,1,0,1
4379,fbasak,12,2025-07-15,2025-07,12,0,0
4380,tcapkin,6,2025-07-15,2025-07,6,0,0
4381,gekim,101,2025-07-15,2025-07,0,101,0
4382,abarkod,2,2025-07-15,2025-07,2,0,0
4383,fyakut,5,2025-07-16,2025-07,4,1,0
4384,gakca,34,2025-07-16,2025-07,32,2,0
4385,nakilli,7,2025-07-16,2025-07,6,1,0
4386,udalyan,2,2025-07-16,2025-07,0,0,2
4387,gsapmaz,2,2025-07-16,2025-07,2,0,0
4388,aildeniz,3,2025-07-16,2025-07,2,1,0
4389,tyilmaz,97,2025-07-16,2025-07,14,7,76
4390,bbugdayci,1,2025-07-16,2025-07,1,0,0
4391,egonce,8,2025-07-16,2025-07,1,7,0
4392,fcolak,13,2025-07-16,2025-07,12,1,0
4393,otufan,2,2025-07-16,2025-07,0,2,0
4394,hakdemir,9,2025-07-16,2025-07,7,2,0
4395,mmollaoglu,1,2025-07-16,2025-07,1,0,0
4396,gbalvan,2,2025-07-16,2025-07,2,0,0
4397,dcolor,73,2025-07-16,2025-07,0,73,0
4398,hbulut,2,2025-07-16,2025-07,1,1,0
4399,VBAYANER,39,2025-07-16,2025-07,24,15,0
4400,cyildiz,3,2025-07-16,2025-07,3,0,0
4401,gekim,89,2025-07-16,2025-07,0,89,0
4402,fgulsever,12,2025-07-16,2025-07,0,12,0
4403,cozkan,1,2025-07-16,2025-07,1,0,0
4404,akamera,17,2025-07-16,2025-07,0,17,0
4405,SUYILMAZ,3,2025-07-16,2025-07,3,0,0
4406,ntanriverdi,3,2025-07-16,2025-07,3,0,0
4407,nkorkmaz,3,2025-07-16,2025-07,1,2,0
4408,fbasak,26,2025-07-16,2025-07,26,0,0
4409,aayhan,4,2025-07-16,2025-07,3,1,0
4410,MMUTLU,8,2025-07-16,2025-07,5,0,3
4411,fimetin,5,2025-07-16,2025-07,5,0,0
4412,ggirgin,9,2025-07-16,2025-07,9,0,0
4413,abarkod,6,2025-07-16,2025-07,6,0,0
4414,ayyilmaz,1,2025-07-16,2025-07,1,0,0
4415,mertan,1,2025-07-16,2025-07,0,1,0
4416,ebalaban,21,2025-07-16,2025-07,21,0,0
4417,aavcil,2,2025-07-16,2025-07,2,0,0
4418,oicoz,1,2025-07-16,2025-07,0,1,0
4419,amasun,209,2025-07-16,2025-07,2,207,0
4420,gayilmaz,26,2025-07-16,2025-07,26,0,0
4421,tevirgen,19,2025-07-16,2025-07,8,8,3
4422,ogungor,8,2025-07-16,2025-07,5,3,0
4423,gekim,108,2025-07-17,2025-07,0,108,0
4424,esaribuyuk,2,2025-07-17,2025-07,0,2,0
4425,fyakut,8,2025-07-17,2025-07,8,0,0
4426,gakca,41,2025-07-17,2025-07,9,32,0
4427,ubasdas,1,2025-07-17,2025-07,1,0,0
4428,udalyan,8,2025-07-17,2025-07,5,2,1
4429,mecigdem,25,2025-07-17,2025-07,21,4,0
4430,baozturk,4,2025-07-17,2025-07,0,4,0
4431,fcolak,2,2025-07-17,2025-07,2,0,0
4432,tyilmaz,56,2025-07-17,2025-07,4,52,0
4433,nkaya,1,2025-07-17,2025-07,0,1,0
4434,egonce,5,2025-07-17,2025-07,0,5,0
4435,hakdemir,7,2025-07-17,2025-07,7,0,0
4436,mmollaoglu,4,2025-07-17,2025-07,2,0,2
4437,dcolor,97,2025-07-17,2025-07,0,97,0
4438,amasun,14,2025-07-17,2025-07,0,14,0
4439,zyuksel,31,2025-07-17,2025-07,31,0,0
4440,ebalaban,20,2025-07-17,2025-07,20,0,0
4441,fgulsever,34,2025-07-17,2025-07,0,34,0
4442,ogungor,3,2025-07-17,2025-07,3,0,0
4443,aavcil,2,2025-07-17,2025-07,0,2,0
4444,akamera,4,2025-07-17,2025-07,2,2,0
4445,abarkod,2,2025-07-17,2025-07,2,0,0
4446,vgemici,1,2025-07-17,2025-07,1,0,0
4447,gmasistan,19,2025-07-17,2025-07,9,0,10
4448,bkibar,2,2025-07-17,2025-07,2,0,0
4449,merkan,7,2025-07-17,2025-07,7,0,0
4450,aaksoy,1,2025-07-17,2025-07,1,0,0
4451,aayhan,2,2025-07-17,2025-07,0,1,1
4452,tcapkin,3,2025-07-17,2025-07,2,1,0
4453,obali,24,2025-07-17,2025-07,23,1,0
4454,tevirgen,5,2025-07-17,2025-07,1,1,3
4455,mertan,2,2025-07-17,2025-07,2,0,0
4456,ggirgin,3,2025-07-17,2025-07,1,2,0
4457,gayilmaz,17,2025-07-17,2025-07,17,0,0
4458,sucakir,2,2025-07-17,2025-07,2,0,0
4459,fimetin,2,2025-07-17,2025-07,0,2,0
4460,MMUTLU,22,2025-07-17,2025-07,21,1,0
4461,dcolor,79,2025-07-18,2025-07,0,79,0
4462,VBAYANER,30,2025-07-18,2025-07,24,6,0
4463,tyilmaz,82,2025-07-18,2025-07,60,22,0
4464,zyuksel,1,2025-07-18,2025-07,1,0,0
4465,baozturk,2,2025-07-18,2025-07,1,1,0
4466,okelepe,8,2025-07-18,2025-07,0,0,8
4467,hakand,28,2025-07-18,2025-07,26,2,0
4468,mecigdem,2,2025-07-18,2025-07,0,2,0
4469,udalyan,13,2025-07-18,2025-07,7,6,0
4470,gakca,33,2025-07-18,2025-07,1,30,2
4471,amasun,31,2025-07-18,2025-07,1,30,0
4472,ebalaban,15,2025-07-18,2025-07,15,0,0
4473,hakdemir,4,2025-07-18,2025-07,4,0,0
4474,ogungor,16,2025-07-18,2025-07,8,8,0
4475,nibolkis,3,2025-07-18,2025-07,3,0,0
4476,cer,6,2025-07-18,2025-07,6,0,0
4477,mkarabiyik,2,2025-07-18,2025-07,0,2,0
4478,MMUTLU,48,2025-07-18,2025-07,13,19,16
4479,fimetin,32,2025-07-18,2025-07,22,10,0
4480,obali,48,2025-07-18,2025-07,40,8,0
4481,ggirgin,5,2025-07-18,2025-07,5,0,0
4482,mertan,17,2025-07-18,2025-07,9,8,0
4483,tevirgen,6,2025-07-18,2025-07,0,6,0
4484,eulsever,8,2025-07-18,2025-07,0,8,0
4485,sucakir,2,2025-07-18,2025-07,2,0,0
4486,ebalaban,6,2025-07-19,2025-07,6,0,0
4487,mecigdem,1,2025-07-19,2025-07,0,1,0
4488,hakdemir,6,2025-07-19,2025-07,4,2,0
4489,dcolor,52,2025-07-19,2025-07,0,52,0
4490,bbugdayci,1,2025-07-20,2025-07,1,0,0
4491,mkarsiv,3,2025-07-20,2025-07,3,0,0
4492,ersener,19,2025-07-20,2025-07,19,0,0
4493,mbayirli,6,2025-07-20,2025-07,6,0,0
4494,dcolor,1,2025-07-20,2025-07,0,1,0
4495,egonce,16,2025-07-20,2025-07,0,16,0
4496,ebadem,2,2025-07-20,2025-07,2,0,0
4497,rkontrol,1,2025-07-20,2025-07,1,0,0
4498,aapak,3,2025-07-20,2025-07,0,3,0
4499,gekim,117,2025-07-20,2025-07,0,117,0
4500,dnoic,6,2025-07-20,2025-07,2,3,1
4501,tevirgen,4,2025-07-20,2025-07,0,4,0
4502,aayhan,2,2025-07-20,2025-07,2,0,0
4503,fbasak,11,2025-07-20,2025-07,11,0,0
4504,abarkod,35,2025-07-20,2025-07,35,0,0
4505,fgulsever,56,2025-07-20,2025-07,0,56,0
4506,aakyildiz,3,2025-07-21,2025-07,0,3,0
4507,ihasdemir,10,2025-07-21,2025-07,10,0,0
4508,tyilmaz,11,2025-07-21,2025-07,9,1,1
4509,okelepe,8,2025-07-21,2025-07,0,8,0
4510,fgulsever,9,2025-07-21,2025-07,0,9,0
4511,fcolak,1,2025-07-21,2025-07,1,0,0
4512,hakand,74,2025-07-21,2025-07,12,62,0
4513,itopcu,5,2025-07-21,2025-07,4,1,0
4514,mkarsiv,2,2025-07-21,2025-07,2,0,0
4515,eozkan,4,2025-07-21,2025-07,4,0,0
4516,hakdemir,3,2025-07-21,2025-07,2,1,0
4517,sapra,4,2025-07-21,2025-07,3,1,0
4518,dcolor,50,2025-07-21,2025-07,0,50,0
4519,hbulut,6,2025-07-21,2025-07,6,0,0
4520,bfirat,3,2025-07-21,2025-07,3,0,0
4521,VBAYANER,24,2025-07-21,2025-07,0,24,0
4522,bunver,3,2025-07-21,2025-07,3,0,0
4523,aapak,12,2025-07-21,2025-07,10,2,0
4524,egonce,9,2025-07-21,2025-07,0,9,0
4525,nakilli,4,2025-07-21,2025-07,0,4,0
4526,abarkod,4,2025-07-21,2025-07,4,0,0
4527,gakca,41,2025-07-21,2025-07,10,31,0
4528,dayakta,2,2025-07-21,2025-07,0,2,0
4529,tcapkin,12,2025-07-21,2025-07,1,11,0
4530,fbasak,7,2025-07-21,2025-07,4,3,0
4531,aaksoy,1,2025-07-21,2025-07,1,0,0
4532,aayhan,31,2025-07-21,2025-07,11,17,3
4533,MMUTLU,78,2025-07-21,2025-07,72,2,4
4534,ggirgin,51,2025-07-21,2025-07,50,1,0
4535,tevirgen,32,2025-07-21,2025-07,12,16,4
4536,gayilmaz,8,2025-07-21,2025-07,8,0,0
4537,akamera,11,2025-07-21,2025-07,1,10,0
4538,okanat,3,2025-07-21,2025-07,1,2,0
4539,ogungor,2,2025-07-21,2025-07,1,1,0
4540,gekim,74,2025-07-21,2025-07,0,74,0
4541,gbakanoglu,35,2025-07-21,2025-07,1,34,0
4542,iunlu,12,2025-07-21,2025-07,12,0,0
4543,amasun,14,2025-07-21,2025-07,0,14,0
4544,ebalaban,9,2025-07-21,2025-07,9,0,0
4545,aavcil,13,2025-07-21,2025-07,13,0,0
4546,ekaragoz,4,2025-07-21,2025-07,1,3,0
4547,gekim,52,2025-07-22,2025-07,0,52,0
4548,fyakut,41,2025-07-22,2025-07,41,0,0
4549,gakca,5,2025-07-22,2025-07,5,0,0
4550,hakand,3,2025-07-22,2025-07,2,1,0
4551,cdonmez,5,2025-07-22,2025-07,4,1,0
4552,fgulsever,52,2025-07-22,2025-07,0,52,0
4553,rkontrol,2,2025-07-22,2025-07,1,1,0
4554,tyilmaz,20,2025-07-22,2025-07,19,1,0
4555,stjegitim,14,2025-07-22,2025-07,7,0,7
4556,aakyildiz,2,2025-07-22,2025-07,2,0,0
4557,fcolak,15,2025-07-22,2025-07,1,14,0
4558,egonce,59,2025-07-22,2025-07,54,5,0
4559,hakdemir,13,2025-07-22,2025-07,13,0,0
4560,sapra,3,2025-07-22,2025-07,3,0,0
4561,dcolor,61,2025-07-22,2025-07,0,61,0
4562,eanli,2,2025-07-22,2025-07,0,2,0
4563,bfirat,21,2025-07-22,2025-07,21,0,0
4564,bbugdayci,4,2025-07-22,2025-07,0,4,0
4565,zkurt,2,2025-07-22,2025-07,0,0,2
4566,mkarsiv,3,2025-07-22,2025-07,3,0,0
4567,ebalaban,19,2025-07-22,2025-07,19,0,0
4568,amasun,27,2025-07-22,2025-07,0,27,0
4569,abarkod,34,2025-07-22,2025-07,34,0,0
4570,vgemici,2,2025-07-22,2025-07,2,0,0
4571,tcapkin,13,2025-07-22,2025-07,13,0,0
4572,ayetik,1,2025-07-22,2025-07,0,1,0
4573,bkibar,43,2025-07-22,2025-07,2,41,0
4574,fbasak,1,2025-07-22,2025-07,1,0,0
4575,obali,2,2025-07-22,2025-07,0,0,2
4576,MMUTLU,7,2025-07-22,2025-07,4,3,0
4577,akamera,14,2025-07-22,2025-07,0,14,0
4578,sucakir,8,2025-07-22,2025-07,8,0,0
4579,ggirgin,4,2025-07-22,2025-07,4,0,0
4580,mertan,4,2025-07-22,2025-07,4,0,0
4581,tevirgen,19,2025-07-22,2025-07,2,7,10
4582,gayilmaz,1,2025-07-22,2025-07,1,0,0
4583,ogungor,4,2025-07-22,2025-07,4,0,0
4584,aavcil,9,2025-07-22,2025-07,8,1,0
4585,dnoic,3,2025-07-22,2025-07,1,0,2
4586,fimetin,26,2025-07-22,2025-07,25,1,0
4587,fgulsever,4,2025-07-23,2025-07,0,4,0
4588,itopcu,2,2025-07-23,2025-07,2,0,0
4589,gsapmaz,41,2025-07-23,2025-07,41,0,0
4590,tyilmaz,7,2025-07-23,2025-07,3,4,0
4591,fcolak,7,2025-07-23,2025-07,7,0,0
4592,egonce,47,2025-07-23,2025-07,45,2,0
4593,hakdemir,14,2025-07-23,2025-07,12,2,0
4594,earslanbay,1,2025-07-23,2025-07,0,1,0
4595,hbinay,1,2025-07-23,2025-07,1,0,0
4596,mmollaoglu,119,2025-07-23,2025-07,113,6,0
4597,eozkan,4,2025-07-23,2025-07,0,0,4
4598,dcolor,62,2025-07-23,2025-07,0,62,0
4599,ekoksal,1,2025-07-23,2025-07,1,0,0
4600,bfirat,5,2025-07-23,2025-07,5,0,0
4601,hakand,171,2025-07-23,2025-07,72,99,0
4602,uunver,50,2025-07-23,2025-07,0,50,0
4603,aapak,13,2025-07-23,2025-07,0,13,0
4604,adogan,2,2025-07-23,2025-07,2,0,0
4605,fyakut,1,2025-07-23,2025-07,1,0,0
4606,gakca,3,2025-07-23,2025-07,2,1,0
4607,abarkod,1,2025-07-23,2025-07,1,0,0
4608,vgemici,7,2025-07-23,2025-07,5,2,0
4609,tcapkin,4,2025-07-23,2025-07,4,0,0
4610,fimetin,16,2025-07-23,2025-07,12,4,0
4611,ggirgin,3,2025-07-23,2025-07,2,1,0
4612,tevirgen,11,2025-07-23,2025-07,5,6,0
4613,MMUTLU,6,2025-07-23,2025-07,5,1,0
4614,aavcil,5,2025-07-23,2025-07,3,2,0
4615,dnoic,10,2025-07-23,2025-07,9,0,1
4616,ebalaban,21,2025-07-23,2025-07,21,0,0
4617,amasun,12,2025-07-23,2025-07,4,8,0
4618,fbalaban,1,2025-07-23,2025-07,1,0,0
4619,gekim,80,2025-07-23,2025-07,0,80,0
4620,eulsever,4,2025-07-23,2025-07,0,4,0
4621,tyilmaz,2,2025-07-24,2025-07,2,0,0
4622,gakca,1,2025-07-24,2025-07,0,1,0
4623,aapak,53,2025-07-24,2025-07,0,53,0
4624,hakand,16,2025-07-24,2025-07,0,10,6
4625,fgulsever,71,2025-07-24,2025-07,5,66,0
4626,kbtlideri,1,2025-07-24,2025-07,1,0,0
4627,ihasdemir,33,2025-07-24,2025-07,33,0,0
4628,gekim,77,2025-07-24,2025-07,0,77,0
4629,hakdemir,24,2025-07-24,2025-07,23,1,0
4630,eozkan,2,2025-07-24,2025-07,2,0,0
4631,dcolor,94,2025-07-24,2025-07,0,94,0
4632,sutetik,1,2025-07-24,2025-07,1,0,0
4633,bfirat,10,2025-07-24,2025-07,10,0,0
4634,VBAYANER,6,2025-07-24,2025-07,0,6,0
4635,stjegitim,52,2025-07-24,2025-07,0,0,52
4636,scabuker,2,2025-07-24,2025-07,1,0,1
4637,egonce,30,2025-07-24,2025-07,24,6,0
4638,dnoic,45,2025-07-24,2025-07,44,0,1
4639,akamera,4,2025-07-24,2025-07,0,4,0
4640,vgemici,3,2025-07-24,2025-07,3,0,0
4641,tcapkin,1,2025-07-24,2025-07,0,1,0
4642,mkarabiyik,1,2025-07-24,2025-07,0,1,0
4643,obali,29,2025-07-24,2025-07,4,12,13
4644,ebalaban,8,2025-07-24,2025-07,8,0,0
4645,MMUTLU,26,2025-07-24,2025-07,13,0,13
4646,abarkod,2,2025-07-24,2025-07,2,0,0
4647,ggirgin,3,2025-07-24,2025-07,2,1,0
4648,mertan,1,2025-07-24,2025-07,1,0,0
4649,tevirgen,35,2025-07-24,2025-07,5,6,24
4650,eulsever,1,2025-07-24,2025-07,1,0,0
4651,gayilmaz,2,2025-07-24,2025-07,0,2,0
4652,aavcil,3,2025-07-24,2025-07,3,0,0
4653,fimetin,24,2025-07-24,2025-07,22,2,0
4654,ebalaban,26,2025-07-25,2025-07,26,0,0
4655,amasun,13,2025-07-25,2025-07,0,13,0
4656,adogan,11,2025-07-25,2025-07,6,5,0
4657,gakca,2,2025-07-25,2025-07,0,2,0
4658,kdeda,6,2025-07-25,2025-07,3,3,0
4659,ierdil,2,2025-07-25,2025-07,2,0,0
4660,egonce,10,2025-07-25,2025-07,10,0,0
4661,tyilmaz,12,2025-07-25,2025-07,12,0,0
4662,hakdemir,7,2025-07-25,2025-07,7,0,0
4663,dcolor,69,2025-07-25,2025-07,0,69,0
4664,bfirat,9,2025-07-25,2025-07,9,0,0
4665,aavcil,39,2025-07-25,2025-07,9,27,3
4666,otanriverdi,2,2025-07-25,2025-07,2,0,0
4667,nibolkis,4,2025-07-25,2025-07,0,4,0
4668,stjegitim,27,2025-07-25,2025-07,1,0,26
4669,gayilmaz,4,2025-07-25,2025-07,4,0,0
4670,ogungor,3,2025-07-25,2025-07,2,1,0
4671,akamera,4,2025-07-25,2025-07,2,2,0
4672,vgemici,1,2025-07-25,2025-07,1,0,0
4673,ntanriverdi,4,2025-07-25,2025-07,4,0,0
4674,ogun,1,2025-07-25,2025-07,1,0,0
4675,mkarabiyik,2,2025-07-25,2025-07,0,2,0
4676,gmasistan,24,2025-07-25,2025-07,0,0,24
4677,MMUTLU,10,2025-07-25,2025-07,5,0,5
4678,fimetin,15,2025-07-25,2025-07,14,1,0
4679,gkenarli,1,2025-07-25,2025-07,1,0,0
4680,ggirgin,2,2025-07-25,2025-07,2,0,0
4681,tevirgen,19,2025-07-25,2025-07,7,9,3
4682,eulsever,1,2025-07-25,2025-07,1,0,0
4683,obali,9,2025-07-25,2025-07,5,4,0
4684,ebalaban,27,2025-07-26,2025-07,27,0,0
4685,dcolor,60,2025-07-26,2025-07,0,60,0
4686,dcolor,1,2025-07-27,2025-07,0,1,0
4687,ierdil,3,2025-07-27,2025-07,3,0,0
4688,mbayirli,14,2025-07-27,2025-07,14,0,0
4689,egonce,7,2025-07-27,2025-07,3,4,0
4690,ihasdemir,15,2025-07-27,2025-07,15,0,0
4691,rkontrol,4,2025-07-27,2025-07,1,3,0
4692,fgulsever,103,2025-07-27,2025-07,15,88,0
4693,aildeniz,9,2025-07-27,2025-07,9,0,0
4694,dnoic,8,2025-07-27,2025-07,7,1,0
4695,gcevik,5,2025-07-27,2025-07,5,0,0
4696,ogun,3,2025-07-27,2025-07,0,0,3
4697,fbasak,1,2025-07-27,2025-07,0,1,0
4698,gmasistan,5,2025-07-27,2025-07,4,1,0
4699,abarkod,15,2025-07-27,2025-07,15,0,0
4700,aapak,16,2025-07-27,2025-07,0,16,0
4701,ELOFCA,24,2025-07-28,2025-07,15,4,5
4702,dayakta,1,2025-07-28,2025-07,1,0,0
4703,nakilli,4,2025-07-28,2025-07,0,0,4
4704,aapak,10,2025-07-28,2025-07,10,0,0
4705,hakand,16,2025-07-28,2025-07,16,0,0
4706,BSOGUT,1,2025-07-28,2025-07,0,0,1
4707,fgulsever,7,2025-07-28,2025-07,0,7,0
4708,mguder,2,2025-07-28,2025-07,2,0,0
4709,ierdil,1,2025-07-28,2025-07,1,0,0
4710,hakdemir,9,2025-07-28,2025-07,4,5,0
4711,stjegitim,16,2025-07-28,2025-07,0,0,16
4712,fcolak,3,2025-07-28,2025-07,2,1,0
4713,mbayirli,12,2025-07-28,2025-07,12,0,0
4714,mmollaoglu,17,2025-07-28,2025-07,17,0,0
4715,dcolor,58,2025-07-28,2025-07,0,58,0
4716,ersener,2,2025-07-28,2025-07,2,0,0
4717,bfirat,126,2025-07-28,2025-07,126,0,0
4718,VBAYANER,21,2025-07-28,2025-07,0,21,0
4719,gakca,12,2025-07-28,2025-07,9,3,0
4720,tyilmaz,641,2025-07-28,2025-07,377,241,23
4721,gekim,151,2025-07-28,2025-07,0,151,0
4722,akamera,26,2025-07-28,2025-07,3,23,0
4723,SUYILMAZ,4,2025-07-28,2025-07,4,0,0
4724,gbakanoglu,30,2025-07-28,2025-07,0,30,0
4725,abarkod,1,2025-07-28,2025-07,1,0,0
4726,vgemici,63,2025-07-28,2025-07,54,9,0
4727,ntanriverdi,17,2025-07-28,2025-07,12,5,0
4728,aayhan,14,2025-07-28,2025-07,13,0,1
4729,mkarabiyik,2,2025-07-28,2025-07,0,2,0
4730,MMUTLU,6,2025-07-28,2025-07,3,3,0
4731,fimetin,33,2025-07-28,2025-07,33,0,0
4732,ggirgin,21,2025-07-28,2025-07,18,3,0
4733,obali,2,2025-07-28,2025-07,2,0,0
4734,ayyilmaz,1,2025-07-28,2025-07,1,0,0
4735,mertan,1,2025-07-28,2025-07,1,0,0
4736,amasun,2,2025-07-28,2025-07,0,2,0
4737,ebalaban,18,2025-07-28,2025-07,18,0,0
4738,aavcil,51,2025-07-28,2025-07,45,6,0
4739,ekaragoz,2,2025-07-28,2025-07,0,2,0
4740,ogungor,5,2025-07-28,2025-07,5,0,0
4741,gayilmaz,5,2025-07-28,2025-07,5,0,0
4742,tevirgen,18,2025-07-28,2025-07,11,6,1
4743,mkorucu,1,2025-07-28,2025-07,0,1,0
4744,tyilmaz,492,2025-07-29,2025-07,267,224,1
4745,gakca,67,2025-07-29,2025-07,18,49,0
4746,ubasdas,11,2025-07-29,2025-07,11,0,0
4747,aapak,9,2025-07-29,2025-07,0,9,0
4748,udalyan,2,2025-07-29,2025-07,0,0,2
4749,fgulsever,36,2025-07-29,2025-07,0,36,0
4750,baozturk,1,2025-07-29,2025-07,1,0,0
4751,mguray,21,2025-07-29,2025-07,21,0,0
4752,stjegitim,32,2025-07-29,2025-07,0,0,32
4753,fyakut,2,2025-07-29,2025-07,2,0,0
4754,fcolak,1,2025-07-29,2025-07,0,1,0
4755,mkarsiv,7,2025-07-29,2025-07,7,0,0
4756,egonce,20,2025-07-29,2025-07,8,12,0
4757,hakdemir,14,2025-07-29,2025-07,4,10,0
4758,uunver,11,2025-07-29,2025-07,0,11,0
4759,hbinay,28,2025-07-29,2025-07,27,1,0
4760,eozkan,7,2025-07-29,2025-07,7,0,0
4761,dcolor,43,2025-07-29,2025-07,0,43,0
4762,bfirat,33,2025-07-29,2025-07,33,0,0
4763,bunver,2,2025-07-29,2025-07,2,0,0
4764,iunlu,4,2025-07-29,2025-07,4,0,0
4765,eyuksel,1,2025-07-29,2025-07,1,0,0
4766,cisahin,2,2025-07-29,2025-07,2,0,0
4767,akamera,1,2025-07-29,2025-07,0,1,0
4768,abarkod,17,2025-07-29,2025-07,17,0,0
4769,gmasistan,8,2025-07-29,2025-07,6,0,2
4770,fbasak,5,2025-07-29,2025-07,5,0,0
4771,cer,1,2025-07-29,2025-07,0,1,0
4772,obali,1,2025-07-29,2025-07,1,0,0
4773,MMUTLU,17,2025-07-29,2025-07,10,3,4
4774,fimetin,14,2025-07-29,2025-07,14,0,0
4775,sucakir,20,2025-07-29,2025-07,18,0,2
4776,ggirgin,19,2025-07-29,2025-07,12,7,0
4777,gekim,68,2025-07-29,2025-07,0,68,0
4778,gayilmaz,2,2025-07-29,2025-07,2,0,0
4779,ogungor,3,2025-07-29,2025-07,3,0,0
4780,klaboratuar,3,2025-07-29,2025-07,2,1,0
4781,mkorucu,1,2025-07-29,2025-07,0,1,0
4782,aavcil,4,2025-07-29,2025-07,1,3,0
4783,dnoic,34,2025-07-29,2025-07,25,8,1
4784,ebalaban,23,2025-07-29,2025-07,23,0,0
4785,amasun,5,2025-07-29,2025-07,0,5,0
4786,SUYILMAZ,1,2025-07-29,2025-07,1,0,0
4787,tevirgen,27,2025-07-29,2025-07,10,17,0
4788,fgulsever,32,2025-07-30,2025-07,0,32,0
4789,BSOGUT,23,2025-07-30,2025-07,0,0,23
4790,hakand,5,2025-07-30,2025-07,5,0,0
4791,gekim,88,2025-07-30,2025-07,0,88,0
4792,ubasdas,1,2025-07-30,2025-07,1,0,0
4793,gakca,4,2025-07-30,2025-07,3,1,0
4794,itopcu,2,2025-07-30,2025-07,2,0,0
4795,udalyan,9,2025-07-30,2025-07,5,4,0
4796,tyilmaz,31,2025-07-30,2025-07,27,0,4
4797,hakdemir,5,2025-07-30,2025-07,5,0,0
4798,cyildiz,12,2025-07-30,2025-07,6,0,6
4799,aakyildiz,7,2025-07-30,2025-07,7,0,0
4800,egonce,11,2025-07-30,2025-07,9,2,0
4801,mbayirli,3,2025-07-30,2025-07,3,0,0
4802,hbinay,5,2025-07-30,2025-07,4,1,0
4803,dcolor,52,2025-07-30,2025-07,0,52,0
4804,ekoksal,1,2025-07-30,2025-07,1,0,0
4805,bfirat,95,2025-07-30,2025-07,95,0,0
4806,cisahin,18,2025-07-30,2025-07,18,0,0
4807,bbugdayci,2,2025-07-30,2025-07,2,0,0
4808,gbakanoglu,9,2025-07-30,2025-07,8,1,0
4809,cozkan,5,2025-07-30,2025-07,5,0,0
4810,aayhan,13,2025-07-30,2025-07,10,3,0
4811,fbalaban,22,2025-07-30,2025-07,22,0,0
4812,akamera,8,2025-07-30,2025-07,1,7,0
4813,abarkod,8,2025-07-30,2025-07,8,0,0
4814,dustasi,11,2025-07-30,2025-07,11,0,0
4815,ntanriverdi,8,2025-07-30,2025-07,5,3,0
4816,eatansay,1,2025-07-30,2025-07,1,0,0
4817,obali,10,2025-07-30,2025-07,6,4,0
4818,MMUTLU,3,2025-07-30,2025-07,3,0,0
4819,fimetin,37,2025-07-30,2025-07,28,9,0
4820,ggirgin,15,2025-07-30,2025-07,13,2,0
4821,sucakir,4,2025-07-30,2025-07,4,0,0
4822,ayyilmaz,1,2025-07-30,2025-07,1,0,0
4823,tevirgen,41,2025-07-30,2025-07,12,28,1
4824,uyigit,2,2025-07-30,2025-07,0,2,0
4825,klaboratuar,5,2025-07-30,2025-07,1,4,0
4826,oicoz,1,2025-07-30,2025-07,1,0,0
4827,aavcil,26,2025-07-30,2025-07,23,3,0
4828,ebalaban,64,2025-07-30,2025-07,64,0,0
4829,amasun,128,2025-07-30,2025-07,0,128,0
4830,bbusta,6,2025-07-30,2025-07,2,4,0
4831,mertan,24,2025-07-30,2025-07,6,18,0
4832,BSOGUT,1,2025-07-31,2025-07,0,1,0
4833,mguder,6,2025-07-31,2025-07,6,0,0
4834,fgulsever,15,2025-07-31,2025-07,0,15,0
4835,hakand,43,2025-07-31,2025-07,33,10,0
4836,cisahin,2,2025-07-31,2025-07,2,0,0
4837,gakca,21,2025-07-31,2025-07,15,6,0
4838,adogan,22,2025-07-31,2025-07,22,0,0
4839,gekim,59,2025-07-31,2025-07,0,59,0
4840,kbtlideri,1,2025-07-31,2025-07,1,0,0
4841,aapak,1,2025-07-31,2025-07,0,1,0
4842,aildeniz,2,2025-07-31,2025-07,1,1,0
4843,bfirat,15,2025-07-31,2025-07,15,0,0
4844,bunver,5,2025-07-31,2025-07,5,0,0
4845,stjegitim,3,2025-07-31,2025-07,3,0,0
4846,fcolak,4,2025-07-31,2025-07,4,0,0
4847,mkarsiv,10,2025-07-31,2025-07,6,4,0
4848,egonce,46,2025-07-31,2025-07,28,18,0
4849,hakdemir,19,2025-07-31,2025-07,9,10,0
4850,mbayirli,9,2025-07-31,2025-07,9,0,0
4851,neozdemir,3,2025-07-31,2025-07,0,3,0
4852,dcolor,54,2025-07-31,2025-07,0,54,0
4853,rkontrol,1,2025-07-31,2025-07,1,0,0
4854,amasun,73,2025-07-31,2025-07,2,71,0
4855,fimetin,34,2025-07-31,2025-07,34,0,0
4856,aavcil,4,2025-07-31,2025-07,4,0,0
4857,ebalaban,27,2025-07-31,2025-07,27,0,0
4858,akamera,1,2025-07-31,2025-07,0,1,0
4859,abarkod,31,2025-07-31,2025-07,31,0,0
4860,vgemici,1,2025-07-31,2025-07,1,0,0
4861,gmasistan,39,2025-07-31,2025-07,20,0,19
4862,fbasak,2,2025-07-31,2025-07,2,0,0
4863,aayhan,7,2025-07-31,2025-07,4,1,2
4864,obali,2,2025-07-31,2025-07,1,1,0
4865,MMUTLU,3,2025-07-31,2025-07,1,2,0
4866,sucakir,2,2025-07-31,2025-07,1,1,0
4867,ntanriverdi,6,2025-07-31,2025-07,5,1,0
4868,mertan,1,2025-07-31,2025-07,1,0,0
4869,ayyilmaz,2,2025-07-31,2025-07,2,0,0
4870,tevirgen,74,2025-07-31,2025-07,4,24,46
4871,gayilmaz,4,2025-07-31,2025-07,3,1,0
4872,ogungor,2,2025-07-31,2025-07,1,1,0
4873,nibolkis,2,2025-07-31,2025-07,1,1,0
4874,TIRMAK,9,2025-07-31,2025-07,0,9,0
4875,klaboratuar,5,2025-07-31,2025-07,0,5,0
4876,mkorucu,11,2025-07-31,2025-07,11,0,0
4877,ggirgin,15,2025-07-31,2025-07,12,3,0
4878,cisahin,5,2025-08-01,2025-08,5,0,0
4879,gakca,4,2025-08-01,2025-08,2,2,0
4880,hakand,94,2025-08-01,2025-08,21,73,0
4881,mguder,29,2025-08-01,2025-08,29,0,0
4882,tyilmaz,69,2025-08-01,2025-08,1,40,28
4883,hakdemir,59,2025-08-01,2025-08,56,3,0
4884,nkaya,2,2025-08-01,2025-08,1,1,0
4885,herbilgin,8,2025-08-01,2025-08,8,0,0
4886,dcolor,78,2025-08-01,2025-08,0,78,0
4887,bfirat,38,2025-08-01,2025-08,38,0,0
4888,amasun,28,2025-08-01,2025-08,1,27,0
4889,stjegitim,73,2025-08-01,2025-08,56,17,0
4890,ebalaban,16,2025-08-01,2025-08,16,0,0
4891,ggirgin,3,2025-08-01,2025-08,3,0,0
4892,ogungor,2,2025-08-01,2025-08,1,1,0
4893,aavcil,4,2025-08-01,2025-08,4,0,0
4894,akamera,12,2025-08-01,2025-08,0,12,0
4895,vgemici,3,2025-08-01,2025-08,2,1,0
4896,asablon,1,2025-08-01,2025-08,1,0,0
4897,cer,29,2025-08-01,2025-08,29,0,0
4898,ntanriverdi,2,2025-08-01,2025-08,2,0,0
4899,MMUTLU,1,2025-08-01,2025-08,1,0,0
4900,fimetin,18,2025-08-01,2025-08,18,0,0
4901,ayyilmaz,3,2025-08-01,2025-08,3,0,0
4902,tevirgen,43,2025-08-01,2025-08,12,16,15
4903,gayilmaz,7,2025-08-01,2025-08,6,1,0
4904,obali,3,2025-08-01,2025-08,0,3,0
4905,ebalaban,16,2025-08-02,2025-08,16,0,0
4906,eyuksel,13,2025-08-02,2025-08,11,2,0
4907,hakdemir,6,2025-08-02,2025-08,6,0,0
4908,hbinay,31,2025-08-02,2025-08,30,1,0
4909,dcolor,47,2025-08-02,2025-08,0,47,0
4910,fcolak,11,2025-08-03,2025-08,8,3,0
4911,mkarsiv,7,2025-08-03,2025-08,7,0,0
4912,ihasdemir,2,2025-08-03,2025-08,2,0,0
4913,dcolor,2,2025-08-03,2025-08,0,2,0
4914,ersener,27,2025-08-03,2025-08,27,0,0
4915,egonce,3,2025-08-03,2025-08,3,0,0
4916,fgulsever,13,2025-08-03,2025-08,0,13,0
4917,bbugdayci,1,2025-08-03,2025-08,0,1,0
4918,aapak,75,2025-08-03,2025-08,15,60,0
4919,gekim,25,2025-08-03,2025-08,0,25,0
4920,okelepe,4,2025-08-03,2025-08,2,2,0
4921,dnoic,1,2025-08-03,2025-08,1,0,0
4922,mkorucu,1,2025-08-03,2025-08,1,0,0
4923,aayhan,2,2025-08-03,2025-08,0,0,2
4924,fbasak,38,2025-08-03,2025-08,8,30,0
4925,abarkod,50,2025-08-03,2025-08,50,0,0
4926,udalyan,15,2025-08-04,2025-08,7,6,2
4927,fgulsever,36,2025-08-04,2025-08,0,34,2
4928,mguder,4,2025-08-04,2025-08,4,0,0
4929,zyuksel,5,2025-08-04,2025-08,5,0,0
4930,mguray,6,2025-08-04,2025-08,6,0,0
4931,tyilmaz,242,2025-08-04,2025-08,87,84,71
4932,bbugdayci,1,2025-08-04,2025-08,1,0,0
4933,sapra,9,2025-08-04,2025-08,4,5,0
4934,egonce,22,2025-08-04,2025-08,10,12,0
4935,hakdemir,9,2025-08-04,2025-08,9,0,0
4936,aapak,2,2025-08-04,2025-08,0,2,0
4937,dcolor,48,2025-08-04,2025-08,0,48,0
4938,ersener,19,2025-08-04,2025-08,19,0,0
4939,akapucu,18,2025-08-04,2025-08,18,0,0
4940,bfirat,8,2025-08-04,2025-08,8,0,0
4941,stjegitim,17,2025-08-04,2025-08,4,13,0
4942,gakca,7,2025-08-04,2025-08,6,1,0
4943,ihasdemir,4,2025-08-04,2025-08,4,0,0
4944,gekim,52,2025-08-04,2025-08,0,52,0
4945,adogan,4,2025-08-04,2025-08,0,4,0
4946,akamera,15,2025-08-04,2025-08,1,14,0
4947,abarkod,5,2025-08-04,2025-08,5,0,0
4948,vgemici,4,2025-08-04,2025-08,3,1,0
4949,MMUTLU,52,2025-08-04,2025-08,47,5,0
4950,ggirgin,6,2025-08-04,2025-08,3,0,3
4951,mertan,1,2025-08-04,2025-08,1,0,0
4952,ayyilmaz,1,2025-08-04,2025-08,1,0,0
4953,nkorkmaz,7,2025-08-04,2025-08,7,0,0
4954,ogungor,9,2025-08-04,2025-08,9,0,0
4955,okanat,2,2025-08-04,2025-08,2,0,0
4956,mkorucu,15,2025-08-04,2025-08,14,1,0
4957,aavcil,62,2025-08-04,2025-08,61,1,0
4958,ebalaban,21,2025-08-04,2025-08,21,0,0
4959,tevirgen,27,2025-08-04,2025-08,16,4,7
4960,amasun,70,2025-08-04,2025-08,0,70,0
4961,gakca,4,2025-08-05,2025-08,3,1,0
4962,tyilmaz,237,2025-08-05,2025-08,48,109,80
4963,mguray,13,2025-08-05,2025-08,13,0,0
4964,fgulsever,6,2025-08-05,2025-08,0,6,0
4965,cdonmez,53,2025-08-05,2025-08,0,53,0
4966,udalyan,7,2025-08-05,2025-08,1,3,3
4967,hakand,29,2025-08-05,2025-08,28,1,0
4968,aapak,9,2025-08-05,2025-08,0,9,0
4969,ihasdemir,48,2025-08-05,2025-08,16,0,32
4970,okelepe,14,2025-08-05,2025-08,0,14,0
4971,bbugdayci,1,2025-08-05,2025-08,1,0,0
4972,dcolor,61,2025-08-05,2025-08,0,61,0
4973,fcolak,1,2025-08-05,2025-08,1,0,0
4974,egonce,16,2025-08-05,2025-08,10,6,0
4975,hakdemir,8,2025-08-05,2025-08,8,0,0
4976,sapra,5,2025-08-05,2025-08,5,0,0
4977,eozkan,3,2025-08-05,2025-08,3,0,0
4978,akocak,9,2025-08-05,2025-08,6,3,0
4979,ekoksal,4,2025-08-05,2025-08,1,3,0
4980,bfirat,74,2025-08-05,2025-08,72,2,0
4981,bunver,1,2025-08-05,2025-08,1,0,0
4982,fyakut,14,2025-08-05,2025-08,14,0,0
4983,stjegitim,1,2025-08-05,2025-08,0,1,0
4984,adogan,6,2025-08-05,2025-08,6,0,0
4985,mguder,2,2025-08-05,2025-08,2,0,0
4986,amasun,6,2025-08-05,2025-08,0,6,0
4987,gekim,81,2025-08-05,2025-08,0,81,0
4988,akamera,1,2025-08-05,2025-08,0,1,0
4989,vgemici,2,2025-08-05,2025-08,2,0,0
4990,ntanriverdi,9,2025-08-05,2025-08,1,8,0
4991,ayetik,1,2025-08-05,2025-08,1,0,0
4992,gmasistan,95,2025-08-05,2025-08,41,15,39
4993,fbasak,4,2025-08-05,2025-08,4,0,0
4994,cer,1,2025-08-05,2025-08,1,0,0
4995,aayhan,12,2025-08-05,2025-08,4,6,2
4996,obali,31,2025-08-05,2025-08,27,4,0
4997,MMUTLU,15,2025-08-05,2025-08,8,0,7
4998,abarkod,4,2025-08-05,2025-08,4,0,0
4999,gkenarli,2,2025-08-05,2025-08,2,0,0
5000,alofca,13,2025-08-05,2025-08,12,1,0
5001,dnoic,4,2025-08-05,2025-08,3,0,1
5002,aavcil,17,2025-08-05,2025-08,14,3,0
5003,mkorucu,5,2025-08-05,2025-08,5,0,0
5004,ogungor,2,2025-08-05,2025-08,2,0,0
5005,ebalaban,13,2025-08-05,2025-08,12,1,0
5006,tevirgen,11,2025-08-05,2025-08,1,10,0
5007,mertan,1,2025-08-05,2025-08,1,0,0
5008,sulger,25,2025-08-05,2025-08,25,0,0
5009,ddtlideri,13,2025-08-05,2025-08,13,0,0
5010,cdonmez,1,2025-08-06,2025-08,0,1,0
5011,acelebi,16,2025-08-06,2025-08,10,6,0
5012,fgulsever,42,2025-08-06,2025-08,1,41,0
5013,baozturk,2,2025-08-06,2025-08,2,0,0
5014,zyuksel,40,2025-08-06,2025-08,40,0,0
5015,mguray,4,2025-08-06,2025-08,4,0,0
5016,tyilmaz,172,2025-08-06,2025-08,49,61,62
5017,bbugdayci,2,2025-08-06,2025-08,0,2,0
5018,cyildiz,6,2025-08-06,2025-08,5,1,0
5019,hakdemir,18,2025-08-06,2025-08,18,0,0
5020,fcolak,32,2025-08-06,2025-08,32,0,0
5021,sekisa,2,2025-08-06,2025-08,2,0,0
5022,mkarsiv,3,2025-08-06,2025-08,3,0,0
5023,uunver,9,2025-08-06,2025-08,4,5,0
5024,eozkan,1,2025-08-06,2025-08,1,0,0
5025,dcolor,79,2025-08-06,2025-08,0,79,0
5026,hbulut,5,2025-08-06,2025-08,0,5,0
5027,bfirat,11,2025-08-06,2025-08,10,1,0
5028,okelepe,1,2025-08-06,2025-08,1,0,0
5029,VBAYANER,12,2025-08-06,2025-08,0,12,0
5030,aakyildiz,2,2025-08-06,2025-08,2,0,0
5031,hakand,68,2025-08-06,2025-08,61,7,0
5032,SUYILMAZ,4,2025-08-06,2025-08,4,0,0
5033,dayakta,6,2025-08-06,2025-08,6,0,0
5034,akamera,11,2025-08-06,2025-08,0,11,0
5035,mecigdem,2,2025-08-06,2025-08,0,2,0
5036,nsonmez,2,2025-08-06,2025-08,2,0,0
5037,vgemici,1,2025-08-06,2025-08,1,0,0
5038,ntanriverdi,23,2025-08-06,2025-08,10,13,0
5039,asablon,17,2025-08-06,2025-08,17,0,0
5040,fbasak,1,2025-08-06,2025-08,1,0,0
5041,aayhan,10,2025-08-06,2025-08,7,1,2
5042,fyilanci,2,2025-08-06,2025-08,0,2,0
5043,mkarabiyik,4,2025-08-06,2025-08,0,4,0
5044,abarkod,8,2025-08-06,2025-08,8,0,0
5045,ggirgin,8,2025-08-06,2025-08,7,1,0
5046,MMUTLU,2,2025-08-06,2025-08,2,0,0
5047,gekim,42,2025-08-06,2025-08,0,42,0
5048,ebalaban,20,2025-08-06,2025-08,20,0,0
5049,aavcil,9,2025-08-06,2025-08,9,0,0
5050,gakca,8,2025-08-06,2025-08,2,6,0
5051,ogungor,22,2025-08-06,2025-08,22,0,0
5052,gayilmaz,1,2025-08-06,2025-08,0,1,0
5053,tevirgen,19,2025-08-06,2025-08,3,16,0
5054,mkorucu,9,2025-08-06,2025-08,9,0,0
5055,aildeniz,1,2025-08-07,2025-08,1,0,0
5056,BSOGUT,43,2025-08-07,2025-08,0,0,43
5057,cdonmez,6,2025-08-07,2025-08,1,5,0
5058,fgulsever,41,2025-08-07,2025-08,0,41,0
5059,zyuksel,1,2025-08-07,2025-08,1,0,0
5060,mguray,2,2025-08-07,2025-08,2,0,0
5061,tyilmaz,18,2025-08-07,2025-08,10,4,4
5062,eozkan,4,2025-08-07,2025-08,4,0,0
5063,fcolak,18,2025-08-07,2025-08,17,1,0
5064,sekisa,4,2025-08-07,2025-08,1,3,0
5065,hakdemir,6,2025-08-07,2025-08,0,6,0
5066,dcolor,71,2025-08-07,2025-08,0,71,0
5067,hbulut,17,2025-08-07,2025-08,17,0,0
5068,bfirat,22,2025-08-07,2025-08,22,0,0
5069,udalyan,7,2025-08-07,2025-08,3,3,1
5070,stjegitim,55,2025-08-07,2025-08,2,7,46
5071,aapak,14,2025-08-07,2025-08,0,14,0
5072,vgemici,1,2025-08-07,2025-08,1,0,0
5073,otufan,1,2025-08-07,2025-08,0,1,0
5074,akamera,7,2025-08-07,2025-08,0,7,0
5075,gakca,2,2025-08-07,2025-08,2,0,0
5076,gmasistan,13,2025-08-07,2025-08,5,0,8
5077,asablon,2,2025-08-07,2025-08,2,0,0
5078,fbasak,33,2025-08-07,2025-08,33,0,0
5079,aayhan,3,2025-08-07,2025-08,3,0,0
5080,MMUTLU,6,2025-08-07,2025-08,4,2,0
5081,abarkod,18,2025-08-07,2025-08,18,0,0
5082,tevirgen,3,2025-08-07,2025-08,1,2,0
5083,gayilmaz,1,2025-08-07,2025-08,1,0,0
5084,aavcil,25,2025-08-07,2025-08,10,0,15
5085,dnoic,9,2025-08-07,2025-08,9,0,0
5086,ebalaban,19,2025-08-07,2025-08,19,0,0
5087,amasun,5,2025-08-07,2025-08,0,5,0
5088,gekim,78,2025-08-07,2025-08,0,78,0
5089,mertan,31,2025-08-07,2025-08,1,30,0
5090,zyuksel,3,2025-08-08,2025-08,3,0,0
5091,ierdil,3,2025-08-08,2025-08,3,0,0
5092,mguray,3,2025-08-08,2025-08,3,0,0
5093,tyilmaz,28,2025-08-08,2025-08,1,27,0
5094,stjegitim,353,2025-08-08,2025-08,4,25,324
5095,mkarsiv,12,2025-08-08,2025-08,11,1,0
5096,akocak,4,2025-08-08,2025-08,0,4,0
5097,hbinay,2,2025-08-08,2025-08,2,0,0
5098,eozkan,9,2025-08-08,2025-08,9,0,0
5099,dcolor,80,2025-08-08,2025-08,0,80,0
5100,bfirat,7,2025-08-08,2025-08,7,0,0
5101,carican,5,2025-08-08,2025-08,5,0,0
5102,hakdemir,15,2025-08-08,2025-08,15,0,0
5103,hakand,12,2025-08-08,2025-08,8,4,0
5104,amasun,11,2025-08-08,2025-08,0,11,0
5105,gakca,8,2025-08-08,2025-08,7,1,0
5106,akamera,10,2025-08-08,2025-08,0,10,0
5107,udalyan,12,2025-08-08,2025-08,6,5,1
5108,asablon,2,2025-08-08,2025-08,2,0,0
5109,MMUTLU,1,2025-08-08,2025-08,1,0,0
5110,ggirgin,38,2025-08-08,2025-08,6,0,32
5111,ayyilmaz,2,2025-08-08,2025-08,2,0,0
5112,vgemici,7,2025-08-08,2025-08,5,2,0
5113,eulsever,6,2025-08-08,2025-08,4,2,0
5114,ogungor,3,2025-08-08,2025-08,3,0,0
5115,aavcil,143,2025-08-08,2025-08,133,10,0
5116,ebalaban,15,2025-08-08,2025-08,15,0,0
5117,aozbal,15,2025-08-08,2025-08,15,0,0
5118,tevirgen,14,2025-08-08,2025-08,8,6,0
5119,dcolor,73,2025-08-09,2025-08,0,73,0
5120,hakdemir,1,2025-08-09,2025-08,1,0,0
5121,ebtlideri,47,2025-08-09,2025-08,0,47,0
5122,asablon,1,2025-08-09,2025-08,1,0,0
5123,ebalaban,8,2025-08-09,2025-08,8,0,0
5124,aapak,49,2025-08-10,2025-08,5,44,0
5125,dcolor,2,2025-08-10,2025-08,0,2,0
5126,carican,2,2025-08-10,2025-08,0,2,0
5127,fgulsever,101,2025-08-10,2025-08,0,101,0
5128,okelepe,1,2025-08-10,2025-08,1,0,0
5129,fbalaban,2,2025-08-10,2025-08,2,0,0
5130,fcolak,2,2025-08-10,2025-08,2,0,0
5131,mkorucu,3,2025-08-10,2025-08,3,0,0
5132,aayhan,7,2025-08-10,2025-08,2,1,4
5133,fbasak,8,2025-08-10,2025-08,6,1,1
5134,tcapkin,31,2025-08-10,2025-08,31,0,0
5135,abarkod,63,2025-08-10,2025-08,63,0,0
5136,dnoic,61,2025-08-10,2025-08,2,0,59
5137,ebtlideri,24,2025-08-11,2025-08,0,24,0
5138,hakand,41,2025-08-11,2025-08,41,0,0
5139,cdonmez,1,2025-08-11,2025-08,1,0,0
5140,fgulsever,62,2025-08-11,2025-08,0,62,0
5141,gsapmaz,1,2025-08-11,2025-08,1,0,0
5142,mguray,7,2025-08-11,2025-08,7,0,0
5143,tyilmaz,57,2025-08-11,2025-08,21,6,30
5144,stjegitim,249,2025-08-11,2025-08,0,0,249
5145,herbilgin,20,2025-08-11,2025-08,20,0,0
5146,udalyan,3,2025-08-11,2025-08,0,1,2
5147,hakdemir,4,2025-08-11,2025-08,3,1,0
5148,uunver,2,2025-08-11,2025-08,2,0,0
5149,mbayirli,2,2025-08-11,2025-08,2,0,0
5150,dcolor,58,2025-08-11,2025-08,0,58,0
5151,hbulut,34,2025-08-11,2025-08,34,0,0
5152,bfirat,52,2025-08-11,2025-08,52,0,0
5153,bunver,4,2025-08-11,2025-08,4,0,0
5154,fcolak,18,2025-08-11,2025-08,14,4,0
5155,aapak,19,2025-08-11,2025-08,0,19,0
5156,ebadem,1,2025-08-11,2025-08,1,0,0
5157,bbusta,14,2025-08-11,2025-08,13,1,0
5158,SUYILMAZ,2,2025-08-11,2025-08,2,0,0
5159,akamera,6,2025-08-11,2025-08,1,5,0
5160,abarkod,2,2025-08-11,2025-08,2,0,0
5161,tcapkin,5,2025-08-11,2025-08,5,0,0
5162,asablon,2,2025-08-11,2025-08,2,0,0
5163,fbasak,1,2025-08-11,2025-08,1,0,0
5164,cer,5,2025-08-11,2025-08,2,3,0
5165,ogun,2,2025-08-11,2025-08,1,0,1
5166,ntanriverdi,7,2025-08-11,2025-08,5,2,0
5167,ggirgin,3,2025-08-11,2025-08,2,1,0
5168,tevirgen,18,2025-08-11,2025-08,9,4,5
5169,gayilmaz,1,2025-08-11,2025-08,1,0,0
5170,oicoz,3,2025-08-11,2025-08,3,0,0
5171,gcevik,2,2025-08-11,2025-08,2,0,0
5172,aavcil,13,2025-08-11,2025-08,13,0,0
5173,ebalaban,15,2025-08-11,2025-08,15,0,0
5174,MMUTLU,27,2025-08-11,2025-08,20,1,6
5175,aozbal,15,2025-08-11,2025-08,15,0,0
5176,rkontrol,1,2025-08-12,2025-08,1,0,0
5177,mguray,2,2025-08-12,2025-08,2,0,0
5178,bfirat,98,2025-08-12,2025-08,96,2,0
5179,zyuksel,1,2025-08-12,2025-08,1,0,0
5180,fgulsever,101,2025-08-12,2025-08,0,101,0
5181,itopcu,6,2025-08-12,2025-08,6,0,0
5182,mecigdem,6,2025-08-12,2025-08,0,6,0
5183,tyilmaz,121,2025-08-12,2025-08,44,76,1
5184,mguder,22,2025-08-12,2025-08,22,0,0
5185,cyildiz,1,2025-08-12,2025-08,1,0,0
5186,ekoksal,1,2025-08-12,2025-08,0,1,0
5187,mkarsiv,1,2025-08-12,2025-08,1,0,0
5188,egonce,6,2025-08-12,2025-08,4,2,0
5189,hakdemir,2,2025-08-12,2025-08,1,1,0
5190,hbinay,13,2025-08-12,2025-08,13,0,0
5191,tcakan,9,2025-08-12,2025-08,9,0,0
5192,eozkan,9,2025-08-12,2025-08,9,0,0
5193,dcolor,70,2025-08-12,2025-08,0,70,0
5194,hbulut,18,2025-08-12,2025-08,18,0,0
5195,ebtlideri,56,2025-08-12,2025-08,2,54,0
5196,aakyildiz,1,2025-08-12,2025-08,1,0,0
5197,udalyan,4,2025-08-12,2025-08,0,4,0
5198,ebalaban,11,2025-08-12,2025-08,11,0,0
5199,nakilli,2,2025-08-12,2025-08,1,1,0
5200,aapak,12,2025-08-12,2025-08,0,12,0
5201,abarkod,4,2025-08-12,2025-08,4,0,0
5202,vgemici,2,2025-08-12,2025-08,2,0,0
5203,tcapkin,20,2025-08-12,2025-08,19,1,0
5204,gmasistan,8,2025-08-12,2025-08,4,0,4
5205,mkarabiyik,1,2025-08-12,2025-08,0,1,0
5206,MMUTLU,42,2025-08-12,2025-08,39,1,2
5207,sucakir,1,2025-08-12,2025-08,1,0,0
5208,ggirgin,4,2025-08-12,2025-08,2,1,1
5209,mertan,22,2025-08-12,2025-08,22,0,0
5210,cer,3,2025-08-12,2025-08,3,0,0
5211,mkorucu,16,2025-08-12,2025-08,3,13,0
5212,aavcil,12,2025-08-12,2025-08,12,0,0
5213,dnoic,112,2025-08-12,2025-08,40,0,72
5214,aozbal,16,2025-08-12,2025-08,13,3,0
5215,bbusta,21,2025-08-12,2025-08,17,4,0
5216,cozkan,3,2025-08-12,2025-08,3,0,0
5217,gbakanoglu,1,2025-08-12,2025-08,1,0,0
5218,gakca,6,2025-08-12,2025-08,4,2,0
5219,oguler,3,2025-08-12,2025-08,0,0,3
5220,tevirgen,18,2025-08-12,2025-08,5,9,4
5221,itopcu,7,2025-08-13,2025-08,7,0,0
5222,fgulsever,23,2025-08-13,2025-08,0,23,0
5223,hakand,17,2025-08-13,2025-08,15,2,0
5224,mecigdem,2,2025-08-13,2025-08,0,2,0
5225,gakca,10,2025-08-13,2025-08,6,4,0
5226,udalyan,9,2025-08-13,2025-08,9,0,0
5227,aapak,41,2025-08-13,2025-08,0,41,0
5228,dayakta,1,2025-08-13,2025-08,0,1,0
5229,mguder,2,2025-08-13,2025-08,2,0,0
5230,ebtlideri,3,2025-08-13,2025-08,2,1,0
5231,zyuksel,3,2025-08-13,2025-08,3,0,0
5232,bfirat,25,2025-08-13,2025-08,25,0,0
5233,tyilmaz,100,2025-08-13,2025-08,15,83,2
5234,cyildiz,6,2025-08-13,2025-08,5,1,0
5235,fcolak,2,2025-08-13,2025-08,2,0,0
5236,egonce,34,2025-08-13,2025-08,24,10,0
5237,hakdemir,10,2025-08-13,2025-08,10,0,0
5238,fdeniz,41,2025-08-13,2025-08,41,0,0
5239,akocak,246,2025-08-13,2025-08,0,246,0
5240,sutetik,1,2025-08-13,2025-08,1,0,0
5241,ersener,1,2025-08-13,2025-08,0,0,1
5242,adogan,31,2025-08-13,2025-08,7,24,0
5243,VBAYANER,6,2025-08-13,2025-08,0,6,0
5244,mguray,29,2025-08-13,2025-08,25,4,0
5245,gbakanoglu,1,2025-08-13,2025-08,0,1,0
5246,dcolor,78,2025-08-13,2025-08,0,78,0
5247,cozkan,30,2025-08-13,2025-08,30,0,0
5248,SUYILMAZ,2,2025-08-13,2025-08,2,0,0
5249,akamera,11,2025-08-13,2025-08,2,9,0
5250,vgemici,3,2025-08-13,2025-08,2,1,0
5251,tcapkin,2,2025-08-13,2025-08,2,0,0
5252,ntanriverdi,85,2025-08-13,2025-08,83,2,0
5253,nkorkmaz,67,2025-08-13,2025-08,32,0,35
5254,fbasak,7,2025-08-13,2025-08,7,0,0
5255,cer,20,2025-08-13,2025-08,20,0,0
5256,ogun,11,2025-08-13,2025-08,1,0,10
5257,aerden,2,2025-08-13,2025-08,0,0,2
5258,mkarabiyik,2,2025-08-13,2025-08,0,2,0
5259,obali,8,2025-08-13,2025-08,6,1,1
5260,abarkod,2,2025-08-13,2025-08,2,0,0
5261,gkenarli,3,2025-08-13,2025-08,3,0,0
5262,ggirgin,25,2025-08-13,2025-08,21,4,0
5263,mertan,6,2025-08-13,2025-08,6,0,0
5264,ayyilmaz,6,2025-08-13,2025-08,4,2,0
5265,tevirgen,48,2025-08-13,2025-08,7,41,0
5266,gayilmaz,11,2025-08-13,2025-08,10,1,0
5267,mkorucu,14,2025-08-13,2025-08,2,12,0
5268,aavcil,15,2025-08-13,2025-08,14,1,0
5269,ebalaban,12,2025-08-13,2025-08,12,0,0
5270,aozbal,9,2025-08-13,2025-08,3,6,0
5271,bbusta,4,2025-08-13,2025-08,4,0,0
5272,MMUTLU,19,2025-08-13,2025-08,15,0,4
5273,baozturk,1,2025-08-14,2025-08,1,0,0
5274,itopcu,2,2025-08-14,2025-08,2,0,0
5275,fgulsever,77,2025-08-14,2025-08,0,77,0
5276,ebtlideri,2,2025-08-14,2025-08,2,0,0
5277,okelepe,1,2025-08-14,2025-08,1,0,0
5278,mecigdem,5,2025-08-14,2025-08,1,4,0
5279,zyuksel,212,2025-08-14,2025-08,212,0,0
5280,udalyan,10,2025-08-14,2025-08,6,4,0
5281,cdonmez,1,2025-08-14,2025-08,0,1,0
5282,mguray,2,2025-08-14,2025-08,2,0,0
5283,hbinay,15,2025-08-14,2025-08,15,0,0
5284,stjegitim,83,2025-08-14,2025-08,15,10,58
5285,fcolak,9,2025-08-14,2025-08,9,0,0
5286,egonce,24,2025-08-14,2025-08,16,8,0
5287,hakdemir,12,2025-08-14,2025-08,12,0,0
5288,eozkan,10,2025-08-14,2025-08,9,1,0
5289,dcolor,57,2025-08-14,2025-08,0,57,0
5290,sutetik,12,2025-08-14,2025-08,0,12,0
5291,ersener,4,2025-08-14,2025-08,0,0,4
5292,ydurur,2,2025-08-14,2025-08,0,1,1
5293,aapak,48,2025-08-14,2025-08,0,48,0
5294,bfirat,6,2025-08-14,2025-08,6,0,0
5295,tyilmaz,16,2025-08-14,2025-08,15,1,0
5296,oguler,29,2025-08-14,2025-08,28,1,0
5297,aavcil,26,2025-08-14,2025-08,24,2,0
5298,cozkan,5,2025-08-14,2025-08,5,0,0
5299,akamera,11,2025-08-14,2025-08,0,11,0
5300,abarkod,1,2025-08-14,2025-08,1,0,0
5301,vgemici,1,2025-08-14,2025-08,1,0,0
5302,scabuker,14,2025-08-14,2025-08,14,0,0
5303,ayetik,4,2025-08-14,2025-08,1,3,0
5304,gmasistan,40,2025-08-14,2025-08,26,8,6
5305,asablon,3,2025-08-14,2025-08,3,0,0
5306,merkan,2,2025-08-14,2025-08,2,0,0
5307,fbasak,4,2025-08-14,2025-08,4,0,0
5308,cer,2,2025-08-14,2025-08,0,2,0
5309,mkarabiyik,14,2025-08-14,2025-08,0,14,0
5310,ntanriverdi,112,2025-08-14,2025-08,91,21,0
5311,fimetin,6,2025-08-14,2025-08,5,1,0
5312,obali,22,2025-08-14,2025-08,16,6,0
5313,aozbal,10,2025-08-14,2025-08,7,3,0
5314,dnoic,18,2025-08-14,2025-08,17,0,1
5315,mkorucu,1,2025-08-14,2025-08,0,1,0
5316,ebalaban,10,2025-08-14,2025-08,10,0,0
5317,tevirgen,24,2025-08-14,2025-08,4,16,4
5318,ayyilmaz,3,2025-08-14,2025-08,3,0,0
5319,ggirgin,14,2025-08-14,2025-08,14,0,0
5320,sucakir,2,2025-08-14,2025-08,1,1,0
5321,gayilmaz,1,2025-08-14,2025-08,1,0,0
5322,tyilmaz,1,2025-08-15,2025-08,0,1,0
5323,mecigdem,2,2025-08-15,2025-08,0,2,0
5324,hakand,2,2025-08-15,2025-08,2,0,0
5325,mguder,5,2025-08-15,2025-08,5,0,0
5326,mguray,1,2025-08-15,2025-08,1,0,0
5327,VBAYANER,24,2025-08-15,2025-08,24,0,0
5328,mkarsiv,1,2025-08-15,2025-08,1,0,0
5329,sutetik,3,2025-08-15,2025-08,0,3,0
5330,hakdemir,6,2025-08-15,2025-08,5,1,0
5331,eozkan,3,2025-08-15,2025-08,3,0,0
5332,dcolor,74,2025-08-15,2025-08,0,74,0
5333,akapucu,31,2025-08-15,2025-08,0,31,0
5334,bfirat,6,2025-08-15,2025-08,6,0,0
5335,gakca,9,2025-08-15,2025-08,9,0,0
5336,egonce,3,2025-08-15,2025-08,1,2,0
5337,cozkan,3,2025-08-15,2025-08,3,0,0
5338,okorucu,1,2025-08-15,2025-08,0,1,0
5339,aavcil,6,2025-08-15,2025-08,5,1,0
5340,ebalaban,8,2025-08-15,2025-08,8,0,0
5341,akamera,17,2025-08-15,2025-08,0,17,0
5342,ntanriverdi,48,2025-08-15,2025-08,48,0,0
5343,gmasistan,7,2025-08-15,2025-08,6,1,0
5344,asablon,1,2025-08-15,2025-08,1,0,0
5345,obali,6,2025-08-15,2025-08,2,4,0
5346,vgemici,3,2025-08-15,2025-08,2,1,0
5347,fimetin,19,2025-08-15,2025-08,19,0,0
5348,ggirgin,3,2025-08-15,2025-08,3,0,0
5349,mertan,9,2025-08-15,2025-08,9,0,0
5350,ayyilmaz,1,2025-08-15,2025-08,1,0,0
5351,tevirgen,20,2025-08-15,2025-08,8,12,0
5352,eulsever,4,2025-08-15,2025-08,0,4,0
5353,MMUTLU,13,2025-08-15,2025-08,7,0,6
5354,bfirat,29,2025-08-16,2025-08,29,0,0
5355,dcolor,58,2025-08-16,2025-08,0,58,0
5356,kbtlideri,3,2025-08-16,2025-08,3,0,0
5357,ebalaban,16,2025-08-16,2025-08,16,0,0
5358,asablon,1,2025-08-16,2025-08,0,1,0
5359,mecigdem,4,2025-08-16,2025-08,0,4,0
5360,cyildiz,2,2025-08-17,2025-08,1,1,0
5361,dcolor,9,2025-08-17,2025-08,0,9,0
5362,egonce,18,2025-08-17,2025-08,16,2,0
5363,aakyildiz,2,2025-08-17,2025-08,2,0,0
5364,fgulsever,12,2025-08-17,2025-08,0,12,0
5365,mkorucu,2,2025-08-17,2025-08,1,1,0
5366,dnoic,1,2025-08-17,2025-08,0,0,1
5367,aayhan,45,2025-08-17,2025-08,30,2,13
5368,abarkod,1,2025-08-17,2025-08,1,0,0
5369,gekim,67,2025-08-17,2025-08,0,67,0
5370,dayakta,8,2025-08-18,2025-08,8,0,0
5371,nakilli,1,2025-08-18,2025-08,0,1,0
5372,udalyan,1,2025-08-18,2025-08,0,0,1
5373,hakand,1,2025-08-18,2025-08,1,0,0
5374,fgulsever,19,2025-08-18,2025-08,0,19,0
5375,mguray,1,2025-08-18,2025-08,1,0,0
5376,tyilmaz,3,2025-08-18,2025-08,3,0,0
5377,stjegitim,19,2025-08-18,2025-08,0,0,19
5378,fcolak,27,2025-08-18,2025-08,2,25,0
5379,egonce,21,2025-08-18,2025-08,9,12,0
5380,hakdemir,2,2025-08-18,2025-08,2,0,0
5381,bfirat,3,2025-08-18,2025-08,3,0,0
5382,dcolor,28,2025-08-18,2025-08,0,28,0
5383,ekoksal,10,2025-08-18,2025-08,10,0,0
5384,iunlu,12,2025-08-18,2025-08,12,0,0
5385,ihasdemir,319,2025-08-18,2025-08,319,0,0
5386,gekim,112,2025-08-18,2025-08,0,112,0
5387,eozkan,4,2025-08-18,2025-08,4,0,0
5388,ebalaban,1,2025-08-18,2025-08,1,0,0
5389,akamera,15,2025-08-18,2025-08,0,15,0
5390,abarkod,2,2025-08-18,2025-08,2,0,0
5391,edemirbas,4,2025-08-18,2025-08,0,0,4
5392,tcapkin,13,2025-08-18,2025-08,10,3,0
5393,aaksoy,1,2025-08-18,2025-08,1,0,0
5394,ogun,3,2025-08-18,2025-08,3,0,0
5395,aayhan,5,2025-08-18,2025-08,2,0,3
5396,amasun,13,2025-08-18,2025-08,0,13,0
5397,MMUTLU,20,2025-08-18,2025-08,9,11,0
5398,fimetin,28,2025-08-18,2025-08,28,0,0
5399,ggirgin,39,2025-08-18,2025-08,36,3,0
5400,sulger,7,2025-08-18,2025-08,7,0,0
5401,tevirgen,8,2025-08-18,2025-08,8,0,0
5402,TIRMAK,3,2025-08-18,2025-08,0,3,0
5403,aavcil,12,2025-08-18,2025-08,12,0,0
5404,obali,7,2025-08-18,2025-08,0,4,3
5405,gakca,7,2025-08-19,2025-08,5,2,0
5406,aapak,18,2025-08-19,2025-08,7,11,0
5407,udalyan,13,2025-08-19,2025-08,5,4,4
5408,mecigdem,2,2025-08-19,2025-08,0,2,0
5409,hakand,37,2025-08-19,2025-08,34,3,0
5410,fgulsever,109,2025-08-19,2025-08,0,109,0
5411,tyilmaz,18,2025-08-19,2025-08,10,8,0
5412,ihasdemir,300,2025-08-19,2025-08,300,0,0
5413,hakdemir,23,2025-08-19,2025-08,19,4,0
5414,mkarsiv,2,2025-08-19,2025-08,2,0,0
5415,egonce,17,2025-08-19,2025-08,5,12,0
5416,mmollaoglu,10,2025-08-19,2025-08,5,0,5
5417,eozkan,2,2025-08-19,2025-08,2,0,0
5418,akocak,197,2025-08-19,2025-08,0,197,0
5419,dcolor,81,2025-08-19,2025-08,0,81,0
5420,iunlu,12,2025-08-19,2025-08,12,0,0
5421,bfirat,2,2025-08-19,2025-08,0,2,0
5422,stjegitim,266,2025-08-19,2025-08,60,194,12
5423,hbulut,1,2025-08-19,2025-08,1,0,0
5424,gekim,87,2025-08-19,2025-08,0,87,0
5425,ebalaban,20,2025-08-19,2025-08,20,0,0
5426,amasun,22,2025-08-19,2025-08,1,21,0
5427,abarkod,5,2025-08-19,2025-08,5,0,0
5428,ayetik,2,2025-08-19,2025-08,1,1,0
5429,gmasistan,20,2025-08-19,2025-08,14,0,6
5430,cer,3,2025-08-19,2025-08,0,3,0
5431,ogun,3,2025-08-19,2025-08,1,1,1
5432,scolak,3,2025-08-19,2025-08,0,0,3
5433,obali,6,2025-08-19,2025-08,5,1,0
5434,MMUTLU,6,2025-08-19,2025-08,4,2,0
5435,aayhan,2,2025-08-19,2025-08,2,0,0
5436,ggirgin,5,2025-08-19,2025-08,2,3,0
5437,fimetin,10,2025-08-19,2025-08,9,1,0
5438,mkorucu,3,2025-08-19,2025-08,0,3,0
5439,nibolkis,3,2025-08-19,2025-08,3,0,0
5440,ogungor,4,2025-08-19,2025-08,2,2,0
5441,dnoic,16,2025-08-19,2025-08,15,0,1
5442,tevirgen,6,2025-08-19,2025-08,3,3,0
5443,ayyilmaz,1,2025-08-19,2025-08,1,0,0
5444,gayilmaz,5,2025-08-19,2025-08,3,2,0
5445,aildeniz,1,2025-08-20,2025-08,1,0,0
5446,aapak,6,2025-08-20,2025-08,0,6,0
5447,udalyan,9,2025-08-20,2025-08,6,3,0
5448,cdonmez,1,2025-08-20,2025-08,0,1,0
5449,fgulsever,66,2025-08-20,2025-08,2,64,0
5450,carican,1,2025-08-20,2025-08,1,0,0
5451,mguder,3,2025-08-20,2025-08,3,0,0
5452,rkontrol,4,2025-08-20,2025-08,2,2,0
5453,dayakta,9,2025-08-20,2025-08,9,0,0
5454,ihasdemir,44,2025-08-20,2025-08,44,0,0
5455,egonce,20,2025-08-20,2025-08,2,18,0
5456,hakdemir,7,2025-08-20,2025-08,7,0,0
5457,sapra,28,2025-08-20,2025-08,28,0,0
5458,earslanbay,1,2025-08-20,2025-08,0,1,0
5459,eozkan,47,2025-08-20,2025-08,46,1,0
5460,dcolor,75,2025-08-20,2025-08,0,75,0
5461,bunver,5,2025-08-20,2025-08,5,0,0
5462,tyilmaz,16,2025-08-20,2025-08,8,2,6
5463,ubasdas,10,2025-08-20,2025-08,10,0,0
5464,gbakanoglu,4,2025-08-20,2025-08,4,0,0
5465,aaksoy,2,2025-08-20,2025-08,2,0,0
5466,gekim,38,2025-08-20,2025-08,0,38,0
5467,akamera,11,2025-08-20,2025-08,4,7,0
5468,abarkod,10,2025-08-20,2025-08,10,0,0
5469,vgemici,10,2025-08-20,2025-08,3,7,0
5470,cer,1,2025-08-20,2025-08,0,1,0
5471,mkarabiyik,2,2025-08-20,2025-08,0,2,0
5472,obali,13,2025-08-20,2025-08,9,4,0
5473,ggirgin,67,2025-08-20,2025-08,65,2,0
5474,fimetin,2,2025-08-20,2025-08,1,1,0
5475,tevirgen,2,2025-08-20,2025-08,0,2,0
5476,gayilmaz,1,2025-08-20,2025-08,0,1,0
5477,ogungor,32,2025-08-20,2025-08,18,14,0
5478,dnoic,1,2025-08-20,2025-08,1,0,0
5479,ebalaban,22,2025-08-20,2025-08,22,0,0
5480,amasun,112,2025-08-20,2025-08,0,112,0
5481,cozkan,4,2025-08-20,2025-08,4,0,0
5482,SUYILMAZ,3,2025-08-20,2025-08,3,0,0
5483,ekaradavut,1,2025-08-20,2025-08,1,0,0
5484,kbtlideri,10,2025-08-21,2025-08,7,3,0
5485,ihasdemir,13,2025-08-21,2025-08,13,0,0
5486,tyilmaz,2,2025-08-21,2025-08,2,0,0
5487,zyuksel,3,2025-08-21,2025-08,3,0,0
5488,bunver,24,2025-08-21,2025-08,22,2,0
5489,fgulsever,2,2025-08-21,2025-08,0,2,0
5490,okelepe,29,2025-08-21,2025-08,12,17,0
5491,nkaya,1,2025-08-21,2025-08,0,1,0
5492,itopcu,2,2025-08-21,2025-08,2,0,0
5493,adsbayiroglu,1,2025-08-21,2025-08,1,0,0
5494,bfirat,4,2025-08-21,2025-08,2,2,0
5495,cyildiz,6,2025-08-21,2025-08,3,3,0
5496,egonce,15,2025-08-21,2025-08,9,6,0
5497,hakdemir,3,2025-08-21,2025-08,1,2,0
5498,hbinay,3,2025-08-21,2025-08,3,0,0
5499,akocak,2,2025-08-21,2025-08,2,0,0
5500,dcolor,108,2025-08-21,2025-08,36,72,0
5501,ersener,7,2025-08-21,2025-08,7,0,0
5502,hbulut,1,2025-08-21,2025-08,1,0,0
5503,hakand,1,2025-08-21,2025-08,1,0,0
5504,eyuksel,3,2025-08-21,2025-08,2,1,0
5505,mecigdem,2,2025-08-21,2025-08,0,2,0
5506,eozkan,3,2025-08-21,2025-08,3,0,0
5507,nakilli,22,2025-08-21,2025-08,0,22,0
5508,aapak,9,2025-08-21,2025-08,1,8,0
5509,abarkod,3,2025-08-21,2025-08,3,0,0
5510,vgemici,18,2025-08-21,2025-08,18,0,0
5511,gmasistan,16,2025-08-21,2025-08,0,16,0
5512,aaksoy,1,2025-08-21,2025-08,1,0,0
5513,akamera,4,2025-08-21,2025-08,0,4,0
5514,mkarabiyik,2,2025-08-21,2025-08,0,2,0
5515,obali,14,2025-08-21,2025-08,7,7,0
5516,MMUTLU,30,2025-08-21,2025-08,17,5,8
5517,fimetin,7,2025-08-21,2025-08,7,0,0
5518,ogun,1,2025-08-21,2025-08,1,0,0
5519,ekaradavut,39,2025-08-21,2025-08,38,1,0
5520,mertan,6,2025-08-21,2025-08,6,0,0
5521,tevirgen,7,2025-08-21,2025-08,2,5,0
5522,aavcil,4,2025-08-21,2025-08,3,1,0
5523,dnoic,11,2025-08-21,2025-08,0,11,0
5524,gakca,5,2025-08-21,2025-08,2,3,0
5525,ebalaban,18,2025-08-21,2025-08,18,0,0
5526,amasun,56,2025-08-21,2025-08,0,56,0
5527,cozkan,28,2025-08-21,2025-08,28,0,0
5528,gekim,43,2025-08-21,2025-08,0,43,0
5529,ggirgin,5,2025-08-21,2025-08,4,1,0
5530,udalyan,61,2025-08-22,2025-08,20,14,27
5531,hakand,1,2025-08-22,2025-08,1,0,0
5532,cdonmez,2,2025-08-22,2025-08,0,2,0
5533,kbtlideri,2,2025-08-22,2025-08,2,0,0
5534,dcolor,94,2025-08-22,2025-08,18,76,0
5535,stjegitim,13,2025-08-22,2025-08,0,3,10
5536,eyuksel,16,2025-08-22,2025-08,16,0,0
5537,hakdemir,1,2025-08-22,2025-08,1,0,0
5538,bfirat,3,2025-08-22,2025-08,3,0,0
5539,cisahin,1,2025-08-22,2025-08,1,0,0
5540,tyilmaz,11,2025-08-22,2025-08,10,0,1
5541,cozkan,1,2025-08-22,2025-08,1,0,0
5542,adogan,3,2025-08-22,2025-08,3,0,0
5543,amasun,29,2025-08-22,2025-08,0,29,0
5544,ebalaban,22,2025-08-22,2025-08,22,0,0
5545,mkorucu,3,2025-08-22,2025-08,0,3,0
5546,oicoz,2,2025-08-22,2025-08,2,0,0
5547,gayilmaz,7,2025-08-22,2025-08,7,0,0
5548,tevirgen,66,2025-08-22,2025-08,31,22,13
5549,ggirgin,134,2025-08-22,2025-08,122,12,0
5550,fimetin,2,2025-08-22,2025-08,2,0,0
5551,MMUTLU,12,2025-08-22,2025-08,12,0,0
5552,mkarabiyik,1,2025-08-22,2025-08,0,1,0
5553,akamera,3,2025-08-22,2025-08,0,3,0
5554,aozbal,10,2025-08-22,2025-08,8,2,0
5555,bfirat,39,2025-08-23,2025-08,39,0,0
5556,dcolor,56,2025-08-23,2025-08,0,56,0
5557,hbinay,8,2025-08-23,2025-08,8,0,0
5558,ebalaban,3,2025-08-23,2025-08,3,0,0
5559,mecigdem,2,2025-08-23,2025-08,0,2,0
5560,amasun,42,2025-08-23,2025-08,40,2,0
5561,hakdemir,16,2025-08-23,2025-08,16,0,0
5562,fgulsever,49,2025-08-24,2025-08,0,49,0
5563,dcolor,5,2025-08-24,2025-08,0,5,0
5564,ihasdemir,25,2025-08-24,2025-08,25,0,0
5565,aildeniz,26,2025-08-24,2025-08,26,0,0
5566,carican,1,2025-08-24,2025-08,1,0,0
5567,okelepe,7,2025-08-24,2025-08,0,7,0
5568,abarkod,9,2025-08-24,2025-08,9,0,0
5569,aapak,42,2025-08-24,2025-08,0,42,0
5570,gekim,80,2025-08-24,2025-08,0,80,0
5571,mkorucu,1,2025-08-24,2025-08,1,0,0
5572,ecelen,8,2025-08-24,2025-08,8,0,0
5573,fbasak,2,2025-08-24,2025-08,1,1,0
5574,BSOGUT,1,2025-08-24,2025-08,0,0,1
5575,gekim,49,2025-08-25,2025-08,0,49,0
5576,hakand,69,2025-08-25,2025-08,20,44,5
5577,adogan,5,2025-08-25,2025-08,5,0,0
5578,gakca,3,2025-08-25,2025-08,2,1,0
5579,aapak,12,2025-08-25,2025-08,6,6,0
5580,udalyan,33,2025-08-25,2025-08,26,4,3
5581,mecigdem,2,2025-08-25,2025-08,0,2,0
5582,okelepe,158,2025-08-25,2025-08,107,51,0
5583,gbakanoglu,10,2025-08-25,2025-08,10,0,0
5584,itopcu,10,2025-08-25,2025-08,10,0,0
5585,mguder,10,2025-08-25,2025-08,10,0,0
5586,tyilmaz,32,2025-08-25,2025-08,12,1,19
5587,egonce,21,2025-08-25,2025-08,6,15,0
5588,hakdemir,6,2025-08-25,2025-08,5,1,0
5589,eozkan,42,2025-08-25,2025-08,41,1,0
5590,dcolor,51,2025-08-25,2025-08,0,51,0
5591,cisahin,2,2025-08-25,2025-08,2,0,0
5592,fgulsever,125,2025-08-25,2025-08,12,113,0
5593,fbalaban,2,2025-08-25,2025-08,0,2,0
5594,eulsever,35,2025-08-25,2025-08,35,0,0
5595,ebalaban,8,2025-08-25,2025-08,8,0,0
5596,amasun,23,2025-08-25,2025-08,0,23,0
5597,vgemici,1,2025-08-25,2025-08,1,0,0
5598,ntanriverdi,60,2025-08-25,2025-08,18,42,0
5599,gmasistan,8,2025-08-25,2025-08,3,2,3
5600,bkibar,2,2025-08-25,2025-08,2,0,0
5601,cer,3,2025-08-25,2025-08,1,2,0
5602,aayhan,1,2025-08-25,2025-08,1,0,0
5603,obali,6,2025-08-25,2025-08,5,0,1
5604,fimetin,58,2025-08-25,2025-08,57,1,0
5605,fbasak,10,2025-08-25,2025-08,7,3,0
5606,ggirgin,7,2025-08-25,2025-08,7,0,0
5607,ayyilmaz,3,2025-08-25,2025-08,3,0,0
5608,tevirgen,7,2025-08-25,2025-08,7,0,0
5609,ogungor,2,2025-08-25,2025-08,1,1,0
5610,mkorucu,8,2025-08-25,2025-08,8,0,0
5611,dnoic,17,2025-08-25,2025-08,13,3,1
5612,sucakir,27,2025-08-25,2025-08,27,0,0
5613,akamera,6,2025-08-25,2025-08,0,6,0
5614,ierdil,2,2025-08-26,2025-08,2,0,0
5615,zyuksel,43,2025-08-26,2025-08,43,0,0
5616,mguder,2,2025-08-26,2025-08,2,0,0
5617,gsapmaz,35,2025-08-26,2025-08,35,0,0
5618,okelepe,86,2025-08-26,2025-08,49,36,1
5619,cdonmez,1,2025-08-26,2025-08,0,1,0
5620,mecigdem,2,2025-08-26,2025-08,0,2,0
5621,dakkaya,4,2025-08-26,2025-08,4,0,0
5622,fgulsever,55,2025-08-26,2025-08,3,52,0
5623,aildeniz,2,2025-08-26,2025-08,2,0,0
5624,bfirat,7,2025-08-26,2025-08,5,2,0
5625,mkarsiv,3,2025-08-26,2025-08,3,0,0
5626,egonce,18,2025-08-26,2025-08,14,4,0
5627,hakdemir,3,2025-08-26,2025-08,1,2,0
5628,hbinay,1,2025-08-26,2025-08,1,0,0
5629,mmollaoglu,2,2025-08-26,2025-08,0,0,2
5630,hbulut,8,2025-08-26,2025-08,8,0,0
5631,udalyan,2,2025-08-26,2025-08,0,0,2
5632,VBAYANER,78,2025-08-26,2025-08,67,11,0
5633,bunver,1,2025-08-26,2025-08,1,0,0
5634,tyilmaz,61,2025-08-26,2025-08,40,21,0
5635,aapak,94,2025-08-26,2025-08,0,94,0
5636,dcolor,37,2025-08-26,2025-08,0,37,0
5637,adogan,2,2025-08-26,2025-08,1,0,1
5638,gakca,4,2025-08-26,2025-08,3,1,0
5639,akamera,6,2025-08-26,2025-08,0,6,0
5640,abarkod,8,2025-08-26,2025-08,8,0,0
5641,vgemici,1,2025-08-26,2025-08,1,0,0
5642,ntanriverdi,4,2025-08-26,2025-08,4,0,0
5643,fbasak,17,2025-08-26,2025-08,17,0,0
5644,mkarabiyik,2,2025-08-26,2025-08,0,2,0
5645,sucakir,21,2025-08-26,2025-08,21,0,0
5646,ggirgin,10,2025-08-26,2025-08,1,0,9
5647,mertan,7,2025-08-26,2025-08,7,0,0
5648,aayhan,9,2025-08-26,2025-08,7,0,2
5649,eulsever,6,2025-08-26,2025-08,2,4,0
5650,gayilmaz,13,2025-08-26,2025-08,12,1,0
5651,ogungor,1,2025-08-26,2025-08,1,0,0
5652,klaboratuar,15,2025-08-26,2025-08,0,15,0
5653,mkorucu,31,2025-08-26,2025-08,31,0,0
5654,dnoic,2,2025-08-26,2025-08,2,0,0
5655,ebalaban,4,2025-08-26,2025-08,4,0,0
5656,amasun,63,2025-08-26,2025-08,8,55,0
5657,tevirgen,36,2025-08-26,2025-08,8,28,0
5658,gekim,149,2025-08-26,2025-08,0,149,0
5659,okelepe,1,2025-08-27,2025-08,0,1,0
5660,BSOGUT,3,2025-08-27,2025-08,1,0,2
5661,esaribuyuk,3,2025-08-27,2025-08,0,1,2
5662,aapak,53,2025-08-27,2025-08,0,53,0
5663,mecigdem,2,2025-08-27,2025-08,0,2,0
5664,udalyan,7,2025-08-27,2025-08,5,2,0
5665,fgulsever,23,2025-08-27,2025-08,2,21,0
5666,hakand,74,2025-08-27,2025-08,23,51,0
5667,itopcu,11,2025-08-27,2025-08,8,3,0
5668,bunver,2,2025-08-27,2025-08,2,0,0
5669,mguray,2,2025-08-27,2025-08,2,0,0
5670,rkontrol,4,2025-08-27,2025-08,2,2,0
5671,tyilmaz,12,2025-08-27,2025-08,2,0,10
5672,stjegitim,10,2025-08-27,2025-08,10,0,0
5673,eyuksel,3,2025-08-27,2025-08,3,0,0
5674,egonce,13,2025-08-27,2025-08,6,7,0
5675,hakdemir,2,2025-08-27,2025-08,2,0,0
5676,eozkan,3,2025-08-27,2025-08,2,1,0
5677,dcolor,48,2025-08-27,2025-08,0,48,0
5678,ubasdas,1,2025-08-27,2025-08,1,0,0
5679,gsapmaz,6,2025-08-27,2025-08,4,2,0
5680,gakca,3,2025-08-27,2025-08,3,0,0
5681,ebalaban,23,2025-08-27,2025-08,23,0,0
5682,gekim,103,2025-08-27,2025-08,0,103,0
5683,akamera,2,2025-08-27,2025-08,0,2,0
5684,abarkod,2,2025-08-27,2025-08,2,0,0
5685,fbasak,2,2025-08-27,2025-08,2,0,0
5686,cer,8,2025-08-27,2025-08,0,8,0
5687,adogan,2,2025-08-27,2025-08,2,0,0
5688,obali,18,2025-08-27,2025-08,5,12,1
5689,esalli,1,2025-08-27,2025-08,0,1,0
5690,ggirgin,32,2025-08-27,2025-08,20,6,6
5691,ekaradavut,18,2025-08-27,2025-08,16,2,0
5692,mertan,1,2025-08-27,2025-08,1,0,0
5693,aayhan,11,2025-08-27,2025-08,4,6,1
5694,eulsever,7,2025-08-27,2025-08,0,7,0
5695,gayilmaz,1,2025-08-27,2025-08,1,0,0
5696,ogungor,2,2025-08-27,2025-08,1,1,0
5697,okanat,3,2025-08-27,2025-08,3,0,0
5698,mkorucu,10,2025-08-27,2025-08,2,8,0
5699,amasun,23,2025-08-27,2025-08,0,23,0
5700,ekaragoz,9,2025-08-27,2025-08,9,0,0
5701,cozkan,2,2025-08-27,2025-08,2,0,0
5702,cisahin,19,2025-08-27,2025-08,17,2,0
5703,tevirgen,79,2025-08-27,2025-08,62,17,0
5704,ihasdemir,27,2025-08-28,2025-08,27,0,0
5705,tyilmaz,10,2025-08-28,2025-08,6,0,4
5706,otanriverdi,3,2025-08-28,2025-08,0,1,2
5707,mguray,6,2025-08-28,2025-08,6,0,0
5708,fgulsever,3,2025-08-28,2025-08,0,3,0
5709,mguder,2,2025-08-28,2025-08,2,0,0
5710,gsapmaz,3,2025-08-28,2025-08,3,0,0
5711,baozturk,1,2025-08-28,2025-08,1,0,0
5712,eyuksel,25,2025-08-28,2025-08,25,0,0
5713,ierdil,1,2025-08-28,2025-08,1,0,0
5714,mkarsiv,1,2025-08-28,2025-08,1,0,0
5715,gakca,7,2025-08-28,2025-08,6,1,0
5716,hakdemir,2,2025-08-28,2025-08,2,0,0
5717,uunver,13,2025-08-28,2025-08,12,1,0
5718,sapra,3,2025-08-28,2025-08,3,0,0
5719,eozkan,2,2025-08-28,2025-08,2,0,0
5720,neozdemir,12,2025-08-28,2025-08,12,0,0
5721,dcolor,49,2025-08-28,2025-08,0,49,0
5722,hbulut,1,2025-08-28,2025-08,1,0,0
5723,bfirat,160,2025-08-28,2025-08,160,0,0
5724,VBAYANER,156,2025-08-28,2025-08,134,22,0
5725,hakand,2,2025-08-28,2025-08,2,0,0
5726,egonce,27,2025-08-28,2025-08,15,12,0
5727,mecigdem,2,2025-08-28,2025-08,0,2,0
5728,amasun,5,2025-08-28,2025-08,2,3,0
5729,aapak,10,2025-08-28,2025-08,0,10,0
5730,abarkod,6,2025-08-28,2025-08,6,0,0
5731,ntanriverdi,14,2025-08-28,2025-08,14,0,0
5732,gmasistan,19,2025-08-28,2025-08,11,2,6
5733,ggirgin,36,2025-08-28,2025-08,26,10,0
5734,ayyilmaz,2,2025-08-28,2025-08,2,0,0
5735,tevirgen,2,2025-08-28,2025-08,1,1,0
5736,gayilmaz,10,2025-08-28,2025-08,10,0,0
5737,uyigit,100,2025-08-28,2025-08,0,100,0
5738,TIRMAK,2,2025-08-28,2025-08,0,2,0
5739,oicoz,6,2025-08-28,2025-08,6,0,0
5740,obali,3,2025-08-28,2025-08,2,1,0
5741,dnoic,185,2025-08-28,2025-08,160,25,0
5742,ebalaban,2,2025-08-28,2025-08,2,0,0
5743,udalyan,18,2025-08-28,2025-08,18,0,0
5744,ekaragoz,2,2025-08-28,2025-08,2,0,0
5745,cozkan,7,2025-08-28,2025-08,7,0,0
5746,cisahin,2,2025-08-28,2025-08,2,0,0
5747,gekim,70,2025-08-28,2025-08,0,70,0
5748,adogan,1,2025-08-28,2025-08,1,0,0
5749,akamera,1,2025-08-28,2025-08,0,1,0
5750,mkorucu,50,2025-08-28,2025-08,50,0,0
5751,udalyan,40,2025-08-29,2025-08,10,6,24
5752,mecigdem,3,2025-08-29,2025-08,0,3,0
5753,cdonmez,1,2025-08-29,2025-08,0,1,0
5754,mguder,2,2025-08-29,2025-08,2,0,0
5755,zyuksel,2,2025-08-29,2025-08,2,0,0
5756,mguray,76,2025-08-29,2025-08,76,0,0
5757,hbulut,2,2025-08-29,2025-08,0,2,0
5758,stjegitim,151,2025-08-29,2025-08,43,108,0
5759,hakdemir,1,2025-08-29,2025-08,0,1,0
5760,dcolor,56,2025-08-29,2025-08,0,56,0
5761,ydurur,1,2025-08-29,2025-08,1,0,0
5762,bfirat,2,2025-08-29,2025-08,0,2,0
5763,ELOFCA,12,2025-08-29,2025-08,4,8,0
5764,tyilmaz,28,2025-08-29,2025-08,0,20,8
5765,gakca,8,2025-08-29,2025-08,3,5,0
5766,VBAYANER,2,2025-08-29,2025-08,2,0,0
5767,amasun,15,2025-08-29,2025-08,0,15,0
5768,otufan,4,2025-08-29,2025-08,0,3,1
5769,akamera,3,2025-08-29,2025-08,0,3,0
5770,vgemici,4,2025-08-29,2025-08,3,1,0
5771,ntanriverdi,20,2025-08-29,2025-08,20,0,0
5772,bkibar,3,2025-08-29,2025-08,0,3,0
5773,mkarabiyik,3,2025-08-29,2025-08,0,3,0
5774,obali,8,2025-08-29,2025-08,4,2,2
5775,ggirgin,69,2025-08-29,2025-08,58,11,0
5776,tevirgen,106,2025-08-29,2025-08,35,58,13
5777,eulsever,44,2025-08-29,2025-08,44,0,0
5778,okanat,1,2025-08-29,2025-08,1,0,0
5779,oicoz,3,2025-08-29,2025-08,0,3,0
5780,ebalaban,114,2025-08-29,2025-08,114,0,0
5781,fimetin,10,2025-08-29,2025-08,10,0,0
5782,dcolor,58,2025-08-30,2025-08,0,58,0
5783,mecigdem,2,2025-08-30,2025-08,0,2,0
5784,asablon,1,2025-08-30,2025-08,1,0,0
5785,ebalaban,5,2025-08-30,2025-08,5,0,0
5786,udalyan,15,2025-08-30,2025-08,15,0,0
5787,BSOGUT,1,2025-08-31,2025-08,1,0,0
5788,dcolor,6,2025-08-31,2025-08,0,6,0
5789,sapra,1,2025-08-31,2025-08,1,0,0
5790,mbayirli,10,2025-08-31,2025-08,10,0,0
5791,egonce,11,2025-08-31,2025-08,6,5,0
5792,mkarsiv,2,2025-08-31,2025-08,2,0,0
5793,fcolak,199,2025-08-31,2025-08,130,69,0
5794,cyildiz,37,2025-08-31,2025-08,35,2,0
5795,ihasdemir,45,2025-08-31,2025-08,45,0,0
5796,seakin,2,2025-08-31,2025-08,0,0,2
5797,hakand,7,2025-08-31,2025-08,7,0,0
5798,okelepe,1,2025-08-31,2025-08,1,0,0
5799,gekim,132,2025-08-31,2025-08,0,132,0
5800,scabuker,6,2025-08-31,2025-08,3,0,3
5801,ekaragoz,3,2025-08-31,2025-08,1,2,0
5802,dnoic,33,2025-08-31,2025-08,22,5,6
5803,mkorucu,348,2025-08-31,2025-08,301,47,0
5804,kesmeray,20,2025-08-31,2025-08,20,0,0
5805,ogun,3,2025-08-31,2025-08,2,0,1
5806,nkorkmaz,2,2025-08-31,2025-08,2,0,0
5807,tcapkin,6,2025-08-31,2025-08,4,2,0
5808,abarkod,48,2025-08-31,2025-08,33,15,0
5809,aapak,4,2025-08-31,2025-08,0,4,0
5810,mguder,2,2025-09-01,2025-09,2,0,0
5811,fgulsever,61,2025-09-01,2025-09,0,61,0
5812,hakand,35,2025-09-01,2025-09,24,11,0
5813,mecigdem,3,2025-09-01,2025-09,0,3,0
5814,gekim,88,2025-09-01,2025-09,0,88,0
5815,aapak,17,2025-09-01,2025-09,11,6,0
5816,gakca,5,2025-09-01,2025-09,4,1,0
5817,adogan,21,2025-09-01,2025-09,0,21,0
5818,mguray,3,2025-09-01,2025-09,0,3,0
5819,udalyan,8,2025-09-01,2025-09,5,3,0
5820,tyilmaz,5,2025-09-01,2025-09,3,2,0
5821,egonce,31,2025-09-01,2025-09,3,28,0
5822,ihasdemir,67,2025-09-01,2025-09,67,0,0
5823,cyildiz,4,2025-09-01,2025-09,2,2,0
5824,VBAYANER,13,2025-09-01,2025-09,1,12,0
5825,mkarsiv,1,2025-09-01,2025-09,1,0,0
5826,hakdemir,9,2025-09-01,2025-09,7,2,0
5827,dcolor,31,2025-09-01,2025-09,0,31,0
5828,sutetik,2,2025-09-01,2025-09,2,0,0
5829,ersener,72,2025-09-01,2025-09,72,0,0
5830,hbulut,57,2025-09-01,2025-09,48,9,0
5831,bfirat,7,2025-09-01,2025-09,7,0,0
5832,eanli,6,2025-09-01,2025-09,2,4,0
5833,ytinmaz,22,2025-09-01,2025-09,22,0,0
5834,ekaragoz,2,2025-09-01,2025-09,1,0,1
5835,fcolak,8,2025-09-01,2025-09,8,0,0
5836,ebalaban,7,2025-09-01,2025-09,7,0,0
5837,amasun,23,2025-09-01,2025-09,0,23,0
5838,akamera,10,2025-09-01,2025-09,0,10,0
5839,abarkod,6,2025-09-01,2025-09,0,6,0
5840,edemirbas,4,2025-09-01,2025-09,0,0,4
5841,ttlideri,22,2025-09-01,2025-09,22,0,0
5842,vgemici,2,2025-09-01,2025-09,1,1,0
5843,tcapkin,3,2025-09-01,2025-09,3,0,0
5844,asablon,1,2025-09-01,2025-09,1,0,0
5845,fbasak,41,2025-09-01,2025-09,1,20,20
5846,cer,20,2025-09-01,2025-09,18,2,0
5847,aayhan,111,2025-09-01,2025-09,4,92,15
5848,ntanriverdi,42,2025-09-01,2025-09,39,3,0
5849,obali,1,2025-09-01,2025-09,1,0,0
5850,MMUTLU,36,2025-09-01,2025-09,35,1,0
5851,fimetin,24,2025-09-01,2025-09,24,0,0
5852,sucakir,2,2025-09-01,2025-09,2,0,0
5853,ggirgin,87,2025-09-01,2025-09,75,12,0
5854,ekaradavut,23,2025-09-01,2025-09,23,0,0
5855,ayyilmaz,1,2025-09-01,2025-09,1,0,0
5856,tevirgen,45,2025-09-01,2025-09,13,8,24
5857,eulsever,7,2025-09-01,2025-09,0,7,0
5858,ddtlideri,14,2025-09-01,2025-09,14,0,0
5859,fyilanci,1,2025-09-01,2025-09,1,0,0
5860,dnoic,35,2025-09-01,2025-09,32,3,0
5861,mguder,28,2025-09-02,2025-09,28,0,0
5862,fgulsever,11,2025-09-02,2025-09,0,11,0
5863,okelepe,6,2025-09-02,2025-09,6,0,0
5864,hakand,3,2025-09-02,2025-09,3,0,0
5865,gakca,5,2025-09-02,2025-09,5,0,0
5866,udalyan,18,2025-09-02,2025-09,9,6,3
5867,aapak,15,2025-09-02,2025-09,0,15,0
5868,ubasdas,4,2025-09-02,2025-09,4,0,0
5869,zyuksel,1,2025-09-02,2025-09,0,1,0
5870,mecigdem,8,2025-09-02,2025-09,6,2,0
5871,ierdil,8,2025-09-02,2025-09,8,0,0
5872,bunver,1,2025-09-02,2025-09,1,0,0
5873,tyilmaz,11,2025-09-02,2025-09,6,2,3
5874,stjegitim,2,2025-09-02,2025-09,2,0,0
5875,eyuksel,12,2025-09-02,2025-09,11,1,0
5876,fcolak,2,2025-09-02,2025-09,2,0,0
5877,mkarsiv,4,2025-09-02,2025-09,4,0,0
5878,hakdemir,2,2025-09-02,2025-09,2,0,0
5879,dcolor,73,2025-09-02,2025-09,0,73,0
5880,hbulut,51,2025-09-02,2025-09,51,0,0
5881,akapucu,19,2025-09-02,2025-09,19,0,0
5882,bfirat,12,2025-09-02,2025-09,11,1,0
5883,adogan,27,2025-09-02,2025-09,22,5,0
5884,kbtlideri,4,2025-09-02,2025-09,4,0,0
5885,gekim,62,2025-09-02,2025-09,0,62,0
5886,egonce,10,2025-09-02,2025-09,0,10,0
5887,amasun,13,2025-09-02,2025-09,0,13,0
5888,eanli,1,2025-09-02,2025-09,0,1,0
5889,akamera,2,2025-09-02,2025-09,0,2,0
5890,ttlideri,1,2025-09-02,2025-09,1,0,0
5891,ntanriverdi,35,2025-09-02,2025-09,35,0,0
5892,asablon,4,2025-09-02,2025-09,4,0,0
5893,fbasak,4,2025-09-02,2025-09,4,0,0
5894,aayhan,61,2025-09-02,2025-09,49,11,0
5895,mkarabiyik,3,2025-09-02,2025-09,0,3,0
5896,mkofis,1,2025-09-02,2025-09,0,1,0
5897,obali,3,2025-09-02,2025-09,0,3,0
5898,MMUTLU,29,2025-09-02,2025-09,20,2,7
5899,cer,2,2025-09-02,2025-09,1,1,0
5900,gkenarli,1,2025-09-02,2025-09,1,0,0
5901,ggirgin,12,2025-09-02,2025-09,10,2,0
5902,ayyilmaz,1,2025-09-02,2025-09,1,0,0
5903,tevirgen,71,2025-09-02,2025-09,12,29,30
5904,eulsever,8,2025-09-02,2025-09,0,8,0
5905,gayilmaz,1,2025-09-02,2025-09,1,0,0
5906,ogungor,1,2025-09-02,2025-09,1,0,0
5907,kkaplan,2,2025-09-02,2025-09,1,1,0
5908,oicoz,23,2025-09-02,2025-09,23,0,0
5909,dnoic,39,2025-09-02,2025-09,37,2,0
5910,fimetin,22,2025-09-02,2025-09,17,5,0
5911,ebalaban,22,2025-09-02,2025-09,22,0,0
5912,aildeniz,1,2025-09-03,2025-09,1,0,0
5913,kbtlideri,1,2025-09-03,2025-09,0,1,0
5914,zyuksel,3,2025-09-03,2025-09,3,0,0
5915,fgulsever,20,2025-09-03,2025-09,0,20,0
5916,gakca,11,2025-09-03,2025-09,10,1,0
5917,hakand,5,2025-09-03,2025-09,4,1,0
5918,mecigdem,4,2025-09-03,2025-09,0,4,0
5919,udalyan,1,2025-09-03,2025-09,0,0,1
5920,aapak,64,2025-09-03,2025-09,0,64,0
5921,rkontrol,1,2025-09-03,2025-09,1,0,0
5922,BSOGUT,1,2025-09-03,2025-09,0,1,0
5923,tyilmaz,3,2025-09-03,2025-09,2,1,0
5924,hbulut,5,2025-09-03,2025-09,3,2,0
5925,ihasdemir,60,2025-09-03,2025-09,60,0,0
5926,stjegitim,5,2025-09-03,2025-09,2,3,0
5927,eyuksel,2,2025-09-03,2025-09,1,1,0
5928,aakyildiz,3,2025-09-03,2025-09,3,0,0
5929,fcolak,26,2025-09-03,2025-09,18,8,0
5930,egonce,26,2025-09-03,2025-09,0,26,0
5931,hakdemir,11,2025-09-03,2025-09,6,5,0
5932,sapra,2,2025-09-03,2025-09,2,0,0
5933,eozkan,1,2025-09-03,2025-09,1,0,0
5934,dcolor,58,2025-09-03,2025-09,0,58,0
5935,adogan,3,2025-09-03,2025-09,1,2,0
5936,bfirat,4,2025-09-03,2025-09,4,0,0
5937,ytinmaz,4,2025-09-03,2025-09,4,0,0
5938,iunlu,8,2025-09-03,2025-09,8,0,0
5939,oicoz,9,2025-09-03,2025-09,4,5,0
5940,SUYILMAZ,1,2025-09-03,2025-09,1,0,0
5941,akamera,14,2025-09-03,2025-09,0,14,0
5942,abarkod,1,2025-09-03,2025-09,0,1,0
5943,ntanriverdi,19,2025-09-03,2025-09,19,0,0
5944,bkibar,4,2025-09-03,2025-09,1,3,0
5945,nkorkmaz,1,2025-09-03,2025-09,1,0,0
5946,cer,1,2025-09-03,2025-09,0,1,0
5947,mkarabiyik,3,2025-09-03,2025-09,0,3,0
5948,gekim,62,2025-09-03,2025-09,0,62,0
5949,obali,4,2025-09-03,2025-09,2,2,0
5950,MMUTLU,9,2025-09-03,2025-09,5,0,4
5951,ggirgin,7,2025-09-03,2025-09,6,1,0
5952,ekaradavut,5,2025-09-03,2025-09,5,0,0
5953,mkofis,2,2025-09-03,2025-09,2,0,0
5954,tevirgen,23,2025-09-03,2025-09,10,13,0
5955,mertan,5,2025-09-03,2025-09,5,0,0
5956,aozbal,1,2025-09-03,2025-09,1,0,0
5957,amasun,18,2025-09-03,2025-09,0,18,0
5958,ebalaban,18,2025-09-03,2025-09,18,0,0
5959,dnoic,134,2025-09-03,2025-09,76,0,58
5960,ekaragoz,1,2025-09-03,2025-09,0,1,0
5961,kkaplan,1,2025-09-03,2025-09,0,0,1
5962,ogungor,18,2025-09-03,2025-09,18,0,0
5963,gayilmaz,3,2025-09-03,2025-09,3,0,0
5964,eulsever,4,2025-09-03,2025-09,0,4,0
5965,mkorucu,1,2025-09-03,2025-09,1,0,0
5966,itopcu,9,2025-09-04,2025-09,9,0,0
5967,adogan,6,2025-09-04,2025-09,0,6,0
5968,gakca,2,2025-09-04,2025-09,2,0,0
5969,aapak,34,2025-09-04,2025-09,0,34,0
5970,udalyan,70,2025-09-04,2025-09,3,0,67
5971,mecigdem,6,2025-09-04,2025-09,4,2,0
5972,hakand,5,2025-09-04,2025-09,4,1,0
5973,fgulsever,15,2025-09-04,2025-09,0,15,0
5974,mguder,5,2025-09-04,2025-09,5,0,0
5975,bfirat,1,2025-09-04,2025-09,1,0,0
5976,stjegitim,4,2025-09-04,2025-09,3,1,0
5977,fcolak,4,2025-09-04,2025-09,1,3,0
5978,hakdemir,3,2025-09-04,2025-09,2,1,0
5979,msevim,1,2025-09-04,2025-09,0,1,0
5980,hbinay,17,2025-09-04,2025-09,17,0,0
5981,sapra,1,2025-09-04,2025-09,0,1,0
5982,dcolor,58,2025-09-04,2025-09,0,58,0
5983,iunlu,15,2025-09-04,2025-09,15,0,0
5984,tyilmaz,14,2025-09-04,2025-09,5,3,6
5985,gekim,51,2025-09-04,2025-09,0,51,0
5986,egonce,122,2025-09-04,2025-09,115,7,0
5987,bbusta,3,2025-09-04,2025-09,3,0,0
5988,akamera,11,2025-09-04,2025-09,1,10,0
5989,abarkod,4,2025-09-04,2025-09,0,4,0
5990,tcapkin,1,2025-09-04,2025-09,1,0,0
5991,ntanriverdi,70,2025-09-04,2025-09,67,3,0
5992,asablon,11,2025-09-04,2025-09,11,0,0
5993,ekaragoz,1,2025-09-04,2025-09,1,0,0
5994,fbasak,26,2025-09-04,2025-09,26,0,0
5995,ogun,5,2025-09-04,2025-09,5,0,0
5996,aayhan,11,2025-09-04,2025-09,9,0,2
5997,vgemici,1,2025-09-04,2025-09,1,0,0
5998,MMUTLU,6,2025-09-04,2025-09,6,0,0
5999,obali,1,2025-09-04,2025-09,1,0,0
6000,amasun,9,2025-09-04,2025-09,0,9,0
6001,dnoic,3,2025-09-04,2025-09,3,0,0
6002,tevirgen,46,2025-09-04,2025-09,3,27,16
6003,ebalaban,7,2025-09-04,2025-09,7,0,0
6004,mertan,4,2025-09-04,2025-09,4,0,0
6005,ggirgin,17,2025-09-04,2025-09,17,0,0
6006,fimetin,28,2025-09-04,2025-09,27,1,0
6007,ayyilmaz,1,2025-09-04,2025-09,1,0,0
6008,udalyan,33,2025-09-05,2025-09,20,13,0
6009,gsapmaz,1,2025-09-05,2025-09,1,0,0
6010,mecigdem,2,2025-09-05,2025-09,0,2,0
6011,hakand,1,2025-09-05,2025-09,1,0,0
6012,cdonmez,4,2025-09-05,2025-09,3,1,0
6013,itopcu,4,2025-09-05,2025-09,4,0,0
6014,carican,5,2025-09-05,2025-09,5,0,0
6015,akocak,345,2025-09-05,2025-09,2,343,0
6016,hakdemir,5,2025-09-05,2025-09,2,3,0
6017,msevim,2,2025-09-05,2025-09,0,2,0
6018,hbinay,8,2025-09-05,2025-09,8,0,0
6019,hbulut,3,2025-09-05,2025-09,1,2,0
6020,bfirat,18,2025-09-05,2025-09,18,0,0
6021,adogan,2,2025-09-05,2025-09,2,0,0
6022,tyilmaz,9,2025-09-05,2025-09,1,0,8
6023,bsakrak,8,2025-09-05,2025-09,8,0,0
6024,dcolor,47,2025-09-05,2025-09,0,47,0
6025,ebalaban,12,2025-09-05,2025-09,12,0,0
6026,amasun,4,2025-09-05,2025-09,0,4,0
6027,oyurtsever,53,2025-09-05,2025-09,0,53,0
6028,asablon,6,2025-09-05,2025-09,6,0,0
6029,mkarabiyik,14,2025-09-05,2025-09,6,8,0
6030,obali,3,2025-09-05,2025-09,0,0,3
6031,MMUTLU,2,2025-09-05,2025-09,2,0,0
6032,fimetin,4,2025-09-05,2025-09,2,2,0
6033,ntanriverdi,33,2025-09-05,2025-09,33,0,0
6034,ekaradavut,4,2025-09-05,2025-09,4,0,0
6035,ayyilmaz,1,2025-09-05,2025-09,1,0,0
6036,tevirgen,29,2025-09-05,2025-09,13,16,0
6037,eulsever,18,2025-09-05,2025-09,0,18,0
6038,okanat,1,2025-09-05,2025-09,1,0,0
6039,kkaplan,2,2025-09-05,2025-09,1,1,0
6040,ggirgin,64,2025-09-05,2025-09,59,4,1
6041,dcolor,33,2025-09-06,2025-09,0,33,0
6042,hakdemir,16,2025-09-06,2025-09,16,0,0
6043,mecigdem,1,2025-09-06,2025-09,1,0,0
6044,mertan,5,2025-09-06,2025-09,5,0,0
6045,ebalaban,7,2025-09-06,2025-09,7,0,0
6046,aapak,32,2025-09-07,2025-09,24,8,0
6047,vdemirkaya,10,2025-09-07,2025-09,0,10,0
6048,uunver,2,2025-09-07,2025-09,2,0,0
6049,egonce,7,2025-09-07,2025-09,4,3,0
6050,fcolak,16,2025-09-07,2025-09,16,0,0
6051,fgulsever,35,2025-09-07,2025-09,5,30,0
6052,dcolor,12,2025-09-07,2025-09,0,12,0
6053,gekim,152,2025-09-07,2025-09,0,152,0
6054,okelepe,2,2025-09-07,2025-09,1,0,1
6055,ekaragoz,6,2025-09-07,2025-09,0,6,0
6056,dnoic,71,2025-09-07,2025-09,7,1,63
6057,mkorucu,2,2025-09-07,2025-09,2,0,0
6058,uyigit,37,2025-09-07,2025-09,4,33,0
6059,mkofis,2,2025-09-07,2025-09,2,0,0
6060,aayhan,95,2025-09-07,2025-09,11,62,22
6061,nkorkmaz,1,2025-09-07,2025-09,1,0,0
6062,abarkod,5,2025-09-07,2025-09,0,5,0
6063,fbalaban,3,2025-09-07,2025-09,3,0,0
6064,aildeniz,11,2025-09-08,2025-09,11,0,0
6065,mguray,7,2025-09-08,2025-09,7,0,0
6066,zyuksel,1,2025-09-08,2025-09,1,0,0
6067,mguder,7,2025-09-08,2025-09,7,0,0
6068,hakand,2,2025-09-08,2025-09,2,0,0
6069,fgulsever,9,2025-09-08,2025-09,0,9,0
6070,okelepe,1,2025-09-08,2025-09,0,0,1
6071,ytinmaz,2,2025-09-08,2025-09,2,0,0
6072,mecigdem,2,2025-09-08,2025-09,0,2,0
6073,udalyan,22,2025-09-08,2025-09,10,11,1
6074,gsapmaz,13,2025-09-08,2025-09,13,0,0
6075,stjegitim,111,2025-09-08,2025-09,92,19,0
6076,herbilgin,16,2025-09-08,2025-09,16,0,0
6077,fcolak,1,2025-09-08,2025-09,1,0,0
6078,mkarsiv,8,2025-09-08,2025-09,7,1,0
6079,egonce,27,2025-09-08,2025-09,2,25,0
6080,hakdemir,11,2025-09-08,2025-09,10,1,0
6081,mbayirli,11,2025-09-08,2025-09,11,0,0
6082,sapra,2,2025-09-08,2025-09,2,0,0
6083,earslanbay,1,2025-09-08,2025-09,0,1,0
6084,dcolor,60,2025-09-08,2025-09,0,60,0
6085,ersener,12,2025-09-08,2025-09,11,1,0
6086,hbulut,5,2025-09-08,2025-09,4,1,0
6087,bfirat,3,2025-09-08,2025-09,3,0,0
6088,aapak,20,2025-09-08,2025-09,0,20,0
6089,nkaya,1,2025-09-08,2025-09,0,1,0
6090,nakilli,1,2025-09-08,2025-09,1,0,0
6091,eozkan,2,2025-09-08,2025-09,2,0,0
6092,ubasdas,2,2025-09-08,2025-09,2,0,0
6093,dayakta,7,2025-09-08,2025-09,7,0,0
6094,abarkod,4,2025-09-08,2025-09,0,4,0
6095,ntanriverdi,21,2025-09-08,2025-09,17,4,0
6096,bkibar,5,2025-09-08,2025-09,0,5,0
6097,fbasak,7,2025-09-08,2025-09,7,0,0
6098,ogun,32,2025-09-08,2025-09,32,0,0
6099,aayhan,4,2025-09-08,2025-09,2,0,2
6100,mkofis,4,2025-09-08,2025-09,4,0,0
6101,obali,10,2025-09-08,2025-09,9,0,1
6102,MMUTLU,29,2025-09-08,2025-09,24,5,0
6103,fimetin,83,2025-09-08,2025-09,83,0,0
6104,sucakir,12,2025-09-08,2025-09,12,0,0
6105,ggirgin,21,2025-09-08,2025-09,20,0,1
6106,akamera,1,2025-09-08,2025-09,0,1,0
6107,ayyilmaz,3,2025-09-08,2025-09,3,0,0
6108,mertan,36,2025-09-08,2025-09,33,3,0
6109,gekim,67,2025-09-08,2025-09,0,67,0
6110,gbakanoglu,4,2025-09-08,2025-09,4,0,0
6111,eanli,7,2025-09-08,2025-09,0,7,0
6112,ekaragoz,8,2025-09-08,2025-09,6,0,2
6113,gakca,7,2025-09-08,2025-09,6,1,0
6114,zkurt,3,2025-09-08,2025-09,2,1,0
6115,amasun,8,2025-09-08,2025-09,0,8,0
6116,ebalaban,26,2025-09-08,2025-09,26,0,0
6117,mkorucu,2,2025-09-08,2025-09,2,0,0
6118,ogungor,1,2025-09-08,2025-09,1,0,0
6119,aozbal,5,2025-09-08,2025-09,5,0,0
6120,tyilmaz,2,2025-09-09,2025-09,2,0,0
6121,rkontrol,17,2025-09-09,2025-09,14,3,0
6122,mguray,15,2025-09-09,2025-09,15,0,0
6123,zyuksel,72,2025-09-09,2025-09,69,3,0
6124,cdonmez,1,2025-09-09,2025-09,0,1,0
6125,fgulsever,25,2025-09-09,2025-09,0,25,0
6126,okelepe,25,2025-09-09,2025-09,0,0,25
6127,hakand,3,2025-09-09,2025-09,2,1,0
6128,udalyan,15,2025-09-09,2025-09,6,4,5
6129,aapak,20,2025-09-09,2025-09,0,20,0
6130,carican,1,2025-09-09,2025-09,0,1,0
6131,acelebi,2,2025-09-09,2025-09,2,0,0
6132,egonce,12,2025-09-09,2025-09,0,12,0
6133,mkarsiv,14,2025-09-09,2025-09,12,2,0
6134,hakdemir,7,2025-09-09,2025-09,1,6,0
6135,uunver,24,2025-09-09,2025-09,24,0,0
6136,rshazirlama,6,2025-09-09,2025-09,6,0,0
6137,eozkan,3,2025-09-09,2025-09,3,0,0
6138,neozdemir,2,2025-09-09,2025-09,1,0,1
6139,dcolor,56,2025-09-09,2025-09,10,46,0
6140,ersener,10,2025-09-09,2025-09,10,0,0
6141,hbulut,7,2025-09-09,2025-09,4,3,0
6142,ydurur,1,2025-09-09,2025-09,1,0,0
6143,gakca,2,2025-09-09,2025-09,1,1,0
6144,bfirat,44,2025-09-09,2025-09,42,2,0
6145,fcolak,4,2025-09-09,2025-09,1,3,0
6146,fyakut,2,2025-09-09,2025-09,2,0,0
6147,mmollaoglu,7,2025-09-09,2025-09,0,0,7
6148,gekim,65,2025-09-09,2025-09,0,65,0
6149,adogan,4,2025-09-09,2025-09,1,0,3
6150,akamera,20,2025-09-09,2025-09,4,16,0
6151,vgemici,6,2025-09-09,2025-09,2,4,0
6152,ntanriverdi,25,2025-09-09,2025-09,22,3,0
6153,gmasistan,2,2025-09-09,2025-09,1,0,1
6154,nkorkmaz,5,2025-09-09,2025-09,2,1,2
6155,mkarabiyik,3,2025-09-09,2025-09,0,3,0
6156,mkofis,5,2025-09-09,2025-09,5,0,0
6157,obali,2,2025-09-09,2025-09,2,0,0
6158,MMUTLU,3,2025-09-09,2025-09,2,1,0
6159,fimetin,41,2025-09-09,2025-09,40,1,0
6160,ggirgin,3,2025-09-09,2025-09,3,0,0
6161,abarkod,1,2025-09-09,2025-09,0,1,0
6162,ekaradavut,2,2025-09-09,2025-09,0,2,0
6163,okorucu,4,2025-09-09,2025-09,4,0,0
6164,gbakanoglu,10,2025-09-09,2025-09,6,4,0
6165,eanli,2,2025-09-09,2025-09,0,2,0
6166,aozbal,1,2025-09-09,2025-09,1,0,0
6167,amasun,2,2025-09-09,2025-09,0,2,0
6168,SUYILMAZ,2,2025-09-09,2025-09,2,0,0
6169,dnoic,28,2025-09-09,2025-09,27,1,0
6170,okanat,8,2025-09-09,2025-09,8,0,0
6171,ogungor,4,2025-09-09,2025-09,2,2,0
6172,tevirgen,40,2025-09-09,2025-09,4,10,26
6173,mertan,2,2025-09-09,2025-09,2,0,0
6174,ebalaban,12,2025-09-09,2025-09,12,0,0
6175,zyuksel,2,2025-09-10,2025-09,2,0,0
6176,aapak,1,2025-09-10,2025-09,0,1,0
6177,udalyan,9,2025-09-10,2025-09,4,2,3
6178,hakand,26,2025-09-10,2025-09,24,2,0
6179,BSOGUT,25,2025-09-10,2025-09,0,1,24
6180,okelepe,2,2025-09-10,2025-09,2,0,0
6181,cdonmez,10,2025-09-10,2025-09,10,0,0
6182,fgulsever,67,2025-09-10,2025-09,10,57,0
6183,mguder,45,2025-09-10,2025-09,45,0,0
6184,ihasdemir,16,2025-09-10,2025-09,16,0,0
6185,eozkan,2,2025-09-10,2025-09,2,0,0
6186,fcolak,7,2025-09-10,2025-09,7,0,0
6187,egonce,10,2025-09-10,2025-09,2,8,0
6188,hakdemir,5,2025-09-10,2025-09,5,0,0
6189,mmollaoglu,6,2025-09-10,2025-09,5,1,0
6190,dcolor,73,2025-09-10,2025-09,0,73,0
6191,sutetik,3,2025-09-10,2025-09,3,0,0
6192,hbulut,4,2025-09-10,2025-09,3,1,0
6193,bfirat,10,2025-09-10,2025-09,10,0,0
6194,bunver,1,2025-09-10,2025-09,1,0,0
6195,dayakta,1,2025-09-10,2025-09,1,0,0
6196,stjegitim,60,2025-09-10,2025-09,60,0,0
6197,gakca,6,2025-09-10,2025-09,5,1,0
6198,aozbal,6,2025-09-10,2025-09,4,2,0
6199,gbakanoglu,1,2025-09-10,2025-09,1,0,0
6200,gekim,82,2025-09-10,2025-09,0,82,0
6201,akamera,12,2025-09-10,2025-09,2,10,0
6202,tcapkin,14,2025-09-10,2025-09,14,0,0
6203,ntanriverdi,26,2025-09-10,2025-09,26,0,0
6204,asablon,3,2025-09-10,2025-09,2,1,0
6205,fbasak,2,2025-09-10,2025-09,2,0,0
6206,obali,7,2025-09-10,2025-09,0,0,7
6207,MMUTLU,4,2025-09-10,2025-09,1,2,1
6208,fimetin,153,2025-09-10,2025-09,152,1,0
6209,ggirgin,4,2025-09-10,2025-09,4,0,0
6210,mkarabiyik,5,2025-09-10,2025-09,0,5,0
6211,mertan,57,2025-09-10,2025-09,55,2,0
6212,okorucu,2,2025-09-10,2025-09,2,0,0
6213,zkurt,9,2025-09-10,2025-09,6,3,0
6214,ebalaban,8,2025-09-10,2025-09,8,0,0
6215,dnoic,3,2025-09-10,2025-09,2,0,1
6216,oicoz,6,2025-09-10,2025-09,1,5,0
6217,eanli,2,2025-09-10,2025-09,0,2,0
6218,ogungor,25,2025-09-10,2025-09,23,2,0
6219,eulsever,12,2025-09-10,2025-09,0,12,0
6220,tevirgen,9,2025-09-10,2025-09,3,6,0
6221,okanat,2,2025-09-10,2025-09,2,0,0
6222,ierdil,13,2025-09-11,2025-09,1,12,0
6223,gakca,11,2025-09-11,2025-09,8,3,0
6224,nakilli,1,2025-09-11,2025-09,1,0,0
6225,aapak,9,2025-09-11,2025-09,0,9,0
6226,udalyan,38,2025-09-11,2025-09,8,5,25
6227,mecigdem,10,2025-09-11,2025-09,9,1,0
6228,BSOGUT,2,2025-09-11,2025-09,0,0,2
6229,fgulsever,17,2025-09-11,2025-09,0,17,0
6230,mguder,15,2025-09-11,2025-09,15,0,0
6231,tyilmaz,7,2025-09-11,2025-09,7,0,0
6232,bsakrak,8,2025-09-11,2025-09,8,0,0
6233,fcolak,8,2025-09-11,2025-09,0,8,0
6234,mkarsiv,2,2025-09-11,2025-09,2,0,0
6235,egonce,9,2025-09-11,2025-09,0,9,0
6236,hakdemir,11,2025-09-11,2025-09,7,4,0
6237,uunver,2,2025-09-11,2025-09,2,0,0
6238,bfirat,42,2025-09-11,2025-09,42,0,0
6239,eozkan,36,2025-09-11,2025-09,35,1,0
6240,dcolor,73,2025-09-11,2025-09,0,73,0
6241,hbulut,1,2025-09-11,2025-09,1,0,0
6242,ihasdemir,25,2025-09-11,2025-09,25,0,0
6243,iunlu,27,2025-09-11,2025-09,26,1,0
6244,sapra,3,2025-09-11,2025-09,0,1,2
6245,gbakanoglu,10,2025-09-11,2025-09,10,0,0
6246,gekim,55,2025-09-11,2025-09,0,55,0
6247,akamera,5,2025-09-11,2025-09,2,3,0
6248,abarkod,12,2025-09-11,2025-09,0,12,0
6249,vgemici,2,2025-09-11,2025-09,1,1,0
6250,fbasak,3,2025-09-11,2025-09,2,1,0
6251,mkarabiyik,1,2025-09-11,2025-09,0,1,0
6252,MMUTLU,13,2025-09-11,2025-09,8,1,4
6253,fimetin,87,2025-09-11,2025-09,82,5,0
6254,ggirgin,119,2025-09-11,2025-09,107,12,0
6255,mertan,5,2025-09-11,2025-09,4,1,0
6256,gmasistan,15,2025-09-11,2025-09,3,10,2
6257,tevirgen,44,2025-09-11,2025-09,9,13,22
6258,ogungor,6,2025-09-11,2025-09,5,1,0
6259,nibolkis,6,2025-09-11,2025-09,6,0,0
6260,okanat,1,2025-09-11,2025-09,1,0,0
6261,oicoz,2,2025-09-11,2025-09,0,2,0
6262,dnoic,66,2025-09-11,2025-09,3,1,62
6263,ebalaban,21,2025-09-11,2025-09,21,0,0
6264,amasun,4,2025-09-11,2025-09,0,4,0
6265,zkurt,5,2025-09-11,2025-09,2,1,2
6266,ayyilmaz,1,2025-09-11,2025-09,1,0,0
6267,udalyan,3,2025-09-12,2025-09,1,1,1
6268,mecigdem,2,2025-09-12,2025-09,0,2,0
6269,cdonmez,2,2025-09-12,2025-09,2,0,0
6270,mguder,5,2025-09-12,2025-09,5,0,0
6271,zyuksel,2,2025-09-12,2025-09,2,0,0
6272,ierdil,13,2025-09-12,2025-09,1,12,0
6273,bfirat,36,2025-09-12,2025-09,34,2,0
6274,eozkan,78,2025-09-12,2025-09,78,0,0
6275,akocak,17,2025-09-12,2025-09,0,17,0
6276,dcolor,65,2025-09-12,2025-09,0,65,0
6277,VBAYANER,2,2025-09-12,2025-09,0,2,0
6278,ELOFCA,37,2025-09-12,2025-09,21,16,0
6279,mkarsiv,1,2025-09-12,2025-09,1,0,0
6280,bsakrak,2,2025-09-12,2025-09,2,0,0
6281,ayyilmaz,15,2025-09-12,2025-09,15,0,0
6282,ebalaban,10,2025-09-12,2025-09,10,0,0
6283,ogungor,2,2025-09-12,2025-09,2,0,0
6284,tevirgen,39,2025-09-12,2025-09,8,15,16
6285,ggirgin,12,2025-09-12,2025-09,9,3,0
6286,fimetin,19,2025-09-12,2025-09,13,6,0
6287,MMUTLU,11,2025-09-12,2025-09,9,0,2
6288,mkarabiyik,4,2025-09-12,2025-09,0,4,0
6289,ogun,3,2025-09-12,2025-09,3,0,0
6290,ntanriverdi,1,2025-09-12,2025-09,0,1,0
6291,vgemici,2,2025-09-12,2025-09,2,0,0
6292,ttlideri,4,2025-09-12,2025-09,4,0,0
6293,akamera,5,2025-09-12,2025-09,0,5,0
6294,amasun,9,2025-09-12,2025-09,0,9,0
6295,dcolor,65,2025-09-13,2025-09,0,65,0
6296,hbinay,3,2025-09-13,2025-09,3,0,0
6297,mkarsiv,1,2025-09-13,2025-09,1,0,0
6298,ebalaban,16,2025-09-13,2025-09,16,0,0
6299,ierdil,8,2025-09-13,2025-09,0,8,0
6300,amasun,1,2025-09-13,2025-09,1,0,0
6301,rkontrol,1,2025-09-13,2025-09,1,0,0
6302,fgulsever,27,2025-09-14,2025-09,0,27,0
6303,dcolor,8,2025-09-14,2025-09,0,8,0
6304,egonce,14,2025-09-14,2025-09,1,13,0
6305,mkarsiv,1,2025-09-14,2025-09,1,0,0
6306,fcolak,31,2025-09-14,2025-09,0,31,0
6307,ierdil,12,2025-09-14,2025-09,5,7,0
6308,esaribuyuk,1,2025-09-14,2025-09,0,1,0
6309,ihasdemir,6,2025-09-14,2025-09,6,0,0
6310,bsakrak,2,2025-09-14,2025-09,2,0,0
6311,ekaragoz,9,2025-09-14,2025-09,4,0,5
6312,uyigit,45,2025-09-14,2025-09,45,0,0
6313,ogun,19,2025-09-14,2025-09,19,0,0
6314,fbasak,7,2025-09-14,2025-09,7,0,0
6315,abarkod,7,2025-09-14,2025-09,0,7,0
6316,aapak,108,2025-09-14,2025-09,0,108,0
6317,mecigdem,1,2025-09-15,2025-09,0,1,0
6318,BSOGUT,1,2025-09-15,2025-09,0,1,0
6319,cdonmez,14,2025-09-15,2025-09,0,14,0
6320,fgulsever,13,2025-09-15,2025-09,1,12,0
6321,ierdil,19,2025-09-15,2025-09,9,10,0
6322,ytinmaz,4,2025-09-15,2025-09,4,0,0
6323,ihasdemir,13,2025-09-15,2025-09,13,0,0
6324,stjegitim,19,2025-09-15,2025-09,17,1,1
6325,egonce,20,2025-09-15,2025-09,0,20,0
6326,mkarsiv,13,2025-09-15,2025-09,11,2,0
6327,udalyan,9,2025-09-15,2025-09,3,4,2
6328,hakdemir,3,2025-09-15,2025-09,1,2,0
6329,uunver,14,2025-09-15,2025-09,0,14,0
6330,earslanbay,1,2025-09-15,2025-09,0,1,0
6331,eozkan,192,2025-09-15,2025-09,190,2,0
6332,dcolor,31,2025-09-15,2025-09,0,31,0
6333,hbulut,8,2025-09-15,2025-09,5,3,0
6334,VBAYANER,18,2025-09-15,2025-09,0,18,0
6335,fcolak,1,2025-09-15,2025-09,0,1,0
6336,aapak,21,2025-09-15,2025-09,18,3,0
6337,aildeniz,1,2025-09-15,2025-09,1,0,0
6338,adogan,36,2025-09-15,2025-09,19,1,16
6339,fyakut,12,2025-09-15,2025-09,12,0,0
6340,akamera,12,2025-09-15,2025-09,9,3,0
6341,abarkod,4,2025-09-15,2025-09,0,4,0
6342,ntanriverdi,3,2025-09-15,2025-09,3,0,0
6343,asablon,4,2025-09-15,2025-09,4,0,0
6344,cer,2,2025-09-15,2025-09,0,2,0
6345,mkarabiyik,5,2025-09-15,2025-09,0,5,0
6346,MMUTLU,11,2025-09-15,2025-09,9,2,0
6347,fimetin,24,2025-09-15,2025-09,24,0,0
6348,fbasak,2,2025-09-15,2025-09,2,0,0
6349,ekaradavut,1,2025-09-15,2025-09,1,0,0
6350,mertan,2,2025-09-15,2025-09,1,1,0
6351,tevirgen,39,2025-09-15,2025-09,21,18,0
6352,gayilmaz,17,2025-09-15,2025-09,17,0,0
6353,ogungor,1,2025-09-15,2025-09,1,0,0
6354,dnoic,14,2025-09-15,2025-09,7,2,5
6355,ebalaban,16,2025-09-15,2025-09,16,0,0
6356,ekaragoz,1,2025-09-15,2025-09,1,0,0
6357,ggirgin,139,2025-09-15,2025-09,131,8,0
6358,gekim,56,2025-09-15,2025-09,0,56,0
6359,zyuksel,1,2025-09-16,2025-09,1,0,0
6360,fgulsever,20,2025-09-16,2025-09,0,20,0
6361,okelepe,4,2025-09-16,2025-09,0,4,0
6362,hakand,2,2025-09-16,2025-09,2,0,0
6363,adogan,8,2025-09-16,2025-09,8,0,0
6364,udalyan,16,2025-09-16,2025-09,10,6,0
6365,aapak,34,2025-09-16,2025-09,0,34,0
6366,bunver,5,2025-09-16,2025-09,5,0,0
6367,mecigdem,1,2025-09-16,2025-09,0,1,0
6368,ytinmaz,2,2025-09-16,2025-09,2,0,0
6369,VBAYANER,2,2025-09-16,2025-09,0,2,0
6370,bbugdayci,1,2025-09-16,2025-09,1,0,0
6371,stjegitim,51,2025-09-16,2025-09,0,51,0
6372,mkarsiv,15,2025-09-16,2025-09,11,4,0
6373,egonce,41,2025-09-16,2025-09,0,41,0
6374,hakdemir,1,2025-09-16,2025-09,0,1,0
6375,hbinay,13,2025-09-16,2025-09,13,0,0
6376,dcolor,17,2025-09-16,2025-09,0,17,0
6377,hbulut,2,2025-09-16,2025-09,1,1,0
6378,sfirinci,11,2025-09-16,2025-09,11,0,0
6379,ihasdemir,16,2025-09-16,2025-09,16,0,0
6380,saskin,17,2025-09-16,2025-09,16,1,0
6381,rkontrol,2,2025-09-16,2025-09,1,1,0
6382,gekim,31,2025-09-16,2025-09,0,31,0
6383,akamera,2,2025-09-16,2025-09,0,2,0
6384,abarkod,2,2025-09-16,2025-09,0,2,0
6385,ntanriverdi,19,2025-09-16,2025-09,14,5,0
6386,fbasak,3,2025-09-16,2025-09,3,0,0
6387,aayhan,16,2025-09-16,2025-09,2,0,14
6388,scolak,3,2025-09-16,2025-09,3,0,0
6389,mkarabiyik,4,2025-09-16,2025-09,0,4,0
6390,obali,54,2025-09-16,2025-09,22,22,10
6391,MMUTLU,2,2025-09-16,2025-09,0,2,0
6392,fimetin,3,2025-09-16,2025-09,3,0,0
6393,bsakrak,1,2025-09-16,2025-09,1,0,0
6394,ayyilmaz,3,2025-09-16,2025-09,3,0,0
6395,tevirgen,24,2025-09-16,2025-09,24,0,0
6396,uyigit,2,2025-09-16,2025-09,2,0,0
6397,ogungor,1,2025-09-16,2025-09,1,0,0
6398,oicoz,2,2025-09-16,2025-09,2,0,0
6399,dnoic,11,2025-09-16,2025-09,10,1,0
6400,ebalaban,10,2025-09-16,2025-09,10,0,0
6401,amasun,2,2025-09-16,2025-09,0,2,0
6402,eanli,3,2025-09-16,2025-09,0,3,0
6403,mertan,1,2025-09-16,2025-09,1,0,0
6404,fgulsever,32,2025-09-17,2025-09,0,32,0
6405,okelepe,3,2025-09-17,2025-09,2,1,0
6406,hakand,17,2025-09-17,2025-09,14,3,0
6407,dayakta,1,2025-09-17,2025-09,1,0,0
6408,udalyan,69,2025-09-17,2025-09,10,6,53
6409,aapak,47,2025-09-17,2025-09,0,47,0
6410,zyuksel,2,2025-09-17,2025-09,2,0,0
6411,mecigdem,2,2025-09-17,2025-09,0,2,0
6412,ierdil,17,2025-09-17,2025-09,1,16,0
6413,hakdemir,6,2025-09-17,2025-09,6,0,0
6414,bbugdayci,1,2025-09-17,2025-09,1,0,0
6415,mkarsiv,6,2025-09-17,2025-09,6,0,0
6416,egonce,35,2025-09-17,2025-09,1,34,0
6417,gbalvan,1,2025-09-17,2025-09,1,0,0
6418,dcolor,54,2025-09-17,2025-09,0,54,0
6419,sutetik,1,2025-09-17,2025-09,1,0,0
6420,hbulut,7,2025-09-17,2025-09,7,0,0
6421,bunver,3,2025-09-17,2025-09,1,2,0
6422,sfirinci,3,2025-09-17,2025-09,3,0,0
6423,rkontrol,1,2025-09-17,2025-09,1,0,0
6424,gekim,24,2025-09-17,2025-09,0,24,0
6425,eanli,5,2025-09-17,2025-09,0,5,0
6426,cozkan,19,2025-09-17,2025-09,19,0,0
6427,akamera,5,2025-09-17,2025-09,0,5,0
6428,abarkod,4,2025-09-17,2025-09,0,4,0
6429,gbakanoglu,1,2025-09-17,2025-09,1,0,0
6430,bkibar,1,2025-09-17,2025-09,0,1,0
6431,cer,7,2025-09-17,2025-09,7,0,0
6432,aayhan,22,2025-09-17,2025-09,10,9,3
6433,mkarabiyik,1,2025-09-17,2025-09,0,1,0
6434,obali,48,2025-09-17,2025-09,6,21,21
6435,ggirgin,7,2025-09-17,2025-09,2,5,0
6436,ekaradavut,31,2025-09-17,2025-09,31,0,0
6437,ntanriverdi,3,2025-09-17,2025-09,3,0,0
6438,tevirgen,17,2025-09-17,2025-09,6,8,3
6439,gayilmaz,15,2025-09-17,2025-09,15,0,0
6440,ogungor,3,2025-09-17,2025-09,2,1,0
6441,okanat,1,2025-09-17,2025-09,1,0,0
6442,klaboratuar,1,2025-09-17,2025-09,0,1,0
6443,mkorucu,35,2025-09-17,2025-09,35,0,0
6444,ebalaban,21,2025-09-17,2025-09,21,0,0
6445,fbalaban,2,2025-09-17,2025-09,2,0,0
6446,mertan,42,2025-09-17,2025-09,10,32,0
6447,fgulsever,10,2025-09-18,2025-09,1,9,0
6448,hbulut,1,2025-09-18,2025-09,1,0,0
6449,mguder,3,2025-09-18,2025-09,3,0,0
6450,zyuksel,63,2025-09-18,2025-09,63,0,0
6451,pstjbmetiner,6,2025-09-18,2025-09,0,6,0
6452,ierdil,13,2025-09-18,2025-09,6,7,0
6453,rkontrol,1,2025-09-18,2025-09,1,0,0
6454,egonce,11,2025-09-18,2025-09,4,7,0
6455,stjegitim,20,2025-09-18,2025-09,20,0,0
6456,fcolak,3,2025-09-18,2025-09,3,0,0
6457,mkarsiv,1,2025-09-18,2025-09,1,0,0
6458,eozkan,2,2025-09-18,2025-09,1,1,0
6459,dcolor,70,2025-09-18,2025-09,0,70,0
6460,sutetik,7,2025-09-18,2025-09,7,0,0
6461,hakand,12,2025-09-18,2025-09,12,0,0
6462,ihasdemir,47,2025-09-18,2025-09,47,0,0
6463,udalyan,8,2025-09-18,2025-09,6,2,0
6464,gbakanoglu,1,2025-09-18,2025-09,0,0,1
6465,saskin,6,2025-09-18,2025-09,5,1,0
6466,aapak,32,2025-09-18,2025-09,0,32,0
6467,abarkod,30,2025-09-18,2025-09,0,30,0
6468,mkarabiyik,7,2025-09-18,2025-09,0,7,0
6469,MMUTLU,2,2025-09-18,2025-09,1,1,0
6470,ggirgin,10,2025-09-18,2025-09,10,0,0
6471,mertan,7,2025-09-18,2025-09,0,7,0
6472,ayyilmaz,2,2025-09-18,2025-09,2,0,0
6473,nkorkmaz,5,2025-09-18,2025-09,5,0,0
6474,gayilmaz,1,2025-09-18,2025-09,0,1,0
6475,mkorucu,1,2025-09-18,2025-09,1,0,0
6476,dnoic,52,2025-09-18,2025-09,49,3,0
6477,caozturk,7,2025-09-18,2025-09,7,0,0
6478,ebalaban,11,2025-09-18,2025-09,11,0,0
6479,scabuker,107,2025-09-18,2025-09,107,0,0
6480,tevirgen,27,2025-09-18,2025-09,7,20,0
6481,gekim,48,2025-09-18,2025-09,0,48,0
6482,cdonmez,8,2025-09-19,2025-09,8,0,0
6483,gsapmaz,4,2025-09-19,2025-09,4,0,0
6484,mguder,1,2025-09-19,2025-09,1,0,0
6485,zyuksel,1,2025-09-19,2025-09,1,0,0
6486,msevim,1,2025-09-19,2025-09,0,1,0
6487,stjegitim,20,2025-09-19,2025-09,20,0,0
6488,hakdemir,5,2025-09-19,2025-09,4,1,0
6489,dcolor,52,2025-09-19,2025-09,0,52,0
6490,hbulut,41,2025-09-19,2025-09,41,0,0
6491,hakand,2,2025-09-19,2025-09,2,0,0
6492,mguray,107,2025-09-19,2025-09,87,20,0
6493,udalyan,76,2025-09-19,2025-09,70,0,6
6494,pstjbmetiner,4,2025-09-19,2025-09,2,2,0
6495,ebalaban,63,2025-09-19,2025-09,59,4,0
6496,dnoic,6,2025-09-19,2025-09,5,1,0
6497,ogungor,8,2025-09-19,2025-09,5,3,0
6498,tevirgen,25,2025-09-19,2025-09,7,3,15
6499,mertan,7,2025-09-19,2025-09,5,2,0
6500,ekaradavut,2,2025-09-19,2025-09,2,0,0
6501,ggirgin,425,2025-09-19,2025-09,385,40,0
6502,obali,14,2025-09-19,2025-09,14,0,0
6503,mkarabiyik,1,2025-09-19,2025-09,0,1,0
6504,ntanriverdi,11,2025-09-19,2025-09,1,10,0
6505,vgemici,1,2025-09-19,2025-09,1,0,0
6506,akamera,7,2025-09-19,2025-09,0,7,0
6507,bsakrak,58,2025-09-19,2025-09,58,0,0
6508,dcolor,51,2025-09-20,2025-09,0,51,0
6509,hakdemir,5,2025-09-20,2025-09,5,0,0
6510,eyuksel,16,2025-09-20,2025-09,0,16,0
6511,klaboratuar,19,2025-09-20,2025-09,0,19,0
6512,ebalaban,170,2025-09-20,2025-09,101,69,0
6513,kcakir,3,2025-09-20,2025-09,3,0,0
6514,rkontrol,1,2025-09-20,2025-09,1,0,0
6515,okelepe,2,2025-09-21,2025-09,2,0,0
6516,egonce,12,2025-09-21,2025-09,1,11,0
6517,dcolor,2,2025-09-21,2025-09,0,2,0
6518,fcolak,1,2025-09-21,2025-09,1,0,0
6519,ierdil,10,2025-09-21,2025-09,2,8,0
6520,fgulsever,23,2025-09-21,2025-09,2,21,0
6521,aapak,8,2025-09-21,2025-09,0,8,0
6522,edemirbas,1,2025-09-21,2025-09,0,0,1
6523,dnoic,27,2025-09-21,2025-09,24,0,3
6524,mkorucu,10,2025-09-21,2025-09,9,1,0
6525,klaboratuar,12,2025-09-21,2025-09,0,12,0
6526,aayhan,35,2025-09-21,2025-09,7,10,18
6527,tcapkin,1,2025-09-21,2025-09,1,0,0
6528,abarkod,3,2025-09-21,2025-09,0,3,0
6529,gekim,117,2025-09-21,2025-09,0,117,0
6530,pstjbmetiner,5,2025-09-22,2025-09,5,0,0
6531,aapak,12,2025-09-22,2025-09,12,0,0
6532,udalyan,11,2025-09-22,2025-09,0,0,11
6533,hakand,2,2025-09-22,2025-09,2,0,0
6534,fgulsever,6,2025-09-22,2025-09,0,6,0
6535,gsapmaz,1,2025-09-22,2025-09,1,0,0
6536,mguder,1,2025-09-22,2025-09,1,0,0
6537,zyuksel,7,2025-09-22,2025-09,6,1,0
6538,ierdil,13,2025-09-22,2025-09,6,7,0
6539,gekim,64,2025-09-22,2025-09,0,64,0
6540,ihasdemir,30,2025-09-22,2025-09,30,0,0
6541,bbugdayci,10,2025-09-22,2025-09,0,10,0
6542,cyildiz,8,2025-09-22,2025-09,4,4,0
6543,egonce,10,2025-09-22,2025-09,1,9,0
6544,hakdemir,5,2025-09-22,2025-09,5,0,0
6545,uunver,1,2025-09-22,2025-09,1,0,0
6546,dcolor,46,2025-09-22,2025-09,0,46,0
6547,bfirat,5,2025-09-22,2025-09,4,1,0
6548,kbtlideri,2,2025-09-22,2025-09,2,0,0
6549,scabuker,90,2025-09-22,2025-09,27,63,0
6550,hbulut,40,2025-09-22,2025-09,40,0,0
6551,ekaragoz,3,2025-09-22,2025-09,3,0,0
6552,eanli,2,2025-09-22,2025-09,0,2,0
6553,akamera,5,2025-09-22,2025-09,0,5,0
6554,abarkod,1,2025-09-22,2025-09,0,1,0
6555,tcapkin,5,2025-09-22,2025-09,5,0,0
6556,ntanriverdi,7,2025-09-22,2025-09,6,1,0
6557,asablon,2,2025-09-22,2025-09,2,0,0
6558,fbasak,2,2025-09-22,2025-09,2,0,0
6559,cer,2,2025-09-22,2025-09,2,0,0
6560,mkarabiyik,2,2025-09-22,2025-09,0,2,0
6561,ayetik,8,2025-09-22,2025-09,4,4,0
6562,fimetin,24,2025-09-22,2025-09,22,2,0
6563,MMUTLU,24,2025-09-22,2025-09,17,6,1
6564,ebalaban,27,2025-09-22,2025-09,27,0,0
6565,ogungor,3,2025-09-22,2025-09,2,1,0
6566,gayilmaz,4,2025-09-22,2025-09,4,0,0
6567,amasun,27,2025-09-22,2025-09,2,25,0
6568,tevirgen,29,2025-09-22,2025-09,17,7,5
6569,mertan,1,2025-09-22,2025-09,1,0,0
6570,ggirgin,50,2025-09-22,2025-09,40,10,0
6571,eulsever,8,2025-09-22,2025-09,5,3,0
6572,fcolak,5,2025-09-23,2025-09,5,0,0
6573,aapak,19,2025-09-23,2025-09,0,19,0
6574,udalyan,3,2025-09-23,2025-09,1,1,1
6575,hakand,22,2025-09-23,2025-09,2,0,20
6576,fgulsever,21,2025-09-23,2025-09,0,21,0
6577,mguder,1,2025-09-23,2025-09,1,0,0
6578,zyuksel,1,2025-09-23,2025-09,1,0,0
6579,ierdil,7,2025-09-23,2025-09,0,7,0
6580,ihasdemir,72,2025-09-23,2025-09,72,0,0
6581,sekisa,18,2025-09-23,2025-09,18,0,0
6582,bunver,1,2025-09-23,2025-09,1,0,0
6583,egonce,47,2025-09-23,2025-09,6,41,0
6584,hakdemir,10,2025-09-23,2025-09,7,3,0
6585,uunver,1,2025-09-23,2025-09,0,1,0
6586,mmollaoglu,27,2025-09-23,2025-09,0,27,0
6587,eakgollu,3,2025-09-23,2025-09,0,3,0
6588,earslanbay,2,2025-09-23,2025-09,0,2,0
6589,dcolor,64,2025-09-23,2025-09,0,64,0
6590,hbulut,11,2025-09-23,2025-09,11,0,0
6591,bfirat,14,2025-09-23,2025-09,11,3,0
6592,mceylan,11,2025-09-23,2025-09,11,0,0
6593,mkarsiv,8,2025-09-23,2025-09,8,0,0
6594,fyakut,9,2025-09-23,2025-09,0,9,0
6595,ubasdas,10,2025-09-23,2025-09,10,0,0
6596,gekim,63,2025-09-23,2025-09,0,63,0
6597,sfirinci,5,2025-09-23,2025-09,4,1,0
6598,abarkod,2,2025-09-23,2025-09,0,2,0
6599,vgemici,1,2025-09-23,2025-09,1,0,0
6600,ntanriverdi,16,2025-09-23,2025-09,16,0,0
6601,gmasistan,6,2025-09-23,2025-09,6,0,0
6602,fbasak,2,2025-09-23,2025-09,0,0,2
6603,ogun,2,2025-09-23,2025-09,0,1,1
6604,aayhan,5,2025-09-23,2025-09,3,0,2
6605,mkarabiyik,3,2025-09-23,2025-09,0,3,0
6606,obali,7,2025-09-23,2025-09,7,0,0
6607,MMUTLU,8,2025-09-23,2025-09,8,0,0
6608,akamera,1,2025-09-23,2025-09,0,1,0
6609,ggirgin,24,2025-09-23,2025-09,21,3,0
6610,mertan,36,2025-09-23,2025-09,1,35,0
6611,ayyilmaz,9,2025-09-23,2025-09,6,3,0
6612,tevirgen,5,2025-09-23,2025-09,1,1,3
6613,gayilmaz,22,2025-09-23,2025-09,22,0,0
6614,kkaplan,9,2025-09-23,2025-09,9,0,0
6615,mkorucu,2,2025-09-23,2025-09,2,0,0
6616,dnoic,39,2025-09-23,2025-09,35,0,4
6617,ebalaban,22,2025-09-23,2025-09,19,3,0
6618,amasun,1,2025-09-23,2025-09,0,1,0
6619,fimetin,75,2025-09-23,2025-09,75,0,0
6620,ierdil,7,2025-09-24,2025-09,2,5,0
6621,mguder,5,2025-09-24,2025-09,5,0,0
6622,itopcu,4,2025-09-24,2025-09,4,0,0
6623,fgulsever,24,2025-09-24,2025-09,0,24,0
6624,fyakut,12,2025-09-24,2025-09,12,0,0
6625,hakand,12,2025-09-24,2025-09,12,0,0
6626,udalyan,102,2025-09-24,2025-09,3,0,99
6627,aapak,36,2025-09-24,2025-09,0,36,0
6628,stjegitim,88,2025-09-24,2025-09,0,0,88
6629,cdonmez,1,2025-09-24,2025-09,0,1,0
6630,aakyildiz,2,2025-09-24,2025-09,2,0,0
6631,hakdemir,22,2025-09-24,2025-09,19,3,0
6632,sekisa,11,2025-09-24,2025-09,11,0,0
6633,mkarsiv,2,2025-09-24,2025-09,2,0,0
6634,egonce,63,2025-09-24,2025-09,2,61,0
6635,mbayirli,1,2025-09-24,2025-09,1,0,0
6636,eakgollu,2,2025-09-24,2025-09,0,2,0
6637,eozkan,2,2025-09-24,2025-09,0,2,0
6638,dcolor,93,2025-09-24,2025-09,8,85,0
6639,bfirat,7,2025-09-24,2025-09,7,0,0
6640,VBAYANER,14,2025-09-24,2025-09,2,12,0
6641,sfirinci,8,2025-09-24,2025-09,8,0,0
6642,fcolak,27,2025-09-24,2025-09,27,0,0
6643,gekim,70,2025-09-24,2025-09,0,70,0
6644,tcapkin,2,2025-09-24,2025-09,2,0,0
6645,eanli,2,2025-09-24,2025-09,0,2,0
6646,gbakanoglu,1,2025-09-24,2025-09,1,0,0
6647,abarkod,3,2025-09-24,2025-09,0,3,0
6648,edemirbas,2,2025-09-24,2025-09,2,0,0
6649,ntanriverdi,4,2025-09-24,2025-09,2,2,0
6650,fbasak,3,2025-09-24,2025-09,2,1,0
6651,cer,1,2025-09-24,2025-09,0,1,0
6652,ogun,2,2025-09-24,2025-09,1,0,1
6653,obali,28,2025-09-24,2025-09,6,11,11
6654,MMUTLU,13,2025-09-24,2025-09,9,4,0
6655,fimetin,6,2025-09-24,2025-09,5,1,0
6656,ggirgin,20,2025-09-24,2025-09,10,4,6
6657,aaksoy,1,2025-09-24,2025-09,1,0,0
6658,mertan,1,2025-09-24,2025-09,1,0,0
6659,amasun,47,2025-09-24,2025-09,0,47,0
6660,sulger,4,2025-09-24,2025-09,4,0,0
6661,caozturk,16,2025-09-24,2025-09,16,0,0
6662,mkorucu,1,2025-09-24,2025-09,1,0,0
6663,okanat,1,2025-09-24,2025-09,1,0,0
6664,ebalaban,22,2025-09-24,2025-09,22,0,0
6665,ogungor,6,2025-09-24,2025-09,2,4,0
6666,gayilmaz,11,2025-09-24,2025-09,7,4,0
6667,tevirgen,6,2025-09-24,2025-09,4,2,0
6668,nibolkis,11,2025-09-24,2025-09,11,0,0
6669,fcolak,1,2025-09-25,2025-09,1,0,0
6670,kdeda,1,2025-09-25,2025-09,1,0,0
6671,aapak,22,2025-09-25,2025-09,0,22,0
6672,udalyan,5,2025-09-25,2025-09,4,0,1
6673,hakand,2,2025-09-25,2025-09,2,0,0
6674,fgulsever,63,2025-09-25,2025-09,0,63,0
6675,mguder,1,2025-09-25,2025-09,1,0,0
6676,ierdil,10,2025-09-25,2025-09,3,7,0
6677,aildeniz,3,2025-09-25,2025-09,0,3,0
6678,ihasdemir,65,2025-09-25,2025-09,65,0,0
6679,sekisa,1,2025-09-25,2025-09,1,0,0
6680,VBAYANER,3,2025-09-25,2025-09,3,0,0
6681,egonce,14,2025-09-25,2025-09,8,6,0
6682,herbilgin,2,2025-09-25,2025-09,2,0,0
6683,hakdemir,3,2025-09-25,2025-09,3,0,0
6684,eozkan,12,2025-09-25,2025-09,12,0,0
6685,neozdemir,1,2025-09-25,2025-09,0,1,0
6686,akocak,139,2025-09-25,2025-09,0,139,0
6687,dcolor,35,2025-09-25,2025-09,0,35,0
6688,sutetik,1,2025-09-25,2025-09,1,0,0
6689,hbulut,4,2025-09-25,2025-09,4,0,0
6690,bfirat,3,2025-09-25,2025-09,0,3,0
6691,daktas,33,2025-09-25,2025-09,24,9,0
6692,mkarsiv,1,2025-09-25,2025-09,1,0,0
6693,gekim,60,2025-09-25,2025-09,0,60,0
6694,ucelebi,10,2025-09-25,2025-09,0,0,10
6695,SUYILMAZ,2,2025-09-25,2025-09,2,0,0
6696,akamera,4,2025-09-25,2025-09,0,4,0
6697,abarkod,7,2025-09-25,2025-09,0,7,0
6698,tcapkin,12,2025-09-25,2025-09,12,0,0
6699,gmasistan,13,2025-09-25,2025-09,3,0,10
6700,bkibar,2,2025-09-25,2025-09,0,2,0
6701,ogun,3,2025-09-25,2025-09,1,1,1
6702,aayhan,23,2025-09-25,2025-09,7,16,0
6703,mkarabiyik,3,2025-09-25,2025-09,0,2,1
6704,obali,8,2025-09-25,2025-09,1,7,0
6705,MMUTLU,1,2025-09-25,2025-09,0,1,0
6706,fimetin,6,2025-09-25,2025-09,6,0,0
6707,ntanriverdi,12,2025-09-25,2025-09,12,0,0
6708,sulger,2,2025-09-25,2025-09,0,2,0
6709,ggirgin,14,2025-09-25,2025-09,14,0,0
6710,fbalaban,24,2025-09-25,2025-09,24,0,0
6711,amasun,15,2025-09-25,2025-09,3,12,0
6712,dnoic,22,2025-09-25,2025-09,12,0,10
6713,kkaplan,2,2025-09-25,2025-09,1,1,0
6714,ebalaban,31,2025-09-25,2025-09,31,0,0
6715,eulsever,3,2025-09-25,2025-09,3,0,0
6716,cisahin,15,2025-09-25,2025-09,15,0,0
6717,tevirgen,16,2025-09-25,2025-09,5,4,7
6718,ayyilmaz,6,2025-09-25,2025-09,6,0,0
6719,gayilmaz,1,2025-09-25,2025-09,1,0,0
6720,amasun,23,2025-09-26,2025-09,0,23,0
6721,pstjbmetiner,6,2025-09-26,2025-09,0,6,0
6722,fbalaban,1,2025-09-26,2025-09,1,0,0
6723,adogan,6,2025-09-26,2025-09,0,4,2
6724,gakca,8,2025-09-26,2025-09,8,0,0
6725,udalyan,3,2025-09-26,2025-09,2,0,1
6726,hakand,3,2025-09-26,2025-09,3,0,0
6727,ierdil,12,2025-09-26,2025-09,3,9,0
6728,ekoksal,1,2025-09-26,2025-09,1,0,0
6729,mkarsiv,2,2025-09-26,2025-09,2,0,0
6730,hakdemir,1,2025-09-26,2025-09,0,1,0
6731,eozkan,3,2025-09-26,2025-09,1,2,0
6732,dcolor,55,2025-09-26,2025-09,0,55,0
6733,hbulut,2,2025-09-26,2025-09,2,0,0
6734,bfirat,28,2025-09-26,2025-09,28,0,0
6735,ebalaban,38,2025-09-26,2025-09,38,0,0
6736,stjegitim,1,2025-09-26,2025-09,0,0,1
6737,kcakir,16,2025-09-26,2025-09,16,0,0
6738,mertan,1,2025-09-26,2025-09,0,1,0
6739,gayilmaz,2,2025-09-26,2025-09,2,0,0
6740,akamera,2,2025-09-26,2025-09,0,2,0
6741,ogungor,4,2025-09-26,2025-09,2,2,0
6742,vgemici,1,2025-09-26,2025-09,1,0,0
6743,ntanriverdi,21,2025-09-26,2025-09,15,6,0
6744,aaksoy,1,2025-09-26,2025-09,1,0,0
6745,mkarabiyik,2,2025-09-26,2025-09,0,0,2
6746,obali,10,2025-09-26,2025-09,8,2,0
6747,MMUTLU,96,2025-09-26,2025-09,39,9,48
6748,ttlideri,6,2025-09-26,2025-09,0,6,0
6749,sucakir,1,2025-09-26,2025-09,1,0,0
6750,ggirgin,281,2025-09-26,2025-09,249,32,0
6751,ekaradavut,18,2025-09-26,2025-09,18,0,0
6752,ayyilmaz,2,2025-09-26,2025-09,2,0,0
6753,tevirgen,22,2025-09-26,2025-09,7,15,0
6754,eulsever,6,2025-09-26,2025-09,0,6,0
6755,fimetin,4,2025-09-26,2025-09,4,0,0
6756,dcolor,49,2025-09-27,2025-09,0,49,0
6757,hakdemir,3,2025-09-27,2025-09,0,3,0
6758,mkarsiv,3,2025-09-27,2025-09,3,0,0
6759,ebalaban,18,2025-09-27,2025-09,18,0,0
6760,asablon,18,2025-09-27,2025-09,18,0,0
6761,ierdil,8,2025-09-27,2025-09,0,8,0
6762,okelepe,1,2025-09-28,2025-09,1,0,0
6763,sapra,2,2025-09-28,2025-09,2,0,0
6764,mbayirli,19,2025-09-28,2025-09,19,0,0
6765,egonce,21,2025-09-28,2025-09,12,9,0
6766,dcolor,9,2025-09-28,2025-09,0,9,0
6767,ierdil,5,2025-09-28,2025-09,0,5,0
6768,fgulsever,31,2025-09-28,2025-09,5,26,0
6769,aapak,26,2025-09-28,2025-09,0,26,0
6770,mkarsiv,3,2025-09-28,2025-09,3,0,0
6771,gekim,90,2025-09-28,2025-09,0,90,0
6772,scabuker,6,2025-09-28,2025-09,0,0,6
6773,fbalaban,2,2025-09-28,2025-09,2,0,0
6774,dnoic,26,2025-09-28,2025-09,21,4,1
6775,aayhan,7,2025-09-28,2025-09,4,0,3
6776,nkorkmaz,19,2025-09-28,2025-09,19,0,0
6777,tcapkin,1,2025-09-28,2025-09,0,1,0
6778,abarkod,3,2025-09-28,2025-09,0,3,0
6779,iunlu,3,2025-09-28,2025-09,3,0,0
6780,baozturk,5,2025-09-29,2025-09,4,1,0
6781,BSOGUT,2,2025-09-29,2025-09,1,1,0
6782,hakand,1,2025-09-29,2025-09,1,0,0
6783,gakca,11,2025-09-29,2025-09,6,5,0
6784,aapak,40,2025-09-29,2025-09,12,28,0
6785,dayakta,2,2025-09-29,2025-09,2,0,0
6786,pstjbmetiner,2,2025-09-29,2025-09,0,2,0
6787,adogan,2,2025-09-29,2025-09,0,1,1
6788,udalyan,10,2025-09-29,2025-09,5,4,1
6789,ierdil,11,2025-09-29,2025-09,2,9,0
6790,fcolak,5,2025-09-29,2025-09,3,2,0
6791,eyuksel,13,2025-09-29,2025-09,11,2,0
6792,cyildiz,2,2025-09-29,2025-09,2,0,0
6793,sfirinci,16,2025-09-29,2025-09,12,4,0
6794,ddcozgu,1,2025-09-29,2025-09,1,0,0
6795,egonce,5,2025-09-29,2025-09,5,0,0
6796,hakdemir,33,2025-09-29,2025-09,3,30,0
6797,eozkan,2,2025-09-29,2025-09,2,0,0
6798,dcolor,35,2025-09-29,2025-09,0,35,0
6799,hbulut,2,2025-09-29,2025-09,2,0,0
6800,bfirat,8,2025-09-29,2025-09,8,0,0
6801,VBAYANER,2,2025-09-29,2025-09,0,2,0
6802,ytinmaz,4,2025-09-29,2025-09,4,0,0
6803,iunlu,2,2025-09-29,2025-09,2,0,0
6804,fgulsever,32,2025-09-29,2025-09,2,30,0
6805,fbalaban,1,2025-09-29,2025-09,1,0,0
6806,gekim,144,2025-09-29,2025-09,0,144,0
6807,akamera,2,2025-09-29,2025-09,0,2,0
6808,abarkod,5,2025-09-29,2025-09,0,5,0
6809,tcapkin,19,2025-09-29,2025-09,18,1,0
6810,ntanriverdi,4,2025-09-29,2025-09,2,2,0
6811,asablon,2,2025-09-29,2025-09,2,0,0
6812,nkorkmaz,40,2025-09-29,2025-09,40,0,0
6813,fbasak,4,2025-09-29,2025-09,4,0,0
6814,cer,4,2025-09-29,2025-09,0,4,0
6815,obali,2,2025-09-29,2025-09,1,1,0
6816,MMUTLU,37,2025-09-29,2025-09,34,3,0
6817,eatansay,7,2025-09-29,2025-09,6,1,0
6818,ggirgin,7,2025-09-29,2025-09,7,0,0
6819,mertan,1,2025-09-29,2025-09,0,1,0
6820,ayyilmaz,4,2025-09-29,2025-09,3,1,0
6821,tevirgen,28,2025-09-29,2025-09,16,12,0
6822,gayilmaz,4,2025-09-29,2025-09,4,0,0
6823,ogungor,2,2025-09-29,2025-09,2,0,0
6824,okanat,7,2025-09-29,2025-09,7,0,0
6825,klaboratuar,1,2025-09-29,2025-09,0,1,0
6826,ebalaban,17,2025-09-29,2025-09,17,0,0
6827,fimetin,28,2025-09-29,2025-09,22,6,0
6828,amasun,10,2025-09-29,2025-09,0,10,0
6829,ihasdemir,60,2025-09-30,2025-09,60,0,0
6830,aildeniz,2,2025-09-30,2025-09,1,1,0
6831,ierdil,5,2025-09-30,2025-09,0,5,0
6832,pstjbmetiner,2,2025-09-30,2025-09,0,2,0
6833,zyuksel,1,2025-09-30,2025-09,1,0,0
6834,BSOGUT,1,2025-09-30,2025-09,0,1,0
6835,fgulsever,8,2025-09-30,2025-09,1,7,0
6836,okelepe,1,2025-09-30,2025-09,1,0,0
6837,hakand,127,2025-09-30,2025-09,127,0,0
6838,bbugdayci,2,2025-09-30,2025-09,0,2,0
6839,gsapmaz,24,2025-09-30,2025-09,22,2,0
6840,aakyildiz,1,2025-09-30,2025-09,1,0,0
6841,bfirat,26,2025-09-30,2025-09,26,0,0
6842,mkarsiv,1,2025-09-30,2025-09,1,0,0
6843,ddcozgu,2,2025-09-30,2025-09,2,0,0
6844,egonce,68,2025-09-30,2025-09,22,46,0
6845,hakdemir,4,2025-09-30,2025-09,1,3,0
6846,sapra,15,2025-09-30,2025-09,14,1,0
6847,eozkan,14,2025-09-30,2025-09,4,10,0
6848,dcolor,65,2025-09-30,2025-09,0,65,0
6849,ersener,53,2025-09-30,2025-09,53,0,0
6850,hbulut,33,2025-09-30,2025-09,33,0,0
6851,akapucu,18,2025-09-30,2025-09,18,0,0
6852,VBAYANER,2,2025-09-30,2025-09,0,2,0
6853,mecigdem,5,2025-09-30,2025-09,3,2,0
6854,fcolak,2,2025-09-30,2025-09,2,0,0
6855,udalyan,2,2025-09-30,2025-09,1,1,0
6856,tcapkin,48,2025-09-30,2025-09,48,0,0
6857,dayakta,1,2025-09-30,2025-09,1,0,0
6858,abarkod,2,2025-09-30,2025-09,0,2,0
6859,aapak,35,2025-09-30,2025-09,0,35,0
6860,ntanriverdi,8,2025-09-30,2025-09,8,0,0
6861,bkibar,3,2025-09-30,2025-09,0,3,0
6862,nkorkmaz,68,2025-09-30,2025-09,68,0,0
6863,aayhan,7,2025-09-30,2025-09,7,0,0
6864,mkarabiyik,1,2025-09-30,2025-09,0,1,0
6865,obali,17,2025-09-30,2025-09,6,6,5
6866,fimetin,70,2025-09-30,2025-09,21,49,0
6867,ggirgin,36,2025-09-30,2025-09,30,5,1
6868,mertan,3,2025-09-30,2025-09,3,0,0
6869,ayyilmaz,5,2025-09-30,2025-09,1,4,0
6870,dustasi,10,2025-09-30,2025-09,10,0,0
6871,gayilmaz,5,2025-09-30,2025-09,1,4,0
6872,ubasdas,7,2025-09-30,2025-09,3,4,0
6873,gakca,8,2025-09-30,2025-09,3,5,0
6874,adogan,15,2025-09-30,2025-09,0,15,0
6875,tevirgen,25,2025-09-30,2025-09,8,15,2
6876,gekim,59,2025-09-30,2025-09,0,59,0
6877,saskin,12,2025-09-30,2025-09,12,0,0
6878,eanli,3,2025-09-30,2025-09,2,1,0
6879,amasun,2,2025-09-30,2025-09,0,2,0
6880,ebalaban,26,2025-09-30,2025-09,22,4,0
6881,dnoic,85,2025-09-30,2025-09,33,2,50
6882,ogungor,2,2025-09-30,2025-09,1,1,0
6883,scabuker,10,2025-09-30,2025-09,10,0,0
6884,kbtlideri,1,2025-10-01,2025-10,1,0,0
6885,ierdil,9,2025-10-01,2025-10,4,5,0
6886,itopcu,2,2025-10-01,2025-10,2,0,0
6887,fgulsever,27,2025-10-01,2025-10,0,27,0
6888,udalyan,2,2025-10-01,2025-10,1,0,1
6889,BSOGUT,24,2025-10-01,2025-10,0,0,24
6890,hakand,3,2025-10-01,2025-10,2,1,0
6891,mecigdem,3,2025-10-01,2025-10,1,2,0
6892,aildeniz,1,2025-10-01,2025-10,1,0,0
6893,cdonmez,2,2025-10-01,2025-10,2,0,0
6894,rkontrol,2,2025-10-01,2025-10,1,1,0
6895,eozkan,4,2025-10-01,2025-10,4,0,0
6896,fcolak,4,2025-10-01,2025-10,4,0,0
6897,mkarsiv,1,2025-10-01,2025-10,1,0,0
6898,egonce,8,2025-10-01,2025-10,4,4,0
6899,hbinay,38,2025-10-01,2025-10,38,0,0
6900,mmollaoglu,3,2025-10-01,2025-10,1,2,0
6901,dcolor,39,2025-10-01,2025-10,0,39,0
6902,ersener,3,2025-10-01,2025-10,3,0,0
6903,hbulut,5,2025-10-01,2025-10,5,0,0
6904,bfirat,14,2025-10-01,2025-10,14,0,0
6905,bunver,12,2025-10-01,2025-10,12,0,0
6906,aapak,17,2025-10-01,2025-10,0,17,0
6907,ihasdemir,6,2025-10-01,2025-10,3,0,3
6908,kdeda,4,2025-10-01,2025-10,3,1,0
6909,hakdemir,14,2025-10-01,2025-10,12,2,0
6910,adogan,16,2025-10-01,2025-10,16,0,0
6911,gakca,4,2025-10-01,2025-10,3,1,0
6912,akamera,6,2025-10-01,2025-10,2,4,0
6913,ttlideri,1,2025-10-01,2025-10,1,0,0
6914,vgemici,11,2025-10-01,2025-10,0,11,0
6915,ntanriverdi,13,2025-10-01,2025-10,13,0,0
6916,asablon,1,2025-10-01,2025-10,1,0,0
6917,fbasak,32,2025-10-01,2025-10,27,5,0
6918,aayhan,14,2025-10-01,2025-10,7,7,0
6919,mkarabiyik,7,2025-10-01,2025-10,0,7,0
6920,obali,11,2025-10-01,2025-10,5,6,0
6921,MMUTLU,2,2025-10-01,2025-10,1,1,0
6922,fimetin,227,2025-10-01,2025-10,2,225,0
6923,abarkod,3,2025-10-01,2025-10,0,3,0
6924,ggirgin,3,2025-10-01,2025-10,3,0,0
6925,mertan,3,2025-10-01,2025-10,2,1,0
6926,ayyilmaz,1,2025-10-01,2025-10,1,0,0
6927,tevirgen,20,2025-10-01,2025-10,2,2,16
6928,gayilmaz,4,2025-10-01,2025-10,4,0,0
6929,ogungor,3,2025-10-01,2025-10,2,1,0
6930,klaboratuar,1,2025-10-01,2025-10,0,1,0
6931,dnoic,21,2025-10-01,2025-10,18,0,3
6932,ebalaban,14,2025-10-01,2025-10,14,0,0
6933,gekim,103,2025-10-01,2025-10,0,103,0
6934,gkenarli,1,2025-10-01,2025-10,1,0,0
6935,sfirinci,7,2025-10-01,2025-10,3,4,0
6936,ierdil,6,2025-10-02,2025-10,0,6,0
6937,zyuksel,50,2025-10-02,2025-10,50,0,0
6938,itopcu,4,2025-10-02,2025-10,4,0,0
6939,mecigdem,2,2025-10-02,2025-10,1,1,0
6940,BSOGUT,12,2025-10-02,2025-10,0,12,0
6941,esaribuyuk,1,2025-10-02,2025-10,0,1,0
6942,aildeniz,4,2025-10-02,2025-10,4,0,0
6943,udalyan,33,2025-10-02,2025-10,11,4,18
6944,fgulsever,20,2025-10-02,2025-10,0,20,0
6945,ihasdemir,114,2025-10-02,2025-10,100,11,3
6946,herbilgin,26,2025-10-02,2025-10,26,0,0
6947,fcolak,3,2025-10-02,2025-10,3,0,0
6948,mkarsiv,12,2025-10-02,2025-10,9,3,0
6949,egonce,9,2025-10-02,2025-10,5,4,0
6950,hakdemir,7,2025-10-02,2025-10,6,1,0
6951,mmollaoglu,1,2025-10-02,2025-10,1,0,0
6952,akocak,21,2025-10-02,2025-10,0,21,0
6953,dcolor,51,2025-10-02,2025-10,0,51,0
6954,bfirat,20,2025-10-02,2025-10,20,0,0
6955,aapak,42,2025-10-02,2025-10,0,42,0
6956,VBAYANER,12,2025-10-02,2025-10,0,12,0
6957,stjegitim,66,2025-10-02,2025-10,24,42,0
6958,dayakta,8,2025-10-02,2025-10,8,0,0
6959,ebalaban,9,2025-10-02,2025-10,9,0,0
6960,bsakrak,11,2025-10-02,2025-10,11,0,0
6961,akamera,6,2025-10-02,2025-10,0,6,0
6962,abarkod,20,2025-10-02,2025-10,0,20,0
6963,edemirbas,11,2025-10-02,2025-10,2,9,0
6964,gakca,3,2025-10-02,2025-10,2,1,0
6965,asablon,12,2025-10-02,2025-10,12,0,0
6966,nkorkmaz,175,2025-10-02,2025-10,172,3,0
6967,cer,1,2025-10-02,2025-10,0,1,0
6968,aayhan,2,2025-10-02,2025-10,0,1,1
6969,mkarabiyik,4,2025-10-02,2025-10,0,4,0
6970,obali,12,2025-10-02,2025-10,7,5,0
6971,ntanriverdi,7,2025-10-02,2025-10,6,1,0
6972,fimetin,117,2025-10-02,2025-10,13,104,0
6973,MMUTLU,2,2025-10-02,2025-10,1,0,1
6974,gekim,77,2025-10-02,2025-10,0,77,0
6975,fbalaban,1,2025-10-02,2025-10,1,0,0
6976,amasun,16,2025-10-02,2025-10,0,16,0
6977,gbakanoglu,13,2025-10-02,2025-10,13,0,0
6978,ogungor,7,2025-10-02,2025-10,7,0,0
6979,ddtlideri,13,2025-10-02,2025-10,13,0,0
6980,tevirgen,23,2025-10-02,2025-10,3,20,0
6981,mertan,7,2025-10-02,2025-10,5,2,0
6982,dnoic,1,2025-10-02,2025-10,0,1,0
6983,cdonmez,9,2025-10-03,2025-10,4,5,0
6984,gakca,5,2025-10-03,2025-10,2,3,0
6985,udalyan,61,2025-10-03,2025-10,3,4,54
6986,mecigdem,2,2025-10-03,2025-10,0,2,0
6987,hakand,3,2025-10-03,2025-10,3,0,0
6988,carican,6,2025-10-03,2025-10,6,0,0
6989,bfirat,28,2025-10-03,2025-10,28,0,0
6990,stjegitim,9,2025-10-03,2025-10,0,0,9
6991,mkarsiv,18,2025-10-03,2025-10,13,5,0
6992,aerdogan,13,2025-10-03,2025-10,0,0,13
6993,hakdemir,2,2025-10-03,2025-10,0,2,0
6994,dcolor,44,2025-10-03,2025-10,0,44,0
6995,fyakut,4,2025-10-03,2025-10,4,0,0
6996,ierdil,14,2025-10-03,2025-10,7,7,0
6997,amasun,6,2025-10-03,2025-10,0,6,0
6998,ntanriverdi,120,2025-10-03,2025-10,110,10,0
6999,caozturk,2,2025-10-03,2025-10,0,2,0
7000,akamera,4,2025-10-03,2025-10,1,3,0
7001,gmasistan,5,2025-10-03,2025-10,0,0,5
7002,asablon,1,2025-10-03,2025-10,1,0,0
7003,mkarabiyik,21,2025-10-03,2025-10,0,21,0
7004,MMUTLU,2,2025-10-03,2025-10,2,0,0
7005,fimetin,197,2025-10-03,2025-10,0,197,0
7006,ebalaban,11,2025-10-03,2025-10,11,0,0
7007,ggirgin,40,2025-10-03,2025-10,27,7,6
7008,ayyilmaz,2,2025-10-03,2025-10,2,0,0
7009,tevirgen,48,2025-10-03,2025-10,12,11,25
7010,gayilmaz,1,2025-10-03,2025-10,1,0,0
7011,okanat,2,2025-10-03,2025-10,2,0,0
7012,dnoic,23,2025-10-03,2025-10,18,0,5
7013,gkenarli,2,2025-10-03,2025-10,0,2,0
7014,dcolor,49,2025-10-04,2025-10,0,49,0
7015,mkarsiv,8,2025-10-04,2025-10,8,0,0
7016,hakdemir,8,2025-10-04,2025-10,8,0,0
7017,ebalaban,7,2025-10-04,2025-10,7,0,0
7018,mecigdem,2,2025-10-04,2025-10,0,2,0
7019,ihasdemir,53,2025-10-05,2025-10,50,3,0
7020,ersener,17,2025-10-05,2025-10,2,0,15
7021,dcolor,5,2025-10-05,2025-10,0,5,0
7022,uunver,1,2025-10-05,2025-10,0,1,0
7023,egonce,11,2025-10-05,2025-10,6,5,0
7024,mkarsiv,1,2025-10-05,2025-10,1,0,0
7025,fcolak,3,2025-10-05,2025-10,3,0,0
7026,aakyildiz,2,2025-10-05,2025-10,2,0,0
7027,cyildiz,2,2025-10-05,2025-10,1,1,0
7028,ierdil,13,2025-10-05,2025-10,6,7,0
7029,aildeniz,7,2025-10-05,2025-10,7,0,0
7030,okelepe,2,2025-10-05,2025-10,2,0,0
7031,fgulsever,10,2025-10-05,2025-10,0,10,0
7032,aayhan,26,2025-10-05,2025-10,15,11,0
7033,dnoic,10,2025-10-05,2025-10,10,0,0
7034,ekaragoz,1,2025-10-05,2025-10,1,0,0
7035,fbalaban,19,2025-10-05,2025-10,19,0,0
7036,abarkod,1,2025-10-05,2025-10,0,1,0
7037,iunlu,7,2025-10-05,2025-10,6,1,0
7038,ubasdas,210,2025-10-05,2025-10,210,0,0
7039,aapak,43,2025-10-05,2025-10,0,42,1
7040,gekim,47,2025-10-05,2025-10,0,47,0
7041,pstjbmetiner,2,2025-10-06,2025-10,0,2,0
7042,hakand,3,2025-10-06,2025-10,2,1,0
7043,BSOGUT,1,2025-10-06,2025-10,0,0,1
7044,okelepe,3,2025-10-06,2025-10,3,0,0
7045,fgulsever,27,2025-10-06,2025-10,0,27,0
7046,mguder,33,2025-10-06,2025-10,33,0,0
7047,mecigdem,2,2025-10-06,2025-10,0,2,0
7048,VBAYANER,15,2025-10-06,2025-10,1,14,0
7049,zyuksel,155,2025-10-06,2025-10,155,0,0
7050,ierdil,5,2025-10-06,2025-10,0,5,0
7051,egonce,18,2025-10-06,2025-10,9,9,0
7052,aildeniz,2,2025-10-06,2025-10,1,1,0
7053,acelebi,3,2025-10-06,2025-10,3,0,0
7054,cyildiz,4,2025-10-06,2025-10,2,2,0
7055,mkarsiv,14,2025-10-06,2025-10,14,0,0
7056,hakdemir,3,2025-10-06,2025-10,3,0,0
7057,eozkan,3,2025-10-06,2025-10,3,0,0
7058,dcolor,45,2025-10-06,2025-10,1,44,0
7059,hbulut,42,2025-10-06,2025-10,42,0,0
7060,bfirat,7,2025-10-06,2025-10,7,0,0
7061,udalyan,2,2025-10-06,2025-10,0,1,1
7062,mguray,5,2025-10-06,2025-10,5,0,0
7063,aapak,18,2025-10-06,2025-10,12,6,0
7064,gayilmaz,8,2025-10-06,2025-10,8,0,0
7065,ubasdas,189,2025-10-06,2025-10,187,2,0
7066,dayakta,1,2025-10-06,2025-10,1,0,0
7067,akamera,26,2025-10-06,2025-10,16,10,0
7068,ngogce,27,2025-10-06,2025-10,25,0,2
7069,abarkod,2,2025-10-06,2025-10,0,2,0
7070,vgemici,1,2025-10-06,2025-10,1,0,0
7071,ntanriverdi,2,2025-10-06,2025-10,2,0,0
7072,fbasak,18,2025-10-06,2025-10,16,2,0
7073,cer,21,2025-10-06,2025-10,21,0,0
7074,makkus,2,2025-10-06,2025-10,2,0,0
7075,MMUTLU,2,2025-10-06,2025-10,0,2,0
7076,nkorkmaz,12,2025-10-06,2025-10,3,2,7
7077,ggirgin,52,2025-10-06,2025-10,37,4,11
7078,mertan,1,2025-10-06,2025-10,1,0,0
7079,tevirgen,63,2025-10-06,2025-10,48,14,1
7080,ogungor,5,2025-10-06,2025-10,3,2,0
7081,dnoic,3,2025-10-06,2025-10,3,0,0
7082,ebalaban,31,2025-10-06,2025-10,27,4,0
7083,amasun,23,2025-10-06,2025-10,4,19,0
7084,gekim,53,2025-10-06,2025-10,0,52,1
7085,adogan,9,2025-10-06,2025-10,1,8,0
7086,fimetin,168,2025-10-06,2025-10,16,152,0
7087,gakca,3,2025-10-06,2025-10,1,2,0
7088,gsapmaz,1,2025-10-07,2025-10,1,0,0
7089,fgulsever,33,2025-10-07,2025-10,1,32,0
7090,okelepe,74,2025-10-07,2025-10,5,69,0
7091,hakand,8,2025-10-07,2025-10,8,0,0
7092,gekim,122,2025-10-07,2025-10,0,122,0
7093,aapak,48,2025-10-07,2025-10,6,42,0
7094,gakca,2,2025-10-07,2025-10,2,0,0
7095,adogan,2,2025-10-07,2025-10,1,0,1
7096,zyuksel,7,2025-10-07,2025-10,7,0,0
7097,mecigdem,3,2025-10-07,2025-10,0,3,0
7098,pstjbmetiner,2,2025-10-07,2025-10,1,1,0
7099,VBAYANER,4,2025-10-07,2025-10,0,4,0
7100,ihasdemir,119,2025-10-07,2025-10,119,0,0
7101,mkarsiv,2,2025-10-07,2025-10,2,0,0
7102,egonce,40,2025-10-07,2025-10,29,11,0
7103,hakdemir,55,2025-10-07,2025-10,32,23,0
7104,BDEMIRAL,1,2025-10-07,2025-10,0,1,0
7105,dcolor,72,2025-10-07,2025-10,0,72,0
7106,ersener,4,2025-10-07,2025-10,0,0,4
7107,hbulut,1,2025-10-07,2025-10,0,1,0
7108,bfirat,55,2025-10-07,2025-10,55,0,0
7109,gbakanoglu,26,2025-10-07,2025-10,26,0,0
7110,ierdil,12,2025-10-07,2025-10,5,7,0
7111,amasun,32,2025-10-07,2025-10,0,32,0
7112,mkofis,3,2025-10-07,2025-10,0,3,0
7113,dnoic,56,2025-10-07,2025-10,3,0,53
7114,abarkod,23,2025-10-07,2025-10,0,23,0
7115,edemirbas,4,2025-10-07,2025-10,0,4,0
7116,vgemici,3,2025-10-07,2025-10,0,3,0
7117,ntanriverdi,5,2025-10-07,2025-10,3,2,0
7118,nkorkmaz,1,2025-10-07,2025-10,0,1,0
7119,fbasak,7,2025-10-07,2025-10,6,1,0
7120,cer,3,2025-10-07,2025-10,2,1,0
7121,aayhan,1,2025-10-07,2025-10,0,0,1
7122,ebalaban,14,2025-10-07,2025-10,14,0,0
7123,obali,2,2025-10-07,2025-10,1,1,0
7124,ngogce,12,2025-10-07,2025-10,12,0,0
7125,fimetin,142,2025-10-07,2025-10,6,136,0
7126,alofca,5,2025-10-07,2025-10,0,5,0
7127,ggirgin,16,2025-10-07,2025-10,1,2,13
7128,mertan,4,2025-10-07,2025-10,1,3,0
7129,ayyilmaz,1,2025-10-07,2025-10,1,0,0
7130,tevirgen,8,2025-10-07,2025-10,4,4,0
7131,eulsever,14,2025-10-07,2025-10,0,14,0
7132,gayilmaz,13,2025-10-07,2025-10,11,2,0
7133,ogungor,24,2025-10-07,2025-10,20,4,0
7134,okanat,1,2025-10-07,2025-10,1,0,0
7135,MMUTLU,9,2025-10-07,2025-10,4,1,4
7136,rkontrol,4,2025-10-08,2025-10,2,2,0
7137,ierdil,9,2025-10-08,2025-10,4,5,0
7138,pstjbmetiner,15,2025-10-08,2025-10,7,8,0
7139,udalyan,39,2025-10-08,2025-10,13,0,26
7140,fgulsever,26,2025-10-08,2025-10,0,26,0
7141,hakand,1,2025-10-08,2025-10,0,1,0
7142,mecigdem,4,2025-10-08,2025-10,0,4,0
7143,stjegitim,14,2025-10-08,2025-10,8,0,6
7144,itopcu,1,2025-10-08,2025-10,1,0,0
7145,fcolak,8,2025-10-08,2025-10,7,1,0
7146,gbalvan,12,2025-10-08,2025-10,8,4,0
7147,hakdemir,7,2025-10-08,2025-10,3,4,0
7148,hbinay,3,2025-10-08,2025-10,3,0,0
7149,eozkan,1,2025-10-08,2025-10,1,0,0
7150,dcolor,68,2025-10-08,2025-10,0,68,0
7151,ersener,10,2025-10-08,2025-10,3,0,7
7152,hbulut,14,2025-10-08,2025-10,13,1,0
7153,bfirat,46,2025-10-08,2025-10,40,6,0
7154,VBAYANER,8,2025-10-08,2025-10,0,8,0
7155,aapak,9,2025-10-08,2025-10,0,9,0
7156,egonce,11,2025-10-08,2025-10,9,2,0
7157,dayakta,80,2025-10-08,2025-10,77,3,0
7158,gakca,1,2025-10-08,2025-10,0,1,0
7159,MMUTLU,2,2025-10-08,2025-10,1,0,1
7160,bsakrak,8,2025-10-08,2025-10,8,0,0
7161,abarkod,5,2025-10-08,2025-10,0,5,0
7162,vgemici,12,2025-10-08,2025-10,12,0,0
7163,tcapkin,1,2025-10-08,2025-10,1,0,0
7164,ntanriverdi,1,2025-10-08,2025-10,0,1,0
7165,nkorkmaz,6,2025-10-08,2025-10,0,0,6
7166,fbasak,2,2025-10-08,2025-10,1,1,0
7167,fimetin,220,2025-10-08,2025-10,3,217,0
7168,ggirgin,21,2025-10-08,2025-10,11,10,0
7169,ayyilmaz,1,2025-10-08,2025-10,1,0,0
7170,ekaradavut,6,2025-10-08,2025-10,5,1,0
7171,gayilmaz,6,2025-10-08,2025-10,6,0,0
7172,ogungor,35,2025-10-08,2025-10,34,1,0
7173,nibolkis,2,2025-10-08,2025-10,2,0,0
7174,klaboratuar,3,2025-10-08,2025-10,0,3,0
7175,gcevik,2,2025-10-08,2025-10,2,0,0
7176,ebalaban,5,2025-10-08,2025-10,5,0,0
7177,amasun,6,2025-10-08,2025-10,0,6,0
7178,ekaragoz,1,2025-10-08,2025-10,1,0,0
7179,SUYILMAZ,2,2025-10-08,2025-10,2,0,0
7180,gekim,122,2025-10-08,2025-10,0,122,0
7181,tevirgen,35,2025-10-08,2025-10,15,1,19
7182,mguder,4,2025-10-09,2025-10,4,0,0
7183,sakgumus,1,2025-10-09,2025-10,0,1,0
7184,zyuksel,2,2025-10-09,2025-10,2,0,0
7185,itopcu,4,2025-10-09,2025-10,4,0,0
7186,udalyan,8,2025-10-09,2025-10,7,0,1
7187,okelepe,3,2025-10-09,2025-10,3,0,0
7188,hakand,3,2025-10-09,2025-10,2,1,0
7189,mecigdem,4,2025-10-09,2025-10,0,4,0
7190,ierdil,6,2025-10-09,2025-10,1,5,0
7191,fgulsever,61,2025-10-09,2025-10,0,61,0
7192,kbtlideri,2,2025-10-09,2025-10,2,0,0
7193,bunver,155,2025-10-09,2025-10,110,0,45
7194,bbugdayci,1,2025-10-09,2025-10,0,1,0
7195,stjegitim,126,2025-10-09,2025-10,42,84,0
7196,mkarsiv,2,2025-10-09,2025-10,2,0,0
7197,egonce,63,2025-10-09,2025-10,55,8,0
7198,hakdemir,3,2025-10-09,2025-10,0,3,0
7199,BDEMIRAL,1,2025-10-09,2025-10,1,0,0
7200,eozkan,11,2025-10-09,2025-10,10,1,0
7201,dcolor,52,2025-10-09,2025-10,0,52,0
7202,hbulut,3,2025-10-09,2025-10,3,0,0
7203,bfirat,93,2025-10-09,2025-10,90,3,0
7204,aildeniz,6,2025-10-09,2025-10,6,0,0
7205,aapak,29,2025-10-09,2025-10,0,29,0
7206,tcapkin,1,2025-10-09,2025-10,0,1,0
7207,gakca,13,2025-10-09,2025-10,8,5,0
7208,dayakta,2,2025-10-09,2025-10,0,2,0
7209,ngogce,29,2025-10-09,2025-10,11,15,3
7210,abarkod,2,2025-10-09,2025-10,0,2,0
7211,vgemici,1,2025-10-09,2025-10,1,0,0
7212,ntanriverdi,2,2025-10-09,2025-10,0,2,0
7213,ogun,7,2025-10-09,2025-10,1,6,0
7214,obali,10,2025-10-09,2025-10,9,1,0
7215,MMUTLU,5,2025-10-09,2025-10,1,2,2
7216,fimetin,247,2025-10-09,2025-10,18,229,0
7217,ggirgin,28,2025-10-09,2025-10,28,0,0
7218,ayyilmaz,6,2025-10-09,2025-10,6,0,0
7219,aayhan,15,2025-10-09,2025-10,2,5,8
7220,eulsever,20,2025-10-09,2025-10,0,20,0
7221,ogungor,6,2025-10-09,2025-10,5,1,0
7222,nibolkis,2,2025-10-09,2025-10,2,0,0
7223,gcevik,4,2025-10-09,2025-10,4,0,0
7224,dnoic,13,2025-10-09,2025-10,6,4,3
7225,ebalaban,10,2025-10-09,2025-10,10,0,0
7226,amasun,4,2025-10-09,2025-10,0,4,0
7227,ekaragoz,5,2025-10-09,2025-10,2,0,3
7228,gekim,135,2025-10-09,2025-10,0,135,0
7229,tevirgen,37,2025-10-09,2025-10,17,19,1
7230,fyakut,3,2025-10-09,2025-10,3,0,0
7231,hakand,8,2025-10-10,2025-10,4,4,0
7232,gsapmaz,5,2025-10-10,2025-10,5,0,0
7233,carican,6,2025-10-10,2025-10,6,0,0
7234,ierdil,5,2025-10-10,2025-10,0,5,0
7235,stjegitim,36,2025-10-10,2025-10,0,0,36
7236,bfirat,26,2025-10-10,2025-10,26,0,0
7237,dcolor,68,2025-10-10,2025-10,0,68,0
7238,hbulut,3,2025-10-10,2025-10,3,0,0
7239,VBAYANER,6,2025-10-10,2025-10,0,6,0
7240,mecigdem,2,2025-10-10,2025-10,0,2,0
7241,hakdemir,7,2025-10-10,2025-10,2,5,0
7242,udalyan,9,2025-10-10,2025-10,7,2,0
7243,obali,5,2025-10-10,2025-10,4,1,0
7244,bsakrak,2,2025-10-10,2025-10,2,0,0
7245,amasun,29,2025-10-10,2025-10,0,29,0
7246,ebalaban,12,2025-10-10,2025-10,12,0,0
7247,okanat,53,2025-10-10,2025-10,0,53,0
7248,eulsever,8,2025-10-10,2025-10,0,8,0
7249,tevirgen,17,2025-10-10,2025-10,6,10,1
7250,ayyilmaz,2,2025-10-10,2025-10,2,0,0
7251,ggirgin,25,2025-10-10,2025-10,25,0,0
7252,fimetin,143,2025-10-10,2025-10,12,131,0
7253,MMUTLU,4,2025-10-10,2025-10,2,1,1
7254,vgemici,4,2025-10-10,2025-10,4,0,0
7255,gakca,2,2025-10-10,2025-10,1,1,0
7256,hbinay,6,2025-10-11,2025-10,6,0,0
7257,dcolor,58,2025-10-11,2025-10,0,58,0
7258,mkarsiv,1,2025-10-11,2025-10,1,0,0
7259,asablon,27,2025-10-11,2025-10,27,0,0
7260,kbtlideri,6,2025-10-11,2025-10,6,0,0
7261,ebalaban,8,2025-10-11,2025-10,8,0,0
7262,rkontrol,1,2025-10-11,2025-10,1,0,0
7263,bunver,109,2025-10-12,2025-10,0,0,109
7264,dcolor,14,2025-10-12,2025-10,0,14,0
7265,egonce,23,2025-10-12,2025-10,3,20,0
7266,mkarsiv,2,2025-10-12,2025-10,2,0,0
7267,aildeniz,1,2025-10-12,2025-10,1,0,0
7268,ierdil,8,2025-10-12,2025-10,3,5,0
7269,fgulsever,16,2025-10-12,2025-10,0,16,0
7270,fcolak,6,2025-10-12,2025-10,4,2,0
7271,aapak,9,2025-10-12,2025-10,0,9,0
7272,ubasdas,2,2025-10-12,2025-10,0,2,0
7273,gekim,158,2025-10-12,2025-10,0,158,0
7274,fbalaban,1,2025-10-12,2025-10,1,0,0
7275,dnoic,15,2025-10-12,2025-10,14,0,1
7276,nkorkmaz,3,2025-10-12,2025-10,2,1,0
7277,abarkod,27,2025-10-12,2025-10,0,27,0
7278,okelepe,15,2025-10-12,2025-10,11,4,0
7279,pstjbmetiner,12,2025-10-13,2025-10,4,8,0
7280,mguder,7,2025-10-13,2025-10,7,0,0
7281,fgulsever,27,2025-10-13,2025-10,0,27,0
7282,okelepe,25,2025-10-13,2025-10,25,0,0
7283,aapak,43,2025-10-13,2025-10,0,43,0
7284,mecigdem,2,2025-10-13,2025-10,0,2,0
7285,udalyan,11,2025-10-13,2025-10,5,5,1
7286,ierdil,8,2025-10-13,2025-10,3,5,0
7287,hakand,2,2025-10-13,2025-10,2,0,0
7288,ihasdemir,27,2025-10-13,2025-10,26,1,0
7289,VBAYANER,18,2025-10-13,2025-10,0,18,0
7290,mkarsiv,1,2025-10-13,2025-10,1,0,0
7291,egonce,13,2025-10-13,2025-10,9,4,0
7292,mmollaoglu,3,2025-10-13,2025-10,0,0,3
7293,eozkan,4,2025-10-13,2025-10,4,0,0
7294,dcolor,46,2025-10-13,2025-10,0,46,0
7295,hbulut,2,2025-10-13,2025-10,2,0,0
7296,bfirat,33,2025-10-13,2025-10,33,0,0
7297,mceylan,4,2025-10-13,2025-10,4,0,0
7298,bunver,2,2025-10-13,2025-10,1,0,1
7299,stjegitim,1,2025-10-13,2025-10,0,1,0
7300,gakca,1,2025-10-13,2025-10,1,0,0
7301,dayakta,30,2025-10-13,2025-10,21,9,0
7302,fbalaban,14,2025-10-13,2025-10,4,10,0
7303,gekim,84,2025-10-13,2025-10,0,84,0
7304,abarkod,2,2025-10-13,2025-10,0,2,0
7305,vgemici,8,2025-10-13,2025-10,7,1,0
7306,ntanriverdi,12,2025-10-13,2025-10,3,9,0
7307,gmasistan,1,2025-10-13,2025-10,0,0,1
7308,asablon,3,2025-10-13,2025-10,3,0,0
7309,obali,4,2025-10-13,2025-10,3,1,0
7310,MMUTLU,23,2025-10-13,2025-10,21,2,0
7311,fimetin,101,2025-10-13,2025-10,2,99,0
7312,ggirgin,51,2025-10-13,2025-10,44,7,0
7313,ogun,2,2025-10-13,2025-10,2,0,0
7314,ayyilmaz,1,2025-10-13,2025-10,1,0,0
7315,tevirgen,15,2025-10-13,2025-10,8,7,0
7316,ogungor,8,2025-10-13,2025-10,5,3,0
7317,kkaplan,3,2025-10-13,2025-10,3,0,0
7318,gcevik,15,2025-10-13,2025-10,15,0,0
7319,ebalaban,17,2025-10-13,2025-10,17,0,0
7320,amasun,80,2025-10-13,2025-10,0,80,0
7321,ekaragoz,1,2025-10-13,2025-10,1,0,0
7322,eanli,2,2025-10-13,2025-10,2,0,0
7323,mertan,59,2025-10-13,2025-10,59,0,0
7324,ihasdemir,7,2025-10-14,2025-10,7,0,0
7325,ierdil,8,2025-10-14,2025-10,1,7,0
7326,pstjbmetiner,1,2025-10-14,2025-10,0,1,0
7327,zyuksel,2,2025-10-14,2025-10,2,0,0
7328,aapak,45,2025-10-14,2025-10,0,45,0
7329,hakand,2,2025-10-14,2025-10,0,2,0
7330,mecigdem,5,2025-10-14,2025-10,3,2,0
7331,udalyan,12,2025-10-14,2025-10,7,2,3
7332,bbugdayci,2,2025-10-14,2025-10,0,2,0
7333,fgulsever,172,2025-10-14,2025-10,66,106,0
7334,cyildiz,2,2025-10-14,2025-10,2,0,0
7335,VBAYANER,1,2025-10-14,2025-10,1,0,0
7336,mkarsiv,4,2025-10-14,2025-10,2,2,0
7337,egonce,37,2025-10-14,2025-10,8,29,0
7338,hakdemir,7,2025-10-14,2025-10,5,2,0
7339,uunver,26,2025-10-14,2025-10,26,0,0
7340,bunver,48,2025-10-14,2025-10,45,2,1
7341,eozkan,4,2025-10-14,2025-10,4,0,0
7342,dcolor,81,2025-10-14,2025-10,0,81,0
7343,hbulut,2,2025-10-14,2025-10,2,0,0
7344,bfirat,96,2025-10-14,2025-10,94,2,0
7345,dayakta,17,2025-10-14,2025-10,8,9,0
7346,fcolak,12,2025-10-14,2025-10,12,0,0
7347,gakca,2,2025-10-14,2025-10,2,0,0
7348,nkorkmaz,3,2025-10-14,2025-10,0,0,3
7349,gekim,116,2025-10-14,2025-10,0,116,0
7350,iunlu,4,2025-10-14,2025-10,4,0,0
7351,akamera,4,2025-10-14,2025-10,0,4,0
7352,abarkod,2,2025-10-14,2025-10,0,2,0
7353,vgemici,2,2025-10-14,2025-10,2,0,0
7354,ntanriverdi,16,2025-10-14,2025-10,16,0,0
7355,fbasak,8,2025-10-14,2025-10,8,0,0
7356,mkarabiyik,4,2025-10-14,2025-10,1,3,0
7357,fimetin,24,2025-10-14,2025-10,0,24,0
7358,ggirgin,6,2025-10-14,2025-10,5,1,0
7359,mertan,9,2025-10-14,2025-10,3,6,0
7360,gmasistan,11,2025-10-14,2025-10,10,1,0
7361,tevirgen,50,2025-10-14,2025-10,4,3,43
7362,eulsever,29,2025-10-14,2025-10,0,29,0
7363,ogungor,3,2025-10-14,2025-10,2,1,0
7364,klaboratuar,3,2025-10-14,2025-10,3,0,0
7365,caozturk,14,2025-10-14,2025-10,14,0,0
7366,ebalaban,9,2025-10-14,2025-10,9,0,0
7367,amasun,71,2025-10-14,2025-10,0,71,0
7368,ekaragoz,2,2025-10-14,2025-10,1,1,0
7369,cozkan,1,2025-10-14,2025-10,1,0,0
7370,ayyilmaz,8,2025-10-14,2025-10,7,1,0
7371,cisahin,19,2025-10-14,2025-10,19,0,0
7372,ierdil,11,2025-10-15,2025-10,4,7,0
7373,pstjbmetiner,3,2025-10-15,2025-10,2,1,0
7374,itopcu,2,2025-10-15,2025-10,2,0,0
7375,fgulsever,76,2025-10-15,2025-10,1,75,0
7376,okelepe,1,2025-10-15,2025-10,0,1,0
7377,aapak,96,2025-10-15,2025-10,30,66,0
7378,mecigdem,17,2025-10-15,2025-10,16,1,0
7379,ebtlideri,2,2025-10-15,2025-10,2,0,0
7380,udalyan,5,2025-10-15,2025-10,5,0,0
7381,dayakta,9,2025-10-15,2025-10,8,1,0
7382,kbtlideri,1,2025-10-15,2025-10,1,0,0
7383,hakand,3,2025-10-15,2025-10,3,0,0
7384,aildeniz,2,2025-10-15,2025-10,1,1,0
7385,ersener,3,2025-10-15,2025-10,3,0,0
7386,ytinmaz,8,2025-10-15,2025-10,8,0,0
7387,bbugdayci,1,2025-10-15,2025-10,0,1,0
7388,stjegitim,2,2025-10-15,2025-10,0,2,0
7389,cyildiz,2,2025-10-15,2025-10,2,0,0
7390,fcolak,2,2025-10-15,2025-10,2,0,0
7391,bunver,2,2025-10-15,2025-10,0,2,0
7392,sekisa,16,2025-10-15,2025-10,15,1,0
7393,egonce,7,2025-10-15,2025-10,4,3,0
7394,dcolor,77,2025-10-15,2025-10,0,77,0
7395,hbulut,1,2025-10-15,2025-10,1,0,0
7396,bfirat,52,2025-10-15,2025-10,51,1,0
7397,ubasdas,18,2025-10-15,2025-10,18,0,0
7398,rkontrol,6,2025-10-15,2025-10,6,0,0
7399,gakca,2,2025-10-15,2025-10,2,0,0
7400,obali,2,2025-10-15,2025-10,0,0,2
7401,adogan,28,2025-10-15,2025-10,0,28,0
7402,akamera,3,2025-10-15,2025-10,3,0,0
7403,abarkod,28,2025-10-15,2025-10,0,28,0
7404,vgemici,2,2025-10-15,2025-10,2,0,0
7405,ntanriverdi,15,2025-10-15,2025-10,7,8,0
7406,nkorkmaz,4,2025-10-15,2025-10,4,0,0
7407,fbasak,690,2025-10-15,2025-10,690,0,0
7408,MMUTLU,10,2025-10-15,2025-10,2,3,5
7409,fimetin,14,2025-10-15,2025-10,0,14,0
7410,ggirgin,19,2025-10-15,2025-10,15,4,0
7411,sulger,11,2025-10-15,2025-10,8,3,0
7412,mertan,5,2025-10-15,2025-10,4,1,0
7413,ayyilmaz,9,2025-10-15,2025-10,4,5,0
7414,fyakut,10,2025-10-15,2025-10,5,5,0
7415,gayilmaz,3,2025-10-15,2025-10,3,0,0
7416,gekim,94,2025-10-15,2025-10,0,94,0
7417,cisahin,5,2025-10-15,2025-10,5,0,0
7418,gbakanoglu,4,2025-10-15,2025-10,4,0,0
7419,cozkan,3,2025-10-15,2025-10,3,0,0
7420,fbalaban,4,2025-10-15,2025-10,4,0,0
7421,tevirgen,20,2025-10-15,2025-10,6,14,0
7422,ebalaban,8,2025-10-15,2025-10,8,0,0
7423,caozturk,6,2025-10-15,2025-10,4,2,0
7424,dnoic,19,2025-10-15,2025-10,18,1,0
7425,caki,3,2025-10-15,2025-10,2,1,0
7426,ogungor,10,2025-10-15,2025-10,10,0,0
7427,amasun,9,2025-10-15,2025-10,0,9,0
7428,dayakta,20,2025-10-16,2025-10,6,14,0
7429,aapak,54,2025-10-16,2025-10,0,54,0
7430,udalyan,11,2025-10-16,2025-10,5,3,3
7431,ebtlideri,2,2025-10-16,2025-10,2,0,0
7432,mecigdem,2,2025-10-16,2025-10,0,2,0
7433,hakand,16,2025-10-16,2025-10,15,1,0
7434,fgulsever,29,2025-10-16,2025-10,0,29,0
7435,ierdil,8,2025-10-16,2025-10,1,7,0
7436,ihasdemir,120,2025-10-16,2025-10,119,1,0
7437,mkarsiv,1,2025-10-16,2025-10,1,0,0
7438,msevim,20,2025-10-16,2025-10,16,4,0
7439,hakdemir,4,2025-10-16,2025-10,4,0,0
7440,hbinay,7,2025-10-16,2025-10,7,0,0
7441,eozkan,1,2025-10-16,2025-10,1,0,0
7442,fyakut,15,2025-10-16,2025-10,14,1,0
7443,ersener,5,2025-10-16,2025-10,5,0,0
7444,hbulut,7,2025-10-16,2025-10,7,0,0
7445,bfirat,122,2025-10-16,2025-10,122,0,0
7446,VBAYANER,10,2025-10-16,2025-10,0,10,0
7447,bunver,22,2025-10-16,2025-10,4,18,0
7448,egonce,23,2025-10-16,2025-10,11,12,0
7449,sfirinci,1,2025-10-16,2025-10,1,0,0
7450,dcolor,57,2025-10-16,2025-10,0,57,0
7451,gekim,95,2025-10-16,2025-10,0,95,0
7452,bsakrak,1,2025-10-16,2025-10,1,0,0
7453,ngogce,12,2025-10-16,2025-10,0,0,12
7454,edemirbas,3,2025-10-16,2025-10,1,0,2
7455,ntanriverdi,10,2025-10-16,2025-10,10,0,0
7456,fbasak,8,2025-10-16,2025-10,6,2,0
7457,mkarabiyik,1,2025-10-16,2025-10,0,1,0
7458,MMUTLU,1,2025-10-16,2025-10,1,0,0
7459,fimetin,37,2025-10-16,2025-10,30,7,0
7460,ggirgin,8,2025-10-16,2025-10,5,3,0
7461,mertan,1,2025-10-16,2025-10,1,0,0
7462,ayyilmaz,2,2025-10-16,2025-10,2,0,0
7463,fcolak,9,2025-10-16,2025-10,9,0,0
7464,eulsever,15,2025-10-16,2025-10,2,13,0
7465,ogungor,5,2025-10-16,2025-10,4,1,0
7466,gcevik,2,2025-10-16,2025-10,2,0,0
7467,dnoic,91,2025-10-16,2025-10,27,1,63
7468,caozturk,23,2025-10-16,2025-10,5,18,0
7469,ebalaban,15,2025-10-16,2025-10,15,0,0
7470,amasun,144,2025-10-16,2025-10,0,144,0
7471,SUYILMAZ,3,2025-10-16,2025-10,3,0,0
7472,gbakanoglu,11,2025-10-16,2025-10,11,0,0
7473,tevirgen,63,2025-10-16,2025-10,9,16,38
7474,mecigdem,2,2025-10-17,2025-10,0,2,0
7475,hakand,2,2025-10-17,2025-10,2,0,0
7476,mguder,1,2025-10-17,2025-10,1,0,0
7477,ierdil,115,2025-10-17,2025-10,5,110,0
7478,mguray,1,2025-10-17,2025-10,1,0,0
7479,stjegitim,115,2025-10-17,2025-10,35,72,8
7480,dcolor,72,2025-10-17,2025-10,0,72,0
7481,mmollaoglu,1,2025-10-17,2025-10,1,0,0
7482,akocak,221,2025-10-17,2025-10,0,221,0
7483,udalyan,39,2025-10-17,2025-10,1,0,38
7484,hbulut,1,2025-10-17,2025-10,1,0,0
7485,mkortak,2,2025-10-17,2025-10,2,0,0
7486,bfirat,115,2025-10-17,2025-10,115,0,0
7487,hakdemir,7,2025-10-17,2025-10,5,2,0
7488,gakca,13,2025-10-17,2025-10,8,5,0
7489,caozturk,13,2025-10-17,2025-10,13,0,0
7490,amasun,124,2025-10-17,2025-10,0,124,0
7491,bsakrak,1,2025-10-17,2025-10,1,0,0
7492,vgemici,1,2025-10-17,2025-10,1,0,0
7493,ntanriverdi,9,2025-10-17,2025-10,9,0,0
7494,bkibar,1,2025-10-17,2025-10,0,1,0
7495,obali,6,2025-10-17,2025-10,6,0,0
7496,MMUTLU,10,2025-10-17,2025-10,0,8,2
7497,fimetin,32,2025-10-17,2025-10,12,20,0
7498,mertan,29,2025-10-17,2025-10,4,25,0
7499,tevirgen,84,2025-10-17,2025-10,40,43,1
7500,eulsever,5,2025-10-17,2025-10,1,4,0
7501,ogungor,2,2025-10-17,2025-10,2,0,0
7502,ekoyun,16,2025-10-17,2025-10,10,0,6
7503,ebalaban,21,2025-10-17,2025-10,21,0,0
7504,ggirgin,33,2025-10-17,2025-10,29,1,3
7505,hakdemir,1,2025-10-18,2025-10,1,0,0
7506,dcolor,69,2025-10-18,2025-10,0,69,0
7507,kbtlideri,5,2025-10-18,2025-10,0,5,0
7508,mkofis,3,2025-10-18,2025-10,3,0,0
7509,bsakrak,9,2025-10-18,2025-10,9,0,0
7510,ebalaban,1,2025-10-18,2025-10,1,0,0
7511,mecigdem,18,2025-10-18,2025-10,16,2,0
7512,bunver,4,2025-10-19,2025-10,0,4,0
7513,mkortak,5,2025-10-19,2025-10,3,2,0
7514,dcolor,1,2025-10-19,2025-10,0,1,0
7515,uunver,7,2025-10-19,2025-10,7,0,0
7516,egonce,27,2025-10-19,2025-10,21,6,0
7517,fcolak,3,2025-10-19,2025-10,3,0,0
7518,ihasdemir,136,2025-10-19,2025-10,134,2,0
7519,kbtlideri,1,2025-10-19,2025-10,1,0,0
7520,ierdil,12,2025-10-19,2025-10,7,5,0
7521,carican,5,2025-10-19,2025-10,5,0,0
7522,fgulsever,12,2025-10-19,2025-10,3,9,0
7523,gekim,78,2025-10-19,2025-10,0,78,0
7524,abarkod,2,2025-10-19,2025-10,0,2,0
7525,edemirbas,1,2025-10-19,2025-10,0,1,0
7526,tcapkin,31,2025-10-19,2025-10,14,17,0
7527,fbasak,3,2025-10-19,2025-10,2,1,0
7528,aapak,69,2025-10-19,2025-10,24,45,0
7529,dnoic,5,2025-10-19,2025-10,3,2,0
7530,fbalaban,4,2025-10-19,2025-10,1,3,0
7531,gbakanoglu,18,2025-10-19,2025-10,18,0,0
7532,mkorucu,2,2025-10-19,2025-10,2,0,0
7533,mguray,1,2025-10-20,2025-10,1,0,0
7534,aapak,4,2025-10-20,2025-10,3,1,0
7535,udalyan,2,2025-10-20,2025-10,0,1,1
7536,mecigdem,2,2025-10-20,2025-10,0,2,0
7537,hakand,7,2025-10-20,2025-10,6,1,0
7538,esaribuyuk,3,2025-10-20,2025-10,1,2,0
7539,fgulsever,28,2025-10-20,2025-10,0,28,0
7540,zyuksel,2,2025-10-20,2025-10,2,0,0
7541,ierdil,14,2025-10-20,2025-10,6,8,0
7542,ihasdemir,16,2025-10-20,2025-10,16,0,0
7543,eozkan,3,2025-10-20,2025-10,3,0,0
7544,hakdemir,11,2025-10-20,2025-10,11,0,0
7545,uunver,9,2025-10-20,2025-10,9,0,0
7546,mmollaoglu,2,2025-10-20,2025-10,2,0,0
7547,dayakta,1,2025-10-20,2025-10,1,0,0
7548,dcolor,54,2025-10-20,2025-10,0,54,0
7549,hbulut,3,2025-10-20,2025-10,3,0,0
7550,mkortak,1,2025-10-20,2025-10,0,1,0
7551,bfirat,18,2025-10-20,2025-10,18,0,0
7552,VBAYANER,27,2025-10-20,2025-10,0,27,0
7553,fcolak,14,2025-10-20,2025-10,1,13,0
7554,gakca,3,2025-10-20,2025-10,3,0,0
7555,BSOGUT,4,2025-10-20,2025-10,2,0,2
7556,gekim,84,2025-10-20,2025-10,0,84,0
7557,bsakrak,1,2025-10-20,2025-10,1,0,0
7558,akamera,5,2025-10-20,2025-10,0,5,0
7559,ngogce,22,2025-10-20,2025-10,1,21,0
7560,abarkod,6,2025-10-20,2025-10,0,6,0
7561,edemirbas,24,2025-10-20,2025-10,12,0,12
7562,ntanriverdi,7,2025-10-20,2025-10,2,5,0
7563,aayhan,7,2025-10-20,2025-10,1,6,0
7564,MMUTLU,1,2025-10-20,2025-10,0,1,0
7565,ggirgin,66,2025-10-20,2025-10,59,7,0
7566,sulger,4,2025-10-20,2025-10,4,0,0
7567,nkorkmaz,37,2025-10-20,2025-10,0,37,0
7568,uyigit,1,2025-10-20,2025-10,1,0,0
7569,tevirgen,51,2025-10-20,2025-10,8,28,15
7570,zkurt,2,2025-10-20,2025-10,1,1,0
7571,amasun,142,2025-10-20,2025-10,0,142,0
7572,ebalaban,59,2025-10-20,2025-10,59,0,0
7573,caozturk,13,2025-10-20,2025-10,13,0,0
7574,eanli,1,2025-10-20,2025-10,0,1,0
7575,dnoic,22,2025-10-20,2025-10,22,0,0
7576,okanat,7,2025-10-20,2025-10,5,2,0
7577,ogungor,6,2025-10-20,2025-10,3,3,0
7578,mguray,1,2025-10-21,2025-10,1,0,0
7579,udalyan,2,2025-10-21,2025-10,2,0,0
7580,mecigdem,11,2025-10-21,2025-10,9,2,0
7581,hakand,27,2025-10-21,2025-10,27,0,0
7582,esaribuyuk,1,2025-10-21,2025-10,0,1,0
7583,BSOGUT,22,2025-10-21,2025-10,22,0,0
7584,fgulsever,7,2025-10-21,2025-10,0,7,0
7585,pstjbmetiner,10,2025-10-21,2025-10,5,5,0
7586,ierdil,10,2025-10-21,2025-10,5,5,0
7587,aapak,6,2025-10-21,2025-10,0,6,0
7588,aildeniz,2,2025-10-21,2025-10,2,0,0
7589,hbulut,21,2025-10-21,2025-10,20,1,0
7590,mkarsiv,2,2025-10-21,2025-10,2,0,0
7591,egonce,91,2025-10-21,2025-10,85,6,0
7592,hakdemir,4,2025-10-21,2025-10,4,0,0
7593,eozkan,1,2025-10-21,2025-10,1,0,0
7594,bfirat,13,2025-10-21,2025-10,12,1,0
7595,dcolor,83,2025-10-21,2025-10,0,83,0
7596,ekoksal,6,2025-10-21,2025-10,3,3,0
7597,sutetik,1,2025-10-21,2025-10,1,0,0
7598,ersener,2,2025-10-21,2025-10,1,1,0
7599,bsakrak,14,2025-10-21,2025-10,14,0,0
7600,rkontrol,1,2025-10-21,2025-10,1,0,0
7601,gekim,77,2025-10-21,2025-10,0,77,0
7602,aayhan,32,2025-10-21,2025-10,17,12,3
7603,fbalaban,54,2025-10-21,2025-10,27,10,17
7604,abarkod,2,2025-10-21,2025-10,0,2,0
7605,gbakanoglu,2,2025-10-21,2025-10,0,2,0
7606,ntanriverdi,51,2025-10-21,2025-10,40,11,0
7607,nkorkmaz,16,2025-10-21,2025-10,0,2,14
7608,fbasak,124,2025-10-21,2025-10,124,0,0
7609,fyilanci,6,2025-10-21,2025-10,0,0,6
7610,mkarabiyik,1,2025-10-21,2025-10,0,1,0
7611,obali,4,2025-10-21,2025-10,1,2,1
7612,MMUTLU,6,2025-10-21,2025-10,0,6,0
7613,fimetin,14,2025-10-21,2025-10,14,0,0
7614,tcapkin,1,2025-10-21,2025-10,1,0,0
7615,mertan,6,2025-10-21,2025-10,0,6,0
7616,ggirgin,11,2025-10-21,2025-10,9,0,2
7617,zkurt,3,2025-10-21,2025-10,3,0,0
7618,amasun,116,2025-10-21,2025-10,0,116,0
7619,ebalaban,10,2025-10-21,2025-10,10,0,0
7620,ekaragoz,4,2025-10-21,2025-10,2,0,2
7621,ogungor,7,2025-10-21,2025-10,6,1,0
7622,uyigit,1,2025-10-21,2025-10,1,0,0
7623,gayilmaz,4,2025-10-21,2025-10,4,0,0
7624,tevirgen,35,2025-10-21,2025-10,8,27,0
7625,dnoic,38,2025-10-21,2025-10,38,0,0
7626,fgulsever,30,2025-10-22,2025-10,0,30,0
7627,fyakut,3,2025-10-22,2025-10,3,0,0
7628,gakca,5,2025-10-22,2025-10,5,0,0
7629,aapak,58,2025-10-22,2025-10,0,58,0
7630,udalyan,45,2025-10-22,2025-10,7,2,36
7631,mecigdem,2,2025-10-22,2025-10,0,2,0
7632,hakand,1,2025-10-22,2025-10,0,1,0
7633,zyuksel,1,2025-10-22,2025-10,0,1,0
7634,hakdemir,40,2025-10-22,2025-10,38,2,0
7635,fcolak,14,2025-10-22,2025-10,14,0,0
7636,bfirat,7,2025-10-22,2025-10,7,0,0
7637,egonce,8,2025-10-22,2025-10,2,6,0
7638,sapra,2,2025-10-22,2025-10,1,0,1
7639,dcolor,74,2025-10-22,2025-10,0,74,0
7640,hbulut,1,2025-10-22,2025-10,1,0,0
7641,bsakrak,2,2025-10-22,2025-10,1,1,0
7642,ierdil,11,2025-10-22,2025-10,4,7,0
7643,gekim,42,2025-10-22,2025-10,0,42,0
7644,mkarsiv,5,2025-10-22,2025-10,5,0,0
7645,amasun,100,2025-10-22,2025-10,0,100,0
7646,eanli,17,2025-10-22,2025-10,16,1,0
7647,akamera,6,2025-10-22,2025-10,0,6,0
7648,abarkod,13,2025-10-22,2025-10,0,13,0
7649,ttlideri,52,2025-10-22,2025-10,52,0,0
7650,tcapkin,2,2025-10-22,2025-10,2,0,0
7651,fbasak,4,2025-10-22,2025-10,4,0,0
7652,aayhan,4,2025-10-22,2025-10,4,0,0
7653,obali,16,2025-10-22,2025-10,10,0,6
7654,vgemici,11,2025-10-22,2025-10,4,7,0
7655,ggirgin,7,2025-10-22,2025-10,7,0,0
7656,ekaradavut,33,2025-10-22,2025-10,33,0,0
7657,mertan,8,2025-10-22,2025-10,0,8,0
7658,tevirgen,30,2025-10-22,2025-10,3,13,14
7659,eulsever,4,2025-10-22,2025-10,0,4,0
7660,ogungor,4,2025-10-22,2025-10,3,1,0
7661,dnoic,165,2025-10-22,2025-10,160,2,3
7662,ebalaban,5,2025-10-22,2025-10,5,0,0
7663,fimetin,33,2025-10-22,2025-10,31,2,0
7664,mguder,2,2025-10-23,2025-10,2,0,0
7665,baozturk,2,2025-10-23,2025-10,2,0,0
7666,fgulsever,20,2025-10-23,2025-10,0,20,0
7667,okelepe,3,2025-10-23,2025-10,3,0,0
7668,nakilli,14,2025-10-23,2025-10,1,13,0
7669,hakand,5,2025-10-23,2025-10,5,0,0
7670,mecigdem,2,2025-10-23,2025-10,0,2,0
7671,udalyan,6,2025-10-23,2025-10,2,0,4
7672,zyuksel,1,2025-10-23,2025-10,1,0,0
7673,BSOGUT,8,2025-10-23,2025-10,0,8,0
7674,ierdil,18,2025-10-23,2025-10,7,11,0
7675,ersener,5,2025-10-23,2025-10,5,0,0
7676,stjegitim,171,2025-10-23,2025-10,59,112,0
7677,fcolak,6,2025-10-23,2025-10,4,2,0
7678,mkarsiv,1,2025-10-23,2025-10,1,0,0
7679,egonce,10,2025-10-23,2025-10,2,8,0
7680,hakdemir,4,2025-10-23,2025-10,4,0,0
7681,mmollaoglu,2,2025-10-23,2025-10,0,2,0
7682,dcolor,87,2025-10-23,2025-10,0,87,0
7683,dayakta,1,2025-10-23,2025-10,1,0,0
7684,hbulut,3,2025-10-23,2025-10,3,0,0
7685,bfirat,41,2025-10-23,2025-10,41,0,0
7686,aildeniz,1,2025-10-23,2025-10,1,0,0
7687,gakca,2,2025-10-23,2025-10,2,0,0
7688,VBAYANER,18,2025-10-23,2025-10,0,18,0
7689,fbalaban,1,2025-10-23,2025-10,1,0,0
7690,gekim,62,2025-10-23,2025-10,0,62,0
7691,abarkod,31,2025-10-23,2025-10,0,31,0
7692,vgemici,4,2025-10-23,2025-10,4,0,0
7693,ntanriverdi,60,2025-10-23,2025-10,60,0,0
7694,bkibar,1,2025-10-23,2025-10,0,1,0
7695,nkorkmaz,1,2025-10-23,2025-10,0,1,0
7696,ogun,3,2025-10-23,2025-10,3,0,0
7697,obali,14,2025-10-23,2025-10,13,1,0
7698,MMUTLU,1,2025-10-23,2025-10,0,1,0
7699,fimetin,33,2025-10-23,2025-10,11,22,0
7700,ggirgin,112,2025-10-23,2025-10,104,6,2
7701,cer,4,2025-10-23,2025-10,4,0,0
7702,tevirgen,3,2025-10-23,2025-10,3,0,0
7703,mertan,5,2025-10-23,2025-10,2,3,0
7704,ebalaban,31,2025-10-23,2025-10,31,0,0
7705,caozturk,2,2025-10-23,2025-10,2,0,0
7706,amasun,80,2025-10-23,2025-10,1,79,0
7707,gcevik,1,2025-10-23,2025-10,1,0,0
7708,dnoic,33,2025-10-23,2025-10,31,0,2
7709,nibolkis,8,2025-10-23,2025-10,8,0,0
7710,ogungor,5,2025-10-23,2025-10,3,2,0
7711,uyigit,33,2025-10-23,2025-10,12,21,0
7712,eulsever,7,2025-10-23,2025-10,2,5,0
7713,kkaplan,1,2025-10-23,2025-10,1,0,0
7714,gakca,4,2025-10-24,2025-10,4,0,0
7715,udalyan,3,2025-10-24,2025-10,3,0,0
7716,mecigdem,7,2025-10-24,2025-10,2,5,0
7717,ierdil,9,2025-10-24,2025-10,0,9,0
7718,mguray,3,2025-10-24,2025-10,2,1,0
7719,bfirat,10,2025-10-24,2025-10,10,0,0
7720,dcolor,67,2025-10-24,2025-10,0,67,0
7721,sutetik,2,2025-10-24,2025-10,2,0,0
7722,hbulut,5,2025-10-24,2025-10,5,0,0
7723,adogan,2,2025-10-24,2025-10,0,2,0
7724,mkarsiv,1,2025-10-24,2025-10,1,0,0
7725,bsakrak,62,2025-10-24,2025-10,62,0,0
7726,hakdemir,6,2025-10-24,2025-10,6,0,0
7727,ebalaban,29,2025-10-24,2025-10,29,0,0
7728,caozturk,18,2025-10-24,2025-10,18,0,0
7729,ogungor,2,2025-10-24,2025-10,1,1,0
7730,tevirgen,17,2025-10-24,2025-10,5,12,0
7731,ggirgin,73,2025-10-24,2025-10,54,16,3
7732,fimetin,143,2025-10-24,2025-10,15,128,0
7733,MMUTLU,1,2025-10-24,2025-10,0,1,0
7734,obali,3,2025-10-24,2025-10,0,3,0
7735,bkibar,1,2025-10-24,2025-10,0,1,0
7736,ntanriverdi,35,2025-10-24,2025-10,34,1,0
7737,vgemici,16,2025-10-24,2025-10,16,0,0
7738,akamera,11,2025-10-24,2025-10,5,6,0
7739,amasun,83,2025-10-24,2025-10,0,83,0
7740,dcolor,51,2025-10-25,2025-10,0,51,0
7741,hakdemir,18,2025-10-25,2025-10,17,1,0
7742,rkontrol,1,2025-10-25,2025-10,1,0,0
7743,ebalaban,19,2025-10-25,2025-10,19,0,0
7744,asablon,33,2025-10-25,2025-10,33,0,0
7745,mecigdem,4,2025-10-25,2025-10,2,2,0
7746,ersener,1,2025-10-26,2025-10,1,0,0
7747,mbayirli,23,2025-10-26,2025-10,23,0,0
7748,egonce,15,2025-10-26,2025-10,9,6,0
7749,mkarsiv,1,2025-10-26,2025-10,1,0,0
7750,fcolak,10,2025-10-26,2025-10,4,6,0
7751,ierdil,11,2025-10-26,2025-10,2,9,0
7752,zyuksel,20,2025-10-26,2025-10,20,0,0
7753,fgulsever,24,2025-10-26,2025-10,0,22,2
7754,okelepe,5,2025-10-26,2025-10,5,0,0
7755,nakilli,1,2025-10-26,2025-10,0,1,0
7756,ekaragoz,1,2025-10-26,2025-10,1,0,0
7757,gekim,165,2025-10-26,2025-10,0,165,0
7758,dayakta,22,2025-10-26,2025-10,18,4,0
7759,edemirbas,4,2025-10-26,2025-10,2,2,0
7760,tcapkin,1,2025-10-26,2025-10,0,1,0
7761,fbasak,1,2025-10-26,2025-10,1,0,0
7762,abarkod,5,2025-10-26,2025-10,0,5,0
7763,kcakir,1,2025-10-26,2025-10,1,0,0
7764,mkorucu,1,2025-10-26,2025-10,1,0,0
7765,gcevik,2,2025-10-26,2025-10,2,0,0
7766,mkofis,30,2025-10-26,2025-10,30,0,0
7767,mkarsiv,9,2025-10-27,2025-10,7,2,0
7768,hakand,16,2025-10-27,2025-10,13,3,0
7769,gsapmaz,1,2025-10-27,2025-10,1,0,0
7770,zyuksel,20,2025-10-27,2025-10,20,0,0
7771,ierdil,8,2025-10-27,2025-10,1,7,0
7772,mguray,2,2025-10-27,2025-10,2,0,0
7773,egonce,5,2025-10-27,2025-10,5,0,0
7774,hbulut,1,2025-10-27,2025-10,1,0,0
7775,eozkan,8,2025-10-27,2025-10,8,0,0
7776,akocak,359,2025-10-27,2025-10,0,359,0
7777,dcolor,67,2025-10-27,2025-10,0,67,0
7778,bfirat,66,2025-10-27,2025-10,60,6,0
7779,VBAYANER,21,2025-10-27,2025-10,0,21,0
7780,udalyan,4,2025-10-27,2025-10,3,1,0
7781,hakdemir,39,2025-10-27,2025-10,37,2,0
7782,gakca,3,2025-10-27,2025-10,3,0,0
7783,mecigdem,4,2025-10-27,2025-10,2,2,0
7784,eanli,2,2025-10-27,2025-10,2,0,0
7785,akamera,11,2025-10-27,2025-10,0,11,0
7786,ngogce,28,2025-10-27,2025-10,15,0,13
7787,abarkod,2,2025-10-27,2025-10,0,2,0
7788,vgemici,2,2025-10-27,2025-10,2,0,0
7789,mkarabiyik,18,2025-10-27,2025-10,0,18,0
7790,obali,39,2025-10-27,2025-10,16,18,5
7791,ggirgin,49,2025-10-27,2025-10,22,27,0
7792,ntanriverdi,16,2025-10-27,2025-10,16,0,0
7793,ogungor,9,2025-10-27,2025-10,8,1,0
7794,kkaplan,55,2025-10-27,2025-10,43,12,0
7795,caki,25,2025-10-27,2025-10,0,25,0
7796,caozturk,35,2025-10-27,2025-10,34,1,0
7797,ebalaban,63,2025-10-27,2025-10,63,0,0
7798,adogan,2,2025-10-27,2025-10,0,0,2
7799,amasun,263,2025-10-27,2025-10,5,258,0
7800,tevirgen,45,2025-10-27,2025-10,25,19,1
7801,mecigdem,20,2025-10-28,2025-10,18,2,0
7802,VBAYANER,1,2025-10-28,2025-10,0,1,0
7803,bfirat,66,2025-10-28,2025-10,66,0,0
7804,dcolor,61,2025-10-28,2025-10,0,61,0
7805,hakdemir,1,2025-10-28,2025-10,1,0,0
7806,mkarsiv,2,2025-10-28,2025-10,2,0,0
7807,ierdil,11,2025-10-28,2025-10,2,9,0
7808,udalyan,1,2025-10-28,2025-10,0,0,1
7809,sucakir,1,2025-10-28,2025-10,1,0,0
7810,ebalaban,14,2025-10-28,2025-10,14,0,0
7811,eulsever,20,2025-10-28,2025-10,16,4,0
7812,cer,2,2025-10-28,2025-10,0,2,0
7813,ntanriverdi,72,2025-10-28,2025-10,72,0,0
7814,vgemici,1,2025-10-28,2025-10,1,0,0
7815,ngogce,6,2025-10-28,2025-10,6,0,0
7816,amasun,61,2025-10-28,2025-10,9,52,0
7817,fgulsever,14,2025-10-29,2025-10,0,14,0
7818,ierdil,21,2025-10-29,2025-10,12,9,0
7819,ebadem,1,2025-10-29,2025-10,1,0,0
7820,rkontrol,4,2025-10-29,2025-10,2,2,0
7821,dcolor,2,2025-10-29,2025-10,0,2,0
7822,egonce,13,2025-10-29,2025-10,4,9,0
7823,bunver,4,2025-10-29,2025-10,3,1,0
7824,BSOGUT,7,2025-10-29,2025-10,0,7,0
7825,fcolak,4,2025-10-29,2025-10,1,3,0
7826,aapak,56,2025-10-29,2025-10,18,38,0
7827,eulsever,10,2025-10-29,2025-10,6,4,0
7828,sfirinci,1,2025-10-29,2025-10,0,1,0
7829,ubasdas,1,2025-10-29,2025-10,1,0,0
7830,tcapkin,3,2025-10-29,2025-10,3,0,0
7831,fbasak,6,2025-10-29,2025-10,4,2,0
7832,mkofis,1,2025-10-29,2025-10,1,0,0
7833,abarkod,3,2025-10-29,2025-10,0,3,0
7834,mkorucu,3,2025-10-29,2025-10,3,0,0
7835,amasun,9,2025-10-29,2025-10,9,0,0
7836,gekim,133,2025-10-29,2025-10,0,133,0
7837,fimetin,2,2025-10-29,2025-10,1,1,0
7838,gakca,6,2025-10-30,2025-10,3,3,0
7839,mguder,11,2025-10-30,2025-10,11,0,0
7840,aapak,105,2025-10-30,2025-10,0,105,0
7841,bunver,14,2025-10-30,2025-10,14,0,0
7842,udalyan,11,2025-10-30,2025-10,8,3,0
7843,mecigdem,15,2025-10-30,2025-10,4,11,0
7844,hakand,3,2025-10-30,2025-10,2,1,0
7845,fgulsever,3,2025-10-30,2025-10,0,3,0
7846,itopcu,13,2025-10-30,2025-10,13,0,0
7847,sakgumus,1,2025-10-30,2025-10,0,1,0
7848,fcolak,3,2025-10-30,2025-10,3,0,0
7849,ierdil,20,2025-10-30,2025-10,11,9,0
7850,mguray,2,2025-10-30,2025-10,2,0,0
7851,stjegitim,9,2025-10-30,2025-10,9,0,0
7852,egonce,23,2025-10-30,2025-10,14,9,0
7853,hakdemir,4,2025-10-30,2025-10,3,1,0
7854,msevim,2,2025-10-30,2025-10,2,0,0
7855,dcolor,39,2025-10-30,2025-10,0,39,0
7856,bfirat,17,2025-10-30,2025-10,17,0,0
7857,VBAYANER,55,2025-10-30,2025-10,46,9,0
7858,adogan,1,2025-10-30,2025-10,1,0,0
7859,pstjbmetiner,2,2025-10-30,2025-10,0,2,0
7860,gekim,122,2025-10-30,2025-10,0,122,0
7861,dnoic,21,2025-10-30,2025-10,20,1,0
7862,amasun,71,2025-10-30,2025-10,1,70,0
7863,fbalaban,2,2025-10-30,2025-10,2,0,0
7864,ngogce,3,2025-10-30,2025-10,3,0,0
7865,abarkod,3,2025-10-30,2025-10,0,3,0
7866,vgemici,3,2025-10-30,2025-10,2,1,0
7867,tcapkin,4,2025-10-30,2025-10,4,0,0
7868,bkibar,4,2025-10-30,2025-10,0,4,0
7869,cer,18,2025-10-30,2025-10,18,0,0
7870,aayhan,5,2025-10-30,2025-10,2,3,0
7871,obali,23,2025-10-30,2025-10,8,11,4
7872,MMUTLU,1,2025-10-30,2025-10,0,1,0
7873,akamera,20,2025-10-30,2025-10,5,15,0
7874,eatasoy,2,2025-10-30,2025-10,2,0,0
7875,ggirgin,1,2025-10-30,2025-10,0,1,0
7876,tevirgen,24,2025-10-30,2025-10,0,24,0
7877,gayilmaz,10,2025-10-30,2025-10,9,1,0
7878,ogungor,2,2025-10-30,2025-10,1,1,0
7879,mkorucu,4,2025-10-30,2025-10,4,0,0
7880,caki,2,2025-10-30,2025-10,0,2,0
7881,caozturk,3,2025-10-30,2025-10,2,1,0
7882,ebalaban,33,2025-10-30,2025-10,31,2,0
7883,fimetin,25,2025-10-30,2025-10,13,12,0
7884,stjegitim,33,2025-10-31,2025-10,0,1,32
7885,ierdil,13,2025-10-31,2025-10,4,9,0
7886,mecigdem,3,2025-10-31,2025-10,0,3,0
7887,mguder,26,2025-10-31,2025-10,26,0,0
7888,carican,6,2025-10-31,2025-10,6,0,0
7889,eyuksel,3,2025-10-31,2025-10,2,1,0
7890,pstjbmetiner,2,2025-10-31,2025-10,0,2,0
7891,acelebi,2,2025-10-31,2025-10,2,0,0
7892,dcolor,91,2025-10-31,2025-10,0,91,0
7893,hakdemir,1,2025-10-31,2025-10,0,1,0
7894,msevim,1,2025-10-31,2025-10,1,0,0
7895,mmollaoglu,1,2025-10-31,2025-10,0,1,0
7896,ekoksal,1,2025-10-31,2025-10,1,0,0
7897,sutetik,3,2025-10-31,2025-10,3,0,0
7898,hbulut,1,2025-10-31,2025-10,1,0,0
7899,bfirat,12,2025-10-31,2025-10,12,0,0
7900,VBAYANER,2,2025-10-31,2025-10,0,2,0
7901,udalyan,72,2025-10-31,2025-10,3,2,67
7902,mkarsiv,5,2025-10-31,2025-10,4,1,0
7903,gakca,6,2025-10-31,2025-10,6,0,0
7904,tevirgen,8,2025-10-31,2025-10,2,6,0
7905,ebalaban,36,2025-10-31,2025-10,32,4,0
7906,akamera,8,2025-10-31,2025-10,1,7,0
7907,ngogce,16,2025-10-31,2025-10,3,1,12
7908,vgemici,5,2025-10-31,2025-10,4,1,0
7909,bkibar,2,2025-10-31,2025-10,0,2,0
7910,asablon,2,2025-10-31,2025-10,2,0,0
7911,mkarabiyik,5,2025-10-31,2025-10,0,5,0
7912,obali,11,2025-10-31,2025-10,1,10,0
7913,amasun,2,2025-10-31,2025-10,0,2,0
7914,fimetin,16,2025-10-31,2025-10,4,12,0
7915,MMUTLU,11,2025-10-31,2025-10,5,0,6
7916,mertan,9,2025-10-31,2025-10,9,0,0
7917,eulsever,1,2025-10-31,2025-10,0,1,0
7918,gayilmaz,2,2025-10-31,2025-10,2,0,0
7919,ogungor,10,2025-10-31,2025-10,4,6,0
7920,okanat,12,2025-10-31,2025-10,12,0,0
7921,klaboratuar,7,2025-10-31,2025-10,0,7,0
7922,kcakir,6,2025-10-31,2025-10,6,0,0
7923,oicoz,1,2025-10-31,2025-10,0,1,0
7924,ggirgin,25,2025-10-31,2025-10,5,20,0
7925,rkontrol,1,2025-11-01,2025-11,1,0,0
7926,hakdemir,6,2025-11-01,2025-11,4,2,0
7927,mkarsiv,3,2025-11-01,2025-11,3,0,0
7928,kbtlideri,17,2025-11-01,2025-11,17,0,0
7929,dcolor,58,2025-11-01,2025-11,0,58,0
7930,ebalaban,125,2025-11-01,2025-11,123,2,0
7931,asablon,2,2025-11-01,2025-11,2,0,0
7932,ttlideri,23,2025-11-01,2025-11,23,0,0
7933,mecigdem,13,2025-11-01,2025-11,12,1,0
7934,ersener,6,2025-11-02,2025-11,6,0,0
7935,dcolor,7,2025-11-02,2025-11,0,7,0
7936,egonce,55,2025-11-02,2025-11,23,32,0
7937,fcolak,25,2025-11-02,2025-11,2,23,0
7938,aakyildiz,1,2025-11-02,2025-11,1,0,0
7939,aildeniz,5,2025-11-02,2025-11,2,3,0
7940,ierdil,15,2025-11-02,2025-11,5,10,0
7941,fgulsever,49,2025-11-02,2025-11,0,49,0
7942,BSOGUT,5,2025-11-02,2025-11,4,1,0
7943,akapucu,18,2025-11-02,2025-11,18,0,0
7944,ubasdas,18,2025-11-02,2025-11,3,15,0
7945,gekim,149,2025-11-02,2025-11,0,149,0
7946,ekaragoz,1,2025-11-02,2025-11,0,1,0
7947,dnoic,25,2025-11-02,2025-11,20,4,1
7948,mkofis,9,2025-11-02,2025-11,6,3,0
7949,aayhan,20,2025-11-02,2025-11,8,12,0
7950,fbasak,2,2025-11-02,2025-11,2,0,0
7951,tcapkin,26,2025-11-02,2025-11,26,0,0
7952,abarkod,4,2025-11-02,2025-11,0,4,0
7953,aapak,148,2025-11-02,2025-11,18,130,0
7954,zyuksel,100,2025-11-03,2025-11,60,40,0
7955,mguder,8,2025-11-03,2025-11,8,0,0
7956,itopcu,9,2025-11-03,2025-11,9,0,0
7957,fgulsever,35,2025-11-03,2025-11,0,35,0
7958,ubasdas,2,2025-11-03,2025-11,2,0,0
7959,udalyan,4,2025-11-03,2025-11,1,2,1
7960,aapak,59,2025-11-03,2025-11,0,59,0
7961,pstjbmetiner,5,2025-11-03,2025-11,4,1,0
7962,gakca,8,2025-11-03,2025-11,4,4,0
7963,mecigdem,1,2025-11-03,2025-11,0,1,0
7964,ierdil,9,2025-11-03,2025-11,2,7,0
7965,egonce,12,2025-11-03,2025-11,8,4,0
7966,eyuksel,13,2025-11-03,2025-11,11,2,0
7967,fcolak,27,2025-11-03,2025-11,20,7,0
7968,mkarsiv,1,2025-11-03,2025-11,1,0,0
7969,hakdemir,8,2025-11-03,2025-11,6,2,0
7970,dcolor,59,2025-11-03,2025-11,0,59,0
7971,ekoksal,7,2025-11-03,2025-11,7,0,0
7972,ersener,26,2025-11-03,2025-11,26,0,0
7973,bfirat,20,2025-11-03,2025-11,20,0,0
7974,bunver,8,2025-11-03,2025-11,8,0,0
7975,sfirinci,23,2025-11-03,2025-11,23,0,0
7976,rkontrol,1,2025-11-03,2025-11,1,0,0
7977,saskin,16,2025-11-03,2025-11,16,0,0
7978,hbulut,44,2025-11-03,2025-11,44,0,0
7979,gbakanoglu,2,2025-11-03,2025-11,0,2,0
7980,akamera,9,2025-11-03,2025-11,0,9,0
7981,edemirbas,3,2025-11-03,2025-11,2,0,1
7982,ttlideri,1,2025-11-03,2025-11,1,0,0
7983,ntanriverdi,27,2025-11-03,2025-11,20,7,0
7984,asablon,2,2025-11-03,2025-11,1,1,0
7985,mkofis,9,2025-11-03,2025-11,8,1,0
7986,obali,43,2025-11-03,2025-11,20,21,2
7987,MMUTLU,21,2025-11-03,2025-11,16,3,2
7988,fimetin,14,2025-11-03,2025-11,12,2,0
7989,ggirgin,14,2025-11-03,2025-11,10,2,2
7990,abarkod,8,2025-11-03,2025-11,0,8,0
7991,mertan,17,2025-11-03,2025-11,15,2,0
7992,ekaradavut,4,2025-11-03,2025-11,4,0,0
7993,fbalaban,1,2025-11-03,2025-11,1,0,0
7994,amasun,202,2025-11-03,2025-11,0,202,0
7995,ebalaban,8,2025-11-03,2025-11,8,0,0
7996,caozturk,13,2025-11-03,2025-11,13,0,0
7997,gekim,82,2025-11-03,2025-11,0,82,0
7998,caki,1,2025-11-03,2025-11,0,1,0
7999,ogungor,1,2025-11-03,2025-11,1,0,0
8000,gayilmaz,2,2025-11-03,2025-11,2,0,0
8001,tevirgen,31,2025-11-03,2025-11,13,3,15
8002,dnoic,29,2025-11-03,2025-11,5,7,17
8003,udalyan,5,2025-11-04,2025-11,3,2,0
8004,mecigdem,3,2025-11-04,2025-11,1,2,0
8005,hakand,26,2025-11-04,2025-11,22,4,0
8006,BSOGUT,10,2025-11-04,2025-11,0,0,10
8007,okelepe,1,2025-11-04,2025-11,0,1,0
8008,fgulsever,168,2025-11-04,2025-11,0,168,0
8009,itopcu,1,2025-11-04,2025-11,0,1,0
8010,mguder,6,2025-11-04,2025-11,6,0,0
8011,zyuksel,40,2025-11-04,2025-11,40,0,0
8012,ierdil,9,2025-11-04,2025-11,2,7,0
8013,fcolak,6,2025-11-04,2025-11,6,0,0
8014,egonce,33,2025-11-04,2025-11,9,24,0
8015,hakdemir,9,2025-11-04,2025-11,7,2,0
8016,uunver,17,2025-11-04,2025-11,17,0,0
8017,dcolor,71,2025-11-04,2025-11,0,71,0
8018,sutetik,1,2025-11-04,2025-11,1,0,0
8019,ersener,12,2025-11-04,2025-11,12,0,0
8020,hbulut,2,2025-11-04,2025-11,2,0,0
8021,aapak,22,2025-11-04,2025-11,0,22,0
8022,bfirat,39,2025-11-04,2025-11,38,1,0
8023,bbugdayci,1,2025-11-04,2025-11,0,1,0
8024,eozkan,12,2025-11-04,2025-11,2,10,0
8025,gakca,1,2025-11-04,2025-11,1,0,0
8026,iunlu,2,2025-11-04,2025-11,2,0,0
8027,dayakta,1,2025-11-04,2025-11,1,0,0
8028,akamera,11,2025-11-04,2025-11,2,9,0
8029,abarkod,3,2025-11-04,2025-11,0,3,0
8030,vgemici,29,2025-11-04,2025-11,27,2,0
8031,nkorkmaz,1,2025-11-04,2025-11,1,0,0
8032,fbasak,3,2025-11-04,2025-11,3,0,0
8033,MMUTLU,3,2025-11-04,2025-11,1,1,1
8034,fimetin,16,2025-11-04,2025-11,11,5,0
8035,gkenarli,4,2025-11-04,2025-11,4,0,0
8036,ggirgin,4,2025-11-04,2025-11,0,3,1
8037,obali,3,2025-11-04,2025-11,2,1,0
8038,mertan,6,2025-11-04,2025-11,3,3,0
8039,tevirgen,5,2025-11-04,2025-11,1,4,0
8040,eulsever,15,2025-11-04,2025-11,0,15,0
8041,ogungor,8,2025-11-04,2025-11,8,0,0
8042,caki,1,2025-11-04,2025-11,1,0,0
8043,gcevik,6,2025-11-04,2025-11,6,0,0
8044,ebalaban,13,2025-11-04,2025-11,13,0,0
8045,amasun,152,2025-11-04,2025-11,0,152,0
8046,ekaradavut,15,2025-11-04,2025-11,15,0,0
8047,gekim,97,2025-11-04,2025-11,0,97,0
8048,BSOGUT,22,2025-11-05,2025-11,0,0,22
8049,hakand,4,2025-11-05,2025-11,3,1,0
8050,mecigdem,13,2025-11-05,2025-11,12,1,0
8051,udalyan,14,2025-11-05,2025-11,6,6,2
8052,sfirinci,9,2025-11-05,2025-11,9,0,0
8053,bfirat,47,2025-11-05,2025-11,47,0,0
8054,gakca,3,2025-11-05,2025-11,0,3,0
8055,fgulsever,39,2025-11-05,2025-11,0,39,0
8056,aapak,9,2025-11-05,2025-11,0,9,0
8057,ierdil,6,2025-11-05,2025-11,1,5,0
8058,hbulut,103,2025-11-05,2025-11,102,1,0
8059,aakyildiz,1,2025-11-05,2025-11,1,0,0
8060,fcolak,4,2025-11-05,2025-11,4,0,0
8061,egonce,13,2025-11-05,2025-11,7,6,0
8062,hakdemir,2,2025-11-05,2025-11,2,0,0
8063,uunver,22,2025-11-05,2025-11,22,0,0
8064,mmollaoglu,1,2025-11-05,2025-11,0,1,0
8065,sapra,16,2025-11-05,2025-11,16,0,0
8066,eozkan,6,2025-11-05,2025-11,2,4,0
8067,dcolor,74,2025-11-05,2025-11,0,74,0
8068,gekim,61,2025-11-05,2025-11,0,61,0
8069,aildeniz,1,2025-11-05,2025-11,1,0,0
8070,gbakanoglu,2,2025-11-05,2025-11,0,2,0
8071,ubasdas,2,2025-11-05,2025-11,2,0,0
8072,eanli,3,2025-11-05,2025-11,2,1,0
8073,akamera,7,2025-11-05,2025-11,4,3,0
8074,abarkod,22,2025-11-05,2025-11,0,22,0
8075,tcapkin,6,2025-11-05,2025-11,3,3,0
8076,ntanriverdi,11,2025-11-05,2025-11,2,9,0
8077,gmasistan,4,2025-11-05,2025-11,4,0,0
8078,fbasak,3,2025-11-05,2025-11,3,0,0
8079,aayhan,12,2025-11-05,2025-11,10,1,1
8080,obali,4,2025-11-05,2025-11,1,3,0
8081,MMUTLU,1,2025-11-05,2025-11,1,0,0
8082,fimetin,4,2025-11-05,2025-11,4,0,0
8083,ggirgin,20,2025-11-05,2025-11,1,19,0
8084,fbalaban,3,2025-11-05,2025-11,3,0,0
8085,mertan,2,2025-11-05,2025-11,0,2,0
8086,tevirgen,18,2025-11-05,2025-11,12,5,1
8087,eulsever,13,2025-11-05,2025-11,0,13,0
8088,ogungor,16,2025-11-05,2025-11,14,2,0
8089,kkaplan,2,2025-11-05,2025-11,1,1,0
8090,klaboratuar,10,2025-11-05,2025-11,0,10,0
8091,dnoic,22,2025-11-05,2025-11,21,1,0
8092,ebalaban,22,2025-11-05,2025-11,22,0,0
8093,amasun,199,2025-11-05,2025-11,9,190,0
8094,ekaragoz,17,2025-11-05,2025-11,13,3,1
8095,ekaradavut,3,2025-11-05,2025-11,3,0,0
8096,BSOGUT,6,2025-11-06,2025-11,6,0,0
8097,hakand,5,2025-11-06,2025-11,5,0,0
8098,mecigdem,43,2025-11-06,2025-11,42,1,0
8099,fyakut,12,2025-11-06,2025-11,11,1,0
8100,aapak,22,2025-11-06,2025-11,0,22,0
8101,dayakta,1,2025-11-06,2025-11,1,0,0
8102,gakca,5,2025-11-06,2025-11,0,5,0
8103,fgulsever,87,2025-11-06,2025-11,0,87,0
8104,udalyan,6,2025-11-06,2025-11,3,0,3
8105,mguder,27,2025-11-06,2025-11,19,8,0
8106,egonce,42,2025-11-06,2025-11,30,12,0
8107,pstjbmetiner,1,2025-11-06,2025-11,0,1,0
8108,ierdil,6,2025-11-06,2025-11,1,5,0
8109,fcolak,3,2025-11-06,2025-11,3,0,0
8110,mkarsiv,2,2025-11-06,2025-11,2,0,0
8111,hakdemir,4,2025-11-06,2025-11,1,3,0
8112,dcolor,74,2025-11-06,2025-11,0,74,0
8113,hbulut,1,2025-11-06,2025-11,1,0,0
8114,bfirat,31,2025-11-06,2025-11,31,0,0
8115,VBAYANER,14,2025-11-06,2025-11,0,14,0
8116,adogan,23,2025-11-06,2025-11,23,0,0
8117,zyuksel,1,2025-11-06,2025-11,1,0,0
8118,iunlu,10,2025-11-06,2025-11,9,1,0
8119,aozbal,2,2025-11-06,2025-11,2,0,0
8120,scabuker,2,2025-11-06,2025-11,0,0,2
8121,akamera,11,2025-11-06,2025-11,0,11,0
8122,abarkod,3,2025-11-06,2025-11,0,3,0
8123,gekim,90,2025-11-06,2025-11,0,90,0
8124,ntanriverdi,2,2025-11-06,2025-11,2,0,0
8125,gmasistan,15,2025-11-06,2025-11,15,0,0
8126,bkibar,1,2025-11-06,2025-11,0,1,0
8127,fbasak,2,2025-11-06,2025-11,2,0,0
8128,ogun,7,2025-11-06,2025-11,3,2,2
8129,aayhan,19,2025-11-06,2025-11,9,6,4
8130,fimetin,26,2025-11-06,2025-11,23,3,0
8131,ggirgin,37,2025-11-06,2025-11,8,26,3
8132,vgemici,4,2025-11-06,2025-11,2,2,0
8133,tevirgen,30,2025-11-06,2025-11,12,12,6
8134,eulsever,12,2025-11-06,2025-11,0,12,0
8135,ogungor,2,2025-11-06,2025-11,2,0,0
8136,caki,1,2025-11-06,2025-11,1,0,0
8137,dnoic,20,2025-11-06,2025-11,4,0,16
8138,caozturk,11,2025-11-06,2025-11,11,0,0
8139,ebalaban,4,2025-11-06,2025-11,4,0,0
8140,amasun,197,2025-11-06,2025-11,0,197,0
8141,gbakanoglu,4,2025-11-06,2025-11,0,4,0
8142,ekaradavut,1,2025-11-06,2025-11,1,0,0
8143,pstjbmetiner,3,2025-11-07,2025-11,1,2,0
8144,zyuksel,1,2025-11-07,2025-11,1,0,0
8145,udalyan,27,2025-11-07,2025-11,0,0,27
8146,hakand,2,2025-11-07,2025-11,0,2,0
8147,mecigdem,3,2025-11-07,2025-11,0,3,0
8148,ierdil,9,2025-11-07,2025-11,0,9,0
8149,itopcu,29,2025-11-07,2025-11,29,0,0
8150,kbtlideri,27,2025-11-07,2025-11,27,0,0
8151,hakdemir,7,2025-11-07,2025-11,2,5,0
8152,ytinmaz,2,2025-11-07,2025-11,0,2,0
8153,stjegitim,8,2025-11-07,2025-11,0,0,8
8154,VBAYANER,1,2025-11-07,2025-11,0,1,0
8155,dcolor,67,2025-11-07,2025-11,0,67,0
8156,hbulut,2,2025-11-07,2025-11,2,0,0
8157,bfirat,45,2025-11-07,2025-11,45,0,0
8158,gakca,6,2025-11-07,2025-11,2,4,0
8159,rkontrol,2,2025-11-07,2025-11,1,1,0
8160,adogan,3,2025-11-07,2025-11,1,1,1
8161,MMUTLU,13,2025-11-07,2025-11,9,1,3
8162,amasun,57,2025-11-07,2025-11,5,52,0
8163,vgemici,1,2025-11-07,2025-11,1,0,0
8164,ntanriverdi,57,2025-11-07,2025-11,56,1,0
8165,mkarabiyik,1,2025-11-07,2025-11,0,1,0
8166,fimetin,177,2025-11-07,2025-11,108,69,0
8167,ggirgin,33,2025-11-07,2025-11,1,32,0
8168,mertan,4,2025-11-07,2025-11,3,1,0
8169,tevirgen,27,2025-11-07,2025-11,3,6,18
8170,akamera,4,2025-11-07,2025-11,0,4,0
8171,gayilmaz,28,2025-11-07,2025-11,20,8,0
8172,eulsever,4,2025-11-07,2025-11,0,4,0
8173,ebalaban,8,2025-11-07,2025-11,8,0,0
8174,caozturk,147,2025-11-07,2025-11,145,2,0
8175,bsakrak,4,2025-11-07,2025-11,4,0,0
8176,oicoz,12,2025-11-07,2025-11,12,0,0
8177,caki,2,2025-11-07,2025-11,2,0,0
8178,ogungor,17,2025-11-07,2025-11,6,11,0
8179,dcolor,56,2025-11-08,2025-11,0,56,0
8180,hbinay,25,2025-11-08,2025-11,25,0,0
8181,hakdemir,1,2025-11-08,2025-11,0,1,0
8182,ebalaban,9,2025-11-08,2025-11,9,0,0
8183,mecigdem,2,2025-11-08,2025-11,0,2,0
8184,bunver,1,2025-11-09,2025-11,0,1,0
8185,aapak,107,2025-11-09,2025-11,30,77,0
8186,egonce,6,2025-11-09,2025-11,1,5,0
8187,bbugdayci,4,2025-11-09,2025-11,2,0,2
8188,kbtlideri,1,2025-11-09,2025-11,1,0,0
8189,ierdil,18,2025-11-09,2025-11,9,9,0
8190,fgulsever,59,2025-11-09,2025-11,2,57,0
8191,BSOGUT,8,2025-11-09,2025-11,0,8,0
8192,dcolor,6,2025-11-09,2025-11,0,6,0
8193,dayakta,1,2025-11-09,2025-11,1,0,0
8194,iunlu,50,2025-11-09,2025-11,6,44,0
8195,gekim,57,2025-11-09,2025-11,0,57,0
8196,gbakanoglu,4,2025-11-09,2025-11,4,0,0
8197,dnoic,47,2025-11-09,2025-11,43,2,2
8198,aayhan,7,2025-11-09,2025-11,4,1,2
8199,nkorkmaz,5,2025-11-09,2025-11,0,1,4
8200,abarkod,1,2025-11-09,2025-11,0,1,0
8201,mceylan,5,2025-11-09,2025-11,4,1,0
8202,mecigdem,219,2025-11-10,2025-11,219,0,0
8203,udalyan,8,2025-11-10,2025-11,3,4,1
8204,aapak,67,2025-11-10,2025-11,0,67,0
8205,adogan,2,2025-11-10,2025-11,0,0,2
8206,gakca,1,2025-11-10,2025-11,0,1,0
8207,esaribuyuk,5,2025-11-10,2025-11,0,5,0
8208,bsakrak,25,2025-11-10,2025-11,25,0,0
8209,ubasdas,2,2025-11-10,2025-11,2,0,0
8210,fgulsever,41,2025-11-10,2025-11,1,40,0
8211,egonce,10,2025-11-10,2025-11,9,1,0
8212,ierdil,14,2025-11-10,2025-11,5,9,0
8213,mkarsiv,1,2025-11-10,2025-11,1,0,0
8214,hakdemir,4,2025-11-10,2025-11,3,1,0
8215,hbinay,7,2025-11-10,2025-11,7,0,0
8216,dcolor,56,2025-11-10,2025-11,0,56,0
8217,bunver,70,2025-11-10,2025-11,10,60,0
8218,hbulut,10,2025-11-10,2025-11,9,1,0
8219,bfirat,16,2025-11-10,2025-11,16,0,0
8220,iunlu,16,2025-11-10,2025-11,3,13,0
8221,mguder,28,2025-11-10,2025-11,28,0,0
8222,gekim,35,2025-11-10,2025-11,0,35,0
8223,tcapkin,5,2025-11-10,2025-11,4,1,0
8224,ekaragoz,12,2025-11-10,2025-11,3,9,0
8225,eanli,1,2025-11-10,2025-11,0,1,0
8226,akamera,7,2025-11-10,2025-11,0,7,0
8227,abarkod,12,2025-11-10,2025-11,0,12,0
8228,bkibar,1,2025-11-10,2025-11,0,1,0
8229,fbasak,12,2025-11-10,2025-11,11,1,0
8230,mkarabiyik,2,2025-11-10,2025-11,0,2,0
8231,obali,6,2025-11-10,2025-11,1,3,2
8232,MMUTLU,13,2025-11-10,2025-11,10,3,0
8233,fimetin,6,2025-11-10,2025-11,6,0,0
8234,eatansay,1,2025-11-10,2025-11,0,1,0
8235,mertan,7,2025-11-10,2025-11,4,3,0
8236,tevirgen,17,2025-11-10,2025-11,10,7,0
8237,ogungor,10,2025-11-10,2025-11,8,2,0
8238,nibolkis,1,2025-11-10,2025-11,1,0,0
8239,mkorucu,4,2025-11-10,2025-11,2,2,0
8240,gcevik,4,2025-11-10,2025-11,4,0,0
8241,ebalaban,18,2025-11-10,2025-11,18,0,0
8242,amasun,194,2025-11-10,2025-11,0,194,0
8243,ggirgin,9,2025-11-10,2025-11,6,3,0
8244,ierdil,9,2025-11-11,2025-11,4,5,0
8245,zyuksel,81,2025-11-11,2025-11,81,0,0
8246,mguder,2,2025-11-11,2025-11,2,0,0
8247,fgulsever,25,2025-11-11,2025-11,2,23,0
8248,BSOGUT,5,2025-11-11,2025-11,1,0,4
8249,dayakta,87,2025-11-11,2025-11,26,61,0
8250,udalyan,6,2025-11-11,2025-11,2,4,0
8251,aapak,50,2025-11-11,2025-11,1,49,0
8252,ubasdas,1,2025-11-11,2025-11,1,0,0
8253,kbtlideri,1,2025-11-11,2025-11,1,0,0
8254,hakand,4,2025-11-11,2025-11,2,2,0
8255,ucelebi,6,2025-11-11,2025-11,0,0,6
8256,ersener,3,2025-11-11,2025-11,3,0,0
8257,aildeniz,1,2025-11-11,2025-11,0,1,0
8258,eyuksel,1,2025-11-11,2025-11,1,0,0
8259,fcolak,2,2025-11-11,2025-11,2,0,0
8260,mkarsiv,2,2025-11-11,2025-11,2,0,0
8261,egonce,4,2025-11-11,2025-11,4,0,0
8262,hakdemir,10,2025-11-11,2025-11,6,4,0
8263,uunver,22,2025-11-11,2025-11,22,0,0
8264,dcolor,94,2025-11-11,2025-11,0,94,0
8265,gakca,6,2025-11-11,2025-11,1,5,0
8266,hbulut,5,2025-11-11,2025-11,5,0,0
8267,VBAYANER,1,2025-11-11,2025-11,0,1,0
8268,ebadem,19,2025-11-11,2025-11,19,0,0
8269,bsakrak,36,2025-11-11,2025-11,36,0,0
8270,bfirat,17,2025-11-11,2025-11,17,0,0
8271,gekim,57,2025-11-11,2025-11,0,57,0
8272,iunlu,4,2025-11-11,2025-11,4,0,0
8273,abarkod,11,2025-11-11,2025-11,0,11,0
8274,ttlideri,2,2025-11-11,2025-11,2,0,0
8275,tcapkin,3,2025-11-11,2025-11,3,0,0
8276,ntanriverdi,80,2025-11-11,2025-11,79,1,0
8277,gmasistan,6,2025-11-11,2025-11,6,0,0
8278,asablon,21,2025-11-11,2025-11,10,11,0
8279,fbasak,6,2025-11-11,2025-11,6,0,0
8280,aayhan,17,2025-11-11,2025-11,17,0,0
8281,obali,6,2025-11-11,2025-11,0,3,3
8282,MMUTLU,3,2025-11-11,2025-11,0,3,0
8283,fimetin,9,2025-11-11,2025-11,5,4,0
8284,akamera,5,2025-11-11,2025-11,0,5,0
8285,mertan,55,2025-11-11,2025-11,10,45,0
8286,ggirgin,45,2025-11-11,2025-11,1,44,0
8287,amasun,143,2025-11-11,2025-11,0,143,0
8288,ebalaban,6,2025-11-11,2025-11,6,0,0
8289,dnoic,7,2025-11-11,2025-11,7,0,0
8290,gcevik,12,2025-11-11,2025-11,12,0,0
8291,eanli,3,2025-11-11,2025-11,2,1,0
8292,ogungor,5,2025-11-11,2025-11,4,1,0
8293,gayilmaz,42,2025-11-11,2025-11,42,0,0
8294,tevirgen,17,2025-11-11,2025-11,6,11,0
8295,ayyilmaz,6,2025-11-11,2025-11,2,4,0
8296,oicoz,3,2025-11-11,2025-11,3,0,0
8297,iunlu,2,2025-11-12,2025-11,2,0,0
8298,ierdil,14,2025-11-12,2025-11,9,5,0
8299,bsakrak,61,2025-11-12,2025-11,61,0,0
8300,sfirinci,1,2025-11-12,2025-11,1,0,0
8301,nakilli,4,2025-11-12,2025-11,0,4,0
8302,aapak,35,2025-11-12,2025-11,0,35,0
8303,udalyan,4,2025-11-12,2025-11,4,0,0
8304,BSOGUT,139,2025-11-12,2025-11,113,26,0
8305,fgulsever,5,2025-11-12,2025-11,0,5,0
8306,gsapmaz,21,2025-11-12,2025-11,21,0,0
8307,kbtlideri,2,2025-11-12,2025-11,2,0,0
8308,mbayirli,3,2025-11-12,2025-11,3,0,0
8309,mkarsiv,27,2025-11-12,2025-11,2,25,0
8310,egonce,6,2025-11-12,2025-11,2,4,0
8311,hakdemir,23,2025-11-12,2025-11,21,2,0
8312,tcakan,6,2025-11-12,2025-11,6,0,0
8313,eozkan,12,2025-11-12,2025-11,12,0,0
8314,dcolor,87,2025-11-12,2025-11,0,87,0
8315,ersener,5,2025-11-12,2025-11,5,0,0
8316,hbulut,5,2025-11-12,2025-11,5,0,0
8317,bfirat,25,2025-11-12,2025-11,25,0,0
8318,gekim,47,2025-11-12,2025-11,0,47,0
8319,VBAYANER,1,2025-11-12,2025-11,0,1,0
8320,fcolak,7,2025-11-12,2025-11,7,0,0
8321,amasun,185,2025-11-12,2025-11,0,185,0
8322,gcevik,40,2025-11-12,2025-11,40,0,0
8323,caozturk,2,2025-11-12,2025-11,2,0,0
8324,akamera,3,2025-11-12,2025-11,3,0,0
8325,ebalaban,7,2025-11-12,2025-11,7,0,0
8326,abarkod,2,2025-11-12,2025-11,0,2,0
8327,edemirbas,1,2025-11-12,2025-11,0,0,1
8328,vgemici,5,2025-11-12,2025-11,5,0,0
8329,ntanriverdi,75,2025-11-12,2025-11,75,0,0
8330,fbasak,2,2025-11-12,2025-11,2,0,0
8331,ogun,2,2025-11-12,2025-11,2,0,0
8332,aayhan,6,2025-11-12,2025-11,6,0,0
8333,mkarabiyik,1,2025-11-12,2025-11,0,1,0
8334,obali,9,2025-11-12,2025-11,7,0,2
8335,ngogce,17,2025-11-12,2025-11,10,0,7
8336,fimetin,62,2025-11-12,2025-11,2,60,0
8337,MMUTLU,22,2025-11-12,2025-11,21,1,0
8338,mkorucu,1,2025-11-12,2025-11,1,0,0
8339,kkaplan,7,2025-11-12,2025-11,7,0,0
8340,gayilmaz,10,2025-11-12,2025-11,10,0,0
8341,dnoic,42,2025-11-12,2025-11,17,12,13
8342,tevirgen,24,2025-11-12,2025-11,10,14,0
8343,mertan,9,2025-11-12,2025-11,6,3,0
8344,ggirgin,12,2025-11-12,2025-11,10,2,0
8345,gkenarli,2,2025-11-12,2025-11,2,0,0
8346,eulsever,4,2025-11-12,2025-11,0,4,0
8347,pstjbmetiner,6,2025-11-13,2025-11,4,2,0
8348,fyakut,73,2025-11-13,2025-11,72,1,0
8349,gakca,1,2025-11-13,2025-11,0,1,0
8350,aapak,61,2025-11-13,2025-11,0,61,0
8351,udalyan,7,2025-11-13,2025-11,3,4,0
8352,BSOGUT,2,2025-11-13,2025-11,0,2,0
8353,fgulsever,47,2025-11-13,2025-11,6,41,0
8354,itopcu,1,2025-11-13,2025-11,1,0,0
8355,ierdil,18,2025-11-13,2025-11,9,9,0
8356,eozkan,4,2025-11-13,2025-11,2,2,0
8357,egonce,164,2025-11-13,2025-11,140,24,0
8358,herbilgin,1,2025-11-13,2025-11,1,0,0
8359,sapra,16,2025-11-13,2025-11,15,1,0
8360,dcolor,67,2025-11-13,2025-11,0,67,0
8361,hbulut,7,2025-11-13,2025-11,7,0,0
8362,bfirat,33,2025-11-13,2025-11,29,4,0
8363,VBAYANER,7,2025-11-13,2025-11,0,7,0
8364,gekim,102,2025-11-13,2025-11,0,102,0
8365,nkaya,78,2025-11-13,2025-11,64,14,0
8366,SUYILMAZ,3,2025-11-13,2025-11,3,0,0
8367,ebalaban,22,2025-11-13,2025-11,22,0,0
8368,caozturk,2,2025-11-13,2025-11,0,2,0
8369,akamera,1,2025-11-13,2025-11,0,1,0
8370,ngogce,14,2025-11-13,2025-11,8,0,6
8371,vgemici,1,2025-11-13,2025-11,1,0,0
8372,ntanriverdi,27,2025-11-13,2025-11,24,3,0
8373,asablon,1,2025-11-13,2025-11,1,0,0
8374,fbasak,1,2025-11-13,2025-11,1,0,0
8375,aayhan,5,2025-11-13,2025-11,5,0,0
8376,obali,18,2025-11-13,2025-11,11,7,0
8377,MMUTLU,63,2025-11-13,2025-11,62,1,0
8378,tcapkin,4,2025-11-13,2025-11,4,0,0
8379,ggirgin,34,2025-11-13,2025-11,1,32,1
8380,mertan,1,2025-11-13,2025-11,0,1,0
8381,tevirgen,12,2025-11-13,2025-11,6,6,0
8382,eulsever,4,2025-11-13,2025-11,0,4,0
8383,ogungor,3,2025-11-13,2025-11,2,1,0
8384,nibolkis,4,2025-11-13,2025-11,4,0,0
8385,mkorucu,6,2025-11-13,2025-11,2,4,0
8386,dnoic,9,2025-11-13,2025-11,1,8,0
8387,fimetin,15,2025-11-13,2025-11,15,0,0
8388,gakca,1,2025-11-14,2025-11,0,1,0
8389,udalyan,11,2025-11-14,2025-11,6,5,0
8390,mecigdem,2,2025-11-14,2025-11,0,2,0
8391,hakand,10,2025-11-14,2025-11,6,4,0
8392,ierdil,12,2025-11-14,2025-11,2,10,0
8393,sekisa,194,2025-11-14,2025-11,194,0,0
8394,sutetik,5,2025-11-14,2025-11,5,0,0
8395,hakdemir,18,2025-11-14,2025-11,12,6,0
8396,dcolor,115,2025-11-14,2025-11,0,115,0
8397,hbulut,25,2025-11-14,2025-11,24,1,0
8398,bfirat,7,2025-11-14,2025-11,7,0,0
8399,adogan,26,2025-11-14,2025-11,24,0,2
8400,mkarsiv,4,2025-11-14,2025-11,4,0,0
8401,fbalaban,1,2025-11-14,2025-11,0,1,0
8402,ogungor,4,2025-11-14,2025-11,2,2,0
8403,ebalaban,6,2025-11-14,2025-11,6,0,0
8404,amasun,25,2025-11-14,2025-11,3,22,0
8405,ngogce,30,2025-11-14,2025-11,27,3,0
8406,ttlideri,8,2025-11-14,2025-11,2,6,0
8407,vgemici,4,2025-11-14,2025-11,4,0,0
8408,ntanriverdi,10,2025-11-14,2025-11,10,0,0
8409,MMUTLU,1,2025-11-14,2025-11,0,0,1
8410,akamera,11,2025-11-14,2025-11,1,10,0
8411,ggirgin,69,2025-11-14,2025-11,19,50,0
8412,mertan,25,2025-11-14,2025-11,0,25,0
8413,tevirgen,10,2025-11-14,2025-11,0,7,3
8414,fimetin,11,2025-11-14,2025-11,9,2,0
8415,oicoz,7,2025-11-14,2025-11,0,7,0
8416,caozturk,6,2025-11-14,2025-11,0,0,6
8417,rkontrol,1,2025-11-15,2025-11,1,0,0
8418,dcolor,54,2025-11-15,2025-11,0,54,0
8419,ebalaban,61,2025-11-15,2025-11,61,0,0
8420,mecigdem,1,2025-11-15,2025-11,0,1,0
8421,aapak,48,2025-11-16,2025-11,1,47,0
8422,egonce,19,2025-11-16,2025-11,15,4,0
8423,fcolak,18,2025-11-16,2025-11,15,3,0
8424,cyildiz,4,2025-11-16,2025-11,2,2,0
8425,bbugdayci,8,2025-11-16,2025-11,1,7,0
8426,aildeniz,3,2025-11-16,2025-11,3,0,0
8427,ierdil,5,2025-11-16,2025-11,0,5,0
8428,fgulsever,7,2025-11-16,2025-11,0,7,0
8429,ubasdas,1,2025-11-16,2025-11,1,0,0
8430,dcolor,6,2025-11-16,2025-11,0,6,0
8431,gekim,57,2025-11-16,2025-11,0,57,0
8432,dnoic,13,2025-11-16,2025-11,10,2,1
8433,mkorucu,1,2025-11-16,2025-11,1,0,0
8434,TIRMAK,14,2025-11-16,2025-11,5,9,0
8435,ogun,2,2025-11-16,2025-11,0,0,2
8436,fbasak,3,2025-11-16,2025-11,1,2,0
8437,tcapkin,31,2025-11-16,2025-11,7,24,0
8438,abarkod,1,2025-11-16,2025-11,0,1,0
8439,iunlu,2,2025-11-16,2025-11,1,1,0
8440,mguder,6,2025-11-17,2025-11,6,0,0
8441,fgulsever,3,2025-11-17,2025-11,1,2,0
8442,BSOGUT,48,2025-11-17,2025-11,48,0,0
8443,ubasdas,3,2025-11-17,2025-11,3,0,0
8444,udalyan,3,2025-11-17,2025-11,1,0,2
8445,aapak,94,2025-11-17,2025-11,0,94,0
8446,zyuksel,10,2025-11-17,2025-11,9,1,0
8447,gakca,17,2025-11-17,2025-11,3,14,0
8448,mecigdem,2,2025-11-17,2025-11,0,2,0
8449,ierdil,10,2025-11-17,2025-11,3,7,0
8450,egonce,69,2025-11-17,2025-11,60,9,0
8451,sekisa,48,2025-11-17,2025-11,48,0,0
8452,mkarsiv,2,2025-11-17,2025-11,2,0,0
8453,adogan,31,2025-11-17,2025-11,5,26,0
8454,mmollaoglu,1,2025-11-17,2025-11,1,0,0
8455,eozkan,1,2025-11-17,2025-11,1,0,0
8456,dcolor,55,2025-11-17,2025-11,0,55,0
8457,ekoksal,1,2025-11-17,2025-11,1,0,0
8458,ersener,4,2025-11-17,2025-11,2,2,0
8459,hbulut,8,2025-11-17,2025-11,8,0,0
8460,bfirat,2,2025-11-17,2025-11,2,0,0
8461,bunver,5,2025-11-17,2025-11,5,0,0
8462,mguray,10,2025-11-17,2025-11,10,0,0
8463,iunlu,22,2025-11-17,2025-11,2,20,0
8464,hakand,28,2025-11-17,2025-11,26,2,0
8465,cisahin,60,2025-11-17,2025-11,2,58,0
8466,gekim,54,2025-11-17,2025-11,0,54,0
8467,akamera,28,2025-11-17,2025-11,3,25,0
8468,ngogce,47,2025-11-17,2025-11,44,3,0
8469,abarkod,2,2025-11-17,2025-11,0,2,0
8470,vgemici,4,2025-11-17,2025-11,4,0,0
8471,tcapkin,3,2025-11-17,2025-11,3,0,0
8472,ntanriverdi,8,2025-11-17,2025-11,8,0,0
8473,aayhan,18,2025-11-17,2025-11,14,1,3
8474,obali,5,2025-11-17,2025-11,5,0,0
8475,MMUTLU,2945,2025-11-17,2025-11,2942,0,3
8476,fimetin,2,2025-11-17,2025-11,2,0,0
8477,asablon,1,2025-11-17,2025-11,1,0,0
8478,mertan,1,2025-11-17,2025-11,0,1,0
8479,ggirgin,39,2025-11-17,2025-11,30,8,1
8480,amasun,15,2025-11-17,2025-11,0,15,0
8481,ebalaban,14,2025-11-17,2025-11,13,1,0
8482,caozturk,14,2025-11-17,2025-11,13,1,0
8483,oicoz,47,2025-11-17,2025-11,3,44,0
8484,eanli,6,2025-11-17,2025-11,6,0,0
8485,ogungor,5,2025-11-17,2025-11,3,2,0
8486,tevirgen,18,2025-11-17,2025-11,9,7,2
8487,ayyilmaz,1,2025-11-17,2025-11,0,1,0
8488,okanat,6,2025-11-17,2025-11,6,0,0
8489,BSOGUT,70,2025-11-18,2025-11,70,0,0
8490,gekim,63,2025-11-18,2025-11,0,63,0
8491,iunlu,6,2025-11-18,2025-11,4,2,0
8492,adogan,10,2025-11-18,2025-11,3,7,0
8493,fyakut,2,2025-11-18,2025-11,2,0,0
8494,aapak,43,2025-11-18,2025-11,18,25,0
8495,udalyan,4,2025-11-18,2025-11,1,3,0
8496,mecigdem,3,2025-11-18,2025-11,0,3,0
8497,hakand,20,2025-11-18,2025-11,19,1,0
8498,fgulsever,23,2025-11-18,2025-11,2,21,0
8499,zkurt,1,2025-11-18,2025-11,0,0,1
8500,aakyildiz,2,2025-11-18,2025-11,2,0,0
8501,egonce,35,2025-11-18,2025-11,23,12,0
8502,hakdemir,14,2025-11-18,2025-11,10,4,0
8503,fdeniz,15,2025-11-18,2025-11,0,0,15
8504,tcakan,3,2025-11-18,2025-11,2,1,0
8505,bunver,1,2025-11-18,2025-11,1,0,0
8506,eozkan,1,2025-11-18,2025-11,1,0,0
8507,dcolor,76,2025-11-18,2025-11,0,76,0
8508,ersener,1,2025-11-18,2025-11,1,0,0
8509,hbulut,6,2025-11-18,2025-11,6,0,0
8510,ierdil,16,2025-11-18,2025-11,8,8,0
8511,amasun,8,2025-11-18,2025-11,2,6,0
8512,ntanriverdi,1,2025-11-18,2025-11,0,1,0
8513,dnoic,20,2025-11-18,2025-11,13,7,0
8514,ebalaban,20,2025-11-18,2025-11,20,0,0
8515,akamera,7,2025-11-18,2025-11,1,6,0
8516,abarkod,4,2025-11-18,2025-11,0,4,0
8517,edemirbas,1,2025-11-18,2025-11,0,0,1
8518,vgemici,1,2025-11-18,2025-11,1,0,0
8519,bkibar,2,2025-11-18,2025-11,0,2,0
8520,nkorkmaz,4,2025-11-18,2025-11,4,0,0
8521,cer,1,2025-11-18,2025-11,0,1,0
8522,aayhan,10,2025-11-18,2025-11,0,0,10
8523,mkarabiyik,1,2025-11-18,2025-11,0,1,0
8524,gmasistan,16,2025-11-18,2025-11,10,6,0
8525,MMUTLU,611,2025-11-18,2025-11,607,4,0
8526,fimetin,46,2025-11-18,2025-11,39,7,0
8527,ggirgin,24,2025-11-18,2025-11,7,17,0
8528,tevirgen,23,2025-11-18,2025-11,2,14,7
8529,gayilmaz,24,2025-11-18,2025-11,23,1,0
8530,ogungor,4,2025-11-18,2025-11,4,0,0
8531,nibolkis,3,2025-11-18,2025-11,3,0,0
8532,okanat,5,2025-11-18,2025-11,1,4,0
8533,mkorucu,5,2025-11-18,2025-11,5,0,0
8534,obali,11,2025-11-18,2025-11,11,0,0
8535,ytinmaz,3,2025-11-19,2025-11,3,0,0
8536,ierdil,8,2025-11-19,2025-11,3,5,0
8537,mguder,13,2025-11-19,2025-11,0,11,2
8538,fgulsever,131,2025-11-19,2025-11,0,131,0
8539,BSOGUT,4,2025-11-19,2025-11,4,0,0
8540,dayakta,69,2025-11-19,2025-11,29,40,0
8541,mecigdem,2,2025-11-19,2025-11,0,2,0
8542,udalyan,4,2025-11-19,2025-11,4,0,0
8543,aapak,4,2025-11-19,2025-11,0,4,0
8544,stjegitim,315,2025-11-19,2025-11,105,210,0
8545,hakand,13,2025-11-19,2025-11,10,3,0
8546,eyuksel,4,2025-11-19,2025-11,4,0,0
8547,ersener,4,2025-11-19,2025-11,4,0,0
8548,aakyildiz,19,2025-11-19,2025-11,19,0,0
8549,fcolak,10,2025-11-19,2025-11,10,0,0
8550,egonce,79,2025-11-19,2025-11,66,13,0
8551,hakdemir,9,2025-11-19,2025-11,0,9,0
8552,tcakan,11,2025-11-19,2025-11,0,0,11
8553,vdemirkaya,45,2025-11-19,2025-11,45,0,0
8554,eozkan,2,2025-11-19,2025-11,2,0,0
8555,gbalvan,3,2025-11-19,2025-11,1,2,0
8556,dcolor,77,2025-11-19,2025-11,0,77,0
8557,gakca,1,2025-11-19,2025-11,1,0,0
8558,hbulut,6,2025-11-19,2025-11,4,2,0
8559,bfirat,2,2025-11-19,2025-11,2,0,0
8560,cyildiz,2,2025-11-19,2025-11,1,1,0
8561,adogan,3,2025-11-19,2025-11,3,0,0
8562,ubasdas,10,2025-11-19,2025-11,10,0,0
8563,iunlu,2,2025-11-19,2025-11,2,0,0
8564,sfirinci,1,2025-11-19,2025-11,0,1,0
8565,abarkod,1,2025-11-19,2025-11,0,1,0
8566,vgemici,1,2025-11-19,2025-11,1,0,0
8567,ntanriverdi,2,2025-11-19,2025-11,2,0,0
8568,bkibar,2,2025-11-19,2025-11,2,0,0
8569,nkorkmaz,12,2025-11-19,2025-11,1,6,5
8570,fbasak,1,2025-11-19,2025-11,1,0,0
8571,aayhan,10,2025-11-19,2025-11,0,9,1
8572,mkarabiyik,9,2025-11-19,2025-11,8,1,0
8573,obali,6,2025-11-19,2025-11,3,2,1
8574,MMUTLU,9,2025-11-19,2025-11,4,0,5
8575,fimetin,1,2025-11-19,2025-11,0,1,0
8576,ggirgin,19,2025-11-19,2025-11,2,14,3
8577,akamera,1,2025-11-19,2025-11,0,1,0
8578,ayyilmaz,2,2025-11-19,2025-11,2,0,0
8579,tevirgen,44,2025-11-19,2025-11,31,13,0
8580,ogungor,4,2025-11-19,2025-11,2,2,0
8581,klaboratuar,2,2025-11-19,2025-11,0,2,0
8582,gcevik,15,2025-11-19,2025-11,15,0,0
8583,caozturk,42,2025-11-19,2025-11,0,42,0
8584,ebalaban,9,2025-11-19,2025-11,9,0,0
8585,amasun,38,2025-11-19,2025-11,3,35,0
8586,SUYILMAZ,4,2025-11-19,2025-11,4,0,0
8587,gbakanoglu,6,2025-11-19,2025-11,6,0,0
8588,gekim,57,2025-11-19,2025-11,0,57,0
8589,mertan,9,2025-11-19,2025-11,3,6,0
8590,mguray,2,2025-11-20,2025-11,2,0,0
8591,ierdil,13,2025-11-20,2025-11,8,5,0
8592,pstjbmetiner,6,2025-11-20,2025-11,6,0,0
8593,mguder,6,2025-11-20,2025-11,6,0,0
8594,aapak,54,2025-11-20,2025-11,0,54,0
8595,esaribuyuk,2,2025-11-20,2025-11,0,2,0
8596,hakand,11,2025-11-20,2025-11,0,11,0
8597,mecigdem,2,2025-11-20,2025-11,0,2,0
8598,udalyan,42,2025-11-20,2025-11,0,1,41
8599,stjegitim,70,2025-11-20,2025-11,54,16,0
8600,BSOGUT,9,2025-11-20,2025-11,8,1,0
8601,nkaya,15,2025-11-20,2025-11,12,3,0
8602,msevim,2,2025-11-20,2025-11,2,0,0
8603,fcolak,13,2025-11-20,2025-11,3,10,0
8604,sekisa,4,2025-11-20,2025-11,3,1,0
8605,egonce,15,2025-11-20,2025-11,8,7,0
8606,hakdemir,18,2025-11-20,2025-11,11,7,0
8607,hbinay,5,2025-11-20,2025-11,5,0,0
8608,VBAYANER,28,2025-11-20,2025-11,0,28,0
8609,dcolor,79,2025-11-20,2025-11,0,79,0
8610,sutetik,6,2025-11-20,2025-11,6,0,0
8611,hbulut,6,2025-11-20,2025-11,6,0,0
8612,bfirat,8,2025-11-20,2025-11,8,0,0
8613,gakca,1,2025-11-20,2025-11,1,0,0
8614,cyildiz,2,2025-11-20,2025-11,1,1,0
8615,adogan,9,2025-11-20,2025-11,9,0,0
8616,eozkan,1,2025-11-20,2025-11,1,0,0
8617,gekim,51,2025-11-20,2025-11,0,51,0
8618,akamera,17,2025-11-20,2025-11,0,17,0
8619,abarkod,33,2025-11-20,2025-11,0,33,0
8620,edemirbas,2,2025-11-20,2025-11,1,0,1
8621,vgemici,2,2025-11-20,2025-11,1,1,0
8622,ntanriverdi,100,2025-11-20,2025-11,97,3,0
8623,asablon,3,2025-11-20,2025-11,3,0,0
8624,nkorkmaz,75,2025-11-20,2025-11,5,3,67
8625,fbasak,2,2025-11-20,2025-11,2,0,0
8626,aayhan,11,2025-11-20,2025-11,10,1,0
8627,fyilanci,1,2025-11-20,2025-11,1,0,0
8628,mkarabiyik,2,2025-11-20,2025-11,0,2,0
8629,obali,4,2025-11-20,2025-11,0,4,0
8630,iunlu,22,2025-11-20,2025-11,11,11,0
8631,ggirgin,12,2025-11-20,2025-11,0,12,0
8632,gbakanoglu,2,2025-11-20,2025-11,1,1,0
8633,zkurt,1,2025-11-20,2025-11,0,0,1
8634,amasun,2,2025-11-20,2025-11,0,2,0
8635,ebalaban,19,2025-11-20,2025-11,19,0,0
8636,gcevik,1,2025-11-20,2025-11,0,0,1
8637,MMUTLU,2,2025-11-20,2025-11,1,1,0
8638,mkorucu,2,2025-11-20,2025-11,2,0,0
8639,nbolkis,7,2025-11-20,2025-11,7,0,0
8640,ogungor,2,2025-11-20,2025-11,2,0,0
8641,tevirgen,19,2025-11-20,2025-11,8,11,0
8642,mertan,6,2025-11-20,2025-11,5,1,0
8643,caki,15,2025-11-20,2025-11,8,7,0
8644,udalyan,3,2025-11-21,2025-11,3,0,0
8645,mecigdem,16,2025-11-21,2025-11,16,0,0
8646,gsapmaz,63,2025-11-21,2025-11,63,0,0
8647,mguder,30,2025-11-21,2025-11,8,21,1
8648,zyuksel,40,2025-11-21,2025-11,40,0,0
8649,ierdil,5,2025-11-21,2025-11,0,5,0
8650,stjegitim,17,2025-11-21,2025-11,0,0,17
8651,msevim,1,2025-11-21,2025-11,1,0,0
8652,hakdemir,3,2025-11-21,2025-11,3,0,0
8653,eozkan,40,2025-11-21,2025-11,34,6,0
8654,dcolor,82,2025-11-21,2025-11,0,82,0
8655,oguler,2,2025-11-21,2025-11,0,2,0
8656,hbulut,6,2025-11-21,2025-11,6,0,0
8657,VBAYANER,24,2025-11-21,2025-11,24,0,0
8658,mkarsiv,1,2025-11-21,2025-11,1,0,0
8659,ekoksal,2,2025-11-21,2025-11,2,0,0
8660,gakca,5,2025-11-21,2025-11,2,3,0
8661,dnoic,26,2025-11-21,2025-11,17,1,8
8662,ebalaban,8,2025-11-21,2025-11,8,0,0
8663,vgemici,3,2025-11-21,2025-11,2,1,0
8664,ntanriverdi,78,2025-11-21,2025-11,78,0,0
8665,bkibar,1,2025-11-21,2025-11,1,0,0
8666,MMUTLU,43,2025-11-21,2025-11,42,1,0
8667,fimetin,2,2025-11-21,2025-11,0,2,0
8668,ngogce,1,2025-11-21,2025-11,1,0,0
8669,ekaradavut,3,2025-11-21,2025-11,3,0,0
8670,ggirgin,14,2025-11-21,2025-11,7,7,0
8671,ogungor,3,2025-11-21,2025-11,2,1,0
8672,eulsever,4,2025-11-21,2025-11,0,4,0
8673,mertan,3,2025-11-21,2025-11,0,3,0
8674,ayyilmaz,20,2025-11-21,2025-11,20,0,0
8675,tevirgen,70,2025-11-21,2025-11,33,9,28
8676,ebalaban,7,2025-11-22,2025-11,7,0,0
8677,mecigdem,3,2025-11-22,2025-11,1,2,0
8678,dcolor,73,2025-11-22,2025-11,0,73,0
8679,hakdemir,4,2025-11-22,2025-11,1,3,0
8680,akapucu,11,2025-11-23,2025-11,11,0,0
8681,aapak,38,2025-11-23,2025-11,0,38,0
8682,dcolor,5,2025-11-23,2025-11,0,5,0
8683,egonce,13,2025-11-23,2025-11,3,10,0
8684,mkarsiv,3,2025-11-23,2025-11,0,3,0
8685,fcolak,12,2025-11-23,2025-11,12,0,0
8686,ierdil,7,2025-11-23,2025-11,0,7,0
8687,fgulsever,21,2025-11-23,2025-11,0,21,0
8688,esaribuyuk,5,2025-11-23,2025-11,0,5,0
8689,ubasdas,3,2025-11-23,2025-11,1,2,0
8690,SUYILMAZ,9,2025-11-23,2025-11,5,4,0
8691,gekim,72,2025-11-23,2025-11,0,72,0
8692,fbasak,19,2025-11-23,2025-11,19,0,0
8693,aayhan,12,2025-11-23,2025-11,0,9,3
8694,nbolkis,1,2025-11-23,2025-11,1,0,0
8695,abarkod,3,2025-11-23,2025-11,0,3,0
8696,kcakir,4,2025-11-23,2025-11,4,0,0
8697,mkorucu,6,2025-11-23,2025-11,6,0,0
8698,dnoic,70,2025-11-23,2025-11,67,2,1
8699,TIRMAK,2,2025-11-23,2025-11,1,1,0
8700,BSOGUT,1,2025-11-24,2025-11,1,0,0
8701,gakca,10,2025-11-24,2025-11,2,8,0
8702,ubasdas,2,2025-11-24,2025-11,0,2,0
8703,dayakta,4,2025-11-24,2025-11,4,0,0
8704,aapak,27,2025-11-24,2025-11,18,9,0
8705,udalyan,3,2025-11-24,2025-11,1,1,1
8706,mecigdem,2,2025-11-24,2025-11,0,2,0
8707,fgulsever,52,2025-11-24,2025-11,0,52,0
8708,mkarsiv,3,2025-11-24,2025-11,3,0,0
8709,pstjbmetiner,2,2025-11-24,2025-11,2,0,0
8710,ierdil,9,2025-11-24,2025-11,4,5,0
8711,aildeniz,4,2025-11-24,2025-11,2,2,0
8712,gekim,73,2025-11-24,2025-11,0,73,0
8713,egonce,21,2025-11-24,2025-11,15,6,0
8714,hakdemir,12,2025-11-24,2025-11,10,2,0
8715,uunver,12,2025-11-24,2025-11,12,0,0
8716,mmollaoglu,1,2025-11-24,2025-11,1,0,0
8717,dcolor,37,2025-11-24,2025-11,0,37,0
8718,mguder,2,2025-11-24,2025-11,2,0,0
8719,SUYILMAZ,3,2025-11-24,2025-11,3,0,0
8720,nakilli,1,2025-11-24,2025-11,1,0,0
8721,amasun,10,2025-11-24,2025-11,0,10,0
8722,aozbal,1,2025-11-24,2025-11,1,0,0
8723,akamera,62,2025-11-24,2025-11,2,60,0
8724,ngogce,12,2025-11-24,2025-11,12,0,0
8725,abarkod,1,2025-11-24,2025-11,0,1,0
8726,edemirbas,4,2025-11-24,2025-11,0,2,2
8727,ntanriverdi,9,2025-11-24,2025-11,8,1,0
8728,mkarabiyik,2,2025-11-24,2025-11,0,2,0
8729,obali,15,2025-11-24,2025-11,1,0,14
8730,MMUTLU,4,2025-11-24,2025-11,0,4,0
8731,tcapkin,5,2025-11-24,2025-11,5,0,0
8732,ggirgin,23,2025-11-24,2025-11,21,2,0
8733,tevirgen,64,2025-11-24,2025-11,5,46,13
8734,gayilmaz,5,2025-11-24,2025-11,5,0,0
8735,ogungor,10,2025-11-24,2025-11,5,5,0
8736,TIRMAK,2,2025-11-24,2025-11,2,0,0
8737,okanat,2,2025-11-24,2025-11,0,2,0
8738,gcevik,5,2025-11-24,2025-11,5,0,0
8739,dnoic,51,2025-11-24,2025-11,51,0,0
8740,fimetin,1,2025-11-24,2025-11,0,1,0
8741,ebalaban,12,2025-11-24,2025-11,12,0,0
8742,ytinmaz,1,2025-11-25,2025-11,1,0,0
8743,ierdil,11,2025-11-25,2025-11,2,9,0
8744,pstjbmetiner,25,2025-11-25,2025-11,22,3,0
8745,fgulsever,34,2025-11-25,2025-11,2,32,0
8746,aapak,23,2025-11-25,2025-11,0,23,0
8747,mecigdem,4,2025-11-25,2025-11,0,4,0
8748,udalyan,10,2025-11-25,2025-11,5,5,0
8749,acelebi,9,2025-11-25,2025-11,8,1,0
8750,BSOGUT,4,2025-11-25,2025-11,2,0,2
8751,sekisa,1,2025-11-25,2025-11,0,0,1
8752,VBAYANER,5,2025-11-25,2025-11,5,0,0
8753,hakdemir,3,2025-11-25,2025-11,1,2,0
8754,uunver,11,2025-11-25,2025-11,6,5,0
8755,mbayirli,2,2025-11-25,2025-11,2,0,0
8756,msevim,2,2025-11-25,2025-11,2,0,0
8757,eozkan,30,2025-11-25,2025-11,30,0,0
8758,dcolor,94,2025-11-25,2025-11,0,94,0
8759,hbulut,28,2025-11-25,2025-11,26,2,0
8760,bfirat,17,2025-11-25,2025-11,13,4,0
8761,gakca,1,2025-11-25,2025-11,1,0,0
8762,egonce,11,2025-11-25,2025-11,7,4,0
8763,fyakut,3,2025-11-25,2025-11,3,0,0
8764,caozturk,52,2025-11-25,2025-11,41,11,0
8765,gekim,75,2025-11-25,2025-11,0,75,0
8766,abarkod,3,2025-11-25,2025-11,0,3,0
8767,vgemici,1,2025-11-25,2025-11,1,0,0
8768,tcapkin,2,2025-11-25,2025-11,2,0,0
8769,nkorkmaz,10,2025-11-25,2025-11,3,1,6
8770,obali,6,2025-11-25,2025-11,4,0,2
8771,fimetin,4,2025-11-25,2025-11,1,3,0
8772,ggirgin,2,2025-11-25,2025-11,1,1,0
8773,mertan,1,2025-11-25,2025-11,0,1,0
8774,ayyilmaz,14,2025-11-25,2025-11,14,0,0
8775,akamera,15,2025-11-25,2025-11,0,15,0
8776,uyigit,45,2025-11-25,2025-11,45,0,0
8777,ogungor,5,2025-11-25,2025-11,4,1,0
8778,mkorucu,5,2025-11-25,2025-11,5,0,0
8779,dnoic,37,2025-11-25,2025-11,33,3,1
8780,sfirinci,2,2025-11-25,2025-11,0,2,0
8781,ebalaban,2,2025-11-25,2025-11,2,0,0
8782,amasun,30,2025-11-25,2025-11,4,26,0
8783,cozkan,2,2025-11-25,2025-11,2,0,0
8784,cisahin,37,2025-11-25,2025-11,1,36,0
8785,tevirgen,108,2025-11-25,2025-11,40,47,21
8786,ierdil,11,2025-11-26,2025-11,6,5,0
8787,pstjbmetiner,23,2025-11-26,2025-11,23,0,0
8788,fgulsever,11,2025-11-26,2025-11,0,11,0
8789,ubasdas,7,2025-11-26,2025-11,4,3,0
8790,udalyan,11,2025-11-26,2025-11,6,5,0
8791,aapak,34,2025-11-26,2025-11,0,34,0
8792,stjegitim,1,2025-11-26,2025-11,0,0,1
8793,mecigdem,2,2025-11-26,2025-11,0,2,0
8794,cyildiz,2,2025-11-26,2025-11,1,1,0
8795,eozkan,6,2025-11-26,2025-11,4,2,0
8796,egonce,13,2025-11-26,2025-11,5,8,0
8797,hakdemir,8,2025-11-26,2025-11,2,6,0
8798,sapra,11,2025-11-26,2025-11,11,0,0
8799,dcolor,81,2025-11-26,2025-11,0,81,0
8800,hbulut,1,2025-11-26,2025-11,1,0,0
8801,bfirat,3,2025-11-26,2025-11,0,3,0
8802,VBAYANER,1,2025-11-26,2025-11,1,0,0
8803,gakca,4,2025-11-26,2025-11,1,3,0
8804,mkarsiv,1,2025-11-26,2025-11,1,0,0
8805,fyakut,8,2025-11-26,2025-11,6,2,0
8806,gbakanoglu,57,2025-11-26,2025-11,57,0,0
8807,akamera,7,2025-11-26,2025-11,0,7,0
8808,gekim,92,2025-11-26,2025-11,0,92,0
8809,abarkod,1,2025-11-26,2025-11,0,1,0
8810,vgemici,2,2025-11-26,2025-11,2,0,0
8811,ntanriverdi,1,2025-11-26,2025-11,0,1,0
8812,bkibar,1,2025-11-26,2025-11,0,1,0
8813,fbasak,2,2025-11-26,2025-11,2,0,0
8814,obali,12,2025-11-26,2025-11,3,8,1
8815,fimetin,19,2025-11-26,2025-11,0,19,0
8816,nkorkmaz,2,2025-11-26,2025-11,0,2,0
8817,ekaradavut,2,2025-11-26,2025-11,0,2,0
8818,ggirgin,18,2025-11-26,2025-11,16,2,0
8819,ebalaban,6,2025-11-26,2025-11,6,0,0
8820,dnoic,77,2025-11-26,2025-11,76,0,1
8821,mkorucu,1,2025-11-26,2025-11,1,0,0
8822,amasun,52,2025-11-26,2025-11,0,52,0
8823,tevirgen,33,2025-11-26,2025-11,8,6,19
8824,mertan,3,2025-11-26,2025-11,3,0,0
8825,TIRMAK,40,2025-11-26,2025-11,33,7,0
8826,mguder,1,2025-11-27,2025-11,1,0,0
8827,gakca,5,2025-11-27,2025-11,2,3,0
8828,oguler,5,2025-11-27,2025-11,5,0,0
8829,aapak,65,2025-11-27,2025-11,0,65,0
8830,mecigdem,5,2025-11-27,2025-11,0,5,0
8831,hakand,2,2025-11-27,2025-11,2,0,0
8832,fgulsever,5,2025-11-27,2025-11,0,5,0
8833,ierdil,7,2025-11-27,2025-11,2,5,0
8834,adogan,13,2025-11-27,2025-11,13,0,0
8835,egonce,26,2025-11-27,2025-11,24,2,0
8836,hakdemir,9,2025-11-27,2025-11,6,3,0
8837,eozkan,3,2025-11-27,2025-11,1,2,0
8838,dcolor,86,2025-11-27,2025-11,0,86,0
8839,sutetik,4,2025-11-27,2025-11,4,0,0
8840,hbulut,40,2025-11-27,2025-11,40,0,0
8841,bfirat,10,2025-11-27,2025-11,10,0,0
8842,VBAYANER,4,2025-11-27,2025-11,4,0,0
8843,mkarsiv,1,2025-11-27,2025-11,1,0,0
8844,gekim,24,2025-11-27,2025-11,0,24,0
8845,eulsever,8,2025-11-27,2025-11,0,8,0
8846,amasun,42,2025-11-27,2025-11,0,42,0
8847,akamera,3,2025-11-27,2025-11,0,3,0
8848,ekaragoz,2,2025-11-27,2025-11,2,0,0
8849,vgemici,2,2025-11-27,2025-11,2,0,0
8850,tcapkin,5,2025-11-27,2025-11,2,3,0
8851,ntanriverdi,2,2025-11-27,2025-11,2,0,0
8852,aayhan,9,2025-11-27,2025-11,2,0,7
8853,obali,1,2025-11-27,2025-11,0,1,0
8854,MMUTLU,10,2025-11-27,2025-11,7,2,1
8855,abarkod,36,2025-11-27,2025-11,0,36,0
8856,ggirgin,21,2025-11-27,2025-11,15,6,0
8857,tevirgen,34,2025-11-27,2025-11,11,17,6
8858,ogungor,1,2025-11-27,2025-11,1,0,0
8859,TIRMAK,28,2025-11-27,2025-11,9,19,0
8860,oicoz,3,2025-11-27,2025-11,3,0,0
8861,dnoic,36,2025-11-27,2025-11,36,0,0
8862,ebalaban,17,2025-11-27,2025-11,17,0,0
8863,fimetin,2,2025-11-27,2025-11,1,1,0
8864,mecigdem,9,2025-11-28,2025-11,0,9,0
8865,hakand,33,2025-11-28,2025-11,11,0,22
8866,BSOGUT,30,2025-11-28,2025-11,0,30,0
8867,ierdil,5,2025-11-28,2025-11,0,5,0
8868,mguray,3,2025-11-28,2025-11,3,0,0
8869,acelebi,2,2025-11-28,2025-11,2,0,0
8870,eozkan,4,2025-11-28,2025-11,4,0,0
8871,uunver,88,2025-11-28,2025-11,64,24,0
8872,mmollaoglu,27,2025-11-28,2025-11,0,0,27
8873,dcolor,103,2025-11-28,2025-11,0,103,0
8874,sutetik,4,2025-11-28,2025-11,4,0,0
8875,hbulut,1,2025-11-28,2025-11,1,0,0
8876,bfirat,23,2025-11-28,2025-11,22,1,0
8877,hakdemir,3,2025-11-28,2025-11,0,3,0
8878,udalyan,3,2025-11-28,2025-11,3,0,0
8879,gakca,5,2025-11-28,2025-11,3,2,0
8880,oguler,10,2025-11-28,2025-11,10,0,0
8881,mceylan,8,2025-11-28,2025-11,8,0,0
8882,akamera,58,2025-11-28,2025-11,0,58,0
8883,vgemici,2,2025-11-28,2025-11,1,1,0
8884,fimetin,4,2025-11-28,2025-11,0,4,0
8885,ggirgin,40,2025-11-28,2025-11,20,4,16
8886,ayyilmaz,9,2025-11-28,2025-11,5,4,0
8887,obali,10,2025-11-28,2025-11,7,0,3
8888,gayilmaz,1,2025-11-28,2025-11,1,0,0
8889,ogungor,10,2025-11-28,2025-11,1,9,0
8890,okanat,1,2025-11-28,2025-11,1,0,0
8891,oicoz,1,2025-11-28,2025-11,0,1,0
8892,ebalaban,26,2025-11-28,2025-11,26,0,0
8893,amasun,4,2025-11-28,2025-11,0,4,0
8894,tevirgen,12,2025-11-28,2025-11,5,6,1
8895,ebalaban,32,2025-11-29,2025-11,32,0,0
8896,mecigdem,2,2025-11-29,2025-11,0,2,0
8897,kbtlideri,1,2025-11-29,2025-11,1,0,0
8898,hakdemir,2,2025-11-29,2025-11,2,0,0
8899,hbinay,16,2025-11-29,2025-11,16,0,0
8900,dcolor,97,2025-11-29,2025-11,0,97,0
8901,BSOGUT,36,2025-11-30,2025-11,0,0,36
8902,aapak,43,2025-11-30,2025-11,0,43,0
8903,fgulsever,64,2025-11-30,2025-11,0,64,0
8904,dayakta,1,2025-11-30,2025-11,1,0,0
8905,fcolak,22,2025-11-30,2025-11,6,16,0
8906,egonce,71,2025-11-30,2025-11,55,16,0
8907,dcolor,6,2025-11-30,2025-11,0,6,0
8908,ierdil,10,2025-11-30,2025-11,5,5,0
8909,mceylan,5,2025-11-30,2025-11,4,1,0
8910,mkofis,3,2025-11-30,2025-11,3,0,0
8911,gekim,120,2025-11-30,2025-11,20,100,0
8912,dnoic,38,2025-11-30,2025-11,21,17,0
8913,gcevik,4,2025-11-30,2025-11,4,0,0
8914,TIRMAK,35,2025-11-30,2025-11,29,0,6
8915,ubasdas,1,2025-11-30,2025-11,1,0,0
8916,fbasak,16,2025-11-30,2025-11,16,0,0
8917,tcapkin,20,2025-11-30,2025-11,10,10,0
8918,dustasi,9,2025-11-30,2025-11,9,0,0
8919,abarkod,5,2025-11-30,2025-11,0,5,0
8920,pstjbmetiner,4,2025-12-01,2025-12,4,0,0
8921,mguder,28,2025-12-01,2025-12,28,0,0
8922,gsapmaz,6,2025-12-01,2025-12,5,1,0
8923,fgulsever,37,2025-12-01,2025-12,0,37,0
8924,dayakta,4,2025-12-01,2025-12,1,3,0
8925,hakand,3,2025-12-01,2025-12,3,0,0
8926,udalyan,14,2025-12-01,2025-12,8,6,0
8927,aapak,37,2025-12-01,2025-12,12,25,0
8928,ierdil,12,2025-12-01,2025-12,5,7,0
8929,okelepe,3,2025-12-01,2025-12,0,3,0
8930,eyuksel,26,2025-12-01,2025-12,24,2,0
8931,hakdemir,3,2025-12-01,2025-12,2,1,0
8932,mkarsiv,1,2025-12-01,2025-12,1,0,0
8933,egonce,32,2025-12-01,2025-12,12,20,0
8934,ubasdas,1,2025-12-01,2025-12,1,0,0
8935,eozkan,1,2025-12-01,2025-12,0,1,0
8936,akocak,3,2025-12-01,2025-12,3,0,0
8937,dcolor,56,2025-12-01,2025-12,0,56,0
8938,ersener,33,2025-12-01,2025-12,32,1,0
8939,hbulut,54,2025-12-01,2025-12,54,0,0
8940,bfirat,4,2025-12-01,2025-12,4,0,0
8941,bunver,1,2025-12-01,2025-12,1,0,0
8942,aakyildiz,4,2025-12-01,2025-12,4,0,0
8943,gakca,6,2025-12-01,2025-12,2,4,0
8944,BSOGUT,23,2025-12-01,2025-12,3,2,18
8945,cisahin,2,2025-12-01,2025-12,0,2,0
8946,akamera,14,2025-12-01,2025-12,0,14,0
8947,gekim,26,2025-12-01,2025-12,0,26,0
8948,abarkod,1,2025-12-01,2025-12,0,1,0
8949,ntanriverdi,19,2025-12-01,2025-12,15,4,0
8950,asablon,25,2025-12-01,2025-12,25,0,0
8951,nkorkmaz,7,2025-12-01,2025-12,4,2,1
8952,cer,18,2025-12-01,2025-12,18,0,0
8953,aayhan,4,2025-12-01,2025-12,1,2,1
8954,mkarabiyik,1,2025-12-01,2025-12,0,1,0
8955,obali,21,2025-12-01,2025-12,9,12,0
8956,MMUTLU,2,2025-12-01,2025-12,0,2,0
8957,fimetin,149,2025-12-01,2025-12,17,132,0
8958,ngogce,14,2025-12-01,2025-12,2,12,0
8959,ggirgin,36,2025-12-01,2025-12,34,2,0
8960,alofca,1,2025-12-01,2025-12,0,1,0
8961,eanli,24,2025-12-01,2025-12,18,6,0
8962,ekaragoz,7,2025-12-01,2025-12,1,6,0
8963,amasun,7,2025-12-01,2025-12,0,7,0
8964,ebalaban,125,2025-12-01,2025-12,125,0,0
8965,gbakanoglu,1,2025-12-01,2025-12,0,1,0
8966,caozturk,2,2025-12-01,2025-12,2,0,0
8967,klaboratuar,1,2025-12-01,2025-12,0,1,0
8968,tevirgen,58,2025-12-01,2025-12,5,34,19
8969,ayyilmaz,25,2025-12-01,2025-12,0,25,0
8970,ebadem,15,2025-12-02,2025-12,15,0,0
8971,udalyan,8,2025-12-02,2025-12,5,3,0
8972,fgulsever,53,2025-12-02,2025-12,0,53,0
8973,baozturk,5,2025-12-02,2025-12,5,0,0
8974,mguder,5,2025-12-02,2025-12,5,0,0
8975,pstjbmetiner,2,2025-12-02,2025-12,2,0,0
8976,ierdil,12,2025-12-02,2025-12,1,11,0
8977,mguray,10,2025-12-02,2025-12,10,0,0
8978,aapak,18,2025-12-02,2025-12,0,18,0
8979,rkontrol,5,2025-12-02,2025-12,5,0,0
8980,hbinay,47,2025-12-02,2025-12,45,2,0
8981,egonce,30,2025-12-02,2025-12,24,6,0
8982,bunver,10,2025-12-02,2025-12,8,2,0
8983,hakdemir,8,2025-12-02,2025-12,6,2,0
8984,mbayirli,20,2025-12-02,2025-12,20,0,0
8985,mmollaoglu,1,2025-12-02,2025-12,1,0,0
8986,eozkan,6,2025-12-02,2025-12,6,0,0
8987,dcolor,103,2025-12-02,2025-12,0,103,0
8988,hbulut,15,2025-12-02,2025-12,15,0,0
8989,bfirat,8,2025-12-02,2025-12,8,0,0
8990,ubasdas,24,2025-12-02,2025-12,24,0,0
8991,fcolak,6,2025-12-02,2025-12,6,0,0
8992,gakca,3,2025-12-02,2025-12,1,2,0
8993,sucakir,25,2025-12-02,2025-12,4,21,0
8994,bsakrak,1,2025-12-02,2025-12,1,0,0
8995,fyakut,3,2025-12-02,2025-12,2,1,0
8996,akamera,9,2025-12-02,2025-12,0,9,0
8997,ngogce,371,2025-12-02,2025-12,352,19,0
8998,abarkod,3,2025-12-02,2025-12,0,3,0
8999,ttlideri,10,2025-12-02,2025-12,10,0,0
9000,fbasak,2,2025-12-02,2025-12,2,0,0
9001,aayhan,3,2025-12-02,2025-12,3,0,0
9002,fimetin,50,2025-12-02,2025-12,46,4,0
9003,gkenarli,5,2025-12-02,2025-12,5,0,0
9004,ggirgin,78,2025-12-02,2025-12,46,32,0
9005,ntanriverdi,4,2025-12-02,2025-12,4,0,0
9006,ayyilmaz,1,2025-12-02,2025-12,1,0,0
9007,tevirgen,3,2025-12-02,2025-12,1,2,0
9008,eulsever,4,2025-12-02,2025-12,0,4,0
9009,ogungor,6,2025-12-02,2025-12,6,0,0
9010,dnoic,149,2025-12-02,2025-12,77,0,72
9011,caozturk,4,2025-12-02,2025-12,3,1,0
9012,ebalaban,17,2025-12-02,2025-12,17,0,0
9013,amasun,4,2025-12-02,2025-12,0,4,0
9014,ekaragoz,1,2025-12-02,2025-12,0,1,0
9015,mertan,1,2025-12-02,2025-12,1,0,0
9016,gekim,51,2025-12-02,2025-12,0,51,0
9017,pstjbmetiner,3,2025-12-03,2025-12,3,0,0
9018,zyuksel,30,2025-12-03,2025-12,30,0,0
9019,fgulsever,62,2025-12-03,2025-12,0,62,0
9020,BSOGUT,29,2025-12-03,2025-12,12,17,0
9021,udalyan,4,2025-12-03,2025-12,4,0,0
9022,ESERT,2,2025-12-03,2025-12,2,0,0
9023,dayakta,73,2025-12-03,2025-12,73,0,0
9024,ubasdas,2,2025-12-03,2025-12,2,0,0
9025,gakca,7,2025-12-03,2025-12,0,7,0
9026,fyakut,1,2025-12-03,2025-12,1,0,0
9027,ierdil,11,2025-12-03,2025-12,0,11,0
9028,aapak,7,2025-12-03,2025-12,0,7,0
9029,mguray,8,2025-12-03,2025-12,8,0,0
9030,ersener,3,2025-12-03,2025-12,3,0,0
9031,aildeniz,2,2025-12-03,2025-12,2,0,0
9032,stjegitim,17,2025-12-03,2025-12,0,0,17
9033,aakyildiz,1,2025-12-03,2025-12,1,0,0
9034,fcolak,7,2025-12-03,2025-12,7,0,0
9035,mkarsiv,1,2025-12-03,2025-12,1,0,0
9036,egonce,43,2025-12-03,2025-12,11,32,0
9037,hakdemir,17,2025-12-03,2025-12,1,16,0
9038,msevim,7,2025-12-03,2025-12,3,4,0
9039,dcolor,80,2025-12-03,2025-12,0,80,0
9040,sutetik,2,2025-12-03,2025-12,2,0,0
9041,hbulut,6,2025-12-03,2025-12,3,3,0
9042,VBAYANER,2,2025-12-03,2025-12,2,0,0
9043,adogan,2,2025-12-03,2025-12,0,0,2
9044,nsevkiyat,27,2025-12-03,2025-12,27,0,0
9045,sfirinci,7,2025-12-03,2025-12,7,0,0
9046,nibolkis,25,2025-12-03,2025-12,25,0,0
9047,gekim,69,2025-12-03,2025-12,0,69,0
9048,akamera,3,2025-12-03,2025-12,0,3,0
9049,edemirbas,2,2025-12-03,2025-12,1,0,1
9050,ntanriverdi,2,2025-12-03,2025-12,2,0,0
9051,bkibar,1,2025-12-03,2025-12,0,1,0
9052,fbasak,24,2025-12-03,2025-12,24,0,0
9053,mkarabiyik,4,2025-12-03,2025-12,1,3,0
9054,MMUTLU,320,2025-12-03,2025-12,160,160,0
9055,fimetin,13,2025-12-03,2025-12,4,9,0
9056,sucakir,2,2025-12-03,2025-12,2,0,0
9057,alofca,2,2025-12-03,2025-12,0,2,0
9058,ggirgin,4,2025-12-03,2025-12,0,0,4
9059,ekaradavut,3,2025-12-03,2025-12,3,0,0
9060,mertan,104,2025-12-03,2025-12,0,104,0
9061,abarkod,2,2025-12-03,2025-12,0,2,0
9062,eulsever,4,2025-12-03,2025-12,0,4,0
9063,SUYILMAZ,1,2025-12-03,2025-12,1,0,0
9064,eanli,21,2025-12-03,2025-12,0,21,0
9065,ekaragoz,24,2025-12-03,2025-12,15,5,4
9066,tevirgen,24,2025-12-03,2025-12,6,18,0
9067,ebalaban,25,2025-12-03,2025-12,25,0,0
9068,amasun,6,2025-12-03,2025-12,0,6,0
9069,mkorucu,18,2025-12-03,2025-12,1,17,0
9070,kkaplan,3,2025-12-03,2025-12,0,3,0
9071,iunlu,1,2025-12-03,2025-12,1,0,0
9072,ogungor,10,2025-12-03,2025-12,10,0,0
9073,gayilmaz,1,2025-12-03,2025-12,1,0,0
9074,gcevik,2,2025-12-03,2025-12,2,0,0
9075,pstjbmetiner,1,2025-12-04,2025-12,1,0,0
9076,zyuksel,1,2025-12-04,2025-12,1,0,0
9077,mguder,5,2025-12-04,2025-12,5,0,0
9078,gsapmaz,6,2025-12-04,2025-12,6,0,0
9079,nakilli,3,2025-12-04,2025-12,0,3,0
9080,hakand,7,2025-12-04,2025-12,0,7,0
9081,udalyan,20,2025-12-04,2025-12,11,9,0
9082,aapak,6,2025-12-04,2025-12,0,6,0
9083,ierdil,11,2025-12-04,2025-12,2,9,0
9084,fgulsever,20,2025-12-04,2025-12,0,20,0
9085,mguray,6,2025-12-04,2025-12,6,0,0
9086,gbalvan,26,2025-12-04,2025-12,4,22,0
9087,fcolak,1,2025-12-04,2025-12,1,0,0
9088,egonce,16,2025-12-04,2025-12,8,8,0
9089,hakdemir,6,2025-12-04,2025-12,6,0,0
9090,msevim,13,2025-12-04,2025-12,7,6,0
9091,sapra,8,2025-12-04,2025-12,7,1,0
9092,dcolor,82,2025-12-04,2025-12,0,82,0
9093,sutetik,23,2025-12-04,2025-12,9,14,0
9094,ersener,21,2025-12-04,2025-12,21,0,0
9095,bfirat,14,2025-12-04,2025-12,13,1,0
9096,bunver,8,2025-12-04,2025-12,8,0,0
9097,iunlu,1,2025-12-04,2025-12,0,1,0
9098,aildeniz,3,2025-12-04,2025-12,3,0,0
9099,gekim,22,2025-12-04,2025-12,0,22,0
9100,hbulut,3,2025-12-04,2025-12,1,2,0
9101,fbalaban,20,2025-12-04,2025-12,0,20,0
9102,gbakanoglu,2,2025-12-04,2025-12,0,2,0
9103,akamera,5,2025-12-04,2025-12,0,5,0
9104,abarkod,3,2025-12-04,2025-12,0,3,0
9105,ttlideri,35,2025-12-04,2025-12,33,2,0
9106,vgemici,1,2025-12-04,2025-12,1,0,0
9107,ntanriverdi,1,2025-12-04,2025-12,0,1,0
9108,aayhan,1,2025-12-04,2025-12,1,0,0
9109,mkofis,3,2025-12-04,2025-12,3,0,0
9110,obali,3,2025-12-04,2025-12,0,3,0
9111,MMUTLU,4,2025-12-04,2025-12,2,2,0
9112,fimetin,12,2025-12-04,2025-12,12,0,0
9113,fbasak,20,2025-12-04,2025-12,20,0,0
9114,ekaradavut,8,2025-12-04,2025-12,8,0,0
9115,zkurt,6,2025-12-04,2025-12,2,4,0
9116,ggirgin,15,2025-12-04,2025-12,14,1,0
9117,ebalaban,6,2025-12-04,2025-12,6,0,0
9118,caozturk,5,2025-12-04,2025-12,5,0,0
9119,dnoic,8,2025-12-04,2025-12,6,1,1
9120,amasun,4,2025-12-04,2025-12,0,4,0
9121,klaboratuar,1,2025-12-04,2025-12,1,0,0
9122,ogungor,1,2025-12-04,2025-12,1,0,0
9123,tevirgen,29,2025-12-04,2025-12,18,10,1
9124,mertan,3,2025-12-04,2025-12,0,3,0
9125,oicoz,1,2025-12-04,2025-12,1,0,0
9126,mguder,11,2025-12-05,2025-12,11,0,0
9127,mguray,11,2025-12-05,2025-12,11,0,0
9128,kbtlideri,2,2025-12-05,2025-12,2,0,0
9129,mkarsiv,1,2025-12-05,2025-12,1,0,0
9130,hakdemir,32,2025-12-05,2025-12,29,3,0
9131,gbalvan,12,2025-12-05,2025-12,0,12,0
9132,msevim,32,2025-12-05,2025-12,16,16,0
9133,dcolor,90,2025-12-05,2025-12,0,90,0
9134,ekoksal,1,2025-12-05,2025-12,0,1,0
9135,bfirat,23,2025-12-05,2025-12,23,0,0
9136,uunver,106,2025-12-05,2025-12,67,39,0
9137,carican,6,2025-12-05,2025-12,6,0,0
9138,sutetik,11,2025-12-05,2025-12,0,11,0
9139,udalyan,10,2025-12-05,2025-12,6,4,0
9140,hakand,4,2025-12-05,2025-12,3,1,0
9141,vgemici,1,2025-12-05,2025-12,1,0,0
9142,MMUTLU,21,2025-12-05,2025-12,18,0,3
9143,ggirgin,96,2025-12-05,2025-12,50,46,0
9144,ayyilmaz,2,2025-12-05,2025-12,2,0,0
9145,akamera,4,2025-12-05,2025-12,0,4,0
9146,gayilmaz,33,2025-12-05,2025-12,33,0,0
9147,klaboratuar,1,2025-12-05,2025-12,0,1,0
9148,ebalaban,9,2025-12-05,2025-12,9,0,0
9149,amasun,2,2025-12-05,2025-12,2,0,0
9150,gakca,1,2025-12-05,2025-12,0,1,0
9151,tevirgen,27,2025-12-05,2025-12,12,9,6
9152,mecigdem,5,2025-12-06,2025-12,0,5,0
9153,dcolor,57,2025-12-06,2025-12,0,57,0
9154,ebalaban,8,2025-12-06,2025-12,8,0,0
9155,akapucu,9,2025-12-07,2025-12,9,0,0
9156,dcolor,7,2025-12-07,2025-12,0,7,0
9157,nsevkiyat,3,2025-12-07,2025-12,3,0,0
9158,mkarsiv,3,2025-12-07,2025-12,3,0,0
9159,fcolak,8,2025-12-07,2025-12,6,2,0
9160,aakyildiz,2,2025-12-07,2025-12,2,0,0
9161,cyildiz,1,2025-12-07,2025-12,1,0,0
9162,ierdil,33,2025-12-07,2025-12,23,10,0
9163,egonce,84,2025-12-07,2025-12,71,13,0
9164,aapak,83,2025-12-07,2025-12,12,71,0
9165,gekim,77,2025-12-07,2025-12,0,77,0
9166,ekaragoz,1,2025-12-07,2025-12,1,0,0
9167,TIRMAK,16,2025-12-07,2025-12,16,0,0
9168,ogun,3,2025-12-07,2025-12,3,0,0
9169,edemirbas,1,2025-12-07,2025-12,0,1,0
9170,abarkod,4,2025-12-07,2025-12,0,4,0
9171,fgulsever,26,2025-12-07,2025-12,0,26,0
9172,ierdil,12,2025-12-08,2025-12,3,9,0
9173,pstjbmetiner,1,2025-12-08,2025-12,1,0,0
9174,sakgumus,3,2025-12-08,2025-12,0,3,0
9175,zyuksel,1,2025-12-08,2025-12,1,0,0
9176,mguder,8,2025-12-08,2025-12,2,6,0
9177,hakand,25,2025-12-08,2025-12,24,1,0
9178,fgulsever,15,2025-12-08,2025-12,0,15,0
9179,aildeniz,1,2025-12-08,2025-12,1,0,0
9180,mecigdem,2,2025-12-08,2025-12,0,2,0
9181,udalyan,10,2025-12-08,2025-12,4,3,3
9182,aapak,8,2025-12-08,2025-12,4,4,0
9183,gsapmaz,12,2025-12-08,2025-12,12,0,0
9184,eyuksel,2,2025-12-08,2025-12,2,0,0
9185,egonce,12,2025-12-08,2025-12,8,4,0
9186,fcolak,13,2025-12-08,2025-12,3,10,0
9187,mkarsiv,3,2025-12-08,2025-12,3,0,0
9188,hakdemir,25,2025-12-08,2025-12,21,4,0
9189,mbayirli,1,2025-12-08,2025-12,1,0,0
9190,msevim,41,2025-12-08,2025-12,18,23,0
9191,gbalvan,5,2025-12-08,2025-12,0,5,0
9192,bfirat,7,2025-12-08,2025-12,7,0,0
9193,dcolor,39,2025-12-08,2025-12,0,39,0
9194,sutetik,13,2025-12-08,2025-12,1,12,0
9195,hbulut,30,2025-12-08,2025-12,29,1,0
9196,akapucu,9,2025-12-08,2025-12,9,0,0
9197,nakilli,1,2025-12-08,2025-12,1,0,0
9198,cyildiz,2,2025-12-08,2025-12,2,0,0
9199,dayakta,19,2025-12-08,2025-12,1,18,0
9200,ntanriverdi,3,2025-12-08,2025-12,1,2,0
9201,ESERT,1,2025-12-08,2025-12,1,0,0
9202,gakca,1,2025-12-08,2025-12,0,1,0
9203,akamera,24,2025-12-08,2025-12,0,24,0
9204,abarkod,1,2025-12-08,2025-12,0,1,0
9205,tcapkin,1,2025-12-08,2025-12,0,1,0
9206,oyurtsever,66,2025-12-08,2025-12,0,66,0
9207,nkorkmaz,9,2025-12-08,2025-12,6,3,0
9208,fbasak,5,2025-12-08,2025-12,5,0,0
9209,aayhan,19,2025-12-08,2025-12,13,6,0
9210,MMUTLU,2,2025-12-08,2025-12,0,2,0
9211,ggirgin,63,2025-12-08,2025-12,63,0,0
9212,ekaradavut,5,2025-12-08,2025-12,5,0,0
9213,ayyilmaz,141,2025-12-08,2025-12,9,132,0
9214,cer,2,2025-12-08,2025-12,2,0,0
9215,ddtlideri,14,2025-12-08,2025-12,13,1,0
9216,tevirgen,39,2025-12-08,2025-12,13,5,21
9217,gekim,38,2025-12-08,2025-12,0,38,0
9218,eanli,2,2025-12-08,2025-12,2,0,0
9219,ekaragoz,2,2025-12-08,2025-12,2,0,0
9220,ebalaban,8,2025-12-08,2025-12,8,0,0
9221,dnoic,28,2025-12-08,2025-12,26,1,1
9222,iunlu,8,2025-12-08,2025-12,8,0,0
9223,oicoz,1,2025-12-08,2025-12,1,0,0
9224,okanat,1,2025-12-08,2025-12,1,0,0
9225,ogungor,4,2025-12-08,2025-12,4,0,0
9226,gayilmaz,4,2025-12-08,2025-12,4,0,0
9227,gcevik,13,2025-12-08,2025-12,13,0,0
9228,otanriverdi,36,2025-12-09,2025-12,36,0,0
9229,mguray,4,2025-12-09,2025-12,4,0,0
9230,ierdil,8,2025-12-09,2025-12,3,5,0
9231,mguder,17,2025-12-09,2025-12,9,8,0
9232,fgulsever,5,2025-12-09,2025-12,0,5,0
9233,mecigdem,2,2025-12-09,2025-12,0,2,0
9234,hakand,7,2025-12-09,2025-12,2,5,0
9235,udalyan,7,2025-12-09,2025-12,1,6,0
9236,dayakta,27,2025-12-09,2025-12,27,0,0
9237,gakca,3,2025-12-09,2025-12,0,3,0
9238,okelepe,9,2025-12-09,2025-12,2,7,0
9239,aildeniz,6,2025-12-09,2025-12,6,0,0
9240,bunver,5,2025-12-09,2025-12,0,5,0
9241,mkarsiv,1,2025-12-09,2025-12,1,0,0
9242,egonce,34,2025-12-09,2025-12,26,8,0
9243,hakdemir,3,2025-12-09,2025-12,1,2,0
9244,msevim,13,2025-12-09,2025-12,12,1,0
9245,eozkan,1,2025-12-09,2025-12,0,1,0
9246,gbalvan,6,2025-12-09,2025-12,0,6,0
9247,dcolor,90,2025-12-09,2025-12,0,90,0
9248,ekoksal,36,2025-12-09,2025-12,0,36,0
9249,sutetik,12,2025-12-09,2025-12,0,12,0
9250,hbulut,22,2025-12-09,2025-12,18,4,0
9251,bfirat,30,2025-12-09,2025-12,27,3,0
9252,VBAYANER,39,2025-12-09,2025-12,39,0,0
9253,rkontrol,1,2025-12-09,2025-12,1,0,0
9254,fyakut,4,2025-12-09,2025-12,4,0,0
9255,zkurt,2,2025-12-09,2025-12,2,0,0
9256,gekim,61,2025-12-09,2025-12,0,61,0
9257,saskin,3,2025-12-09,2025-12,3,0,0
9258,abarkod,3,2025-12-09,2025-12,0,3,0
9259,edemirbas,40,2025-12-09,2025-12,40,0,0
9260,vgemici,3,2025-12-09,2025-12,2,1,0
9261,tcapkin,3,2025-12-09,2025-12,0,3,0
9262,ntanriverdi,4,2025-12-09,2025-12,0,4,0
9263,cer,3,2025-12-09,2025-12,3,0,0
9264,aayhan,215,2025-12-09,2025-12,27,114,74
9265,mkarabiyik,1,2025-12-09,2025-12,0,1,0
9266,mkofis,6,2025-12-09,2025-12,3,3,0
9267,fimetin,56,2025-12-09,2025-12,46,10,0
9268,ggirgin,15,2025-12-09,2025-12,12,3,0
9269,akamera,5,2025-12-09,2025-12,0,5,0
9270,mertan,31,2025-12-09,2025-12,31,0,0
9271,ekaradavut,2,2025-12-09,2025-12,1,1,0
9272,ebalaban,9,2025-12-09,2025-12,9,0,0
9273,caozturk,10,2025-12-09,2025-12,10,0,0
9274,dnoic,31,2025-12-09,2025-12,2,28,1
9275,klaboratuar,4,2025-12-09,2025-12,1,3,0
9276,amasun,28,2025-12-09,2025-12,0,28,0
9277,gayilmaz,3,2025-12-09,2025-12,3,0,0
9278,ddtlideri,13,2025-12-09,2025-12,10,3,0
9279,eulsever,1,2025-12-09,2025-12,0,1,0
9280,tevirgen,55,2025-12-09,2025-12,5,38,12
9281,ayyilmaz,2,2025-12-09,2025-12,2,0,0
9282,ogungor,3,2025-12-09,2025-12,2,1,0
9283,ierdil,5,2025-12-10,2025-12,0,5,0
9284,pstjbmetiner,2,2025-12-10,2025-12,2,0,0
9285,zyuksel,25,2025-12-10,2025-12,25,0,0
9286,mguder,2,2025-12-10,2025-12,2,0,0
9287,BSOGUT,5,2025-12-10,2025-12,0,0,5
9288,hakand,4,2025-12-10,2025-12,2,2,0
9289,udalyan,3,2025-12-10,2025-12,3,0,0
9290,ubasdas,5,2025-12-10,2025-12,1,4,0
9291,stjegitim,210,2025-12-10,2025-12,70,140,0
9292,fgulsever,120,2025-12-10,2025-12,0,120,0
9293,fcolak,4,2025-12-10,2025-12,0,4,0
9294,gbalvan,13,2025-12-10,2025-12,1,12,0
9295,egonce,34,2025-12-10,2025-12,18,16,0
9296,hakdemir,1,2025-12-10,2025-12,0,1,0
9297,msevim,31,2025-12-10,2025-12,28,3,0
9298,eozkan,3,2025-12-10,2025-12,3,0,0
9299,dcolor,97,2025-12-10,2025-12,0,97,0
9300,sutetik,8,2025-12-10,2025-12,0,8,0
9301,hbulut,5,2025-12-10,2025-12,3,2,0
9302,bfirat,3,2025-12-10,2025-12,3,0,0
9303,bunver,18,2025-12-10,2025-12,8,10,0
9304,gakca,7,2025-12-10,2025-12,2,5,0
9305,mkarsiv,4,2025-12-10,2025-12,4,0,0
9306,fyakut,29,2025-12-10,2025-12,3,26,0
9307,gsapmaz,25,2025-12-10,2025-12,25,0,0
9308,SUYILMAZ,12,2025-12-10,2025-12,12,0,0
9309,akamera,7,2025-12-10,2025-12,0,7,0
9310,abarkod,6,2025-12-10,2025-12,0,6,0
9311,ntanriverdi,2,2025-12-10,2025-12,2,0,0
9312,nkorkmaz,1,2025-12-10,2025-12,1,0,0
9313,fbasak,1,2025-12-10,2025-12,1,0,0
9314,cer,1,2025-12-10,2025-12,1,0,0
9315,aayhan,3,2025-12-10,2025-12,3,0,0
9316,mkofis,6,2025-12-10,2025-12,6,0,0
9317,obali,1,2025-12-10,2025-12,0,0,1
9318,fimetin,16,2025-12-10,2025-12,16,0,0
9319,ggirgin,21,2025-12-10,2025-12,18,3,0
9320,vgemici,1,2025-12-10,2025-12,1,0,0
9321,mertan,27,2025-12-10,2025-12,12,15,0
9322,ekaradavut,6,2025-12-10,2025-12,6,0,0
9323,eanli,2,2025-12-10,2025-12,0,2,0
9324,ebalaban,9,2025-12-10,2025-12,9,0,0
9325,dnoic,3,2025-12-10,2025-12,3,0,0
9326,caki,1,2025-12-10,2025-12,1,0,0
9327,amasun,2,2025-12-10,2025-12,0,2,0
9328,gekim,40,2025-12-10,2025-12,0,40,0
9329,gayilmaz,1,2025-12-10,2025-12,1,0,0
9330,tevirgen,14,2025-12-10,2025-12,3,11,0
9331,ayyilmaz,6,2025-12-10,2025-12,5,1,0
9332,mkorucu,1,2025-12-10,2025-12,0,1,0
9333,aapak,34,2025-12-11,2025-12,0,34,0
9334,fcolak,5,2025-12-11,2025-12,5,0,0
9335,udalyan,83,2025-12-11,2025-12,8,3,72
9336,fgulsever,31,2025-12-11,2025-12,2,29,0
9337,zyuksel,102,2025-12-11,2025-12,102,0,0
9338,ierdil,6,2025-12-11,2025-12,1,5,0
9339,mguray,3,2025-12-11,2025-12,3,0,0
9340,ebekyel,4,2025-12-11,2025-12,2,2,0
9341,mkarsiv,5,2025-12-11,2025-12,5,0,0
9342,dcolor,78,2025-12-11,2025-12,0,78,0
9343,hakdemir,5,2025-12-11,2025-12,1,4,0
9344,msevim,45,2025-12-11,2025-12,25,20,0
9345,sapra,10,2025-12-11,2025-12,6,4,0
9346,gbalvan,37,2025-12-11,2025-12,2,35,0
9347,sutetik,9,2025-12-11,2025-12,0,9,0
9348,hbulut,16,2025-12-11,2025-12,14,2,0
9349,bfirat,5,2025-12-11,2025-12,5,0,0
9350,VBAYANER,14,2025-12-11,2025-12,0,14,0
9351,gakca,1,2025-12-11,2025-12,1,0,0
9352,egonce,20,2025-12-11,2025-12,15,5,0
9353,saskin,25,2025-12-11,2025-12,25,0,0
9354,amasun,9,2025-12-11,2025-12,0,9,0
9355,cisahin,16,2025-12-11,2025-12,4,4,8
9356,gekim,29,2025-12-11,2025-12,0,29,0
9357,ngogce,9,2025-12-11,2025-12,8,0,1
9358,abarkod,30,2025-12-11,2025-12,0,30,0
9359,vgemici,2,2025-12-11,2025-12,1,1,0
9360,ntanriverdi,8,2025-12-11,2025-12,8,0,0
9361,obali,27,2025-12-11,2025-12,14,13,0
9362,MMUTLU,7,2025-12-11,2025-12,1,4,2
9363,fimetin,38,2025-12-11,2025-12,20,18,0
9364,ggirgin,802,2025-12-11,2025-12,26,5,771
9365,akamera,1,2025-12-11,2025-12,0,1,0
9366,tevirgen,3,2025-12-11,2025-12,0,3,0
9367,mertan,2,2025-12-11,2025-12,2,0,0
9368,ebalaban,6,2025-12-11,2025-12,6,0,0
9369,klaboratuar,5,2025-12-11,2025-12,1,4,0
9370,gbakanoglu,2,2025-12-11,2025-12,0,2,0
9371,nibolkis,14,2025-12-11,2025-12,12,2,0
9372,uyigit,36,2025-12-11,2025-12,34,2,0
9373,gayilmaz,4,2025-12-11,2025-12,4,0,0
9374,TIRMAK,3,2025-12-11,2025-12,1,0,2
9375,gsapmaz,5,2025-12-12,2025-12,3,2,0
9376,mkarsiv,1,2025-12-12,2025-12,1,0,0
9377,pstjbmetiner,6,2025-12-12,2025-12,6,0,0
9378,ierdil,8,2025-12-12,2025-12,4,4,0
9379,mguray,5,2025-12-12,2025-12,5,0,0
9380,stjegitim,19,2025-12-12,2025-12,0,0,19
9381,eyuksel,4,2025-12-12,2025-12,0,4,0
9382,hakdemir,5,2025-12-12,2025-12,4,1,0
9383,ekoksal,2,2025-12-12,2025-12,2,0,0
9384,mmollaoglu,125,2025-12-12,2025-12,122,3,0
9385,gbalvan,8,2025-12-12,2025-12,1,7,0
9386,dcolor,81,2025-12-12,2025-12,0,81,0
9387,sutetik,9,2025-12-12,2025-12,0,9,0
9388,hbulut,9,2025-12-12,2025-12,9,0,0
9389,bfirat,7,2025-12-12,2025-12,7,0,0
9390,VBAYANER,16,2025-12-12,2025-12,16,0,0
9391,hakand,5,2025-12-12,2025-12,4,1,0
9392,msevim,10,2025-12-12,2025-12,6,4,0
9393,udalyan,21,2025-12-12,2025-12,0,1,20
9394,fimetin,28,2025-12-12,2025-12,0,28,0
9395,fyakut,1,2025-12-12,2025-12,1,0,0
9396,akamera,7,2025-12-12,2025-12,0,7,0
9397,vgemici,1,2025-12-12,2025-12,1,0,0
9398,ntanriverdi,86,2025-12-12,2025-12,0,86,0
9399,mkarabiyik,4,2025-12-12,2025-12,0,0,4
9400,mkofis,22,2025-12-12,2025-12,22,0,0
9401,MMUTLU,10,2025-12-12,2025-12,4,5,1
9402,ggirgin,158,2025-12-12,2025-12,5,0,153
9403,mertan,4,2025-12-12,2025-12,0,4,0
9404,gmasistan,13,2025-12-12,2025-12,13,0,0
9405,tevirgen,16,2025-12-12,2025-12,4,12,0
9406,ayyilmaz,1,2025-12-12,2025-12,1,0,0
9407,amasun,7,2025-12-12,2025-12,0,7,0
9408,ebalaban,12,2025-12-12,2025-12,12,0,0
9409,dnoic,1,2025-12-12,2025-12,1,0,0
9410,gakca,2,2025-12-12,2025-12,1,1,0
9411,nibolkis,6,2025-12-12,2025-12,6,0,0
9412,ogungor,6,2025-12-12,2025-12,3,3,0
9413,eulsever,6,2025-12-12,2025-12,0,6,0
9414,klaboratuar,10,2025-12-13,2025-12,9,1,0
9415,eyuksel,7,2025-12-13,2025-12,0,7,0
9416,dcolor,81,2025-12-13,2025-12,0,81,0
9417,ebalaban,16,2025-12-13,2025-12,16,0,0
9418,bunver,1,2025-12-14,2025-12,0,0,1
9419,dcolor,5,2025-12-14,2025-12,0,5,0
9420,uunver,2,2025-12-14,2025-12,0,2,0
9421,egonce,35,2025-12-14,2025-12,21,14,0
9422,mkarsiv,1,2025-12-14,2025-12,1,0,0
9423,fcolak,1,2025-12-14,2025-12,0,1,0
9424,ierdil,5,2025-12-14,2025-12,0,5,0
9425,fgulsever,38,2025-12-14,2025-12,0,38,0
9426,aapak,44,2025-12-14,2025-12,6,38,0
9427,ekaragoz,2,2025-12-14,2025-12,1,0,1
9428,dnoic,1,2025-12-14,2025-12,1,0,0
9429,gcevik,12,2025-12-14,2025-12,12,0,0
9430,klaboratuar,2,2025-12-14,2025-12,2,0,0
9431,mkofis,3,2025-12-14,2025-12,3,0,0
9432,ogun,5,2025-12-14,2025-12,5,0,0
9433,fbasak,8,2025-12-14,2025-12,7,1,0
9434,tcapkin,1,2025-12-14,2025-12,1,0,0
9435,abarkod,2,2025-12-14,2025-12,0,2,0
9436,gekim,49,2025-12-14,2025-12,0,49,0
9437,ierdil,108,2025-12-15,2025-12,2,106,0
9438,pstjbmetiner,2,2025-12-15,2025-12,2,0,0
9439,sakgumus,1,2025-12-15,2025-12,0,1,0
9440,hakand,6,2025-12-15,2025-12,4,2,0
9441,gsapmaz,25,2025-12-15,2025-12,21,4,0
9442,fgulsever,37,2025-12-15,2025-12,0,37,0
9443,mguray,3,2025-12-15,2025-12,3,0,0
9444,zyuksel,40,2025-12-15,2025-12,40,0,0
9445,eyuksel,4,2025-12-15,2025-12,0,4,0
9446,dcolor,29,2025-12-15,2025-12,0,29,0
9447,hakdemir,1,2025-12-15,2025-12,1,0,0
9448,msevim,5,2025-12-15,2025-12,3,2,0
9449,gbalvan,27,2025-12-15,2025-12,2,25,0
9450,sutetik,8,2025-12-15,2025-12,0,8,0
9451,hbulut,3,2025-12-15,2025-12,3,0,0
9452,bfirat,31,2025-12-15,2025-12,31,0,0
9453,VBAYANER,22,2025-12-15,2025-12,22,0,0
9454,bunver,1,2025-12-15,2025-12,1,0,0
9455,mecigdem,8,2025-12-15,2025-12,4,4,0
9456,egonce,14,2025-12-15,2025-12,7,7,0
9457,udalyan,2,2025-12-15,2025-12,0,1,1
9458,gakca,7,2025-12-15,2025-12,5,2,0
9459,fbasak,5,2025-12-15,2025-12,4,1,0
9460,aapak,149,2025-12-15,2025-12,0,149,0
9461,akamera,11,2025-12-15,2025-12,0,11,0
9462,abarkod,3,2025-12-15,2025-12,0,3,0
9463,tcapkin,1,2025-12-15,2025-12,0,1,0
9464,ntanriverdi,8,2025-12-15,2025-12,8,0,0
9465,aayhan,71,2025-12-15,2025-12,5,65,1
9466,scolak,3,2025-12-15,2025-12,3,0,0
9467,MMUTLU,19,2025-12-15,2025-12,2,2,15
9468,ggirgin,40,2025-12-15,2025-12,37,3,0
9469,fimetin,15,2025-12-15,2025-12,11,4,0
9470,tevirgen,3,2025-12-15,2025-12,3,0,0
9471,ogungor,2,2025-12-15,2025-12,2,0,0
9472,dnoic,14,2025-12-15,2025-12,14,0,0
9473,ebalaban,6,2025-12-15,2025-12,6,0,0
9474,ekaragoz,1,2025-12-15,2025-12,1,0,0
9475,gbakanoglu,3,2025-12-15,2025-12,0,3,0
9476,gekim,86,2025-12-15,2025-12,0,86,0
9477,otufan,6,2025-12-15,2025-12,6,0,0
9478,bsakrak,69,2025-12-15,2025-12,69,0,0
9479,ekaradavut,42,2025-12-15,2025-12,42,0,0
9480,pstjbmetiner,3,2025-12-16,2025-12,3,0,0
9481,ebadem,2,2025-12-16,2025-12,2,0,0
9482,mguray,5,2025-12-16,2025-12,5,0,0
9483,ierdil,5,2025-12-16,2025-12,0,5,0
9484,zyuksel,20,2025-12-16,2025-12,20,0,0
9485,gbalvan,13,2025-12-16,2025-12,0,13,0
9486,baozturk,1,2025-12-16,2025-12,1,0,0
9487,fgulsever,78,2025-12-16,2025-12,0,78,0
9488,esaribuyuk,1,2025-12-16,2025-12,0,1,0
9489,rkontrol,1,2025-12-16,2025-12,1,0,0
9490,gsapmaz,2,2025-12-16,2025-12,2,0,0
9491,mkarsiv,1,2025-12-16,2025-12,1,0,0
9492,VBAYANER,24,2025-12-16,2025-12,3,21,0
9493,hakdemir,8,2025-12-16,2025-12,8,0,0
9494,msevim,6,2025-12-16,2025-12,6,0,0
9495,mmollaoglu,1,2025-12-16,2025-12,1,0,0
9496,eozkan,1,2025-12-16,2025-12,1,0,0
9497,dcolor,88,2025-12-16,2025-12,0,88,0
9498,sutetik,15,2025-12-16,2025-12,0,15,0
9499,ersener,19,2025-12-16,2025-12,19,0,0
9500,hbulut,3,2025-12-16,2025-12,3,0,0
9501,bfirat,36,2025-12-16,2025-12,36,0,0
9502,hakand,5,2025-12-16,2025-12,4,1,0
9503,herbilgin,6,2025-12-16,2025-12,6,0,0
9504,aapak,52,2025-12-16,2025-12,0,52,0
9505,mecigdem,4,2025-12-16,2025-12,3,1,0
9506,fyakut,53,2025-12-16,2025-12,4,49,0
9507,akamera,5,2025-12-16,2025-12,0,5,0
9508,abarkod,4,2025-12-16,2025-12,0,4,0
9509,gakca,2,2025-12-16,2025-12,2,0,0
9510,ntanriverdi,1,2025-12-16,2025-12,0,1,0
9511,fbasak,3,2025-12-16,2025-12,3,0,0
9512,aayhan,46,2025-12-16,2025-12,30,15,1
9513,mkofis,13,2025-12-16,2025-12,7,6,0
9514,MMUTLU,5,2025-12-16,2025-12,3,1,1
9515,fimetin,17,2025-12-16,2025-12,0,17,0
9516,ggirgin,4,2025-12-16,2025-12,3,1,0
9517,ekaradavut,7,2025-12-16,2025-12,7,0,0
9518,mertan,4,2025-12-16,2025-12,0,4,0
9519,vgemici,2,2025-12-16,2025-12,1,1,0
9520,tevirgen,28,2025-12-16,2025-12,6,22,0
9521,ayyilmaz,1,2025-12-16,2025-12,1,0,0
9522,ekaragoz,5,2025-12-16,2025-12,0,0,5
9523,bbusta,2,2025-12-16,2025-12,2,0,0
9524,fozay,19,2025-12-16,2025-12,19,0,0
9525,amasun,109,2025-12-16,2025-12,1,108,0
9526,gekim,68,2025-12-16,2025-12,0,68,0
9527,dnoic,98,2025-12-16,2025-12,97,0,1
9528,kcakir,12,2025-12-16,2025-12,12,0,0
9529,TIRMAK,1,2025-12-16,2025-12,1,0,0
9530,ogungor,1,2025-12-16,2025-12,1,0,0
9531,ebalaban,20,2025-12-16,2025-12,20,0,0
9532,mecigdem,22,2025-12-17,2025-12,20,2,0
9533,egonce,92,2025-12-17,2025-12,80,12,0
9534,hakand,3,2025-12-17,2025-12,2,1,0
9535,fgulsever,32,2025-12-17,2025-12,0,32,0
9536,gsapmaz,2,2025-12-17,2025-12,2,0,0
9537,zyuksel,2,2025-12-17,2025-12,2,0,0
9538,pstjbmetiner,7,2025-12-17,2025-12,7,0,0
9539,ierdil,11,2025-12-17,2025-12,5,6,0
9540,mguray,2,2025-12-17,2025-12,2,0,0
9541,fcolak,21,2025-12-17,2025-12,8,13,0
9542,herbilgin,18,2025-12-17,2025-12,18,0,0
9543,dcolor,68,2025-12-17,2025-12,0,68,0
9544,uunver,2,2025-12-17,2025-12,2,0,0
9545,msevim,19,2025-12-17,2025-12,17,2,0
9546,rshazirlama,4,2025-12-17,2025-12,4,0,0
9547,gbalvan,17,2025-12-17,2025-12,5,12,0
9548,sutetik,5,2025-12-17,2025-12,0,5,0
9549,ersener,2,2025-12-17,2025-12,2,0,0
9550,hbulut,11,2025-12-17,2025-12,11,0,0
9551,bfirat,37,2025-12-17,2025-12,36,1,0
9552,udalyan,10,2025-12-17,2025-12,4,0,6
9553,bunver,8,2025-12-17,2025-12,8,0,0
9554,hakdemir,8,2025-12-17,2025-12,1,7,0
9555,aapak,70,2025-12-17,2025-12,0,70,0
9556,akamera,3,2025-12-17,2025-12,0,3,0
9557,gakca,4,2025-12-17,2025-12,3,1,0
9558,abarkod,15,2025-12-17,2025-12,0,15,0
9559,ntanriverdi,86,2025-12-17,2025-12,84,2,0
9560,fbasak,5,2025-12-17,2025-12,4,1,0
9561,aayhan,49,2025-12-17,2025-12,12,28,9
9562,mkarabiyik,2,2025-12-17,2025-12,0,2,0
9563,kdeda,3,2025-12-17,2025-12,3,0,0
9564,obali,3,2025-12-17,2025-12,1,0,2
9565,fimetin,15,2025-12-17,2025-12,11,4,0
9566,ggirgin,20,2025-12-17,2025-12,6,14,0
9567,ekaradavut,43,2025-12-17,2025-12,43,0,0
9568,mertan,6,2025-12-17,2025-12,0,6,0
9569,mkofis,2,2025-12-17,2025-12,2,0,0
9570,gayilmaz,13,2025-12-17,2025-12,9,4,0
9571,mkorucu,3,2025-12-17,2025-12,3,0,0
9572,dnoic,1,2025-12-17,2025-12,0,0,1
9573,caozturk,3,2025-12-17,2025-12,1,2,0
9574,ebalaban,12,2025-12-17,2025-12,12,0,0
9575,amasun,55,2025-12-17,2025-12,3,52,0
9576,fozay,57,2025-12-17,2025-12,38,19,0
9577,SUYILMAZ,2,2025-12-17,2025-12,2,0,0
9578,gekim,51,2025-12-17,2025-12,0,51,0
9579,bsakrak,7,2025-12-17,2025-12,7,0,0
9580,tevirgen,36,2025-12-17,2025-12,1,35,0
9581,stjegitim,4,2025-12-18,2025-12,0,3,1
9582,ytinmaz,2,2025-12-18,2025-12,2,0,0
9583,mguray,1,2025-12-18,2025-12,1,0,0
9584,ierdil,9,2025-12-18,2025-12,2,7,0
9585,pstjbmetiner,3,2025-12-18,2025-12,3,0,0
9586,hakand,6,2025-12-18,2025-12,4,2,0
9587,gsapmaz,9,2025-12-18,2025-12,9,0,0
9588,baozturk,1,2025-12-18,2025-12,1,0,0
9589,fgulsever,102,2025-12-18,2025-12,0,102,0
9590,fcolak,9,2025-12-18,2025-12,7,2,0
9591,zyuksel,8,2025-12-18,2025-12,8,0,0
9592,mkarsiv,2,2025-12-18,2025-12,2,0,0
9593,mecigdem,2,2025-12-18,2025-12,0,2,0
9594,herbilgin,2,2025-12-18,2025-12,2,0,0
9595,hakdemir,44,2025-12-18,2025-12,41,3,0
9596,uunver,124,2025-12-18,2025-12,77,47,0
9597,msevim,57,2025-12-18,2025-12,32,25,0
9598,eozkan,2,2025-12-18,2025-12,2,0,0
9599,bunver,7,2025-12-18,2025-12,3,2,2
9600,gbalvan,41,2025-12-18,2025-12,9,32,0
9601,dcolor,76,2025-12-18,2025-12,0,76,0
9602,sutetik,6,2025-12-18,2025-12,0,6,0
9603,bfirat,40,2025-12-18,2025-12,39,1,0
9604,satinalmastajyer,171,2025-12-18,2025-12,0,171,0
9605,egonce,12,2025-12-18,2025-12,10,2,0
9606,udalyan,3,2025-12-18,2025-12,0,0,3
9607,fbasak,3,2025-12-18,2025-12,3,0,0
9608,nakilli,4,2025-12-18,2025-12,4,0,0
9609,aapak,27,2025-12-18,2025-12,0,27,0
9610,akamera,4,2025-12-18,2025-12,0,4,0
9611,abarkod,8,2025-12-18,2025-12,0,8,0
9612,edemirbas,23,2025-12-18,2025-12,22,1,0
9613,vgemici,4,2025-12-18,2025-12,3,1,0
9614,cer,24,2025-12-18,2025-12,23,1,0
9615,mkofis,9,2025-12-18,2025-12,9,0,0
9616,obali,3,2025-12-18,2025-12,1,0,2
9617,fimetin,3,2025-12-18,2025-12,2,1,0
9618,ggirgin,41,2025-12-18,2025-12,18,1,22
9619,mertan,29,2025-12-18,2025-12,22,7,0
9620,tevirgen,118,2025-12-18,2025-12,112,6,0
9621,tcapkin,4,2025-12-18,2025-12,0,4,0
9622,nibolkis,10,2025-12-18,2025-12,10,0,0
9623,gayilmaz,7,2025-12-18,2025-12,7,0,0
9624,adogan,14,2025-12-18,2025-12,9,5,0
9625,gekim,55,2025-12-18,2025-12,0,55,0
9626,gbakanoglu,9,2025-12-18,2025-12,9,0,0
9627,amasun,63,2025-12-18,2025-12,0,63,0
9628,fozay,34,2025-12-18,2025-12,29,5,0
9629,ebalaban,2,2025-12-18,2025-12,2,0,0
9630,dnoic,5,2025-12-18,2025-12,1,4,0
9631,mkorucu,3,2025-12-18,2025-12,3,0,0
9632,oicoz,3,2025-12-18,2025-12,0,3,0
9633,klaboratuar,5,2025-12-18,2025-12,5,0,0
9634,msevim,31,2025-12-19,2025-12,18,13,0
9635,stjegitim,43,2025-12-19,2025-12,36,0,7
9636,mkarsiv,3,2025-12-19,2025-12,2,1,0
9637,hakdemir,23,2025-12-19,2025-12,23,0,0
9638,ytinmaz,3,2025-12-19,2025-12,3,0,0
9639,hbinay,3,2025-12-19,2025-12,3,0,0
9640,bfirat,30,2025-12-19,2025-12,30,0,0
9641,gbalvan,17,2025-12-19,2025-12,4,13,0
9642,dcolor,66,2025-12-19,2025-12,0,66,0
9643,sutetik,16,2025-12-19,2025-12,1,15,0
9644,hbulut,1,2025-12-19,2025-12,1,0,0
9645,VBAYANER,17,2025-12-19,2025-12,17,0,0
9646,mguray,4,2025-12-19,2025-12,4,0,0
9647,eozkan,2,2025-12-19,2025-12,2,0,0
9648,ierdil,6,2025-12-19,2025-12,1,5,0
9649,gayilmaz,4,2025-12-19,2025-12,3,1,0
9650,mecigdem,2,2025-12-19,2025-12,0,2,0
9651,akamera,7,2025-12-19,2025-12,0,7,0
9652,gsapmaz,22,2025-12-19,2025-12,20,2,0
9653,ntanriverdi,12,2025-12-19,2025-12,6,6,0
9654,obali,14,2025-12-19,2025-12,11,3,0
9655,fimetin,6,2025-12-19,2025-12,0,6,0
9656,ggirgin,63,2025-12-19,2025-12,62,1,0
9657,mertan,2,2025-12-19,2025-12,2,0,0
9658,vgemici,8,2025-12-19,2025-12,5,3,0
9659,ebalaban,39,2025-12-19,2025-12,39,0,0
9660,amasun,22,2025-12-19,2025-12,0,22,0
9661,fozay,67,2025-12-19,2025-12,59,8,0
9662,cisahin,17,2025-12-19,2025-12,17,0,0
9663,udalyan,4,2025-12-19,2025-12,0,0,4
9664,tevirgen,18,2025-12-19,2025-12,0,9,9
9665,hakdemir,4,2025-12-20,2025-12,4,0,0
9666,ebalaban,29,2025-12-20,2025-12,29,0,0
9667,mecigdem,4,2025-12-20,2025-12,0,4,0
9668,eyuksel,1,2025-12-20,2025-12,1,0,0
9669,uunver,65,2025-12-20,2025-12,57,8,0
9670,dcolor,39,2025-12-20,2025-12,0,39,0
9671,kbtlideri,4,2025-12-21,2025-12,4,0,0
9672,fcolak,10,2025-12-21,2025-12,6,4,0
9673,ierdil,8,2025-12-21,2025-12,3,5,0
9674,egonce,98,2025-12-21,2025-12,91,7,0
9675,uunver,57,2025-12-21,2025-12,41,16,0
9676,mkarsiv,1,2025-12-21,2025-12,1,0,0
9677,fgulsever,33,2025-12-21,2025-12,0,33,0
9678,dcolor,12,2025-12-21,2025-12,0,12,0
9679,aapak,60,2025-12-21,2025-12,0,60,0
9680,sfirinci,13,2025-12-21,2025-12,12,1,0
9681,iunlu,7,2025-12-21,2025-12,7,0,0
9682,gekim,102,2025-12-21,2025-12,0,102,0
9683,oseker,2,2025-12-21,2025-12,2,0,0
9684,abarkod,6,2025-12-21,2025-12,0,6,0
9685,BSOGUT,35,2025-12-21,2025-12,17,16,2
9686,ytinmaz,2,2025-12-22,2025-12,2,0,0
9687,pstjbmetiner,4,2025-12-22,2025-12,4,0,0
9688,zyuksel,22,2025-12-22,2025-12,21,1,0
9689,hakand,6,2025-12-22,2025-12,6,0,0
9690,fgulsever,27,2025-12-22,2025-12,0,27,0
9691,sekisa,2,2025-12-22,2025-12,2,0,0
9692,mecigdem,43,2025-12-22,2025-12,40,3,0
9693,aapak,46,2025-12-22,2025-12,0,46,0
9694,gsapmaz,3,2025-12-22,2025-12,3,0,0
9695,egonce,20,2025-12-22,2025-12,14,6,0
9696,msevim,43,2025-12-22,2025-12,29,14,0
9697,uunver,5,2025-12-22,2025-12,5,0,0
9698,mceylan,5,2025-12-22,2025-12,5,0,0
9699,eozkan,2,2025-12-22,2025-12,0,2,0
9700,gbalvan,19,2025-12-22,2025-12,4,15,0
9701,dcolor,52,2025-12-22,2025-12,0,52,0
9702,sutetik,22,2025-12-22,2025-12,0,22,0
9703,ersener,2,2025-12-22,2025-12,2,0,0
9704,hbulut,3,2025-12-22,2025-12,3,0,0
9705,bfirat,7,2025-12-22,2025-12,7,0,0
9706,VBAYANER,4,2025-12-22,2025-12,4,0,0
9707,bunver,4,2025-12-22,2025-12,3,1,0
9708,hakdemir,76,2025-12-22,2025-12,63,13,0
9709,gakca,2,2025-12-22,2025-12,1,1,0
9710,ierdil,14,2025-12-22,2025-12,9,5,0
9711,bsakrak,7,2025-12-22,2025-12,7,0,0
9712,adogan,20,2025-12-22,2025-12,20,0,0
9713,akamera,12,2025-12-22,2025-12,0,12,0
9714,abarkod,8,2025-12-22,2025-12,0,8,0
9715,vgemici,1,2025-12-22,2025-12,1,0,0
9716,tcapkin,3,2025-12-22,2025-12,3,0,0
9717,ntanriverdi,16,2025-12-22,2025-12,13,3,0
9718,fbasak,3,2025-12-22,2025-12,1,2,0
9719,aayhan,3,2025-12-22,2025-12,2,0,1
9720,MMUTLU,6,2025-12-22,2025-12,4,2,0
9721,fimetin,6,2025-12-22,2025-12,6,0,0
9722,ggirgin,7,2025-12-22,2025-12,5,2,0
9723,asablon,5,2025-12-22,2025-12,5,0,0
9724,ayyilmaz,4,2025-12-22,2025-12,4,0,0
9725,iunlu,2,2025-12-22,2025-12,2,0,0
9726,mertan,7,2025-12-22,2025-12,5,2,0
9727,gekim,68,2025-12-22,2025-12,0,68,0
9728,eanli,7,2025-12-22,2025-12,2,5,0
9729,amasun,2,2025-12-22,2025-12,0,2,0
9730,fozay,19,2025-12-22,2025-12,18,1,0
9731,mkorucu,3,2025-12-22,2025-12,2,1,0
9732,ogungor,2,2025-12-22,2025-12,2,0,0
9733,gayilmaz,16,2025-12-22,2025-12,11,5,0
9734,tevirgen,21,2025-12-22,2025-12,7,10,4
9735,ebalaban,92,2025-12-22,2025-12,41,51,0
9736,stjegitim,2,2025-12-23,2025-12,2,0,0
9737,mguder,2,2025-12-23,2025-12,2,0,0
9738,ierdil,6,2025-12-23,2025-12,2,4,0
9739,pstjbmetiner,7,2025-12-23,2025-12,6,1,0
9740,fgulsever,96,2025-12-23,2025-12,0,96,0
9741,nakilli,37,2025-12-23,2025-12,0,37,0
9742,mecigdem,2,2025-12-23,2025-12,0,2,0
9743,udalyan,2,2025-12-23,2025-12,1,0,1
9744,aapak,27,2025-12-23,2025-12,6,21,0
9745,fcolak,7,2025-12-23,2025-12,7,0,0
9746,hakand,17,2025-12-23,2025-12,3,14,0
9747,sekisa,19,2025-12-23,2025-12,19,0,0
9748,bunver,4,2025-12-23,2025-12,1,3,0
9749,egonce,23,2025-12-23,2025-12,5,18,0
9750,herbilgin,3,2025-12-23,2025-12,3,0,0
9751,hakdemir,35,2025-12-23,2025-12,34,1,0
9752,uunver,16,2025-12-23,2025-12,14,2,0
9753,msevim,16,2025-12-23,2025-12,9,7,0
9754,sapra,1,2025-12-23,2025-12,1,0,0
9755,eozkan,26,2025-12-23,2025-12,25,1,0
9756,gbalvan,1,2025-12-23,2025-12,0,1,0
9757,dcolor,73,2025-12-23,2025-12,0,73,0
9758,sutetik,42,2025-12-23,2025-12,0,42,0
9759,bfirat,52,2025-12-23,2025-12,50,2,0
9760,dayakta,3,2025-12-23,2025-12,0,3,0
9761,mkarsiv,4,2025-12-23,2025-12,4,0,0
9762,gakca,2,2025-12-23,2025-12,2,0,0
9763,akamera,102,2025-12-23,2025-12,0,102,0
9764,sfirinci,6,2025-12-23,2025-12,6,0,0
9765,abarkod,20,2025-12-23,2025-12,0,20,0
9766,vgemici,3,2025-12-23,2025-12,3,0,0
9767,ntanriverdi,3,2025-12-23,2025-12,2,1,0
9768,cer,3,2025-12-23,2025-12,1,2,0
9769,aayhan,70,2025-12-23,2025-12,0,67,3
9770,mkarabiyik,2,2025-12-23,2025-12,0,2,0
9771,mkofis,2,2025-12-23,2025-12,2,0,0
9772,obali,1,2025-12-23,2025-12,1,0,0
9773,MMUTLU,4,2025-12-23,2025-12,2,2,0
9774,fimetin,17,2025-12-23,2025-12,5,12,0
9775,ggirgin,21,2025-12-23,2025-12,13,8,0
9776,tevirgen,45,2025-12-23,2025-12,9,23,13
9777,fyakut,51,2025-12-23,2025-12,21,30,0
9778,gayilmaz,3,2025-12-23,2025-12,3,0,0
9779,klaboratuar,4,2025-12-23,2025-12,0,4,0
9780,dnoic,24,2025-12-23,2025-12,20,3,1
9781,caozturk,2,2025-12-23,2025-12,2,0,0
9782,ebalaban,31,2025-12-23,2025-12,31,0,0
9783,fozay,6,2025-12-23,2025-12,6,0,0
9784,fbalaban,2,2025-12-23,2025-12,1,1,0
9785,gbakanoglu,12,2025-12-23,2025-12,4,8,0
9786,scabuker,14,2025-12-23,2025-12,14,0,0
9787,gekim,69,2025-12-23,2025-12,0,69,0
9788,iunlu,4,2025-12-23,2025-12,2,2,0
9789,eulsever,10,2025-12-23,2025-12,6,4,0
9790,acelebi,3,2025-12-24,2025-12,2,1,0
9791,stjegitim,1,2025-12-24,2025-12,1,0,0
9792,ytinmaz,2,2025-12-24,2025-12,2,0,0
9793,rkontrol,1,2025-12-24,2025-12,1,0,0
9794,mecigdem,10,2025-12-24,2025-12,8,2,0
9795,pstjbmetiner,5,2025-12-24,2025-12,4,1,0
9796,fgulsever,4,2025-12-24,2025-12,0,4,0
9797,hakand,7,2025-12-24,2025-12,7,0,0
9798,fcolak,28,2025-12-24,2025-12,11,17,0
9799,ierdil,7,2025-12-24,2025-12,2,5,0
9800,sekisa,30,2025-12-24,2025-12,29,1,0
9801,mmollaoglu,2,2025-12-24,2025-12,0,2,0
9802,egonce,6,2025-12-24,2025-12,4,2,0
9803,hakdemir,2,2025-12-24,2025-12,2,0,0
9804,uunver,60,2025-12-24,2025-12,0,60,0
9805,msevim,27,2025-12-24,2025-12,12,15,0
9806,BDEMIRAL,1,2025-12-24,2025-12,1,0,0
9807,gbalvan,16,2025-12-24,2025-12,0,16,0
9808,dcolor,74,2025-12-24,2025-12,0,74,0
9809,sutetik,7,2025-12-24,2025-12,0,7,0
9810,ersener,12,2025-12-24,2025-12,12,0,0
9811,hbulut,1,2025-12-24,2025-12,1,0,0
9812,aapak,64,2025-12-24,2025-12,0,64,0
9813,mkarsiv,12,2025-12-24,2025-12,12,0,0
9814,bfirat,89,2025-12-24,2025-12,89,0,0
9815,dayakta,9,2025-12-24,2025-12,9,0,0
9816,gakca,3,2025-12-24,2025-12,1,2,0
9817,ubasdas,11,2025-12-24,2025-12,11,0,0
9818,akamera,6,2025-12-24,2025-12,0,6,0
9819,ntanriverdi,16,2025-12-24,2025-12,16,0,0
9820,asablon,2,2025-12-24,2025-12,2,0,0
9821,fbasak,3,2025-12-24,2025-12,3,0,0
9822,cer,2,2025-12-24,2025-12,2,0,0
9823,mkarabiyik,2,2025-12-24,2025-12,0,2,0
9824,fimetin,16,2025-12-24,2025-12,3,13,0
9825,ggirgin,3,2025-12-24,2025-12,2,1,0
9826,ekaradavut,22,2025-12-24,2025-12,17,5,0
9827,mertan,7,2025-12-24,2025-12,6,1,0
9828,aayhan,12,2025-12-24,2025-12,5,7,0
9829,tevirgen,12,2025-12-24,2025-12,2,9,1
9830,ayyilmaz,2,2025-12-24,2025-12,1,1,0
9831,iunlu,2,2025-12-24,2025-12,0,2,0
9832,gekim,37,2025-12-24,2025-12,0,37,0
9833,fozay,44,2025-12-24,2025-12,40,4,0
9834,amasun,11,2025-12-24,2025-12,0,11,0
9835,saskin,6,2025-12-24,2025-12,6,0,0
9836,klaboratuar,8,2025-12-24,2025-12,3,5,0
9837,okanat,1,2025-12-24,2025-12,1,0,0
9838,ogungor,5,2025-12-24,2025-12,3,2,0
9839,ebalaban,12,2025-12-24,2025-12,12,0,0
9840,ebekyel,1,2025-12-25,2025-12,0,0,1
9841,dayakta,3,2025-12-25,2025-12,0,3,0
9842,aapak,49,2025-12-25,2025-12,0,49,0
9843,mecigdem,3,2025-12-25,2025-12,1,2,0
9844,fgulsever,2,2025-12-25,2025-12,0,2,0
9845,mguder,1,2025-12-25,2025-12,1,0,0
9846,zyuksel,2,2025-12-25,2025-12,0,2,0
9847,pstjbmetiner,13,2025-12-25,2025-12,12,1,0
9848,ierdil,9,2025-12-25,2025-12,4,5,0
9849,mguray,3,2025-12-25,2025-12,1,2,0
9850,kbtlideri,2,2025-12-25,2025-12,2,0,0
9851,stjegitim,11,2025-12-25,2025-12,5,1,5
9852,bfirat,65,2025-12-25,2025-12,63,2,0
9853,fcolak,19,2025-12-25,2025-12,18,1,0
9854,sekisa,14,2025-12-25,2025-12,14,0,0
9855,mkarsiv,2,2025-12-25,2025-12,2,0,0
9856,egonce,6,2025-12-25,2025-12,2,4,0
9857,hakdemir,5,2025-12-25,2025-12,3,2,0
9858,msevim,6,2025-12-25,2025-12,5,1,0
9859,sapra,4,2025-12-25,2025-12,2,2,0
9860,gbalvan,11,2025-12-25,2025-12,0,11,0
9861,dcolor,50,2025-12-25,2025-12,0,50,0
9862,sutetik,14,2025-12-25,2025-12,0,14,0
9863,mceylan,7,2025-12-25,2025-12,7,0,0
9864,acelebi,1,2025-12-25,2025-12,0,1,0
9865,gakca,8,2025-12-25,2025-12,8,0,0
9866,tevirgen,30,2025-12-25,2025-12,3,19,8
9867,iunlu,6,2025-12-25,2025-12,6,0,0
9868,abarkod,4,2025-12-25,2025-12,0,4,0
9869,vgemici,1,2025-12-25,2025-12,0,1,0
9870,tcapkin,4,2025-12-25,2025-12,0,4,0
9871,bkibar,11,2025-12-25,2025-12,0,11,0
9872,ogun,1,2025-12-25,2025-12,1,0,0
9873,aayhan,96,2025-12-25,2025-12,0,96,0
9874,mkarabiyik,10,2025-12-25,2025-12,10,0,0
9875,mkofis,21,2025-12-25,2025-12,20,1,0
9876,obali,4,2025-12-25,2025-12,4,0,0
9877,ggirgin,11,2025-12-25,2025-12,9,2,0
9878,ekaradavut,37,2025-12-25,2025-12,37,0,0
9879,ayyilmaz,2,2025-12-25,2025-12,2,0,0
9880,sfirinci,8,2025-12-25,2025-12,8,0,0
9881,eulsever,2,2025-12-25,2025-12,0,2,0
9882,gekim,21,2025-12-25,2025-12,0,21,0
9883,ekaragoz,4,2025-12-25,2025-12,4,0,0
9884,ebalaban,13,2025-12-25,2025-12,13,0,0
9885,caozturk,71,2025-12-25,2025-12,70,1,0
9886,dnoic,28,2025-12-25,2025-12,28,0,0
9887,amasun,16,2025-12-25,2025-12,3,13,0
9888,oicoz,2,2025-12-25,2025-12,2,0,0
9889,kcakir,7,2025-12-25,2025-12,7,0,0
9890,klaboratuar,5,2025-12-25,2025-12,0,5,0
9891,ogungor,1,2025-12-25,2025-12,1,0,0
9892,caki,2,2025-12-25,2025-12,0,2,0
9893,stjegitim,30,2025-12-26,2025-12,20,0,10
9894,udalyan,6,2025-12-26,2025-12,2,4,0
9895,mecigdem,2,2025-12-26,2025-12,0,2,0
9896,gsapmaz,55,2025-12-26,2025-12,53,2,0
9897,pstjbmetiner,3,2025-12-26,2025-12,2,1,0
9898,ierdil,26,2025-12-26,2025-12,5,21,0
9899,mguray,7,2025-12-26,2025-12,7,0,0
9900,mkarsiv,2,2025-12-26,2025-12,2,0,0
9901,dcolor,64,2025-12-26,2025-12,0,64,0
9902,hakdemir,36,2025-12-26,2025-12,34,2,0
9903,uunver,130,2025-12-26,2025-12,6,124,0
9904,msevim,17,2025-12-26,2025-12,14,3,0
9905,gbalvan,9,2025-12-26,2025-12,0,9,0
9906,gakca,1,2025-12-26,2025-12,1,0,0
9907,sutetik,4,2025-12-26,2025-12,0,4,0
9908,hbulut,12,2025-12-26,2025-12,6,6,0
9909,bfirat,53,2025-12-26,2025-12,53,0,0
9910,herbilgin,4,2025-12-26,2025-12,4,0,0
9911,adogan,4,2025-12-26,2025-12,0,1,3
9912,satinalmastajyer,1,2025-12-26,2025-12,1,0,0
9913,amasun,69,2025-12-26,2025-12,0,69,0
9914,akamera,12,2025-12-26,2025-12,0,12,0
9915,ntanriverdi,9,2025-12-26,2025-12,9,0,0
9916,ogun,1,2025-12-26,2025-12,1,0,0
9917,mkofis,69,2025-12-26,2025-12,69,0,0
9918,obali,3,2025-12-26,2025-12,3,0,0
9919,MMUTLU,4,2025-12-26,2025-12,4,0,0
9920,fimetin,92,2025-12-26,2025-12,83,9,0
9921,ggirgin,2,2025-12-26,2025-12,2,0,0
9922,vgemici,5,2025-12-26,2025-12,4,1,0
9923,ayyilmaz,2,2025-12-26,2025-12,2,0,0
9924,mertan,21,2025-12-26,2025-12,21,0,0
9925,ebalaban,14,2025-12-26,2025-12,14,0,0
9926,caozturk,14,2025-12-26,2025-12,14,0,0
9927,fozay,1,2025-12-26,2025-12,1,0,0
9928,klaboratuar,11,2025-12-26,2025-12,0,11,0
9929,oicoz,14,2025-12-26,2025-12,14,0,0
9930,ogungor,4,2025-12-26,2025-12,3,1,0
9931,tevirgen,11,2025-12-26,2025-12,7,4,0
9932,uunver,22,2025-12-27,2025-12,10,12,0
9933,dcolor,30,2025-12-27,2025-12,0,30,0
9934,ebalaban,6,2025-12-27,2025-12,6,0,0
9935,mecigdem,8,2025-12-27,2025-12,0,8,0
9936,hakdemir,2,2025-12-27,2025-12,2,0,0
9937,bunver,10,2025-12-28,2025-12,10,0,0
9938,fgulsever,22,2025-12-28,2025-12,3,19,0
9939,ersener,2,2025-12-28,2025-12,2,0,0
9940,dcolor,8,2025-12-28,2025-12,0,8,0
9941,egonce,14,2025-12-28,2025-12,13,1,0
9942,fcolak,13,2025-12-28,2025-12,1,12,0
9943,rkontrol,1,2025-12-28,2025-12,1,0,0
9944,otanriverdi,89,2025-12-28,2025-12,44,0,45
9945,ierdil,7,2025-12-28,2025-12,2,5,0
9946,BSOGUT,1,2025-12-28,2025-12,1,0,0
9947,aapak,154,2025-12-28,2025-12,6,148,0
9948,nakilli,1,2025-12-28,2025-12,1,0,0
9949,dayakta,3,2025-12-28,2025-12,0,3,0
9950,gekim,149,2025-12-28,2025-12,0,149,0
9951,dnoic,94,2025-12-28,2025-12,34,2,58
9952,klaboratuar,4,2025-12-28,2025-12,4,0,0
9953,mkofis,1,2025-12-28,2025-12,1,0,0
9954,aayhan,12,2025-12-28,2025-12,8,2,2
9955,abarkod,9,2025-12-28,2025-12,0,9,0
9956,esaribuyuk,1,2025-12-28,2025-12,0,1,0
9957,mkarsiv,2,2025-12-29,2025-12,2,0,0
9958,stjegitim,50,2025-12-29,2025-12,0,50,0
9959,rkontrol,3,2025-12-29,2025-12,1,2,0
9960,nsevkiyat,45,2025-12-29,2025-12,45,0,0
9961,gsapmaz,58,2025-12-29,2025-12,57,1,0
9962,ierdil,9,2025-12-29,2025-12,4,5,0
9963,pstjbmetiner,1,2025-12-29,2025-12,1,0,0
9964,egonce,21,2025-12-29,2025-12,15,6,0
9965,fgulsever,81,2025-12-29,2025-12,2,79,0
9966,mguray,4,2025-12-29,2025-12,4,0,0
9967,hakdemir,21,2025-12-29,2025-12,21,0,0
9968,sapra,3,2025-12-29,2025-12,3,0,0
9969,mbayirli,50,2025-12-29,2025-12,49,1,0
9970,msevim,9,2025-12-29,2025-12,9,0,0
9971,hbinay,3,2025-12-29,2025-12,3,0,0
9972,gbalvan,27,2025-12-29,2025-12,6,21,0
9973,dcolor,42,2025-12-29,2025-12,0,42,0
9974,ekoksal,1,2025-12-29,2025-12,1,0,0
9975,sutetik,23,2025-12-29,2025-12,0,23,0
9976,hbulut,36,2025-12-29,2025-12,32,4,0
9977,bfirat,68,2025-12-29,2025-12,68,0,0
9978,VBAYANER,54,2025-12-29,2025-12,54,0,0
9979,BSOGUT,18,2025-12-29,2025-12,1,0,17
9980,uunver,9,2025-12-29,2025-12,9,0,0
9981,hakand,1,2025-12-29,2025-12,0,1,0
9982,ersener,10,2025-12-29,2025-12,10,0,0
9983,aapak,135,2025-12-29,2025-12,0,135,0
9984,akamera,10,2025-12-29,2025-12,0,10,0
9985,abarkod,13,2025-12-29,2025-12,0,13,0
9986,ntanriverdi,6,2025-12-29,2025-12,2,4,0
9987,bkibar,3,2025-12-29,2025-12,0,3,0
9988,mkarabiyik,4,2025-12-29,2025-12,0,4,0
9989,obali,8,2025-12-29,2025-12,4,1,3
9990,fimetin,47,2025-12-29,2025-12,2,45,0
9991,eatasoy,1,2025-12-29,2025-12,0,1,0
9992,ggirgin,12,2025-12-29,2025-12,5,7,0
9993,ekaradavut,49,2025-12-29,2025-12,13,36,0
9994,ayyilmaz,1,2025-12-29,2025-12,1,0,0
9995,mecigdem,8,2025-12-29,2025-12,4,4,0
9996,eulsever,7,2025-12-29,2025-12,1,6,0
9997,tevirgen,18,2025-12-29,2025-12,1,15,2
9998,gakca,26,2025-12-29,2025-12,13,13,0
9999,sfirinci,2,2025-12-29,2025-12,2,0,0
10000,saskin,33,2025-12-29,2025-12,33,0,0
10001,gekim,87,2025-12-29,2025-12,0,87,0
10002,fyakut,2,2025-12-29,2025-12,2,0,0
10003,amasun,105,2025-12-29,2025-12,1,104,0
10004,ebalaban,23,2025-12-29,2025-12,23,0,0
10005,caozturk,7,2025-12-29,2025-12,5,2,0
10006,ogungor,1,2025-12-29,2025-12,1,0,0
10007,eanli,4,2025-12-29,2025-12,0,4,0
10008,fyakut,10,2025-12-30,2025-12,9,1,0
10009,zyuksel,30,2025-12-30,2025-12,30,0,0
10010,gakca,4,2025-12-30,2025-12,4,0,0
10011,udalyan,4,2025-12-30,2025-12,3,1,0
10012,mecigdem,5,2025-12-30,2025-12,0,5,0
10013,hakand,51,2025-12-30,2025-12,11,39,1
10014,gsapmaz,11,2025-12-30,2025-12,11,0,0
10015,mguder,30,2025-12-30,2025-12,30,0,0
10016,pstjbmetiner,1,2025-12-30,2025-12,1,0,0
10017,hakdemir,2,2025-12-30,2025-12,2,0,0
10018,mguray,11,2025-12-30,2025-12,11,0,0
10019,eyuksel,16,2025-12-30,2025-12,14,2,0
10020,mkarsiv,1,2025-12-30,2025-12,1,0,0
10021,egonce,10,2025-12-30,2025-12,4,6,0
10022,adogan,28,2025-12-30,2025-12,28,0,0
10023,msevim,14,2025-12-30,2025-12,6,8,0
10024,gbalvan,18,2025-12-30,2025-12,1,17,0
10025,dcolor,60,2025-12-30,2025-12,0,60,0
10026,sutetik,14,2025-12-30,2025-12,0,14,0
10027,bfirat,20,2025-12-30,2025-12,20,0,0
10028,ierdil,8,2025-12-30,2025-12,3,5,0
10029,cisahin,11,2025-12-30,2025-12,0,11,0
10030,oicoz,1,2025-12-30,2025-12,1,0,0
10031,amasun,42,2025-12-30,2025-12,7,35,0
10032,akamera,18,2025-12-30,2025-12,0,18,0
10033,ngogce,13,2025-12-30,2025-12,13,0,0
10034,ttlideri,11,2025-12-30,2025-12,1,10,0
10035,ntanriverdi,9,2025-12-30,2025-12,6,3,0
10036,asablon,2,2025-12-30,2025-12,2,0,0
10037,cer,2,2025-12-30,2025-12,0,2,0
10038,mkarabiyik,4,2025-12-30,2025-12,0,4,0
10039,obali,1,2025-12-30,2025-12,0,1,0
10040,eanli,4,2025-12-30,2025-12,0,4,0
10041,MMUTLU,24,2025-12-30,2025-12,24,0,0
10042,ggirgin,14,2025-12-30,2025-12,4,6,4
10043,mertan,7,2025-12-30,2025-12,7,0,0
10044,ayyilmaz,5,2025-12-30,2025-12,5,0,0
10045,tevirgen,26,2025-12-30,2025-12,8,16,2
10046,ogungor,1,2025-12-30,2025-12,1,0,0
10047,dnoic,9,2025-12-30,2025-12,9,0,0
10048,caozturk,44,2025-12-30,2025-12,39,5,0
10049,ebalaban,14,2025-12-30,2025-12,14,0,0
10050,fimetin,8,2025-12-30,2025-12,8,0,0
10051,alofca,131,2025-12-30,2025-12,0,131,0
10052,bfirat,11,2025-12-31,2025-12,11,0,0
10053,VBAYANER,7,2025-12-31,2025-12,4,3,0
10054,dcolor,12,2025-12-31,2025-12,0,12,0
10055,mkarabiyik,3,2025-12-31,2025-12,3,0,0
10056,ngogce,20,2025-12-31,2025-12,5,0,15
10057,nibolkis,16,2025-12-31,2025-12,10,6,0
10058,akapucu,18,2026-01-01,2026-01,18,0,0
10059,ersener,38,2026-01-01,2026-01,38,0,0
10060,egonce,53,2026-01-01,2026-01,28,25,0
10061,mkarsiv,5,2026-01-01,2026-01,5,0,0
10062,fcolak,5,2026-01-01,2026-01,3,2,0
10063,cyildiz,4,2026-01-01,2026-01,2,2,0
10064,acelebi,3,2026-01-01,2026-01,2,1,0
10065,ierdil,4,2026-01-01,2026-01,0,4,0
10066,fgulsever,35,2026-01-01,2026-01,0,35,0
10067,sapra,14,2026-01-01,2026-01,12,2,0
10068,aapak,92,2026-01-01,2026-01,0,92,0
10069,BSOGUT,29,2026-01-01,2026-01,28,1,0
10070,hktlideri,1,2026-01-01,2026-01,1,0,0
10071,aayhan,74,2026-01-01,2026-01,14,60,0
10072,abarkod,1,2026-01-01,2026-01,0,1,0
10073,gekim,149,2026-01-01,2026-01,0,149,0
10074,iunlu,3,2026-01-01,2026-01,3,0,0
10075,dayakta,66,2026-01-01,2026-01,63,3,0
10076,gbakanoglu,31,2026-01-01,2026-01,31,0,0
10077,mecigdem,3,2026-01-02,2026-01,0,3,0
10078,zyuksel,110,2026-01-02,2026-01,50,60,0
10079,sutetik,17,2026-01-02,2026-01,0,17,0
10080,baozturk,1,2026-01-02,2026-01,1,0,0
10081,gsapmaz,5,2026-01-02,2026-01,5,0,0
10082,carican,8,2026-01-02,2026-01,8,0,0
10083,mguder,2,2026-01-02,2026-01,2,0,0
10084,ierdil,5,2026-01-02,2026-01,0,5,0
10085,msevim,20,2026-01-02,2026-01,3,17,0
10086,mkarsiv,1,2026-01-02,2026-01,1,0,0
10087,hakdemir,30,2026-01-02,2026-01,29,1,0
10088,hbinay,28,2026-01-02,2026-01,28,0,0
10089,eozkan,34,2026-01-02,2026-01,14,20,0
10090,dcolor,35,2026-01-02,2026-01,0,35,0
10091,ekoksal,1,2026-01-02,2026-01,1,0,0
10092,udalyan,4,2026-01-02,2026-01,2,2,0
10093,acelebi,3,2026-01-02,2026-01,1,2,0
10094,gakca,6,2026-01-02,2026-01,4,2,0
10095,ebalaban,13,2026-01-02,2026-01,12,1,0
10096,saskin,27,2026-01-02,2026-01,27,0,0
10097,adogan,11,2026-01-02,2026-01,11,0,0
10098,mkarabiyik,2,2026-01-02,2026-01,0,2,0
10099,mkofis,10,2026-01-02,2026-01,10,0,0
10100,obali,5,2026-01-02,2026-01,2,3,0
10101,MMUTLU,11,2026-01-02,2026-01,11,0,0
10102,fimetin,37,2026-01-02,2026-01,28,9,0
10103,sucakir,1,2026-01-02,2026-01,1,0,0
10104,eatasoy,1,2026-01-02,2026-01,1,0,0
10105,dustasi,11,2026-01-02,2026-01,11,0,0
10106,mertan,7,2026-01-02,2026-01,4,3,0
10107,ayyilmaz,2,2026-01-02,2026-01,2,0,0
10108,tevirgen,35,2026-01-02,2026-01,6,14,15
10109,ogungor,19,2026-01-02,2026-01,19,0,0
10110,caozturk,23,2026-01-02,2026-01,20,3,0
10111,amasun,109,2026-01-02,2026-01,11,98,0
10112,fozay,54,2026-01-02,2026-01,47,7,0
10113,ggirgin,55,2026-01-02,2026-01,42,13,0
10114,dcolor,40,2026-01-03,2026-01,0,40,0
10115,hakdemir,2,2026-01-03,2026-01,2,0,0
10116,rkontrol,1,2026-01-03,2026-01,1,0,0
10117,kbtlideri,8,2026-01-03,2026-01,8,0,0
10118,saskin,27,2026-01-03,2026-01,27,0,0
10119,ebalaban,4,2026-01-03,2026-01,4,0,0
10120,mceylan,7,2026-01-03,2026-01,7,0,0
10121,BSOGUT,1,2026-01-04,2026-01,0,0,1
10122,uunver,10,2026-01-04,2026-01,10,0,0
10123,egonce,15,2026-01-04,2026-01,11,4,0
10124,mkarsiv,5,2026-01-04,2026-01,3,2,0
10125,aildeniz,7,2026-01-04,2026-01,0,7,0
10126,ierdil,7,2026-01-04,2026-01,2,5,0
10127,fgulsever,16,2026-01-04,2026-01,0,16,0
10128,aapak,73,2026-01-04,2026-01,0,73,0
10129,acelebi,6,2026-01-04,2026-01,6,0,0
10130,gekim,177,2026-01-04,2026-01,0,177,0
10131,dnoic,7,2026-01-04,2026-01,7,0,0
10132,TIRMAK,93,2026-01-04,2026-01,18,30,45
10133,aayhan,125,2026-01-04,2026-01,101,24,0
10134,nakilli,1,2026-01-04,2026-01,1,0,0
10135,fbasak,3,2026-01-04,2026-01,3,0,0
10136,tcapkin,7,2026-01-04,2026-01,4,3,0
10137,abarkod,26,2026-01-04,2026-01,0,26,0
10138,kbtlideri,1,2026-01-05,2026-01,0,1,0
10139,ierdil,8,2026-01-05,2026-01,3,5,0
10140,pstjbmetiner,5,2026-01-05,2026-01,4,1,0
10141,sakgumus,1,2026-01-05,2026-01,0,1,0
10142,zyuksel,7,2026-01-05,2026-01,7,0,0
10143,hakand,77,2026-01-05,2026-01,77,0,0
10144,itopcu,8,2026-01-05,2026-01,8,0,0
10145,fgulsever,13,2026-01-05,2026-01,0,13,0
10146,bbugdayci,1,2026-01-05,2026-01,0,1,0
10147,mecigdem,12,2026-01-05,2026-01,10,2,0
10148,udalyan,4,2026-01-05,2026-01,0,3,1
10149,gsapmaz,2,2026-01-05,2026-01,2,0,0
10150,stjegitim,5,2026-01-05,2026-01,1,4,0
10151,hakdemir,4,2026-01-05,2026-01,4,0,0
10152,mkarsiv,2,2026-01-05,2026-01,2,0,0
10153,egonce,32,2026-01-05,2026-01,10,22,0
10154,aapak,26,2026-01-05,2026-01,12,14,0
10155,mbayirli,1,2026-01-05,2026-01,1,0,0
10156,msevim,19,2026-01-05,2026-01,10,9,0
10157,hbinay,2,2026-01-05,2026-01,2,0,0
10158,gbalvan,3,2026-01-05,2026-01,0,3,0
10159,dcolor,54,2026-01-05,2026-01,1,53,0
10160,sutetik,3,2026-01-05,2026-01,0,3,0
10161,ersener,1,2026-01-05,2026-01,1,0,0
10162,hbulut,37,2026-01-05,2026-01,37,0,0
10163,bfirat,23,2026-01-05,2026-01,22,1,0
10164,fcolak,2,2026-01-05,2026-01,2,0,0
10165,gakca,3,2026-01-05,2026-01,3,0,0
10166,ttlideri,19,2026-01-05,2026-01,19,0,0
10167,ekaragoz,47,2026-01-05,2026-01,47,0,0
10168,akamera,22,2026-01-05,2026-01,5,17,0
10169,edemirbas,4,2026-01-05,2026-01,4,0,0
10170,gekim,76,2026-01-05,2026-01,0,76,0
10171,tcapkin,2,2026-01-05,2026-01,0,2,0
10172,oyurtsever,1,2026-01-05,2026-01,1,0,0
10173,ntanriverdi,3,2026-01-05,2026-01,0,3,0
10174,asablon,12,2026-01-05,2026-01,12,0,0
10175,fbasak,3,2026-01-05,2026-01,3,0,0
10176,cer,39,2026-01-05,2026-01,39,0,0
10177,ogun,4,2026-01-05,2026-01,2,2,0
10178,aayhan,221,2026-01-05,2026-01,4,215,2
10179,mkofis,14,2026-01-05,2026-01,11,3,0
10180,obali,18,2026-01-05,2026-01,14,1,3
10181,abarkod,1,2026-01-05,2026-01,0,1,0
10182,fimetin,7,2026-01-05,2026-01,0,7,0
10183,MMUTLU,12,2026-01-05,2026-01,8,3,1
10184,amasun,72,2026-01-05,2026-01,8,64,0
10185,ebalaban,61,2026-01-05,2026-01,61,0,0
10186,caozturk,2,2026-01-05,2026-01,2,0,0
10187,dnoic,26,2026-01-05,2026-01,26,0,0
10188,fozay,1,2026-01-05,2026-01,1,0,0
10189,TIRMAK,4,2026-01-05,2026-01,4,0,0
10190,tevirgen,10,2026-01-05,2026-01,4,6,0
10191,mertan,9,2026-01-05,2026-01,9,0,0
10192,sulger,12,2026-01-05,2026-01,12,0,0
10193,ekaradavut,3,2026-01-05,2026-01,0,3,0
10194,oicoz,6,2026-01-05,2026-01,6,0,0
10195,ddcozgu,2,2026-01-06,2026-01,2,0,0
10196,cyildiz,2,2026-01-06,2026-01,1,1,0
10197,ebadem,3,2026-01-06,2026-01,3,0,0
10198,nsevkiyat,50,2026-01-06,2026-01,50,0,0
10199,fgulsever,41,2026-01-06,2026-01,0,41,0
10200,gsapmaz,7,2026-01-06,2026-01,6,1,0
10201,hakand,3,2026-01-06,2026-01,3,0,0
10202,mecigdem,2,2026-01-06,2026-01,0,2,0
10203,egonce,10,2026-01-06,2026-01,2,8,0
10204,udalyan,1,2026-01-06,2026-01,1,0,0
10205,ierdil,5,2026-01-06,2026-01,0,5,0
10206,herbilgin,8,2026-01-06,2026-01,8,0,0
10207,eozkan,3,2026-01-06,2026-01,3,0,0
10208,mbayirli,1,2026-01-06,2026-01,1,0,0
10209,msevim,8,2026-01-06,2026-01,5,3,0
10210,mmollaoglu,1,2026-01-06,2026-01,1,0,0
10211,sapra,7,2026-01-06,2026-01,0,7,0
10212,gbalvan,3,2026-01-06,2026-01,0,3,0
10213,dcolor,101,2026-01-06,2026-01,0,101,0
10214,sutetik,23,2026-01-06,2026-01,1,22,0
10215,ersener,1,2026-01-06,2026-01,1,0,0
10216,hbulut,31,2026-01-06,2026-01,28,3,0
10217,bfirat,42,2026-01-06,2026-01,27,15,0
10218,aapak,40,2026-01-06,2026-01,0,40,0
10219,hakdemir,5,2026-01-06,2026-01,4,1,0
10220,gakca,1,2026-01-06,2026-01,0,1,0
10221,saskin,53,2026-01-06,2026-01,53,0,0
10222,gekim,80,2026-01-06,2026-01,0,80,0
10223,akamera,2,2026-01-06,2026-01,0,2,0
10224,abarkod,1,2026-01-06,2026-01,0,1,0
10225,asablon,1,2026-01-06,2026-01,1,0,0
10226,cer,8,2026-01-06,2026-01,7,1,0
10227,ogun,1,2026-01-06,2026-01,1,0,0
10228,aayhan,57,2026-01-06,2026-01,8,49,0
10229,MMUTLU,2,2026-01-06,2026-01,0,2,0
10230,fimetin,14,2026-01-06,2026-01,14,0,0
10231,ggirgin,17,2026-01-06,2026-01,6,7,4
10232,ekaradavut,1,2026-01-06,2026-01,1,0,0
10233,mertan,1,2026-01-06,2026-01,1,0,0
10234,obali,1,2026-01-06,2026-01,0,1,0
10235,ogungor,1,2026-01-06,2026-01,1,0,0
10236,ayyilmaz,13,2026-01-06,2026-01,4,9,0
10237,zkurt,7,2026-01-06,2026-01,1,6,0
10238,fozay,10,2026-01-06,2026-01,10,0,0
10239,amasun,9,2026-01-06,2026-01,2,7,0
10240,ebalaban,25,2026-01-06,2026-01,25,0,0
10241,eanli,2,2026-01-06,2026-01,0,2,0
10242,dnoic,26,2026-01-06,2026-01,22,3,1
10243,oicoz,9,2026-01-06,2026-01,5,4,0
10244,nibolkis,4,2026-01-06,2026-01,4,0,0
10245,nbolkis,8,2026-01-06,2026-01,8,0,0
10246,caozturk,5,2026-01-06,2026-01,0,5,0
10247,rkontrol,1,2026-01-07,2026-01,1,0,0
10248,ierdil,9,2026-01-07,2026-01,2,7,0
10249,pstjbmetiner,3,2026-01-07,2026-01,3,0,0
10250,VBAYANER,5,2026-01-07,2026-01,5,0,0
10251,itopcu,3,2026-01-07,2026-01,2,1,0
10252,esaribuyuk,1,2026-01-07,2026-01,0,1,0
10253,BSOGUT,2,2026-01-07,2026-01,0,2,0
10254,mecigdem,6,2026-01-07,2026-01,4,2,0
10255,udalyan,2,2026-01-07,2026-01,1,1,0
10256,aapak,60,2026-01-07,2026-01,0,60,0
10257,fgulsever,100,2026-01-07,2026-01,0,100,0
10258,stjegitim,3,2026-01-07,2026-01,3,0,0
10259,bfirat,5,2026-01-07,2026-01,5,0,0
10260,fcolak,18,2026-01-07,2026-01,8,10,0
10261,mkarsiv,1,2026-01-07,2026-01,1,0,0
10262,egonce,13,2026-01-07,2026-01,2,11,0
10263,hakdemir,20,2026-01-07,2026-01,20,0,0
10264,uunver,4,2026-01-07,2026-01,4,0,0
10265,msevim,5,2026-01-07,2026-01,4,1,0
10266,sbayiroglu,1,2026-01-07,2026-01,0,0,1
10267,gbalvan,1,2026-01-07,2026-01,0,1,0
10268,dcolor,98,2026-01-07,2026-01,0,98,0
10269,sutetik,13,2026-01-07,2026-01,0,13,0
10270,hbulut,2,2026-01-07,2026-01,2,0,0
10271,oguler,1,2026-01-07,2026-01,1,0,0
10272,acelebi,2,2026-01-07,2026-01,1,1,0
10273,fyakut,2,2026-01-07,2026-01,2,0,0
10274,gsapmaz,39,2026-01-07,2026-01,26,13,0
10275,saskin,6,2026-01-07,2026-01,6,0,0
10276,adogan,1,2026-01-07,2026-01,1,0,0
10277,akamera,6,2026-01-07,2026-01,0,6,0
10278,abarkod,3,2026-01-07,2026-01,0,3,0
10279,ttlideri,5,2026-01-07,2026-01,0,5,0
10280,vgemici,8,2026-01-07,2026-01,7,1,0
10281,ntanriverdi,12,2026-01-07,2026-01,8,4,0
10282,bkibar,4,2026-01-07,2026-01,0,4,0
10283,asablon,1,2026-01-07,2026-01,1,0,0
10284,aayhan,5,2026-01-07,2026-01,2,3,0
10285,dyavuzkasap,1,2026-01-07,2026-01,1,0,0
10286,obali,45,2026-01-07,2026-01,33,12,0
10287,MMUTLU,14,2026-01-07,2026-01,7,1,6
10288,fimetin,30,2026-01-07,2026-01,9,21,0
10289,TIRMAK,3,2026-01-07,2026-01,0,0,3
10290,mertan,4,2026-01-07,2026-01,4,0,0
10291,ggirgin,15,2026-01-07,2026-01,13,2,0
10292,gekim,45,2026-01-07,2026-01,2,43,0
10293,ekaragoz,1,2026-01-07,2026-01,1,0,0
10294,amasun,6,2026-01-07,2026-01,0,6,0
10295,ebalaban,22,2026-01-07,2026-01,22,0,0
10296,caozturk,4,2026-01-07,2026-01,2,2,0
10297,eanli,7,2026-01-07,2026-01,7,0,0
10298,ogungor,36,2026-01-07,2026-01,34,2,0
10299,eulsever,8,2026-01-07,2026-01,0,8,0
10300,tevirgen,45,2026-01-07,2026-01,4,5,36
10301,ayyilmaz,13,2026-01-07,2026-01,13,0,0
10302,dnoic,24,2026-01-07,2026-01,24,0,0
10303,mecigdem,3,2026-01-08,2026-01,1,2,0
10304,fgulsever,43,2026-01-08,2026-01,0,43,0
10305,itopcu,18,2026-01-08,2026-01,17,1,0
10306,gsapmaz,33,2026-01-08,2026-01,4,29,0
10307,mguder,174,2026-01-08,2026-01,110,64,0
10308,zyuksel,140,2026-01-08,2026-01,140,0,0
10309,ierdil,7,2026-01-08,2026-01,0,7,0
10310,mguray,8,2026-01-08,2026-01,7,1,0
10311,ytinmaz,2,2026-01-08,2026-01,2,0,0
10312,fcolak,8,2026-01-08,2026-01,8,0,0
10313,eozkan,20,2026-01-08,2026-01,5,15,0
10314,uunver,1,2026-01-08,2026-01,1,0,0
10315,msevim,4,2026-01-08,2026-01,2,2,0
10316,sbayiroglu,3,2026-01-08,2026-01,0,0,3
10317,udalyan,2,2026-01-08,2026-01,2,0,0
10318,gbalvan,2,2026-01-08,2026-01,0,2,0
10319,dcolor,82,2026-01-08,2026-01,0,82,0
10320,ersener,19,2026-01-08,2026-01,19,0,0
10321,hbulut,59,2026-01-08,2026-01,41,18,0
10322,satinalmastajyer,15,2026-01-08,2026-01,14,1,0
10323,egonce,21,2026-01-08,2026-01,6,15,0
10324,aapak,27,2026-01-08,2026-01,0,27,0
10325,sutetik,1,2026-01-08,2026-01,1,0,0
10326,fyakut,3,2026-01-08,2026-01,3,0,0
10327,ubasdas,2,2026-01-08,2026-01,2,0,0
10328,akamera,4,2026-01-08,2026-01,0,4,0
10329,abarkod,2,2026-01-08,2026-01,0,2,0
10330,ttlideri,2,2026-01-08,2026-01,2,0,0
10331,fbasak,7,2026-01-08,2026-01,7,0,0
10332,aayhan,16,2026-01-08,2026-01,0,16,0
10333,obali,4,2026-01-08,2026-01,0,3,1
10334,MMUTLU,2,2026-01-08,2026-01,0,0,2
10335,fimetin,12,2026-01-08,2026-01,6,6,0
10336,ggirgin,160,2026-01-08,2026-01,9,4,147
10337,hakdemir,9,2026-01-08,2026-01,4,5,0
10338,tevirgen,7,2026-01-08,2026-01,5,2,0
10339,saskin,3,2026-01-08,2026-01,3,0,0
10340,gekim,25,2026-01-08,2026-01,0,25,0
10341,SUYILMAZ,3,2026-01-08,2026-01,3,0,0
10342,amasun,5,2026-01-08,2026-01,0,5,0
10343,mertan,8,2026-01-08,2026-01,7,1,0
10344,caozturk,15,2026-01-08,2026-01,15,0,0
10345,oicoz,3,2026-01-08,2026-01,3,0,0
10346,ogungor,3,2026-01-08,2026-01,2,1,0
10347,gayilmaz,40,2026-01-08,2026-01,40,0,0
10348,ebalaban,28,2026-01-08,2026-01,28,0,0
10349,itopcu,12,2026-01-09,2026-01,12,0,0
10350,gsapmaz,2,2026-01-09,2026-01,2,0,0
10351,mguder,4,2026-01-09,2026-01,0,4,0
10352,ierdil,9,2026-01-09,2026-01,0,9,0
10353,mguray,2,2026-01-09,2026-01,2,0,0
10354,rkontrol,1,2026-01-09,2026-01,1,0,0
10355,ytinmaz,9,2026-01-09,2026-01,9,0,0
10356,stjegitim,92,2026-01-09,2026-01,61,19,12
10357,hakdemir,3,2026-01-09,2026-01,0,3,0
10358,msevim,3,2026-01-09,2026-01,3,0,0
10359,eozkan,22,2026-01-09,2026-01,22,0,0
10360,mecigdem,3,2026-01-09,2026-01,0,3,0
10361,dcolor,71,2026-01-09,2026-01,0,71,0
10362,sutetik,6,2026-01-09,2026-01,1,5,0
10363,hbulut,1,2026-01-09,2026-01,1,0,0
10364,bfirat,19,2026-01-09,2026-01,19,0,0
10365,VBAYANER,2,2026-01-09,2026-01,2,0,0
10366,mkarsiv,3,2026-01-09,2026-01,3,0,0
10367,gbalvan,2,2026-01-09,2026-01,0,2,0
10368,udalyan,34,2026-01-09,2026-01,0,0,34
10369,adogan,4,2026-01-09,2026-01,4,0,0
10370,akamera,3,2026-01-09,2026-01,0,3,0
10371,gakca,1,2026-01-09,2026-01,1,0,0
10372,mkarabiyik,6,2026-01-09,2026-01,6,0,0
10373,mkofis,11,2026-01-09,2026-01,11,0,0
10374,obali,6,2026-01-09,2026-01,0,6,0
10375,MMUTLU,108,2026-01-09,2026-01,106,2,0
10376,fimetin,14,2026-01-09,2026-01,11,3,0
10377,snazli,1,2026-01-09,2026-01,1,0,0
10378,ntanriverdi,23,2026-01-09,2026-01,23,0,0
10379,ggirgin,25,2026-01-09,2026-01,20,0,5
10380,gkenarli,2,2026-01-09,2026-01,2,0,0
10381,fozay,52,2026-01-09,2026-01,39,13,0
10382,amasun,2,2026-01-09,2026-01,1,1,0
10383,ebalaban,13,2026-01-09,2026-01,13,0,0
10384,caozturk,13,2026-01-09,2026-01,7,0,6
10385,gayilmaz,14,2026-01-09,2026-01,6,8,0
10386,tevirgen,14,2026-01-09,2026-01,2,7,5
10387,ogungor,14,2026-01-09,2026-01,11,3,0
10388,mertan,3,2026-01-09,2026-01,1,2,0
10389,dcolor,43,2026-01-10,2026-01,0,43,0
10390,hakdemir,3,2026-01-10,2026-01,2,1,0
10391,rkontrol,1,2026-01-10,2026-01,0,1,0
10392,mkarsiv,1,2026-01-10,2026-01,1,0,0
10393,mkarabiyik,19,2026-01-10,2026-01,18,1,0
10394,mecigdem,16,2026-01-10,2026-01,12,4,0
10395,ebalaban,14,2026-01-10,2026-01,14,0,0
10396,bunver,1,2026-01-11,2026-01,1,0,0
10397,aapak,60,2026-01-11,2026-01,30,30,0
10398,dcolor,8,2026-01-11,2026-01,0,8,0
10399,egonce,19,2026-01-11,2026-01,5,14,0
10400,ierdil,14,2026-01-11,2026-01,6,8,0
10401,fgulsever,76,2026-01-11,2026-01,0,76,0
10402,mceylan,9,2026-01-11,2026-01,9,0,0
10403,gekim,35,2026-01-11,2026-01,0,35,0
10404,dnoic,20,2026-01-11,2026-01,12,3,5
10405,mkorucu,9,2026-01-11,2026-01,9,0,0
10406,fbasak,13,2026-01-11,2026-01,12,1,0
10407,nkorkmaz,2,2026-01-11,2026-01,2,0,0
10408,abarkod,21,2026-01-11,2026-01,0,21,0
10409,sfirinci,11,2026-01-11,2026-01,11,0,0
10410,acelebi,5,2026-01-12,2026-01,5,0,0
10411,bbugdayci,1,2026-01-12,2026-01,0,1,0
10412,ebadem,2,2026-01-12,2026-01,2,0,0
10413,nsevkiyat,45,2026-01-12,2026-01,45,0,0
10414,fgulsever,2,2026-01-12,2026-01,0,2,0
10415,pstjbmetiner,8,2026-01-12,2026-01,7,1,0
10416,gsapmaz,2,2026-01-12,2026-01,2,0,0
10417,mkarsiv,6,2026-01-12,2026-01,6,0,0
10418,mecigdem,2,2026-01-12,2026-01,0,2,0
10419,ierdil,8,2026-01-12,2026-01,3,5,0
10420,egonce,13,2026-01-12,2026-01,13,0,0
10421,hbinay,2,2026-01-12,2026-01,2,0,0
10422,msevim,7,2026-01-12,2026-01,2,5,0
10423,udalyan,6,2026-01-12,2026-01,1,4,1
10424,eozkan,4,2026-01-12,2026-01,4,0,0
10425,gbalvan,6,2026-01-12,2026-01,0,6,0
10426,dcolor,74,2026-01-12,2026-01,11,63,0
10427,sutetik,9,2026-01-12,2026-01,1,8,0
10428,ersener,6,2026-01-12,2026-01,6,0,0
10429,hbulut,81,2026-01-12,2026-01,79,2,0
10430,VBAYANER,1,2026-01-12,2026-01,1,0,0
10431,bunver,10,2026-01-12,2026-01,10,0,0
10432,hakdemir,2,2026-01-12,2026-01,2,0,0
10433,aapak,47,2026-01-12,2026-01,0,47,0
10434,rkontrol,3,2026-01-12,2026-01,3,0,0
10435,gakca,7,2026-01-12,2026-01,4,3,0
10436,ubasdas,1,2026-01-12,2026-01,0,1,0
10437,akamera,1,2026-01-12,2026-01,0,1,0
10438,ttlideri,1,2026-01-12,2026-01,1,0,0
10439,tcapkin,9,2026-01-12,2026-01,0,9,0
10440,ntanriverdi,32,2026-01-12,2026-01,31,1,0
10441,aayhan,400,2026-01-12,2026-01,38,351,11
10442,mkofis,1,2026-01-12,2026-01,1,0,0
10443,MMUTLU,5,2026-01-12,2026-01,3,2,0
10444,fimetin,68,2026-01-12,2026-01,4,64,0
10445,ggirgin,23,2026-01-12,2026-01,10,13,0
10446,okorucu,4,2026-01-12,2026-01,4,0,0
10447,obali,12,2026-01-12,2026-01,5,7,0
10448,tevirgen,3,2026-01-12,2026-01,2,1,0
10449,mertan,93,2026-01-12,2026-01,23,70,0
10450,fozay,10,2026-01-12,2026-01,6,4,0
10451,amasun,9,2026-01-12,2026-01,0,9,0
10452,ebalaban,26,2026-01-12,2026-01,21,5,0
10453,caozturk,17,2026-01-12,2026-01,12,5,0
10454,sfirinci,6,2026-01-12,2026-01,4,2,0
10455,gcevik,8,2026-01-12,2026-01,8,0,0
10456,ogungor,30,2026-01-12,2026-01,16,14,0
10457,gayilmaz,1,2026-01-12,2026-01,1,0,0
10458,dnoic,32,2026-01-12,2026-01,32,0,0
10459,kbtlideri,2,2026-01-13,2026-01,2,0,0
10460,aapak,39,2026-01-13,2026-01,0,39,0
10461,udalyan,9,2026-01-13,2026-01,3,0,6
10462,mecigdem,1,2026-01-13,2026-01,0,1,0
10463,BSOGUT,8,2026-01-13,2026-01,2,6,0
10464,fgulsever,35,2026-01-13,2026-01,3,32,0
10465,gsapmaz,29,2026-01-13,2026-01,28,1,0
10466,carican,1,2026-01-13,2026-01,0,1,0
10467,mguder,2,2026-01-13,2026-01,2,0,0
10468,ierdil,11,2026-01-13,2026-01,2,9,0
10469,mguray,1,2026-01-13,2026-01,1,0,0
10470,rkontrol,10,2026-01-13,2026-01,4,6,0
10471,VBAYANER,16,2026-01-13,2026-01,0,16,0
10472,fcolak,13,2026-01-13,2026-01,13,0,0
10473,mkarsiv,2,2026-01-13,2026-01,2,0,0
10474,egonce,12,2026-01-13,2026-01,6,6,0
10475,hakdemir,6,2026-01-13,2026-01,5,1,0
10476,msevim,8,2026-01-13,2026-01,6,2,0
10477,rshazirlama,3,2026-01-13,2026-01,2,1,0
10478,gbalvan,5,2026-01-13,2026-01,0,5,0
10479,dcolor,75,2026-01-13,2026-01,12,63,0
10480,sutetik,13,2026-01-13,2026-01,0,13,0
10481,hbulut,3,2026-01-13,2026-01,2,1,0
10482,gakca,2,2026-01-13,2026-01,1,1,0
10483,acelebi,8,2026-01-13,2026-01,0,8,0
10484,fyakut,1,2026-01-13,2026-01,1,0,0
10485,mkofis,7,2026-01-13,2026-01,4,3,0
10486,gekim,35,2026-01-13,2026-01,0,35,0
10487,adogan,2,2026-01-13,2026-01,2,0,0
10488,abarkod,3,2026-01-13,2026-01,0,3,0
10489,ttlideri,2,2026-01-13,2026-01,2,0,0
10490,tcapkin,12,2026-01-13,2026-01,1,11,0
10491,ntanriverdi,7,2026-01-13,2026-01,7,0,0
10492,fbasak,3,2026-01-13,2026-01,3,0,0
10493,cer,3,2026-01-13,2026-01,2,1,0
10494,aayhan,32,2026-01-13,2026-01,28,4,0
10495,mkarabiyik,1,2026-01-13,2026-01,0,1,0
10496,obali,55,2026-01-13,2026-01,44,11,0
10497,fimetin,4,2026-01-13,2026-01,3,1,0
10498,akamera,5,2026-01-13,2026-01,0,5,0
10499,ekaradavut,2,2026-01-13,2026-01,2,0,0
10500,ggirgin,26,2026-01-13,2026-01,0,0,26
10501,amasun,20,2026-01-13,2026-01,0,20,0
10502,ebalaban,20,2026-01-13,2026-01,20,0,0
10503,dnoic,25,2026-01-13,2026-01,25,0,0
10504,ckarahasan,6,2026-01-13,2026-01,4,2,0
10505,eanli,8,2026-01-13,2026-01,0,8,0
10506,gayilmaz,23,2026-01-13,2026-01,23,0,0
10507,tevirgen,10,2026-01-13,2026-01,5,5,0
10508,ayyilmaz,8,2026-01-13,2026-01,5,3,0
10509,mertan,10,2026-01-13,2026-01,9,1,0
10510,okanat,2,2026-01-13,2026-01,2,0,0
10511,fgulsever,29,2026-01-14,2026-01,0,29,0
10512,rkontrol,13,2026-01-14,2026-01,9,4,0
10513,itopcu,1,2026-01-14,2026-01,1,0,0
10514,baozturk,2,2026-01-14,2026-01,2,0,0
10515,carican,6,2026-01-14,2026-01,5,1,0
10516,sakgumus,16,2026-01-14,2026-01,0,16,0
10517,ierdil,13,2026-01-14,2026-01,6,7,0
10518,mguray,10,2026-01-14,2026-01,10,0,0
10519,nsevkiyat,30,2026-01-14,2026-01,30,0,0
10520,aildeniz,1,2026-01-14,2026-01,1,0,0
10521,bbugdayci,2,2026-01-14,2026-01,0,2,0
10522,eozkan,2,2026-01-14,2026-01,1,1,0
10523,hakdemir,60,2026-01-14,2026-01,45,15,0
10524,msevim,4,2026-01-14,2026-01,4,0,0
10525,rshazirlama,6,2026-01-14,2026-01,6,0,0
10526,sapra,13,2026-01-14,2026-01,13,0,0
10527,gbalvan,1,2026-01-14,2026-01,0,1,0
10528,dcolor,69,2026-01-14,2026-01,18,51,0
10529,ekoksal,4,2026-01-14,2026-01,2,2,0
10530,sutetik,20,2026-01-14,2026-01,0,20,0
10531,hbulut,9,2026-01-14,2026-01,8,1,0
10532,hakand,3,2026-01-14,2026-01,2,0,1
10533,egonce,15,2026-01-14,2026-01,11,4,0
10534,mecigdem,1,2026-01-14,2026-01,0,1,0
10535,acelebi,1,2026-01-14,2026-01,0,1,0
10536,aapak,29,2026-01-14,2026-01,0,29,0
10537,akamera,7,2026-01-14,2026-01,0,7,0
10538,abarkod,1,2026-01-14,2026-01,0,1,0
10539,vgemici,3,2026-01-14,2026-01,2,1,0
10540,tcapkin,4,2026-01-14,2026-01,0,4,0
10541,ntanriverdi,38,2026-01-14,2026-01,34,4,0
10542,fbasak,1,2026-01-14,2026-01,1,0,0
10543,aayhan,73,2026-01-14,2026-01,39,34,0
10544,obali,30,2026-01-14,2026-01,28,2,0
10545,ggirgin,1,2026-01-14,2026-01,1,0,0
10546,mertan,2,2026-01-14,2026-01,0,2,0
10547,udalyan,1,2026-01-14,2026-01,0,0,1
10548,ngogce,3,2026-01-14,2026-01,0,3,0
10549,gayilmaz,4,2026-01-14,2026-01,4,0,0
10550,ogungor,7,2026-01-14,2026-01,6,1,0
10551,caki,10,2026-01-14,2026-01,8,2,0
10552,ckarahasan,5,2026-01-14,2026-01,1,4,0
10553,dnoic,52,2026-01-14,2026-01,51,1,0
10554,ebalaban,76,2026-01-14,2026-01,76,0,0
10555,amasun,14,2026-01-14,2026-01,14,0,0
10556,fozay,17,2026-01-14,2026-01,14,3,0
10557,zkurt,3,2026-01-14,2026-01,3,0,0
10558,gekim,11,2026-01-14,2026-01,0,11,0
10559,gakca,8,2026-01-14,2026-01,5,3,0
10560,tevirgen,59,2026-01-14,2026-01,45,14,0
10561,aildeniz,7,2026-01-15,2026-01,7,0,0
10562,mguray,2,2026-01-15,2026-01,2,0,0
10563,ierdil,9,2026-01-15,2026-01,3,6,0
10564,mecigdem,2,2026-01-15,2026-01,0,2,0
10565,gsapmaz,7,2026-01-15,2026-01,7,0,0
10566,BSOGUT,34,2026-01-15,2026-01,34,0,0
10567,hakand,20,2026-01-15,2026-01,20,0,0
10568,rkontrol,9,2026-01-15,2026-01,1,8,0
10569,carican,12,2026-01-15,2026-01,1,11,0
10570,acelebi,17,2026-01-15,2026-01,4,13,0
10571,rshazirlama,9,2026-01-15,2026-01,9,0,0
10572,mkarsiv,3,2026-01-15,2026-01,3,0,0
10573,egonce,9,2026-01-15,2026-01,2,7,0
10574,hakdemir,4,2026-01-15,2026-01,4,0,0
10575,msevim,4,2026-01-15,2026-01,3,1,0
10576,gbalvan,6,2026-01-15,2026-01,0,6,0
10577,dcolor,50,2026-01-15,2026-01,7,43,0
10578,sutetik,16,2026-01-15,2026-01,0,16,0
10579,hbulut,2,2026-01-15,2026-01,2,0,0
10580,bfirat,18,2026-01-15,2026-01,18,0,0
10581,aapak,32,2026-01-15,2026-01,0,32,0
10582,fcolak,7,2026-01-15,2026-01,7,0,0
10583,ubasdas,11,2026-01-15,2026-01,1,10,0
10584,amasun,10,2026-01-15,2026-01,0,10,0
10585,gekim,47,2026-01-15,2026-01,0,47,0
10586,akamera,5,2026-01-15,2026-01,1,4,0
10587,abarkod,20,2026-01-15,2026-01,0,20,0
10588,ntanriverdi,3,2026-01-15,2026-01,2,1,0
10589,gakca,7,2026-01-15,2026-01,3,4,0
10590,aayhan,15,2026-01-15,2026-01,5,10,0
10591,mkofis,16,2026-01-15,2026-01,16,0,0
10592,obali,17,2026-01-15,2026-01,9,5,3
10593,kesmeray,2,2026-01-15,2026-01,2,0,0
10594,fimetin,6,2026-01-15,2026-01,6,0,0
10595,ayyilmaz,3,2026-01-15,2026-01,3,0,0
10596,fbasak,2,2026-01-15,2026-01,2,0,0
10597,gayilmaz,28,2026-01-15,2026-01,26,2,0
10598,tevirgen,13,2026-01-15,2026-01,5,8,0
10599,gbakanoglu,1,2026-01-15,2026-01,1,0,0
10600,ebalaban,36,2026-01-15,2026-01,36,0,0
10601,dnoic,24,2026-01-15,2026-01,21,0,3
10602,fozay,25,2026-01-15,2026-01,19,6,0
10603,mkorucu,11,2026-01-15,2026-01,1,10,0
10604,nibolkis,4,2026-01-15,2026-01,4,0,0
10605,ogungor,3,2026-01-15,2026-01,3,0,0
10606,ckarahasan,7,2026-01-15,2026-01,5,2,0
10607,zyuksel,22,2026-01-16,2026-01,22,0,0
10608,acelebi,5,2026-01-16,2026-01,0,5,0
10609,ierdil,10,2026-01-16,2026-01,2,8,0
10610,mguray,6,2026-01-16,2026-01,5,1,0
10611,rkontrol,10,2026-01-16,2026-01,7,3,0
10612,bfirat,13,2026-01-16,2026-01,13,0,0
10613,mkarsiv,2,2026-01-16,2026-01,2,0,0
10614,dcolor,69,2026-01-16,2026-01,14,55,0
10615,msevim,16,2026-01-16,2026-01,9,7,0
10616,rshazirlama,3,2026-01-16,2026-01,3,0,0
10617,gbalvan,2,2026-01-16,2026-01,0,2,0
10618,sutetik,18,2026-01-16,2026-01,0,18,0
10619,hbulut,12,2026-01-16,2026-01,12,0,0
10620,carican,6,2026-01-16,2026-01,5,1,0
10621,hakdemir,6,2026-01-16,2026-01,4,2,0
10622,hakand,85,2026-01-16,2026-01,85,0,0
10623,tevirgen,24,2026-01-16,2026-01,0,24,0
10624,adogan,2,2026-01-16,2026-01,1,1,0
10625,mecigdem,1,2026-01-16,2026-01,0,1,0
10626,akamera,45,2026-01-16,2026-01,42,3,0
10627,vgemici,1,2026-01-16,2026-01,1,0,0
10628,cer,2,2026-01-16,2026-01,2,0,0
10629,mkarabiyik,2,2026-01-16,2026-01,0,2,0
10630,obali,15,2026-01-16,2026-01,0,15,0
10631,MMUTLU,1,2026-01-16,2026-01,1,0,0
10632,mkofis,4,2026-01-16,2026-01,4,0,0
10633,mertan,6,2026-01-16,2026-01,4,2,0
10634,gayilmaz,4,2026-01-16,2026-01,3,1,0
10635,ogungor,2,2026-01-16,2026-01,2,0,0
10636,ckarahasan,2,2026-01-16,2026-01,2,0,0
10637,ebalaban,15,2026-01-16,2026-01,15,0,0
10638,amasun,18,2026-01-16,2026-01,0,18,0
10639,fimetin,3,2026-01-16,2026-01,3,0,0
10640,eyuksel,46,2026-01-17,2026-01,46,0,0
10641,dcolor,46,2026-01-17,2026-01,0,46,0
10642,hbinay,2,2026-01-17,2026-01,2,0,0
10643,mkarsiv,6,2026-01-17,2026-01,0,6,0
10644,rkontrol,1,2026-01-17,2026-01,1,0,0
10645,mkofis,4,2026-01-17,2026-01,4,0,0
10646,mecigdem,16,2026-01-17,2026-01,16,0,0
10647,ebalaban,7,2026-01-17,2026-01,7,0,0
10648,klaboratuar,2,2026-01-17,2026-01,2,0,0
10649,pstjbmetiner,6,2026-01-17,2026-01,4,2,0
10650,carican,25,2026-01-18,2026-01,2,23,0
10651,mkarsiv,16,2026-01-18,2026-01,16,0,0
10652,fcolak,5,2026-01-18,2026-01,5,0,0
10653,acelebi,7,2026-01-18,2026-01,7,0,0
10654,dcolor,22,2026-01-18,2026-01,10,12,0
10655,ierdil,6,2026-01-18,2026-01,1,5,0
10656,fgulsever,38,2026-01-18,2026-01,0,38,0
10657,rkontrol,3,2026-01-18,2026-01,3,0,0
10658,gekim,55,2026-01-18,2026-01,0,55,0
10659,mkofis,1,2026-01-18,2026-01,1,0,0
10660,aayhan,8,2026-01-18,2026-01,3,5,0
10661,fbasak,3,2026-01-18,2026-01,3,0,0
10662,edemirbas,1,2026-01-18,2026-01,1,0,0
10663,abarkod,3,2026-01-18,2026-01,0,3,0
10664,aapak,69,2026-01-18,2026-01,12,57,0
10665,rkontrol,29,2026-01-19,2026-01,14,15,0
10666,ebadem,3,2026-01-19,2026-01,3,0,0
10667,mguray,1,2026-01-19,2026-01,1,0,0
10668,ierdil,12,2026-01-19,2026-01,1,11,0
10669,pstjbmetiner,5,2026-01-19,2026-01,5,0,0
10670,mguder,5,2026-01-19,2026-01,5,0,0
10671,fgulsever,45,2026-01-19,2026-01,3,42,0
10672,itopcu,24,2026-01-19,2026-01,24,0,0
10673,fcolak,1,2026-01-19,2026-01,1,0,0
10674,BSOGUT,1,2026-01-19,2026-01,1,0,0
10675,hakand,1,2026-01-19,2026-01,1,0,0
10676,mecigdem,4,2026-01-19,2026-01,1,3,0
10677,udalyan,10,2026-01-19,2026-01,5,5,0
10678,carican,1,2026-01-19,2026-01,0,1,0
10679,mkarsiv,1,2026-01-19,2026-01,1,0,0
10680,fdeniz,34,2026-01-19,2026-01,34,0,0
10681,uunver,16,2026-01-19,2026-01,16,0,0
10682,msevim,19,2026-01-19,2026-01,11,8,0
10683,rshazirlama,1,2026-01-19,2026-01,1,0,0
10684,tcakan,12,2026-01-19,2026-01,0,12,0
10685,eozkan,2,2026-01-19,2026-01,2,0,0
10686,gbalvan,3,2026-01-19,2026-01,0,3,0
10687,bunver,1,2026-01-19,2026-01,1,0,0
10688,akocak,4,2026-01-19,2026-01,4,0,0
10689,dcolor,66,2026-01-19,2026-01,21,45,0
10690,sutetik,6,2026-01-19,2026-01,0,6,0
10691,hbulut,35,2026-01-19,2026-01,35,0,0
10692,akapucu,9,2026-01-19,2026-01,9,0,0
10693,bfirat,4,2026-01-19,2026-01,4,0,0
10694,aapak,15,2026-01-19,2026-01,0,15,0
10695,egonce,11,2026-01-19,2026-01,0,11,0
10696,mceylan,1,2026-01-19,2026-01,1,0,0
10697,fbasak,2,2026-01-19,2026-01,2,0,0
10698,ubasdas,8,2026-01-19,2026-01,2,6,0
10699,ELOFCA,3,2026-01-19,2026-01,0,3,0
10700,akamera,1,2026-01-19,2026-01,0,1,0
10701,abarkod,2,2026-01-19,2026-01,0,2,0
10702,tcapkin,70,2026-01-19,2026-01,0,70,0
10703,ntanriverdi,12,2026-01-19,2026-01,12,0,0
10704,asablon,17,2026-01-19,2026-01,17,0,0
10705,cer,10,2026-01-19,2026-01,10,0,0
10706,aayhan,118,2026-01-19,2026-01,41,77,0
10707,scolak,3,2026-01-19,2026-01,3,0,0
10708,obali,4,2026-01-19,2026-01,0,4,0
10709,MMUTLU,2,2026-01-19,2026-01,2,0,0
10710,fimetin,3,2026-01-19,2026-01,3,0,0
10711,ggirgin,10,2026-01-19,2026-01,7,3,0
10712,ekaradavut,10,2026-01-19,2026-01,2,8,0
10713,mertan,2,2026-01-19,2026-01,1,1,0
10714,vgemici,1,2026-01-19,2026-01,0,1,0
10715,gayilmaz,7,2026-01-19,2026-01,7,0,0
10716,tevirgen,27,2026-01-19,2026-01,7,20,0
10717,gakca,6,2026-01-19,2026-01,6,0,0
10718,sfirinci,3,2026-01-19,2026-01,1,2,0
10719,gekim,50,2026-01-19,2026-01,0,50,0
10720,eanli,5,2026-01-19,2026-01,0,5,0
10721,fozay,18,2026-01-19,2026-01,17,1,0
10722,adogan,1,2026-01-19,2026-01,1,0,0
10723,ebalaban,43,2026-01-19,2026-01,43,0,0
10724,caozturk,2,2026-01-19,2026-01,2,0,0
10725,ckarahasan,19,2026-01-19,2026-01,11,8,0
10726,gcevik,2,2026-01-19,2026-01,2,0,0
10727,mkorucu,7,2026-01-19,2026-01,3,4,0
10728,amasun,21,2026-01-19,2026-01,16,5,0
10729,ogungor,7,2026-01-19,2026-01,5,2,0
10730,sekisa,14,2026-01-20,2026-01,14,0,0
10731,aakyildiz,14,2026-01-20,2026-01,14,0,0
10732,acelebi,2,2026-01-20,2026-01,2,0,0
10733,rkontrol,21,2026-01-20,2026-01,19,2,0
10734,gsapmaz,1,2026-01-20,2026-01,0,1,0
10735,carican,1,2026-01-20,2026-01,0,1,0
10736,fgulsever,32,2026-01-20,2026-01,0,32,0
10737,mecigdem,21,2026-01-20,2026-01,19,2,0
10738,egonce,91,2026-01-20,2026-01,79,12,0
10739,aapak,41,2026-01-20,2026-01,0,41,0
10740,ierdil,5,2026-01-20,2026-01,1,4,0
10741,hakdemir,14,2026-01-20,2026-01,14,0,0
10742,gbalvan,5,2026-01-20,2026-01,0,5,0
10743,rshazirlama,25,2026-01-20,2026-01,25,0,0
10744,hbinay,3,2026-01-20,2026-01,3,0,0
10745,mmollaoglu,3,2026-01-20,2026-01,1,2,0
10746,BDEMIRAL,13,2026-01-20,2026-01,6,7,0
10747,eozkan,7,2026-01-20,2026-01,5,2,0
10748,dcolor,111,2026-01-20,2026-01,33,78,0
10749,sutetik,10,2026-01-20,2026-01,0,10,0
10750,ersener,1,2026-01-20,2026-01,1,0,0
10751,hbulut,6,2026-01-20,2026-01,6,0,0
10752,VBAYANER,16,2026-01-20,2026-01,0,16,0
10753,ELOFCA,4,2026-01-20,2026-01,0,2,2
10754,msevim,6,2026-01-20,2026-01,5,1,0
10755,ubasdas,16,2026-01-20,2026-01,16,0,0
10756,adogan,9,2026-01-20,2026-01,9,0,0
10757,mkofis,3,2026-01-20,2026-01,3,0,0
10758,gakca,5,2026-01-20,2026-01,2,3,0
10759,abarkod,17,2026-01-20,2026-01,0,17,0
10760,ntanriverdi,8,2026-01-20,2026-01,8,0,0
10761,asablon,1,2026-01-20,2026-01,1,0,0
10762,tyaman,33,2026-01-20,2026-01,29,4,0
10763,fbasak,4,2026-01-20,2026-01,4,0,0
10764,cer,5,2026-01-20,2026-01,4,1,0
10765,dyavuzkasap,1,2026-01-20,2026-01,0,1,0
10766,obali,5,2026-01-20,2026-01,4,0,1
10767,fimetin,1,2026-01-20,2026-01,0,1,0
10768,gkenarli,3,2026-01-20,2026-01,3,0,0
10769,ggirgin,11,2026-01-20,2026-01,7,4,0
10770,sucakir,30,2026-01-20,2026-01,29,1,0
10771,tevirgen,10,2026-01-20,2026-01,10,0,0
10772,gekim,78,2026-01-20,2026-01,0,78,0
10773,fozay,28,2026-01-20,2026-01,26,2,0
10774,amasun,22,2026-01-20,2026-01,8,14,0
10775,ebalaban,30,2026-01-20,2026-01,24,6,0
10776,mertan,4,2026-01-20,2026-01,2,2,0
10777,ckarahasan,7,2026-01-20,2026-01,6,1,0
10778,caozturk,44,2026-01-20,2026-01,2,42,0
10779,klaboratuar,4,2026-01-20,2026-01,0,4,0
10780,kkaplan,68,2026-01-20,2026-01,64,4,0
10781,gayilmaz,8,2026-01-20,2026-01,6,2,0
10782,gcevik,12,2026-01-20,2026-01,12,0,0
10783,rkontrol,8,2026-01-21,2026-01,7,1,0
10784,kbtlideri,3,2026-01-21,2026-01,3,0,0
10785,zyuksel,6,2026-01-21,2026-01,6,0,0
10786,ierdil,13,2026-01-21,2026-01,4,9,0
10787,pstjbmetiner,5,2026-01-21,2026-01,3,2,0
10788,carican,1,2026-01-21,2026-01,0,1,0
10789,udalyan,11,2026-01-21,2026-01,6,5,0
10790,bfirat,27,2026-01-21,2026-01,27,0,0
10791,BSOGUT,2,2026-01-21,2026-01,1,1,0
10792,esaribuyuk,10,2026-01-21,2026-01,0,10,0
10793,mecigdem,2,2026-01-21,2026-01,0,2,0
10794,bbugdayci,1,2026-01-21,2026-01,1,0,0
10795,itopcu,7,2026-01-21,2026-01,7,0,0
10796,acelebi,3,2026-01-21,2026-01,0,3,0
10797,sutetik,3,2026-01-21,2026-01,0,3,0
10798,sekisa,3,2026-01-21,2026-01,3,0,0
10799,mkarsiv,2,2026-01-21,2026-01,2,0,0
10800,ddcozgu,28,2026-01-21,2026-01,28,0,0
10801,egonce,24,2026-01-21,2026-01,2,22,0
10802,hakdemir,4,2026-01-21,2026-01,1,3,0
10803,msevim,6,2026-01-21,2026-01,6,0,0
10804,hbinay,10,2026-01-21,2026-01,10,0,0
10805,sapra,9,2026-01-21,2026-01,7,2,0
10806,eozkan,3,2026-01-21,2026-01,3,0,0
10807,gbalvan,6,2026-01-21,2026-01,0,6,0
10808,dcolor,120,2026-01-21,2026-01,26,94,0
10809,ekoksal,1,2026-01-21,2026-01,1,0,0
10810,hbulut,1,2026-01-21,2026-01,1,0,0
10811,fcolak,4,2026-01-21,2026-01,4,0,0
10812,aapak,16,2026-01-21,2026-01,0,16,0
10813,fgulsever,54,2026-01-21,2026-01,0,54,0
10814,fyakut,15,2026-01-21,2026-01,10,5,0
10815,gakca,5,2026-01-21,2026-01,4,1,0
10816,abarkod,1,2026-01-21,2026-01,0,1,0
10817,edemirbas,8,2026-01-21,2026-01,8,0,0
10818,tcapkin,3,2026-01-21,2026-01,0,3,0
10819,ntanriverdi,4,2026-01-21,2026-01,4,0,0
10820,fbasak,6,2026-01-21,2026-01,6,0,0
10821,fyilanci,3,2026-01-21,2026-01,2,1,0
10822,obali,1,2026-01-21,2026-01,0,0,1
10823,MMUTLU,9,2026-01-21,2026-01,5,0,4
10824,fimetin,1,2026-01-21,2026-01,1,0,0
10825,ggirgin,9,2026-01-21,2026-01,9,0,0
10826,mertan,13,2026-01-21,2026-01,9,4,0
10827,ayyilmaz,1,2026-01-21,2026-01,1,0,0
10828,tevirgen,37,2026-01-21,2026-01,0,5,32
10829,vgemici,8,2026-01-21,2026-01,8,0,0
10830,gayilmaz,10,2026-01-21,2026-01,4,6,0
10831,bsakrak,10,2026-01-21,2026-01,10,0,0
10832,eulsever,26,2026-01-21,2026-01,14,12,0
10833,gekim,55,2026-01-21,2026-01,0,55,0
10834,SUYILMAZ,3,2026-01-21,2026-01,3,0,0
10835,fozay,22,2026-01-21,2026-01,20,2,0
10836,amasun,4,2026-01-21,2026-01,0,4,0
10837,gbakanoglu,4,2026-01-21,2026-01,4,0,0
10838,ckarahasan,23,2026-01-21,2026-01,18,5,0
10839,caki,8,2026-01-21,2026-01,6,2,0
10840,mkorucu,6,2026-01-21,2026-01,3,3,0
10841,klaboratuar,2,2026-01-21,2026-01,0,2,0
10842,ogungor,4,2026-01-21,2026-01,3,1,0
10843,ebalaban,17,2026-01-21,2026-01,17,0,0
10844,mecigdem,5,2026-01-22,2026-01,3,2,0
10845,acelebi,3,2026-01-22,2026-01,0,3,0
10846,hakand,22,2026-01-22,2026-01,22,0,0
10847,fgulsever,15,2026-01-22,2026-01,0,15,0
10848,itopcu,13,2026-01-22,2026-01,13,0,0
10849,carican,1,2026-01-22,2026-01,0,1,0
10850,mguder,10,2026-01-22,2026-01,10,0,0
10851,zyuksel,48,2026-01-22,2026-01,48,0,0
10852,rkontrol,10,2026-01-22,2026-01,3,7,0
10853,aakyildiz,7,2026-01-22,2026-01,7,0,0
10854,rshazirlama,1,2026-01-22,2026-01,0,1,0
10855,mkarsiv,2,2026-01-22,2026-01,2,0,0
10856,egonce,14,2026-01-22,2026-01,6,8,0
10857,hakdemir,34,2026-01-22,2026-01,27,7,0
10858,msevim,4,2026-01-22,2026-01,1,3,0
10859,hbinay,9,2026-01-22,2026-01,9,0,0
10860,gbalvan,4,2026-01-22,2026-01,0,4,0
10861,dcolor,75,2026-01-22,2026-01,15,60,0
10862,sutetik,13,2026-01-22,2026-01,1,12,0
10863,hbulut,1,2026-01-22,2026-01,1,0,0
10864,udalyan,3,2026-01-22,2026-01,0,3,0
10865,sekisa,19,2026-01-22,2026-01,19,0,0
10866,aapak,25,2026-01-22,2026-01,0,25,0
10867,ierdil,12,2026-01-22,2026-01,5,7,0
10868,sfirinci,14,2026-01-22,2026-01,12,2,0
10869,gakca,12,2026-01-22,2026-01,9,3,0
10870,ngogce,24,2026-01-22,2026-01,16,0,8
10871,ttlideri,3,2026-01-22,2026-01,3,0,0
10872,ntanriverdi,2,2026-01-22,2026-01,2,0,0
10873,fbasak,2,2026-01-22,2026-01,2,0,0
10874,cer,3,2026-01-22,2026-01,3,0,0
10875,aayhan,50,2026-01-22,2026-01,4,4,42
10876,obali,2,2026-01-22,2026-01,2,0,0
10877,kesmeray,4,2026-01-22,2026-01,4,0,0
10878,fimetin,47,2026-01-22,2026-01,10,37,0
10879,tcapkin,9,2026-01-22,2026-01,0,9,0
10880,tevirgen,31,2026-01-22,2026-01,11,19,1
10881,ggirgin,33,2026-01-22,2026-01,19,4,10
10882,iunlu,16,2026-01-22,2026-01,14,2,0
10883,gekim,24,2026-01-22,2026-01,0,24,0
10884,fozay,1,2026-01-22,2026-01,1,0,0
10885,zkurt,5,2026-01-22,2026-01,2,3,0
10886,caozturk,2,2026-01-22,2026-01,2,0,0
10887,ckarahasan,38,2026-01-22,2026-01,34,4,0
10888,oicoz,4,2026-01-22,2026-01,4,0,0
10889,kkaplan,10,2026-01-22,2026-01,7,3,0
10890,ebalaban,24,2026-01-22,2026-01,24,0,0
10891,hakand,1,2026-01-23,2026-01,1,0,0
10892,ierdil,4,2026-01-23,2026-01,0,4,0
10893,baozturk,1,2026-01-23,2026-01,1,0,0
10894,gsapmaz,1,2026-01-23,2026-01,1,0,0
10895,carican,1,2026-01-23,2026-01,0,1,0
10896,zyuksel,9,2026-01-23,2026-01,9,0,0
10897,kbtlideri,36,2026-01-23,2026-01,36,0,0
10898,gbalvan,3,2026-01-23,2026-01,0,3,0
10899,sekisa,23,2026-01-23,2026-01,14,9,0
10900,hakdemir,24,2026-01-23,2026-01,14,10,0
10901,msevim,4,2026-01-23,2026-01,4,0,0
10902,dcolor,69,2026-01-23,2026-01,6,63,0
10903,sutetik,4,2026-01-23,2026-01,0,4,0
10904,bfirat,10,2026-01-23,2026-01,10,0,0
10905,udalyan,4,2026-01-23,2026-01,1,3,0
10906,rkontrol,1,2026-01-23,2026-01,0,1,0
10907,gakca,3,2026-01-23,2026-01,3,0,0
10908,ogungor,3,2026-01-23,2026-01,2,1,0
10909,ebalaban,29,2026-01-23,2026-01,29,0,0
10910,bsakrak,55,2026-01-23,2026-01,55,0,0
10911,akamera,7,2026-01-23,2026-01,1,6,0
10912,ngogce,18,2026-01-23,2026-01,2,0,16
10913,ntanriverdi,4,2026-01-23,2026-01,4,0,0
10914,mkofis,1,2026-01-23,2026-01,1,0,0
10915,obali,4,2026-01-23,2026-01,0,2,2
10916,MMUTLU,1,2026-01-23,2026-01,0,1,0
10917,ogun,1,2026-01-23,2026-01,0,1,0
10918,ggirgin,5,2026-01-23,2026-01,4,1,0
10919,ayyilmaz,2,2026-01-23,2026-01,2,0,0
10920,tevirgen,51,2026-01-23,2026-01,11,21,19
10921,eulsever,20,2026-01-23,2026-01,20,0,0
10922,ckarahasan,20,2026-01-23,2026-01,14,6,0
10923,caozturk,27,2026-01-23,2026-01,26,1,0
10924,fimetin,8,2026-01-23,2026-01,8,0,0
10925,ebalaban,8,2026-01-24,2026-01,8,0,0
10926,rkontrol,1,2026-01-24,2026-01,0,1,0
10927,hakdemir,3,2026-01-24,2026-01,0,3,0
10928,dcolor,42,2026-01-24,2026-01,6,36,0
10929,rkontrol,4,2026-01-25,2026-01,1,3,0
10930,carican,30,2026-01-25,2026-01,2,28,0
10931,ierdil,22,2026-01-25,2026-01,17,5,0
10932,acelebi,4,2026-01-25,2026-01,2,2,0
10933,fgulsever,30,2026-01-25,2026-01,1,29,0
10934,rshazirlama,4,2026-01-25,2026-01,4,0,0
10935,dcolor,17,2026-01-25,2026-01,7,10,0
10936,akapucu,6,2026-01-25,2026-01,6,0,0
10937,bunver,15,2026-01-25,2026-01,15,0,0
10938,mkarsiv,2,2026-01-25,2026-01,2,0,0
10939,BSOGUT,1,2026-01-25,2026-01,1,0,0
10940,egonce,5,2026-01-25,2026-01,3,2,0
10941,aapak,60,2026-01-25,2026-01,12,48,0
10942,abarkod,4,2026-01-25,2026-01,0,4,0
10943,aayhan,21,2026-01-25,2026-01,16,1,4
10944,mkofis,2,2026-01-25,2026-01,1,1,0
10945,esaribuyuk,1,2026-01-25,2026-01,0,1,0
10946,kcakir,3,2026-01-25,2026-01,3,0,0
10947,ogun,16,2026-01-25,2026-01,8,8,0
10948,ekaragoz,7,2026-01-25,2026-01,6,1,0
10949,gekim,26,2026-01-25,2026-01,0,26,0
10950,iunlu,30,2026-01-25,2026-01,30,0,0
10951,nakilli,2,2026-01-25,2026-01,1,1,0
10952,dnoic,10,2026-01-25,2026-01,8,0,2
10953,hakdemir,69,2026-01-26,2026-01,48,21,0
10954,okelepe,53,2026-01-26,2026-01,14,39,0
10955,fgulsever,16,2026-01-26,2026-01,0,16,0
10956,ierdil,8,2026-01-26,2026-01,4,4,0
10957,mguray,1,2026-01-26,2026-01,1,0,0
10958,rkontrol,1,2026-01-26,2026-01,0,1,0
10959,sekisa,38,2026-01-26,2026-01,38,0,0
10960,ddcozgu,25,2026-01-26,2026-01,25,0,0
10961,egonce,38,2026-01-26,2026-01,4,34,0
10962,msevim,3,2026-01-26,2026-01,3,0,0
10963,gbalvan,1,2026-01-26,2026-01,0,1,0
10964,mmollaoglu,1,2026-01-26,2026-01,0,1,0
10965,tcakan,10,2026-01-26,2026-01,10,0,0
10966,sapra,1,2026-01-26,2026-01,0,1,0
10967,eozkan,7,2026-01-26,2026-01,4,3,0
10968,hakand,8,2026-01-26,2026-01,4,4,0
10969,dcolor,41,2026-01-26,2026-01,0,41,0
10970,sutetik,20,2026-01-26,2026-01,1,19,0
10971,hbulut,3,2026-01-26,2026-01,3,0,0
10972,bfirat,26,2026-01-26,2026-01,2,24,0
10973,VBAYANER,26,2026-01-26,2026-01,0,26,0
10974,hbinay,3,2026-01-26,2026-01,3,0,0
10975,udalyan,1,2026-01-26,2026-01,0,1,0
10976,gsapmaz,8,2026-01-26,2026-01,8,0,0
10977,gakca,3,2026-01-26,2026-01,3,0,0
10978,akamera,9,2026-01-26,2026-01,0,9,0
10979,aapak,25,2026-01-26,2026-01,0,25,0
10980,ntanriverdi,2,2026-01-26,2026-01,0,2,0
10981,bkibar,1,2026-01-26,2026-01,0,1,0
10982,fbasak,4,2026-01-26,2026-01,4,0,0
10983,ogun,17,2026-01-26,2026-01,16,1,0
10984,aayhan,28,2026-01-26,2026-01,6,22,0
10985,MMUTLU,49,2026-01-26,2026-01,33,15,1
10986,fimetin,21,2026-01-26,2026-01,20,1,0
10987,ggirgin,14,2026-01-26,2026-01,14,0,0
10988,mertan,18,2026-01-26,2026-01,17,1,0
10989,vgemici,2,2026-01-26,2026-01,2,0,0
10990,eulsever,13,2026-01-26,2026-01,0,13,0
10991,tevirgen,17,2026-01-26,2026-01,7,9,1
10992,fozay,25,2026-01-26,2026-01,17,8,0
10993,amasun,74,2026-01-26,2026-01,0,74,0
10994,ebalaban,50,2026-01-26,2026-01,50,0,0
10995,gekim,28,2026-01-26,2026-01,0,28,0
10996,ckarahasan,32,2026-01-26,2026-01,27,5,0
10997,klaboratuar,2,2026-01-26,2026-01,0,2,0
10998,okanat,2,2026-01-26,2026-01,0,2,0
10999,gayilmaz,15,2026-01-26,2026-01,15,0,0
11000,caozturk,1,2026-01-26,2026-01,1,0,0
11001,gakca,1,2026-01-27,2026-01,1,0,0
11002,egonce,58,2026-01-27,2026-01,53,5,0
11003,ELOFCA,2,2026-01-27,2026-01,2,0,0
11004,udalyan,21,2026-01-27,2026-01,1,18,2
11005,fgulsever,7,2026-01-27,2026-01,0,7,0
11006,zyuksel,15,2026-01-27,2026-01,12,3,0
11007,ierdil,6,2026-01-27,2026-01,2,4,0
11008,mkarsiv,1,2026-01-27,2026-01,1,0,0
11009,ddcozgu,69,2026-01-27,2026-01,69,0,0
11010,hakdemir,12,2026-01-27,2026-01,2,10,0
11011,akocak,5,2026-01-27,2026-01,3,2,0
11012,tcakan,2,2026-01-27,2026-01,2,0,0
11013,sapra,9,2026-01-27,2026-01,8,1,0
11014,gbalvan,1,2026-01-27,2026-01,0,1,0
11015,dcolor,64,2026-01-27,2026-01,0,64,0
11016,sutetik,15,2026-01-27,2026-01,9,6,0
11017,hbulut,1,2026-01-27,2026-01,1,0,0
11018,bfirat,11,2026-01-27,2026-01,11,0,0
11019,VBAYANER,21,2026-01-27,2026-01,21,0,0
11020,sfirinci,1,2026-01-27,2026-01,1,0,0
11021,mmollaoglu,1,2026-01-27,2026-01,1,0,0
11022,gekim,81,2026-01-27,2026-01,0,81,0
11023,ngogce,40,2026-01-27,2026-01,0,40,0
11024,amasun,3,2026-01-27,2026-01,1,2,0
11025,akamera,4,2026-01-27,2026-01,0,4,0
11026,SUYILMAZ,5,2026-01-27,2026-01,5,0,0
11027,ntanriverdi,2,2026-01-27,2026-01,2,0,0
11028,mkarabiyik,2,2026-01-27,2026-01,0,2,0
11029,dyavuzkasap,1,2026-01-27,2026-01,0,1,0
11030,MMUTLU,10,2026-01-27,2026-01,7,3,0
11031,ggirgin,6,2026-01-27,2026-01,0,6,0
11032,sulger,29,2026-01-27,2026-01,14,15,0
11033,ayyilmaz,1,2026-01-27,2026-01,1,0,0
11034,tevirgen,33,2026-01-27,2026-01,1,28,4
11035,abarkod,31,2026-01-27,2026-01,0,31,0
11036,ogungor,7,2026-01-27,2026-01,6,1,0
11037,okanat,13,2026-01-27,2026-01,0,13,0
11038,klaboratuar,2,2026-01-27,2026-01,0,2,0
11039,kcakir,2,2026-01-27,2026-01,2,0,0
11040,mkorucu,3,2026-01-27,2026-01,1,2,0
11041,ckarahasan,19,2026-01-27,2026-01,16,3,0
11042,dnoic,5,2026-01-27,2026-01,5,0,0
11043,caozturk,3,2026-01-27,2026-01,3,0,0
11044,ebalaban,18,2026-01-27,2026-01,18,0,0
11045,gayilmaz,4,2026-01-27,2026-01,0,4,0
11046,gergene,1,2026-01-28,2026-01,1,0,0
11047,cyildiz,3,2026-01-28,2026-01,3,0,0
11048,pstjbmetiner,6,2026-01-28,2026-01,6,0,0
11049,aildeniz,1,2026-01-28,2026-01,1,0,0
11050,ierdil,10,2026-01-28,2026-01,5,5,0
11051,fcolak,22,2026-01-28,2026-01,21,1,0
11052,ytinmaz,2,2026-01-28,2026-01,2,0,0
11053,mkarsiv,1,2026-01-28,2026-01,1,0,0
11054,gbalvan,5,2026-01-28,2026-01,0,5,0
11055,hakdemir,4,2026-01-28,2026-01,1,3,0
11056,msevim,1,2026-01-28,2026-01,1,0,0
11057,sapra,4,2026-01-28,2026-01,0,2,2
11058,sutetik,12,2026-01-28,2026-01,6,6,0
11059,hbulut,10,2026-01-28,2026-01,10,0,0
11060,bfirat,2,2026-01-28,2026-01,2,0,0
11061,fgulsever,50,2026-01-28,2026-01,0,50,0
11062,egonce,4,2026-01-28,2026-01,3,1,0
11063,udalyan,24,2026-01-28,2026-01,0,0,24
11064,dcolor,61,2026-01-28,2026-01,0,61,0
11065,gakca,4,2026-01-28,2026-01,3,1,0
11066,bkibar,3,2026-01-28,2026-01,0,3,0
11067,fbasak,1,2026-01-28,2026-01,1,0,0
11068,cer,4,2026-01-28,2026-01,4,0,0
11069,aapak,21,2026-01-28,2026-01,0,21,0
11070,dyavuzkasap,1,2026-01-28,2026-01,0,1,0
11071,alofca,4,2026-01-28,2026-01,0,4,0
11072,ggirgin,1,2026-01-28,2026-01,1,0,0
11073,oseker,24,2026-01-28,2026-01,0,24,0
11074,mkarabiyik,3,2026-01-28,2026-01,1,2,0
11075,tevirgen,17,2026-01-28,2026-01,9,5,3
11076,gayilmaz,2,2026-01-28,2026-01,2,0,0
11077,ogungor,2,2026-01-28,2026-01,1,1,0
11078,ckarahasan,15,2026-01-28,2026-01,14,1,0
11079,ebalaban,42,2026-01-28,2026-01,42,0,0
11080,amasun,13,2026-01-28,2026-01,4,9,0
11081,eanli,4,2026-01-28,2026-01,0,4,0
11082,adogan,1,2026-01-28,2026-01,0,1,0
11083,ayyilmaz,1,2026-01-28,2026-01,0,1,0
11084,fcolak,6,2026-01-29,2026-01,5,1,0
11085,cyildiz,3,2026-01-29,2026-01,3,0,0
11086,aildeniz,6,2026-01-29,2026-01,6,0,0
11087,ierdil,7,2026-01-29,2026-01,2,5,0
11088,fgulsever,64,2026-01-29,2026-01,0,64,0
11089,zyuksel,40,2026-01-29,2026-01,40,0,0
11090,mguder,2,2026-01-29,2026-01,2,0,0
11091,baozturk,1,2026-01-29,2026-01,1,0,0
11092,sekisa,6,2026-01-29,2026-01,6,0,0
11093,pstjbmetiner,1,2026-01-29,2026-01,1,0,0
11094,mkarsiv,1,2026-01-29,2026-01,1,0,0
11095,dcolor,61,2026-01-29,2026-01,0,61,0
11096,egonce,15,2026-01-29,2026-01,8,7,0
11097,hakdemir,8,2026-01-29,2026-01,5,3,0
11098,msevim,3,2026-01-29,2026-01,3,0,0
11099,mmollaoglu,2,2026-01-29,2026-01,2,0,0
11100,sapra,9,2026-01-29,2026-01,3,6,0
11101,eozkan,30,2026-01-29,2026-01,30,0,0
11102,gbalvan,2,2026-01-29,2026-01,0,2,0
11103,aapak,35,2026-01-29,2026-01,0,35,0
11104,sutetik,24,2026-01-29,2026-01,3,21,0
11105,VBAYANER,1,2026-01-29,2026-01,0,1,0
11106,ddcozgu,21,2026-01-29,2026-01,21,0,0
11107,gakca,5,2026-01-29,2026-01,5,0,0
11108,gekim,20,2026-01-29,2026-01,0,20,0
11109,adogan,18,2026-01-29,2026-01,18,0,0
11110,akamera,6,2026-01-29,2026-01,0,6,0
11111,abarkod,3,2026-01-29,2026-01,0,3,0
11112,vgemici,7,2026-01-29,2026-01,7,0,0
11113,tcapkin,4,2026-01-29,2026-01,2,2,0
11114,fyakut,2,2026-01-29,2026-01,2,0,0
11115,obali,15,2026-01-29,2026-01,10,5,0
11116,MMUTLU,4,2026-01-29,2026-01,2,1,1
11117,fimetin,11,2026-01-29,2026-01,6,5,0
11118,ggirgin,27,2026-01-29,2026-01,21,6,0
11119,ekaradavut,6,2026-01-29,2026-01,6,0,0
11120,mertan,27,2026-01-29,2026-01,22,5,0
11121,mkarabiyik,34,2026-01-29,2026-01,3,31,0
11122,tevirgen,7,2026-01-29,2026-01,3,3,1
11123,eulsever,8,2026-01-29,2026-01,0,8,0
11124,ckarahasan,21,2026-01-29,2026-01,13,8,0
11125,dnoic,1,2026-01-29,2026-01,1,0,0
11126,caozturk,74,2026-01-29,2026-01,60,14,0
11127,ebalaban,29,2026-01-29,2026-01,29,0,0
11128,amasun,4,2026-01-29,2026-01,0,4,0
11129,zkurt,1,2026-01-29,2026-01,1,0,0
11130,ekaragoz,1,2026-01-29,2026-01,1,0,0
11131,ayyilmaz,2,2026-01-29,2026-01,0,2,0
11132,gakca,11,2026-01-30,2026-01,10,1,0
11133,itopcu,8,2026-01-30,2026-01,8,0,0
11134,hbulut,2,2026-01-30,2026-01,2,0,0
11135,gsapmaz,63,2026-01-30,2026-01,47,16,0
11136,zyuksel,17,2026-01-30,2026-01,17,0,0
11137,ierdil,10,2026-01-30,2026-01,6,4,0
11138,gbalvan,3,2026-01-30,2026-01,1,2,0
11139,mkarsiv,2,2026-01-30,2026-01,2,0,0
11140,hakdemir,6,2026-01-30,2026-01,1,5,0
11141,msevim,1,2026-01-30,2026-01,1,0,0
11142,dcolor,53,2026-01-30,2026-01,0,53,0
11143,sutetik,31,2026-01-30,2026-01,21,10,0
11144,fozay,5,2026-01-30,2026-01,5,0,0
11145,rkontrol,2,2026-01-30,2026-01,2,0,0
11146,amasun,4,2026-01-30,2026-01,0,4,0
11147,ogungor,4,2026-01-30,2026-01,3,1,0
11148,caozturk,54,2026-01-30,2026-01,10,44,0
11149,ckarahasan,10,2026-01-30,2026-01,8,2,0
11150,klaboratuar,2,2026-01-30,2026-01,0,2,0
11151,eulsever,7,2026-01-30,2026-01,0,7,0
11152,tevirgen,37,2026-01-30,2026-01,28,9,0
11153,ayyilmaz,2,2026-01-30,2026-01,2,0,0
11154,ggirgin,6,2026-01-30,2026-01,6,0,0
11155,fimetin,12,2026-01-30,2026-01,4,8,0
11156,MMUTLU,8,2026-01-30,2026-01,7,0,1
11157,obali,12,2026-01-30,2026-01,10,2,0
11158,mkarabiyik,4,2026-01-30,2026-01,2,2,0
11159,ntanriverdi,2,2026-01-30,2026-01,2,0,0
11160,akamera,6,2026-01-30,2026-01,0,6,0
11161,ebalaban,57,2026-01-30,2026-01,57,0,0
11162,dcolor,50,2026-01-31,2026-01,0,50,0
11163,hbinay,38,2026-01-31,2026-01,38,0,0
11164,oicoz,1,2026-01-31,2026-01,0,1,0
11165,ebalaban,7,2026-01-31,2026-01,7,0,0
11166,hakdemir,3,2026-01-31,2026-01,1,2,0
11167,iunlu,3,2026-02-01,2026-02,3,0,0
11168,dcolor,10,2026-02-01,2026-02,0,10,0
11169,mbayirli,10,2026-02-01,2026-02,10,0,0
11170,egonce,39,2026-02-01,2026-02,7,32,0
11171,mkarsiv,1,2026-02-01,2026-02,1,0,0
11172,ersener,46,2026-02-01,2026-02,46,0,0
11173,ierdil,5,2026-02-01,2026-02,0,5,0
11174,fgulsever,12,2026-02-01,2026-02,0,12,0
11175,aapak,38,2026-02-01,2026-02,12,26,0
11176,mceylan,10,2026-02-01,2026-02,10,0,0
11177,gekim,64,2026-02-01,2026-02,0,64,0
11178,fcolak,17,2026-02-01,2026-02,12,5,0
11179,fbalaban,1,2026-02-01,2026-02,0,1,0
11180,ekaragoz,7,2026-02-01,2026-02,4,3,0
11181,dnoic,21,2026-02-01,2026-02,16,5,0
11182,klaboratuar,3,2026-02-01,2026-02,0,3,0
11183,tevirgen,15,2026-02-01,2026-02,0,0,15
11184,dyavuzkasap,5,2026-02-01,2026-02,5,0,0
11185,aayhan,12,2026-02-01,2026-02,12,0,0
11186,fbasak,3,2026-02-01,2026-02,3,0,0
11187,hktlideri,1,2026-02-01,2026-02,1,0,0
11188,abarkod,9,2026-02-01,2026-02,0,9,0
11189,gbakanoglu,1,2026-02-01,2026-02,1,0,0
11190,stjegitim,13,2026-02-02,2026-02,0,2,11
11191,rkontrol,4,2026-02-02,2026-02,3,1,0
11192,mguray,40,2026-02-02,2026-02,40,0,0
11193,ierdil,5,2026-02-02,2026-02,0,5,0
11194,zyuksel,1,2026-02-02,2026-02,1,0,0
11195,hakand,5,2026-02-02,2026-02,4,1,0
11196,gsapmaz,2,2026-02-02,2026-02,0,2,0
11197,fgulsever,53,2026-02-02,2026-02,3,50,0
11198,BSOGUT,1,2026-02-02,2026-02,1,0,0
11199,eyuksel,15,2026-02-02,2026-02,13,2,0
11200,mecigdem,5,2026-02-02,2026-02,3,2,0
11201,ebtlideri,2,2026-02-02,2026-02,0,2,0
11202,mguder,30,2026-02-02,2026-02,30,0,0
11203,aakyildiz,1,2026-02-02,2026-02,1,0,0
11204,hakdemir,11,2026-02-02,2026-02,8,3,0
11205,mkarsiv,6,2026-02-02,2026-02,2,4,0
11206,ddcozgu,22,2026-02-02,2026-02,22,0,0
11207,egonce,13,2026-02-02,2026-02,2,11,0
11208,herbilgin,13,2026-02-02,2026-02,13,0,0
11209,hbinay,14,2026-02-02,2026-02,14,0,0
11210,eozkan,6,2026-02-02,2026-02,6,0,0
11211,gbalvan,3,2026-02-02,2026-02,1,2,0
11212,dcolor,42,2026-02-02,2026-02,0,42,0
11213,sutetik,28,2026-02-02,2026-02,15,13,0
11214,hbulut,27,2026-02-02,2026-02,25,2,0
11215,bfirat,40,2026-02-02,2026-02,40,0,0
11216,VBAYANER,15,2026-02-02,2026-02,0,15,0
11217,bunver,2,2026-02-02,2026-02,1,1,0
11218,udalyan,4,2026-02-02,2026-02,3,1,0
11219,fcolak,4,2026-02-02,2026-02,4,0,0
11220,aapak,44,2026-02-02,2026-02,0,44,0
11221,ckarahasan,29,2026-02-02,2026-02,14,15,0
11222,gakca,10,2026-02-02,2026-02,10,0,0
11223,akamera,12,2026-02-02,2026-02,0,12,0
11224,abarkod,30,2026-02-02,2026-02,0,30,0
11225,asablon,11,2026-02-02,2026-02,11,0,0
11226,hktlideri,1,2026-02-02,2026-02,1,0,0
11227,cer,16,2026-02-02,2026-02,16,0,0
11228,aayhan,37,2026-02-02,2026-02,17,20,0
11229,obali,19,2026-02-02,2026-02,2,17,0
11230,MMUTLU,32,2026-02-02,2026-02,25,7,0
11231,fimetin,28,2026-02-02,2026-02,28,0,0
11232,gkenarli,4,2026-02-02,2026-02,4,0,0
11233,ggirgin,27,2026-02-02,2026-02,27,0,0
11234,ekaradavut,1,2026-02-02,2026-02,1,0,0
11235,sulger,4,2026-02-02,2026-02,2,2,0
11236,mertan,15,2026-02-02,2026-02,14,1,0
11237,ntanriverdi,8,2026-02-02,2026-02,6,2,0
11238,eulsever,8,2026-02-02,2026-02,8,0,0
11239,tevirgen,33,2026-02-02,2026-02,7,26,0
11240,sfirinci,5,2026-02-02,2026-02,0,5,0
11241,iunlu,2,2026-02-02,2026-02,2,0,0
11242,gekim,11,2026-02-02,2026-02,0,11,0
11243,fbalaban,2,2026-02-02,2026-02,2,0,0
11244,eanli,10,2026-02-02,2026-02,5,5,0
11245,saskin,11,2026-02-02,2026-02,10,1,0
11246,ebalaban,29,2026-02-02,2026-02,27,2,0
11247,caozturk,23,2026-02-02,2026-02,17,0,6
11248,ubasdas,1,2026-02-02,2026-02,1,0,0
11249,caki,1,2026-02-02,2026-02,1,0,0
11250,klaboratuar,9,2026-02-02,2026-02,6,3,0
11251,fozay,33,2026-02-02,2026-02,32,1,0
11252,ogungor,11,2026-02-02,2026-02,11,0,0
11253,cyildiz,2,2026-02-03,2026-02,2,0,0
11254,ytinmaz,1,2026-02-03,2026-02,1,0,0
11255,ierdil,7,2026-02-03,2026-02,2,5,0
11256,pstjbmetiner,2,2026-02-03,2026-02,1,1,0
11257,fgulsever,23,2026-02-03,2026-02,0,23,0
11258,baozturk,1,2026-02-03,2026-02,1,0,0
11259,hakand,5,2026-02-03,2026-02,2,1,2
11260,mecigdem,2,2026-02-03,2026-02,0,2,0
11261,aakyildiz,5,2026-02-03,2026-02,5,0,0
11262,udalyan,3,2026-02-03,2026-02,2,0,1
11263,zyuksel,2,2026-02-03,2026-02,2,0,0
11264,fcolak,3,2026-02-03,2026-02,2,1,0
11265,eozkan,1,2026-02-03,2026-02,1,0,0
11266,ddcozgu,3,2026-02-03,2026-02,3,0,0
11267,egonce,38,2026-02-03,2026-02,9,29,0
11268,herbilgin,27,2026-02-03,2026-02,27,0,0
11269,hakdemir,8,2026-02-03,2026-02,8,0,0
11270,msevim,10,2026-02-03,2026-02,3,7,0
11271,hbinay,3,2026-02-03,2026-02,3,0,0
11272,gbalvan,2,2026-02-03,2026-02,0,2,0
11273,dcolor,62,2026-02-03,2026-02,0,62,0
11274,ekoksal,1,2026-02-03,2026-02,1,0,0
11275,sutetik,18,2026-02-03,2026-02,12,6,0
11276,hbulut,2,2026-02-03,2026-02,0,2,0
11277,ELOFCA,1,2026-02-03,2026-02,1,0,0
11278,mkarsiv,5,2026-02-03,2026-02,5,0,0
11279,gakca,4,2026-02-03,2026-02,4,0,0
11280,iunlu,14,2026-02-03,2026-02,14,0,0
11281,sfirinci,13,2026-02-03,2026-02,9,4,0
11282,akamera,2,2026-02-03,2026-02,0,2,0
11283,adogan,1,2026-02-03,2026-02,0,0,1
11284,ntanriverdi,6,2026-02-03,2026-02,4,2,0
11285,asablon,7,2026-02-03,2026-02,7,0,0
11286,cer,12,2026-02-03,2026-02,11,1,0
11287,obali,15,2026-02-03,2026-02,4,4,7
11288,MMUTLU,7,2026-02-03,2026-02,4,0,3
11289,gkenarli,3,2026-02-03,2026-02,3,0,0
11290,ggirgin,8,2026-02-03,2026-02,5,0,3
11291,tevirgen,25,2026-02-03,2026-02,10,15,0
11292,eulsever,12,2026-02-03,2026-02,0,12,0
11293,gayilmaz,1,2026-02-03,2026-02,1,0,0
11294,abarkod,3,2026-02-03,2026-02,0,3,0
11295,klaboratuar,5,2026-02-03,2026-02,0,5,0
11296,ogungor,12,2026-02-03,2026-02,7,5,0
11297,gekim,53,2026-02-03,2026-02,0,53,0
11298,eanli,2,2026-02-03,2026-02,2,0,0
11299,fozay,5,2026-02-03,2026-02,0,0,5
11300,amasun,5,2026-02-03,2026-02,5,0,0
11301,saskin,6,2026-02-03,2026-02,6,0,0
11302,caozturk,10,2026-02-03,2026-02,10,0,0
11303,dnoic,1,2026-02-03,2026-02,0,1,0
11304,ckarahasan,30,2026-02-03,2026-02,10,20,0
11305,gcevik,19,2026-02-03,2026-02,19,0,0
11306,ebalaban,17,2026-02-03,2026-02,17,0,0
11307,aapak,13,2026-02-04,2026-02,0,13,0
11308,ytinmaz,4,2026-02-04,2026-02,4,0,0
11309,udalyan,3,2026-02-04,2026-02,1,2,0
11310,mecigdem,2,2026-02-04,2026-02,0,2,0
11311,hakand,5,2026-02-04,2026-02,5,0,0
11312,BSOGUT,31,2026-02-04,2026-02,3,28,0
11313,fgulsever,24,2026-02-04,2026-02,2,22,0
11314,mguder,41,2026-02-04,2026-02,14,27,0
11315,ierdil,5,2026-02-04,2026-02,0,5,0
11316,ebadem,22,2026-02-04,2026-02,22,0,0
11317,stjegitim,3,2026-02-04,2026-02,0,3,0
11318,hakdemir,4,2026-02-04,2026-02,4,0,0
11319,fcolak,3,2026-02-04,2026-02,2,1,0
11320,mkarsiv,4,2026-02-04,2026-02,4,0,0
11321,egonce,13,2026-02-04,2026-02,8,5,0
11322,herbilgin,21,2026-02-04,2026-02,21,0,0
11323,sutetik,22,2026-02-04,2026-02,16,6,0
11324,eozkan,2,2026-02-04,2026-02,2,0,0
11325,gbalvan,1,2026-02-04,2026-02,0,1,0
11326,dcolor,74,2026-02-04,2026-02,0,74,0
11327,ekoksal,2,2026-02-04,2026-02,2,0,0
11328,gakca,9,2026-02-04,2026-02,9,0,0
11329,eyuksel,10,2026-02-04,2026-02,10,0,0
11330,adogan,1,2026-02-04,2026-02,0,0,1
11331,fdeniz,25,2026-02-04,2026-02,3,22,0
11332,saskin,26,2026-02-04,2026-02,26,0,0
11333,akamera,6,2026-02-04,2026-02,0,6,0
11334,abarkod,1,2026-02-04,2026-02,0,1,0
11335,ntanriverdi,8,2026-02-04,2026-02,6,2,0
11336,fbasak,8,2026-02-04,2026-02,8,0,0
11337,cer,2,2026-02-04,2026-02,2,0,0
11338,aayhan,241,2026-02-04,2026-02,70,147,24
11339,mkarabiyik,2,2026-02-04,2026-02,0,2,0
11340,MMUTLU,22,2026-02-04,2026-02,18,4,0
11341,ggirgin,41,2026-02-04,2026-02,40,1,0
11342,tevirgen,48,2026-02-04,2026-02,3,13,32
11343,eulsever,12,2026-02-04,2026-02,0,12,0
11344,sfirinci,2,2026-02-04,2026-02,2,0,0
11345,ogungor,15,2026-02-04,2026-02,14,1,0
11346,ckarahasan,23,2026-02-04,2026-02,11,12,0
11347,dnoic,4,2026-02-04,2026-02,1,3,0
11348,ebalaban,11,2026-02-04,2026-02,11,0,0
11349,amasun,17,2026-02-04,2026-02,2,15,0
11350,ekaragoz,1,2026-02-04,2026-02,1,0,0
11351,eanli,2,2026-02-04,2026-02,0,2,0
11352,fbalaban,2,2026-02-04,2026-02,2,0,0
11353,gekim,53,2026-02-04,2026-02,0,53,0
11354,iunlu,1,2026-02-04,2026-02,0,1,0
11355,gayilmaz,8,2026-02-04,2026-02,8,0,0
11356,bbugdayci,2,2026-02-05,2026-02,0,2,0
11357,ytinmaz,4,2026-02-05,2026-02,4,0,0
11358,ierdil,12,2026-02-05,2026-02,7,5,0
11359,okelepe,1,2026-02-05,2026-02,0,1,0
11360,gsapmaz,9,2026-02-05,2026-02,9,0,0
11361,itopcu,3,2026-02-05,2026-02,3,0,0
11362,fgulsever,138,2026-02-05,2026-02,0,138,0
11363,stjegitim,273,2026-02-05,2026-02,247,26,0
11364,pstjbmetiner,3,2026-02-05,2026-02,3,0,0
11365,fcolak,1,2026-02-05,2026-02,1,0,0
11366,gbalvan,2,2026-02-05,2026-02,0,2,0
11367,egonce,20,2026-02-05,2026-02,9,11,0
11368,hakdemir,5,2026-02-05,2026-02,1,4,0
11369,sapra,21,2026-02-05,2026-02,20,1,0
11370,BDEMIRAL,10,2026-02-05,2026-02,4,6,0
11371,dcolor,112,2026-02-05,2026-02,0,112,0
11372,sutetik,8,2026-02-05,2026-02,5,3,0
11373,hbulut,1,2026-02-05,2026-02,1,0,0
11374,VBAYANER,1,2026-02-05,2026-02,1,0,0
11375,bunver,36,2026-02-05,2026-02,1,35,0
11376,hakand,20,2026-02-05,2026-02,12,8,0
11377,mkarsiv,1,2026-02-05,2026-02,1,0,0
11378,mecigdem,2,2026-02-05,2026-02,0,2,0
11379,iunlu,6,2026-02-05,2026-02,6,0,0
11380,aapak,5,2026-02-05,2026-02,0,5,0
11381,akamera,2,2026-02-05,2026-02,0,2,0
11382,abarkod,1,2026-02-05,2026-02,0,1,0
11383,tcapkin,22,2026-02-05,2026-02,0,22,0
11384,bkibar,2,2026-02-05,2026-02,0,2,0
11385,udalyan,5,2026-02-05,2026-02,5,0,0
11386,aayhan,50,2026-02-05,2026-02,2,34,14
11387,mkarabiyik,2,2026-02-05,2026-02,0,2,0
11388,obali,12,2026-02-05,2026-02,2,10,0
11389,MMUTLU,4,2026-02-05,2026-02,3,1,0
11390,mertan,1,2026-02-05,2026-02,1,0,0
11391,tevirgen,87,2026-02-05,2026-02,5,4,78
11392,fbasak,4,2026-02-05,2026-02,4,0,0
11393,ogungor,8,2026-02-05,2026-02,4,4,0
11394,ckarahasan,5,2026-02-05,2026-02,5,0,0
11395,ebalaban,19,2026-02-05,2026-02,18,1,0
11396,fozay,1,2026-02-05,2026-02,1,0,0
11397,ekaragoz,2,2026-02-05,2026-02,1,1,0
11398,gekim,52,2026-02-05,2026-02,0,52,0
11399,sfirinci,1,2026-02-05,2026-02,1,0,0
11400,fyakut,7,2026-02-05,2026-02,1,6,0
11401,gakca,26,2026-02-05,2026-02,20,6,0
11402,uyigit,3,2026-02-05,2026-02,3,0,0
11403,ierdil,4,2026-02-06,2026-02,0,4,0
11404,ytinmaz,17,2026-02-06,2026-02,13,4,0
11405,stjegitim,17,2026-02-06,2026-02,0,0,17
11406,acelebi,2,2026-02-06,2026-02,2,0,0
11407,mkarsiv,11,2026-02-06,2026-02,4,7,0
11408,hakdemir,5,2026-02-06,2026-02,5,0,0
11409,hbulut,7,2026-02-06,2026-02,1,6,0
11410,dcolor,75,2026-02-06,2026-02,0,75,0
11411,sutetik,14,2026-02-06,2026-02,11,3,0
11412,VBAYANER,1,2026-02-06,2026-02,1,0,0
11413,bfirat,18,2026-02-06,2026-02,18,0,0
11414,carican,6,2026-02-06,2026-02,6,0,0
11415,hbinay,5,2026-02-06,2026-02,5,0,0
11416,hakand,3,2026-02-06,2026-02,2,1,0
11417,mkarabiyik,6,2026-02-06,2026-02,6,0,0
11418,udalyan,2,2026-02-06,2026-02,1,0,1
11419,gakca,7,2026-02-06,2026-02,6,1,0
11420,ebalaban,69,2026-02-06,2026-02,69,0,0
11421,caozturk,3,2026-02-06,2026-02,2,1,0
11422,ckarahasan,19,2026-02-06,2026-02,19,0,0
11423,eulsever,4,2026-02-06,2026-02,0,4,0
11424,tevirgen,13,2026-02-06,2026-02,7,6,0
11425,ggirgin,10,2026-02-06,2026-02,0,0,10
11426,gkenarli,2,2026-02-06,2026-02,2,0,0
11427,fimetin,29,2026-02-06,2026-02,28,1,0
11428,ttlideri,2,2026-02-06,2026-02,0,2,0
11429,akamera,4,2026-02-06,2026-02,0,4,0
11430,mecigdem,2,2026-02-06,2026-02,0,2,0
11431,dcolor,83,2026-02-07,2026-02,0,83,0
11432,hakdemir,3,2026-02-07,2026-02,0,3,0
11433,eyuksel,5,2026-02-07,2026-02,5,0,0
11434,ogungor,14,2026-02-07,2026-02,14,0,0
11435,ebalaban,4,2026-02-07,2026-02,4,0,0
11436,kcakir,7,2026-02-07,2026-02,6,1,0
11437,iunlu,14,2026-02-07,2026-02,14,0,0
11438,sfirinci,4,2026-02-08,2026-02,1,3,0
11439,dcolor,9,2026-02-08,2026-02,0,9,0
11440,egonce,18,2026-02-08,2026-02,13,5,0
11441,fcolak,7,2026-02-08,2026-02,7,0,0
11442,ierdil,5,2026-02-08,2026-02,0,5,0
11443,fgulsever,19,2026-02-08,2026-02,3,16,0
11444,akapucu,9,2026-02-08,2026-02,9,0,0
11445,bsakrak,18,2026-02-08,2026-02,18,0,0
11446,aapak,80,2026-02-08,2026-02,14,66,0
11447,ekaragoz,1,2026-02-08,2026-02,1,0,0
11448,dnoic,10,2026-02-08,2026-02,10,0,0
11449,gcevik,4,2026-02-08,2026-02,4,0,0
11450,mkofis,1,2026-02-08,2026-02,1,0,0
11451,aayhan,12,2026-02-08,2026-02,5,4,3
11452,fbasak,25,2026-02-08,2026-02,4,21,0
11453,abarkod,2,2026-02-08,2026-02,0,2,0
11454,gekim,38,2026-02-08,2026-02,0,38,0
11455,ierdil,112,2026-02-09,2026-02,2,110,0
11456,baozturk,1,2026-02-09,2026-02,1,0,0
11457,fgulsever,32,2026-02-09,2026-02,0,32,0
11458,mecigdem,6,2026-02-09,2026-02,4,2,0
11459,gakca,32,2026-02-09,2026-02,28,4,0
11460,aapak,36,2026-02-09,2026-02,0,36,0
11461,ytinmaz,2,2026-02-09,2026-02,0,2,0
11462,sfirinci,1,2026-02-09,2026-02,0,1,0
11463,saskin,1,2026-02-09,2026-02,1,0,0
11464,udalyan,41,2026-02-09,2026-02,39,1,1
11465,bbugdayci,14,2026-02-09,2026-02,0,0,14
11466,hakdemir,6,2026-02-09,2026-02,4,2,0
11467,fcolak,8,2026-02-09,2026-02,6,2,0
11468,egonce,11,2026-02-09,2026-02,4,7,0
11469,mbayirli,2,2026-02-09,2026-02,2,0,0
11470,gbalvan,1,2026-02-09,2026-02,0,1,0
11471,dcolor,56,2026-02-09,2026-02,0,56,0
11472,sutetik,22,2026-02-09,2026-02,21,1,0
11473,hbulut,10,2026-02-09,2026-02,8,2,0
11474,akapucu,11,2026-02-09,2026-02,11,0,0
11475,bfirat,37,2026-02-09,2026-02,37,0,0
11476,bunver,6,2026-02-09,2026-02,5,1,0
11477,gekim,35,2026-02-09,2026-02,0,35,0
11478,stjegitim,46,2026-02-09,2026-02,0,1,45
11479,SUYILMAZ,2,2026-02-09,2026-02,2,0,0
11480,mkarsiv,1,2026-02-09,2026-02,1,0,0
11481,ekaragoz,3,2026-02-09,2026-02,1,0,2
11482,ngogce,4,2026-02-09,2026-02,0,0,4
11483,abarkod,21,2026-02-09,2026-02,0,21,0
11484,ttlideri,9,2026-02-09,2026-02,1,8,0
11485,tcapkin,24,2026-02-09,2026-02,1,23,0
11486,ntanriverdi,7,2026-02-09,2026-02,4,3,0
11487,bkibar,2,2026-02-09,2026-02,0,2,0
11488,nkorkmaz,7,2026-02-09,2026-02,2,5,0
11489,fbasak,43,2026-02-09,2026-02,43,0,0
11490,aayhan,3,2026-02-09,2026-02,3,0,0
11491,eanli,2,2026-02-09,2026-02,2,0,0
11492,obali,5,2026-02-09,2026-02,2,1,2
11493,MMUTLU,31,2026-02-09,2026-02,23,3,5
11494,akamera,3,2026-02-09,2026-02,0,3,0
11495,sucakir,1,2026-02-09,2026-02,1,0,0
11496,gkenarli,2,2026-02-09,2026-02,2,0,0
11497,ggirgin,23,2026-02-09,2026-02,23,0,0
11498,mertan,10,2026-02-09,2026-02,9,1,0
11499,ayyilmaz,2,2026-02-09,2026-02,2,0,0
11500,tevirgen,8,2026-02-09,2026-02,6,1,1
11501,ckarahasan,22,2026-02-09,2026-02,9,13,0
11502,caozturk,1,2026-02-09,2026-02,0,1,0
11503,ebalaban,35,2026-02-09,2026-02,34,1,0
11504,amasun,26,2026-02-09,2026-02,0,26,0
11505,fozay,2,2026-02-09,2026-02,2,0,0
11506,fimetin,13,2026-02-09,2026-02,13,0,0
11507,cadonmez,3,2026-02-10,2026-02,0,0,3
11508,mguray,9,2026-02-10,2026-02,9,0,0
11509,ierdil,8,2026-02-10,2026-02,2,6,0
11510,zyuksel,18,2026-02-10,2026-02,11,5,2
11511,mecigdem,1,2026-02-10,2026-02,0,1,0
11512,gsapmaz,7,2026-02-10,2026-02,6,1,0
11513,fgulsever,43,2026-02-10,2026-02,0,43,0
11514,BSOGUT,13,2026-02-10,2026-02,13,0,0
11515,hakand,3,2026-02-10,2026-02,3,0,0
11516,stjegitim,60,2026-02-10,2026-02,0,0,60
11517,mguder,2,2026-02-10,2026-02,2,0,0
11518,fcolak,71,2026-02-10,2026-02,50,21,0
11519,eozkan,10,2026-02-10,2026-02,10,0,0
11520,hakdemir,12,2026-02-10,2026-02,5,7,0
11521,msevim,2,2026-02-10,2026-02,2,0,0
11522,hbinay,4,2026-02-10,2026-02,2,0,2
11523,BDEMIRAL,10,2026-02-10,2026-02,2,3,5
11524,gbalvan,5,2026-02-10,2026-02,2,3,0
11525,dcolor,93,2026-02-10,2026-02,0,93,0
11526,sutetik,25,2026-02-10,2026-02,15,10,0
11527,bfirat,12,2026-02-10,2026-02,11,1,0
11528,VBAYANER,23,2026-02-10,2026-02,9,14,0
11529,bunver,14,2026-02-10,2026-02,14,0,0
11530,udalyan,672,2026-02-10,2026-02,558,65,49
11531,egonce,16,2026-02-10,2026-02,12,4,0
11532,aapak,39,2026-02-10,2026-02,0,39,0
11533,hbulut,38,2026-02-10,2026-02,38,0,0
11534,fyakut,14,2026-02-10,2026-02,12,2,0
11535,gakca,5,2026-02-10,2026-02,4,1,0
11536,abarkod,3,2026-02-10,2026-02,0,3,0
11537,ttlideri,5,2026-02-10,2026-02,5,0,0
11538,vgemici,8,2026-02-10,2026-02,8,0,0
11539,gmasistan,5,2026-02-10,2026-02,5,0,0
11540,fbasak,9,2026-02-10,2026-02,9,0,0
11541,obali,10,2026-02-10,2026-02,10,0,0
11542,MMUTLU,30,2026-02-10,2026-02,0,30,0
11543,sucakir,19,2026-02-10,2026-02,18,1,0
11544,ggirgin,12,2026-02-10,2026-02,8,4,0
11545,mertan,17,2026-02-10,2026-02,16,1,0
11546,ayyilmaz,8,2026-02-10,2026-02,6,2,0
11547,akamera,5,2026-02-10,2026-02,0,5,0
11548,ogungor,6,2026-02-10,2026-02,5,1,0
11549,tevirgen,4,2026-02-10,2026-02,0,4,0
11550,gekim,73,2026-02-10,2026-02,0,73,0
11551,adogan,34,2026-02-10,2026-02,34,0,0
11552,scabuker,1,2026-02-10,2026-02,0,0,1
11553,ekaragoz,13,2026-02-10,2026-02,9,2,2
11554,otufan,7,2026-02-10,2026-02,0,7,0
11555,amasun,27,2026-02-10,2026-02,9,18,0
11556,ebalaban,19,2026-02-10,2026-02,19,0,0
11557,caozturk,12,2026-02-10,2026-02,1,11,0
11558,dnoic,31,2026-02-10,2026-02,29,1,1
11559,ckarahasan,14,2026-02-10,2026-02,8,6,0
11560,fozay,8,2026-02-10,2026-02,8,0,0
11561,fcolak,2,2026-02-11,2026-02,2,0,0
11562,cyildiz,4,2026-02-11,2026-02,4,0,0
11563,stjegitim,82,2026-02-11,2026-02,73,0,9
11564,rkontrol,2,2026-02-11,2026-02,2,0,0
11565,ierdil,6,2026-02-11,2026-02,1,5,0
11566,zyuksel,1,2026-02-11,2026-02,1,0,0
11567,mguder,1,2026-02-11,2026-02,1,0,0
11568,gsapmaz,2,2026-02-11,2026-02,2,0,0
11569,ddcozgu,14,2026-02-11,2026-02,14,0,0
11570,aildeniz,2,2026-02-11,2026-02,2,0,0
11571,egonce,11,2026-02-11,2026-02,2,9,0
11572,eozkan,4,2026-02-11,2026-02,0,4,0
11573,uunver,35,2026-02-11,2026-02,9,26,0
11574,msevim,3,2026-02-11,2026-02,2,1,0
11575,hbinay,4,2026-02-11,2026-02,4,0,0
11576,mmollaoglu,40,2026-02-11,2026-02,0,0,40
11577,gbalvan,2,2026-02-11,2026-02,2,0,0
11578,akocak,5,2026-02-11,2026-02,0,5,0
11579,dcolor,88,2026-02-11,2026-02,0,88,0
11580,sutetik,19,2026-02-11,2026-02,9,10,0
11581,hbulut,28,2026-02-11,2026-02,28,0,0
11582,bfirat,24,2026-02-11,2026-02,24,0,0
11583,fgulsever,66,2026-02-11,2026-02,0,66,0
11584,bunver,2,2026-02-11,2026-02,2,0,0
11585,hakdemir,6,2026-02-11,2026-02,3,3,0
11586,hakand,1,2026-02-11,2026-02,1,0,0
11587,gakca,9,2026-02-11,2026-02,3,6,0
11588,udalyan,335,2026-02-11,2026-02,301,34,0
11589,akamera,4,2026-02-11,2026-02,0,4,0
11590,mecigdem,3,2026-02-11,2026-02,0,3,0
11591,ntanriverdi,12,2026-02-11,2026-02,6,6,0
11592,mkarabiyik,25,2026-02-11,2026-02,0,25,0
11593,dyavuzkasap,1,2026-02-11,2026-02,1,0,0
11594,MMUTLU,4,2026-02-11,2026-02,3,0,1
11595,kesmeray,5,2026-02-11,2026-02,3,2,0
11596,fimetin,31,2026-02-11,2026-02,31,0,0
11597,bsamuk,5,2026-02-11,2026-02,5,0,0
11598,ggirgin,24,2026-02-11,2026-02,19,5,0
11599,mertan,26,2026-02-11,2026-02,20,6,0
11600,tevirgen,24,2026-02-11,2026-02,5,15,4
11601,abarkod,4,2026-02-11,2026-02,0,4,0
11602,gayilmaz,4,2026-02-11,2026-02,4,0,0
11603,eulsever,8,2026-02-11,2026-02,0,8,0
11604,daktas,10,2026-02-11,2026-02,10,0,0
11605,sfirinci,43,2026-02-11,2026-02,43,0,0
11606,bsakrak,2,2026-02-11,2026-02,2,0,0
11607,gekim,49,2026-02-11,2026-02,0,49,0
11608,aapak,35,2026-02-11,2026-02,0,35,0
11609,ebalaban,35,2026-02-11,2026-02,35,0,0
11610,dnoic,3,2026-02-11,2026-02,3,0,0
11611,ckarahasan,15,2026-02-11,2026-02,11,4,0
11612,gcevik,1,2026-02-11,2026-02,1,0,0
11613,fozay,65,2026-02-11,2026-02,61,4,0
11614,mguray,4,2026-02-12,2026-02,4,0,0
11615,gakca,7,2026-02-12,2026-02,7,0,0
11616,ubasdas,1,2026-02-12,2026-02,1,0,0
11617,aapak,19,2026-02-12,2026-02,0,19,0
11618,udalyan,3,2026-02-12,2026-02,2,0,1
11619,mecigdem,2,2026-02-12,2026-02,0,2,0
11620,fgulsever,62,2026-02-12,2026-02,11,51,0
11621,ierdil,8,2026-02-12,2026-02,2,6,0
11622,egonce,14,2026-02-12,2026-02,5,9,0
11623,eozkan,16,2026-02-12,2026-02,12,4,0
11624,msevim,1,2026-02-12,2026-02,1,0,0
11625,mmollaoglu,96,2026-02-12,2026-02,93,3,0
11626,sapra,18,2026-02-12,2026-02,14,4,0
11627,BDEMIRAL,6,2026-02-12,2026-02,2,4,0
11628,dcolor,63,2026-02-12,2026-02,0,63,0
11629,sutetik,9,2026-02-12,2026-02,1,8,0
11630,hbulut,23,2026-02-12,2026-02,23,0,0
11631,bfirat,13,2026-02-12,2026-02,13,0,0
11632,fyakut,35,2026-02-12,2026-02,6,29,0
11633,hakdemir,1,2026-02-12,2026-02,0,1,0
11634,sfirinci,9,2026-02-12,2026-02,4,5,0
11635,fbalaban,1,2026-02-12,2026-02,0,1,0
11636,tcapkin,5,2026-02-12,2026-02,0,5,0
11637,gekim,63,2026-02-12,2026-02,0,63,0
11638,akamera,3,2026-02-12,2026-02,0,3,0
11639,abarkod,32,2026-02-12,2026-02,0,32,0
11640,ntanriverdi,115,2026-02-12,2026-02,9,106,0
11641,fbasak,20,2026-02-12,2026-02,14,3,3
11642,ogun,37,2026-02-12,2026-02,35,2,0
11643,MMUTLU,222,2026-02-12,2026-02,0,221,1
11644,sucakir,1,2026-02-12,2026-02,1,0,0
11645,ggirgin,35,2026-02-12,2026-02,33,2,0
11646,fimetin,47,2026-02-12,2026-02,43,4,0
11647,gayilmaz,8,2026-02-12,2026-02,8,0,0
11648,zkurt,3,2026-02-12,2026-02,1,2,0
11649,amasun,4,2026-02-12,2026-02,0,4,0
11650,mertan,12,2026-02-12,2026-02,12,0,0
11651,dnoic,44,2026-02-12,2026-02,44,0,0
11652,ebalaban,34,2026-02-12,2026-02,34,0,0
11653,gcevik,1,2026-02-12,2026-02,1,0,0
11654,nibolkis,8,2026-02-12,2026-02,8,0,0
11655,ogungor,5,2026-02-12,2026-02,4,1,0
11656,ckarahasan,29,2026-02-12,2026-02,18,11,0
11657,mecigdem,4,2026-02-13,2026-02,0,4,0
11658,stjegitim,2,2026-02-13,2026-02,0,2,0
11659,mguder,4,2026-02-13,2026-02,0,4,0
11660,pstjbmetiner,4,2026-02-13,2026-02,2,2,0
11661,ierdil,7,2026-02-13,2026-02,3,4,0
11662,kbtlideri,1,2026-02-13,2026-02,1,0,0
11663,mkarsiv,2,2026-02-13,2026-02,2,0,0
11664,gayilmaz,10,2026-02-13,2026-02,10,0,0
11665,hakdemir,7,2026-02-13,2026-02,4,3,0
11666,msevim,9,2026-02-13,2026-02,7,2,0
11667,gbalvan,4,2026-02-13,2026-02,0,4,0
11668,dcolor,92,2026-02-13,2026-02,1,91,0
11669,hbulut,3,2026-02-13,2026-02,3,0,0
11670,bfirat,33,2026-02-13,2026-02,33,0,0
11671,udalyan,26,2026-02-13,2026-02,24,2,0
11672,ddcozgu,115,2026-02-13,2026-02,115,0,0
11673,gakca,20,2026-02-13,2026-02,8,12,0
11674,ayyilmaz,1,2026-02-13,2026-02,1,0,0
11675,ebalaban,31,2026-02-13,2026-02,31,0,0
11676,akamera,11,2026-02-13,2026-02,0,11,0
11677,ngogce,7,2026-02-13,2026-02,0,0,7
11678,ntanriverdi,14,2026-02-13,2026-02,0,14,0
11679,cer,5,2026-02-13,2026-02,4,1,0
11680,amasun,59,2026-02-13,2026-02,0,59,0
11681,obali,14,2026-02-13,2026-02,12,2,0
11682,MMUTLU,100,2026-02-13,2026-02,0,100,0
11683,mkarabiyik,1,2026-02-13,2026-02,0,1,0
11684,ggirgin,9,2026-02-13,2026-02,9,0,0
11685,mertan,3,2026-02-13,2026-02,3,0,0
11686,tevirgen,16,2026-02-13,2026-02,5,11,0
11687,ogungor,2,2026-02-13,2026-02,2,0,0
11688,oicoz,7,2026-02-13,2026-02,4,3,0
11689,ckarahasan,2,2026-02-13,2026-02,0,2,0
11690,fimetin,87,2026-02-13,2026-02,30,57,0
11691,ebalaban,12,2026-02-14,2026-02,12,0,0
11692,mecigdem,13,2026-02-14,2026-02,11,2,0
11693,kbtlideri,1,2026-02-14,2026-02,1,0,0
11694,rkontrol,1,2026-02-14,2026-02,1,0,0
11695,hakdemir,5,2026-02-14,2026-02,5,0,0
11696,dcolor,79,2026-02-14,2026-02,0,79,0
11697,mkarsiv,1,2026-02-15,2026-02,1,0,0
11698,egonce,16,2026-02-15,2026-02,10,6,0
11699,akapucu,2,2026-02-15,2026-02,2,0,0
11700,dcolor,7,2026-02-15,2026-02,0,7,0
11701,ierdil,10,2026-02-15,2026-02,3,7,0
11702,sapra,1,2026-02-15,2026-02,1,0,0
11703,aapak,43,2026-02-15,2026-02,0,43,0
11704,fgulsever,53,2026-02-15,2026-02,2,51,0
11705,sfirinci,2,2026-02-15,2026-02,0,2,0
11706,gekim,75,2026-02-15,2026-02,0,75,0
11707,ekaragoz,1,2026-02-15,2026-02,1,0,0
11708,mkorucu,1,2026-02-15,2026-02,1,0,0
11709,aayhan,20,2026-02-15,2026-02,13,6,1
11710,fbasak,5,2026-02-15,2026-02,5,0,0
11711,abarkod,1,2026-02-15,2026-02,0,1,0
11712,fcolak,3,2026-02-16,2026-02,3,0,0
11713,cadonmez,9,2026-02-16,2026-02,0,0,9
11714,rkontrol,2,2026-02-16,2026-02,1,1,0
11715,aildeniz,1,2026-02-16,2026-02,1,0,0
11716,ierdil,9,2026-02-16,2026-02,4,5,0
11717,esaribuyuk,3,2026-02-16,2026-02,0,3,0
11718,fgulsever,117,2026-02-16,2026-02,0,117,0
11719,mkarsiv,2,2026-02-16,2026-02,2,0,0
11720,hakand,8,2026-02-16,2026-02,4,4,0
11721,mecigdem,4,2026-02-16,2026-02,0,4,0
11722,zyuksel,20,2026-02-16,2026-02,20,0,0
11723,egonce,41,2026-02-16,2026-02,29,12,0
11724,aapak,116,2026-02-16,2026-02,26,90,0
11725,uunver,9,2026-02-16,2026-02,9,0,0
11726,udalyan,7,2026-02-16,2026-02,6,0,1
11727,gbalvan,3,2026-02-16,2026-02,0,3,0
11728,dcolor,63,2026-02-16,2026-02,1,62,0
11729,sutetik,39,2026-02-16,2026-02,38,1,0
11730,ersener,40,2026-02-16,2026-02,40,0,0
11731,hbulut,4,2026-02-16,2026-02,4,0,0
11732,akapucu,3,2026-02-16,2026-02,3,0,0
11733,bfirat,9,2026-02-16,2026-02,8,1,0
11734,VBAYANER,14,2026-02-16,2026-02,0,14,0
11735,bunver,19,2026-02-16,2026-02,2,5,12
11736,hakdemir,4,2026-02-16,2026-02,1,3,0
11737,sapra,4,2026-02-16,2026-02,4,0,0
11738,adogan,4,2026-02-16,2026-02,4,0,0
11739,ESERT,2,2026-02-16,2026-02,2,0,0
11740,akamera,7,2026-02-16,2026-02,0,7,0
11741,tcapkin,10,2026-02-16,2026-02,0,10,0
11742,ntanriverdi,8,2026-02-16,2026-02,0,8,0
11743,fbasak,2,2026-02-16,2026-02,2,0,0
11744,aayhan,259,2026-02-16,2026-02,29,224,6
11745,mkofis,1,2026-02-16,2026-02,1,0,0
11746,dyavuzkasap,1,2026-02-16,2026-02,1,0,0
11747,MMUTLU,11,2026-02-16,2026-02,8,3,0
11748,fimetin,11,2026-02-16,2026-02,7,4,0
11749,ggirgin,32,2026-02-16,2026-02,9,17,6
11750,ekaradavut,6,2026-02-16,2026-02,6,0,0
11751,gakca,13,2026-02-16,2026-02,5,8,0
11752,ayyilmaz,16,2026-02-16,2026-02,16,0,0
11753,ogungor,7,2026-02-16,2026-02,7,0,0
11754,caki,1,2026-02-16,2026-02,0,1,0
11755,ckarahasan,26,2026-02-16,2026-02,24,2,0
11756,ebalaban,97,2026-02-16,2026-02,47,50,0
11757,fozay,14,2026-02-16,2026-02,13,1,0
11758,aozbal,2,2026-02-16,2026-02,1,1,0
11759,eanli,3,2026-02-16,2026-02,1,2,0
11760,fbalaban,11,2026-02-16,2026-02,0,11,0
11761,gekim,88,2026-02-16,2026-02,0,88,0
11762,otufan,7,2026-02-16,2026-02,0,7,0
11763,bsakrak,2,2026-02-16,2026-02,2,0,0
11764,tevirgen,5,2026-02-16,2026-02,4,1,0
11765,fgulsever,67,2026-02-17,2026-02,0,67,0
11766,zyuksel,1,2026-02-17,2026-02,1,0,0
11767,gsapmaz,4,2026-02-17,2026-02,4,0,0
11768,hakand,22,2026-02-17,2026-02,22,0,0
11769,ierdil,6,2026-02-17,2026-02,1,5,0
11770,aapak,41,2026-02-17,2026-02,0,41,0
11771,ubasdas,5,2026-02-17,2026-02,3,2,0
11772,iunlu,3,2026-02-17,2026-02,2,1,0
11773,udalyan,139,2026-02-17,2026-02,128,10,1
11774,rkontrol,4,2026-02-17,2026-02,2,2,0
11775,gekim,73,2026-02-17,2026-02,0,73,0
11776,egonce,13,2026-02-17,2026-02,3,10,0
11777,hakdemir,19,2026-02-17,2026-02,14,5,0
11778,uunver,2,2026-02-17,2026-02,2,0,0
11779,msevim,2,2026-02-17,2026-02,0,2,0
11780,mmollaoglu,1,2026-02-17,2026-02,1,0,0
11781,sapra,2,2026-02-17,2026-02,1,1,0
11782,eozkan,1,2026-02-17,2026-02,1,0,0
11783,dcolor,91,2026-02-17,2026-02,7,84,0
11784,hbulut,6,2026-02-17,2026-02,6,0,0
11785,sutetik,26,2026-02-17,2026-02,22,4,0
11786,ddcozgu,3,2026-02-17,2026-02,3,0,0
11787,gbakanoglu,26,2026-02-17,2026-02,26,0,0
11788,abarkod,2,2026-02-17,2026-02,0,2,0
11789,amasun,4,2026-02-17,2026-02,0,4,0
11790,ekaragoz,2,2026-02-17,2026-02,1,0,1
11791,akamera,255,2026-02-17,2026-02,0,255,0
11792,vgemici,1,2026-02-17,2026-02,1,0,0
11793,ntanriverdi,4,2026-02-17,2026-02,0,4,0
11794,nkorkmaz,1,2026-02-17,2026-02,1,0,0
11795,fbasak,10,2026-02-17,2026-02,9,1,0
11796,mkarabiyik,5,2026-02-17,2026-02,1,4,0
11797,dyavuzkasap,127,2026-02-17,2026-02,0,127,0
11798,MMUTLU,7,2026-02-17,2026-02,4,3,0
11799,fimetin,51,2026-02-17,2026-02,51,0,0
11800,aayhan,96,2026-02-17,2026-02,1,19,76
11801,ayyilmaz,12,2026-02-17,2026-02,10,2,0
11802,ggirgin,8,2026-02-17,2026-02,6,2,0
11803,caozturk,30,2026-02-17,2026-02,20,10,0
11804,dnoic,1,2026-02-17,2026-02,1,0,0
11805,ckarahasan,6,2026-02-17,2026-02,3,3,0
11806,caki,3,2026-02-17,2026-02,3,0,0
11807,ebalaban,22,2026-02-17,2026-02,22,0,0
11808,ogungor,4,2026-02-17,2026-02,3,1,0
11809,eulsever,8,2026-02-17,2026-02,0,8,0
11810,tevirgen,9,2026-02-17,2026-02,0,9,0
11811,nibolkis,4,2026-02-17,2026-02,4,0,0
11812,rkontrol,2,2026-02-18,2026-02,0,2,0
11813,ubasdas,10,2026-02-18,2026-02,10,0,0
11814,aapak,59,2026-02-18,2026-02,0,59,0
11815,udalyan,93,2026-02-18,2026-02,86,7,0
11816,mecigdem,2,2026-02-18,2026-02,0,2,0
11817,fgulsever,19,2026-02-18,2026-02,0,19,0
11818,mguder,8,2026-02-18,2026-02,4,4,0
11819,pstjbmetiner,3,2026-02-18,2026-02,2,1,0
11820,ierdil,7,2026-02-18,2026-02,2,5,0
11821,kbtlideri,1,2026-02-18,2026-02,1,0,0
11822,cadonmez,1,2026-02-18,2026-02,0,1,0
11823,bfirat,13,2026-02-18,2026-02,13,0,0
11824,fcolak,7,2026-02-18,2026-02,7,0,0
11825,mkarsiv,10,2026-02-18,2026-02,10,0,0
11826,egonce,25,2026-02-18,2026-02,15,10,0
11827,hakdemir,30,2026-02-18,2026-02,16,14,0
11828,msevim,1,2026-02-18,2026-02,1,0,0
11829,gbalvan,3,2026-02-18,2026-02,0,3,0
11830,dcolor,90,2026-02-18,2026-02,2,88,0
11831,sutetik,10,2026-02-18,2026-02,10,0,0
11832,hbulut,5,2026-02-18,2026-02,5,0,0
11833,akapucu,4,2026-02-18,2026-02,4,0,0
11834,kdeda,2,2026-02-18,2026-02,2,0,0
11835,stjegitim,14,2026-02-18,2026-02,2,12,0
11836,gakca,6,2026-02-18,2026-02,5,1,0
11837,ekoksal,7,2026-02-18,2026-02,7,0,0
11838,gekim,39,2026-02-18,2026-02,0,39,0
11839,fyakut,4,2026-02-18,2026-02,4,0,0
11840,gmasistan,9,2026-02-18,2026-02,9,0,0
11841,aayhan,79,2026-02-18,2026-02,55,24,0
11842,fyilanci,1,2026-02-18,2026-02,0,1,0
11843,mkarabiyik,1,2026-02-18,2026-02,0,1,0
11844,mkofis,6,2026-02-18,2026-02,6,0,0
11845,dyavuzkasap,11,2026-02-18,2026-02,11,0,0
11846,obali,2,2026-02-18,2026-02,2,0,0
11847,fimetin,3,2026-02-18,2026-02,0,3,0
11848,ggirgin,20,2026-02-18,2026-02,19,1,0
11849,ekaradavut,12,2026-02-18,2026-02,12,0,0
11850,nkorkmaz,8,2026-02-18,2026-02,4,4,0
11851,tevirgen,2,2026-02-18,2026-02,0,1,1
11852,ogungor,9,2026-02-18,2026-02,5,4,0
11853,caki,2,2026-02-18,2026-02,2,0,0
11854,ckarahasan,21,2026-02-18,2026-02,10,11,0
11855,dnoic,1,2026-02-18,2026-02,0,1,0
11856,caozturk,22,2026-02-18,2026-02,16,6,0
11857,ebalaban,7,2026-02-18,2026-02,7,0,0
11858,gbakanoglu,1,2026-02-18,2026-02,0,1,0
11859,amasun,1,2026-02-18,2026-02,0,1,0
11860,ekaragoz,5,2026-02-18,2026-02,5,0,0
11861,eanli,1,2026-02-18,2026-02,0,1,0
11862,ayyilmaz,2,2026-02-18,2026-02,2,0,0
11863,fcolak,5,2026-02-19,2026-02,5,0,0
11864,mguray,1,2026-02-19,2026-02,1,0,0
11865,ierdil,8,2026-02-19,2026-02,3,5,0
11866,itopcu,1,2026-02-19,2026-02,1,0,0
11867,mguder,19,2026-02-19,2026-02,19,0,0
11868,gsapmaz,5,2026-02-19,2026-02,1,4,0
11869,sekisa,80,2026-02-19,2026-02,80,0,0
11870,zyuksel,1,2026-02-19,2026-02,0,1,0
11871,mkarsiv,1,2026-02-19,2026-02,1,0,0
11872,sapra,6,2026-02-19,2026-02,6,0,0
11873,egonce,105,2026-02-19,2026-02,93,12,0
11874,hakdemir,29,2026-02-19,2026-02,4,25,0
11875,fdeniz,23,2026-02-19,2026-02,5,0,18
11876,mbayirli,29,2026-02-19,2026-02,19,10,0
11877,eozkan,1,2026-02-19,2026-02,1,0,0
11878,gbalvan,3,2026-02-19,2026-02,0,3,0
11879,dcolor,79,2026-02-19,2026-02,0,79,0
11880,sutetik,8,2026-02-19,2026-02,5,3,0
11881,fgulsever,26,2026-02-19,2026-02,6,20,0
11882,bfirat,14,2026-02-19,2026-02,14,0,0
11883,ddcozgu,3,2026-02-19,2026-02,2,1,0
11884,udalyan,12,2026-02-19,2026-02,6,6,0
11885,scabuker,2,2026-02-19,2026-02,2,0,0
11886,saskin,1,2026-02-19,2026-02,1,0,0
11887,aapak,20,2026-02-19,2026-02,0,20,0
11888,abarkod,2,2026-02-19,2026-02,0,2,0
11889,vgemici,2,2026-02-19,2026-02,2,0,0
11890,ntanriverdi,15,2026-02-19,2026-02,0,15,0
11891,cer,6,2026-02-19,2026-02,6,0,0
11892,fyilanci,3,2026-02-19,2026-02,3,0,0
11893,kesmeray,1,2026-02-19,2026-02,0,1,0
11894,fimetin,8,2026-02-19,2026-02,7,1,0
11895,ggirgin,5,2026-02-19,2026-02,1,0,4
11896,mertan,4,2026-02-19,2026-02,2,2,0
11897,akamera,20,2026-02-19,2026-02,0,20,0
11898,tevirgen,106,2026-02-19,2026-02,28,24,54
11899,caki,15,2026-02-19,2026-02,2,13,0
11900,gcevik,3,2026-02-19,2026-02,0,0,3
11901,ckarahasan,34,2026-02-19,2026-02,10,24,0
11902,ebalaban,24,2026-02-19,2026-02,21,3,0
11903,amasun,31,2026-02-19,2026-02,0,31,0
11904,fozay,51,2026-02-19,2026-02,41,10,0
11905,zkurt,1,2026-02-19,2026-02,0,1,0
11906,gekim,53,2026-02-19,2026-02,0,53,0
11907,ayyilmaz,3,2026-02-19,2026-02,3,0,0
11908,kbtlideri,4,2026-02-20,2026-02,4,0,0
11909,VBAYANER,20,2026-02-20,2026-02,0,20,0
11910,ierdil,8,2026-02-20,2026-02,3,5,0
11911,baozturk,1,2026-02-20,2026-02,1,0,0
11912,zyuksel,1,2026-02-20,2026-02,1,0,0
11913,gsapmaz,21,2026-02-20,2026-02,21,0,0
11914,rkontrol,1,2026-02-20,2026-02,1,0,0
11915,pstjbmetiner,5,2026-02-20,2026-02,4,1,0
11916,stjegitim,21,2026-02-20,2026-02,4,10,7
11917,dcolor,66,2026-02-20,2026-02,0,66,0
11918,hakdemir,5,2026-02-20,2026-02,3,2,0
11919,eozkan,10,2026-02-20,2026-02,6,4,0
11920,gbalvan,3,2026-02-20,2026-02,0,3,0
11921,ekoksal,5,2026-02-20,2026-02,5,0,0
11922,sutetik,20,2026-02-20,2026-02,9,11,0
11923,hbulut,2,2026-02-20,2026-02,2,0,0
11924,bfirat,9,2026-02-20,2026-02,9,0,0
11925,hakand,3,2026-02-20,2026-02,2,1,0
11926,egonce,7,2026-02-20,2026-02,1,6,0
11927,mecigdem,5,2026-02-20,2026-02,2,3,0
11928,ayyilmaz,1,2026-02-20,2026-02,1,0,0
11929,gakca,3,2026-02-20,2026-02,3,0,0
11930,udalyan,28,2026-02-20,2026-02,21,7,0
11931,akamera,9,2026-02-20,2026-02,0,9,0
11932,ntanriverdi,4,2026-02-20,2026-02,0,4,0
11933,bkibar,1,2026-02-20,2026-02,1,0,0
11934,fbasak,1,2026-02-20,2026-02,0,1,0
11935,fyilanci,6,2026-02-20,2026-02,6,0,0
11936,obali,33,2026-02-20,2026-02,25,3,5
11937,MMUTLU,81,2026-02-20,2026-02,0,81,0
11938,fimetin,12,2026-02-20,2026-02,12,0,0
11939,vgemici,1,2026-02-20,2026-02,1,0,0
11940,ekaradavut,4,2026-02-20,2026-02,4,0,0
11941,mertan,3,2026-02-20,2026-02,2,1,0
11942,tevirgen,9,2026-02-20,2026-02,3,6,0
11943,ogungor,1,2026-02-20,2026-02,0,1,0
11944,ckarahasan,22,2026-02-20,2026-02,17,5,0
11945,ebalaban,55,2026-02-20,2026-02,55,0,0
11946,amasun,30,2026-02-20,2026-02,6,24,0
11947,cozkan,53,2026-02-20,2026-02,53,0,0
11948,ggirgin,35,2026-02-20,2026-02,34,1,0
11949,dcolor,39,2026-02-21,2026-02,0,39,0
11950,hakdemir,10,2026-02-21,2026-02,7,3,0
11951,kbtlideri,4,2026-02-21,2026-02,4,0,0
11952,bsakrak,16,2026-02-21,2026-02,16,0,0
11953,ogungor,2,2026-02-21,2026-02,2,0,0
11954,mecigdem,4,2026-02-21,2026-02,2,2,0
11955,cyildiz,1,2026-02-22,2026-02,1,0,0
11956,akapucu,7,2026-02-22,2026-02,7,0,0
11957,dcolor,6,2026-02-22,2026-02,0,6,0
11958,sapra,1,2026-02-22,2026-02,1,0,0
11959,mbayirli,10,2026-02-22,2026-02,9,1,0
11960,fdeniz,1,2026-02-22,2026-02,1,0,0
11961,egonce,28,2026-02-22,2026-02,15,13,0
11962,mkarsiv,1,2026-02-22,2026-02,1,0,0
11963,fcolak,52,2026-02-22,2026-02,45,7,0
11964,ierdil,11,2026-02-22,2026-02,4,7,0
11965,fgulsever,15,2026-02-22,2026-02,0,15,0
11966,nakilli,1,2026-02-22,2026-02,1,0,0
11967,mceylan,5,2026-02-22,2026-02,5,0,0
11968,gekim,85,2026-02-22,2026-02,0,85,0
11969,dnoic,1,2026-02-22,2026-02,1,0,0
11970,aayhan,42,2026-02-22,2026-02,10,27,5
11971,ogun,4,2026-02-22,2026-02,4,0,0
11972,fbasak,1,2026-02-22,2026-02,1,0,0
11973,nkorkmaz,8,2026-02-22,2026-02,0,0,8
11974,abarkod,33,2026-02-22,2026-02,0,33,0
11975,mguder,12,2026-02-23,2026-02,12,0,0
11976,VBAYANER,1,2026-02-23,2026-02,1,0,0
11977,gsapmaz,4,2026-02-23,2026-02,4,0,0
11978,baozturk,1,2026-02-23,2026-02,1,0,0
11979,gakca,10,2026-02-23,2026-02,10,0,0
11980,mecigdem,2,2026-02-23,2026-02,0,2,0
11981,udalyan,4,2026-02-23,2026-02,1,1,2
11982,aapak,13,2026-02-23,2026-02,0,13,0
11983,zyuksel,2,2026-02-23,2026-02,1,1,0
11984,fgulsever,51,2026-02-23,2026-02,2,49,0
11985,ierdil,6,2026-02-23,2026-02,1,5,0
11986,fdeniz,6,2026-02-23,2026-02,2,4,0
11987,mkarsiv,1,2026-02-23,2026-02,1,0,0
11988,egonce,12,2026-02-23,2026-02,10,2,0
11989,hakdemir,10,2026-02-23,2026-02,10,0,0
11990,sfirinci,6,2026-02-23,2026-02,6,0,0
11991,mbayirli,8,2026-02-23,2026-02,7,1,0
11992,msevim,4,2026-02-23,2026-02,4,0,0
11993,gbalvan,3,2026-02-23,2026-02,0,3,0
11994,dcolor,29,2026-02-23,2026-02,0,29,0
11995,sutetik,18,2026-02-23,2026-02,13,5,0
11996,hbulut,5,2026-02-23,2026-02,5,0,0
11997,bfirat,29,2026-02-23,2026-02,29,0,0
11998,fcolak,70,2026-02-23,2026-02,63,7,0
11999,gekim,60,2026-02-23,2026-02,0,60,0
12000,ogungor,3,2026-02-23,2026-02,3,0,0
12001,cozkan,49,2026-02-23,2026-02,48,1,0
12002,gbakanoglu,7,2026-02-23,2026-02,5,2,0
12003,akamera,29,2026-02-23,2026-02,0,29,0
12004,ngogce,11,2026-02-23,2026-02,11,0,0
12005,abarkod,1,2026-02-23,2026-02,0,1,0
12006,ntanriverdi,28,2026-02-23,2026-02,0,28,0
12007,bkibar,2,2026-02-23,2026-02,0,2,0
12008,fbasak,3,2026-02-23,2026-02,3,0,0
12009,obali,4,2026-02-23,2026-02,1,0,3
12010,fimetin,19,2026-02-23,2026-02,11,8,0
12011,gkenarli,1,2026-02-23,2026-02,1,0,0
12012,ggirgin,18,2026-02-23,2026-02,18,0,0
12013,nkorkmaz,2,2026-02-23,2026-02,0,1,1
12014,ayyilmaz,1,2026-02-23,2026-02,1,0,0
12015,fbalaban,1,2026-02-23,2026-02,0,1,0
12016,mertan,3,2026-02-23,2026-02,2,1,0
12017,ekaragoz,2,2026-02-23,2026-02,1,0,1
12018,fozay,27,2026-02-23,2026-02,27,0,0
12019,ebalaban,17,2026-02-23,2026-02,17,0,0
12020,amasun,7,2026-02-23,2026-02,3,4,0
12021,okanat,4,2026-02-23,2026-02,0,4,0
12022,TIRMAK,3,2026-02-23,2026-02,3,0,0
12023,gayilmaz,7,2026-02-23,2026-02,1,6,0
12024,tevirgen,48,2026-02-23,2026-02,22,13,13
12025,ckarahasan,17,2026-02-23,2026-02,7,10,0
12026,stjegitim,1,2026-02-24,2026-02,1,0,0
12027,zyuksel,35,2026-02-24,2026-02,34,1,0
12028,ierdil,8,2026-02-24,2026-02,3,5,0
12029,pstjbmetiner,5,2026-02-24,2026-02,5,0,0
12030,mguder,2,2026-02-24,2026-02,2,0,0
12031,udalyan,10,2026-02-24,2026-02,6,4,0
12032,itopcu,1,2026-02-24,2026-02,1,0,0
12033,fgulsever,59,2026-02-24,2026-02,0,59,0
12034,mecigdem,9,2026-02-24,2026-02,7,2,0
12035,fcolak,21,2026-02-24,2026-02,1,20,0
12036,gsapmaz,8,2026-02-24,2026-02,7,1,0
12037,egonce,53,2026-02-24,2026-02,51,2,0
12038,VBAYANER,17,2026-02-24,2026-02,1,16,0
12039,bunver,2,2026-02-24,2026-02,2,0,0
12040,uunver,54,2026-02-24,2026-02,54,0,0
12041,msevim,5,2026-02-24,2026-02,5,0,0
12042,mmollaoglu,2,2026-02-24,2026-02,0,2,0
12043,eozkan,11,2026-02-24,2026-02,7,4,0
12044,gbalvan,4,2026-02-24,2026-02,0,4,0
12045,dcolor,54,2026-02-24,2026-02,0,54,0
12046,ekoksal,1,2026-02-24,2026-02,1,0,0
12047,hbulut,29,2026-02-24,2026-02,29,0,0
12048,bfirat,3,2026-02-24,2026-02,0,3,0
12049,aapak,38,2026-02-24,2026-02,18,20,0
12050,hakdemir,17,2026-02-24,2026-02,14,3,0
12051,gakca,6,2026-02-24,2026-02,3,3,0
12052,fimetin,54,2026-02-24,2026-02,14,40,0
12053,adogan,2,2026-02-24,2026-02,2,0,0
12054,akamera,2,2026-02-24,2026-02,0,2,0
12055,ngogce,4,2026-02-24,2026-02,0,0,4
12056,ntanriverdi,3,2026-02-24,2026-02,0,3,0
12057,gmasistan,4,2026-02-24,2026-02,4,0,0
12058,hktlideri,6,2026-02-24,2026-02,6,0,0
12059,fbasak,10,2026-02-24,2026-02,2,8,0
12060,fyilanci,2,2026-02-24,2026-02,2,0,0
12061,mkarabiyik,2,2026-02-24,2026-02,0,2,0
12062,mkofis,5,2026-02-24,2026-02,5,0,0
12063,obali,3,2026-02-24,2026-02,3,0,0
12064,ggirgin,7,2026-02-24,2026-02,6,1,0
12065,fyakut,25,2026-02-24,2026-02,22,3,0
12066,ayyilmaz,2,2026-02-24,2026-02,2,0,0
12067,tevirgen,21,2026-02-24,2026-02,10,11,0
12068,gayilmaz,7,2026-02-24,2026-02,7,0,0
12069,ogungor,6,2026-02-24,2026-02,4,2,0
12070,ckarahasan,16,2026-02-24,2026-02,7,9,0
12071,dnoic,3,2026-02-24,2026-02,3,0,0
12072,ebalaban,32,2026-02-24,2026-02,32,0,0
12073,fozay,10,2026-02-24,2026-02,9,1,0
12074,gbakanoglu,7,2026-02-24,2026-02,5,2,0
12075,gekim,59,2026-02-24,2026-02,0,59,0
12076,bsakrak,8,2026-02-24,2026-02,8,0,0
12077,mertan,9,2026-02-24,2026-02,2,7,0
12078,baozturk,1,2026-02-25,2026-02,1,0,0
12079,itopcu,4,2026-02-25,2026-02,4,0,0
12080,fgulsever,6,2026-02-25,2026-02,0,6,0
12081,hakand,2,2026-02-25,2026-02,2,0,0
12082,daktas,2,2026-02-25,2026-02,2,0,0
12083,udalyan,59,2026-02-25,2026-02,5,4,50
12084,aapak,111,2026-02-25,2026-02,0,111,0
12085,gakca,4,2026-02-25,2026-02,3,1,0
12086,gsapmaz,3,2026-02-25,2026-02,3,0,0
12087,mecigdem,14,2026-02-25,2026-02,12,2,0
12088,ierdil,15,2026-02-25,2026-02,8,7,0
12089,hakdemir,7,2026-02-25,2026-02,4,3,0
12090,stjegitim,1,2026-02-25,2026-02,1,0,0
12091,fcolak,7,2026-02-25,2026-02,7,0,0
12092,mkarsiv,6,2026-02-25,2026-02,6,0,0
12093,egonce,15,2026-02-25,2026-02,12,3,0
12094,uunver,1,2026-02-25,2026-02,1,0,0
12095,eozkan,3,2026-02-25,2026-02,3,0,0
12096,gbalvan,8,2026-02-25,2026-02,0,8,0
12097,dcolor,81,2026-02-25,2026-02,0,81,0
12098,sutetik,14,2026-02-25,2026-02,11,3,0
12099,hbulut,2,2026-02-25,2026-02,2,0,0
12100,gekim,89,2026-02-25,2026-02,0,89,0
12101,rkontrol,2,2026-02-25,2026-02,2,0,0
12102,gbakanoglu,2,2026-02-25,2026-02,0,2,0
12103,bfirat,38,2026-02-25,2026-02,36,2,0
12104,ekaragoz,2,2026-02-25,2026-02,1,0,1
12105,eanli,1,2026-02-25,2026-02,0,1,0
12106,akamera,2,2026-02-25,2026-02,0,2,0
12107,abarkod,2,2026-02-25,2026-02,0,2,0
12108,tcapkin,3,2026-02-25,2026-02,0,3,0
12109,ntanriverdi,23,2026-02-25,2026-02,0,23,0
12110,cer,1,2026-02-25,2026-02,1,0,0
12111,mkarabiyik,1,2026-02-25,2026-02,0,1,0
12112,mkofis,15,2026-02-25,2026-02,15,0,0
12113,dyavuzkasap,1,2026-02-25,2026-02,0,0,1
12114,obali,2,2026-02-25,2026-02,2,0,0
12115,MMUTLU,5,2026-02-25,2026-02,3,0,2
12116,ogun,2,2026-02-25,2026-02,2,0,0
12117,sucakir,14,2026-02-25,2026-02,14,0,0
12118,fimetin,24,2026-02-25,2026-02,6,18,0
12119,ebalaban,55,2026-02-25,2026-02,55,0,0
12120,dnoic,10,2026-02-25,2026-02,9,1,0
12121,ckarahasan,9,2026-02-25,2026-02,2,7,0
12122,ogungor,2,2026-02-25,2026-02,0,2,0
12123,amasun,48,2026-02-25,2026-02,0,48,0
12124,eulsever,22,2026-02-25,2026-02,20,2,0
12125,tevirgen,68,2026-02-25,2026-02,44,24,0
12126,ayyilmaz,2,2026-02-25,2026-02,2,0,0
12127,ggirgin,17,2026-02-25,2026-02,10,2,5
12128,gayilmaz,21,2026-02-25,2026-02,21,0,0
12129,ddcozgu,2,2026-02-26,2026-02,2,0,0
12130,mkarsiv,14,2026-02-26,2026-02,14,0,0
12131,cyildiz,1,2026-02-26,2026-02,1,0,0
12132,stjegitim,1,2026-02-26,2026-02,1,0,0
12133,ebadem,2,2026-02-26,2026-02,2,0,0
12134,mguder,2,2026-02-26,2026-02,2,0,0
12135,zyuksel,2,2026-02-26,2026-02,0,0,2
12136,itopcu,5,2026-02-26,2026-02,5,0,0
12137,BSOGUT,2,2026-02-26,2026-02,2,0,0
12138,esaribuyuk,1,2026-02-26,2026-02,0,1,0
12139,ierdil,14,2026-02-26,2026-02,5,9,0
12140,egonce,28,2026-02-26,2026-02,26,2,0
12141,bfirat,54,2026-02-26,2026-02,53,1,0
12142,hakdemir,22,2026-02-26,2026-02,17,5,0
12143,uunver,2,2026-02-26,2026-02,2,0,0
12144,msevim,6,2026-02-26,2026-02,0,6,0
12145,mmollaoglu,4,2026-02-26,2026-02,0,4,0
12146,sapra,8,2026-02-26,2026-02,6,2,0
12147,eozkan,9,2026-02-26,2026-02,5,4,0
12148,gbalvan,1,2026-02-26,2026-02,0,1,0
12149,dcolor,73,2026-02-26,2026-02,0,73,0
12150,sutetik,8,2026-02-26,2026-02,6,2,0
12151,hbulut,1,2026-02-26,2026-02,0,1,0
12152,hakand,30,2026-02-26,2026-02,30,0,0
12153,bunver,1,2026-02-26,2026-02,1,0,0
12154,herbilgin,6,2026-02-26,2026-02,6,0,0
12155,mecigdem,2,2026-02-26,2026-02,0,2,0
12156,gakca,6,2026-02-26,2026-02,6,0,0
12157,aapak,59,2026-02-26,2026-02,0,59,0
12158,akamera,1,2026-02-26,2026-02,0,1,0
12159,udalyan,15,2026-02-26,2026-02,12,3,0
12160,tcapkin,1,2026-02-26,2026-02,1,0,0
12161,ntanriverdi,9,2026-02-26,2026-02,0,9,0
12162,fbasak,2,2026-02-26,2026-02,2,0,0
12163,makkus,6,2026-02-26,2026-02,1,5,0
12164,obali,53,2026-02-26,2026-02,15,37,1
12165,fimetin,119,2026-02-26,2026-02,20,99,0
12166,ggirgin,6,2026-02-26,2026-02,6,0,0
12167,ekaradavut,7,2026-02-26,2026-02,5,2,0
12168,mertan,4,2026-02-26,2026-02,3,1,0
12169,tevirgen,22,2026-02-26,2026-02,7,8,7
12170,abarkod,1,2026-02-26,2026-02,0,1,0
12171,TIRMAK,2,2026-02-26,2026-02,1,1,0
12172,ogungor,5,2026-02-26,2026-02,4,1,0
12173,gekim,54,2026-02-26,2026-02,0,54,0
12174,gbakanoglu,2,2026-02-26,2026-02,0,2,0
12175,amasun,184,2026-02-26,2026-02,0,184,0
12176,ebalaban,67,2026-02-26,2026-02,37,30,0
12177,sfirinci,2,2026-02-26,2026-02,2,0,0
12178,dnoic,18,2026-02-26,2026-02,17,1,0
12179,ckarahasan,6,2026-02-26,2026-02,2,4,0
12180,gcevik,2,2026-02-26,2026-02,2,0,0
12181,oicoz,7,2026-02-26,2026-02,7,0,0
12182,caozturk,1,2026-02-26,2026-02,1,0,0
12183,ierdil,8,2026-02-27,2026-02,3,5,0
12184,bsakrak,33,2026-02-27,2026-02,33,0,0
12185,gakca,3,2026-02-27,2026-02,3,0,0
12186,oguler,7,2026-02-27,2026-02,7,0,0
12187,mecigdem,2,2026-02-27,2026-02,0,2,0
12188,hakand,39,2026-02-27,2026-02,37,2,0
12189,mguder,2,2026-02-27,2026-02,1,1,0
12190,zyuksel,5,2026-02-27,2026-02,5,0,0
12191,stjegitim,426,2026-02-27,2026-02,385,30,11
12192,gbalvan,2,2026-02-27,2026-02,0,2,0
12193,mkarsiv,4,2026-02-27,2026-02,4,0,0
12194,hakdemir,5,2026-02-27,2026-02,5,0,0
12195,msevim,2,2026-02-27,2026-02,1,1,0
12196,mmollaoglu,4,2026-02-27,2026-02,4,0,0
12197,dcolor,81,2026-02-27,2026-02,0,81,0
12198,sutetik,29,2026-02-27,2026-02,21,8,0
12199,bfirat,33,2026-02-27,2026-02,33,0,0
12200,VBAYANER,1,2026-02-27,2026-02,1,0,0
12201,fozay,22,2026-02-27,2026-02,21,1,0
12202,eyuksel,13,2026-02-27,2026-02,11,2,0
12203,amasun,136,2026-02-27,2026-02,0,136,0
12204,fimetin,22,2026-02-27,2026-02,22,0,0
12205,ckarahasan,29,2026-02-27,2026-02,27,2,0
12206,akamera,5,2026-02-27,2026-02,0,5,0
12207,abarkod,4,2026-02-27,2026-02,0,4,0
12208,ntanriverdi,14,2026-02-27,2026-02,0,14,0
12209,bkibar,2,2026-02-27,2026-02,1,1,0
12210,hktlideri,1,2026-02-27,2026-02,1,0,0
12211,mkarabiyik,1,2026-02-27,2026-02,0,1,0
12212,mkofis,16,2026-02-27,2026-02,16,0,0
12213,obali,19,2026-02-27,2026-02,12,5,2
12214,MMUTLU,4,2026-02-27,2026-02,0,0,4
12215,vgemici,17,2026-02-27,2026-02,11,6,0
12216,sucakir,2,2026-02-27,2026-02,0,0,2
12217,ggirgin,49,2026-02-27,2026-02,38,11,0
12218,mertan,1,2026-02-27,2026-02,1,0,0
12219,ayyilmaz,1,2026-02-27,2026-02,1,0,0
12220,tevirgen,25,2026-02-27,2026-02,13,11,1
12221,eulsever,1,2026-02-27,2026-02,0,1,0
12222,ebalaban,33,2026-02-27,2026-02,33,0,0
12223,gayilmaz,18,2026-02-27,2026-02,18,0,0
12224,ogungor,8,2026-02-27,2026-02,7,1,0
12225,hakdemir,11,2026-02-28,2026-02,7,4,0
12226,dcolor,24,2026-02-28,2026-02,0,24,0
12227,mkorucu,1,2026-02-28,2026-02,0,1,0
12228,bsakrak,16,2026-02-28,2026-02,16,0,0
12229,fgulsever,44,2026-03-01,2026-03,0,44,0
12230,akapucu,9,2026-03-01,2026-03,9,0,0
12231,dcolor,1,2026-03-01,2026-03,0,1,0
12232,uunver,4,2026-03-01,2026-03,1,3,0
12233,egonce,31,2026-03-01,2026-03,21,10,0
12234,mkarsiv,1,2026-03-01,2026-03,1,0,0
12235,fcolak,5,2026-03-01,2026-03,5,0,0
12236,cyildiz,5,2026-03-01,2026-03,4,1,0
12237,bbugdayci,3,2026-03-01,2026-03,0,3,0
12238,ebadem,9,2026-03-01,2026-03,9,0,0
12239,ierdil,12,2026-03-01,2026-03,3,9,0
12240,aapak,55,2026-03-01,2026-03,0,55,0
12241,BSOGUT,1,2026-03-01,2026-03,1,0,0
12242,abarkod,24,2026-03-01,2026-03,0,24,0
12243,sfirinci,8,2026-03-01,2026-03,5,3,0
12244,gekim,52,2026-03-01,2026-03,0,52,0
12245,fbalaban,4,2026-03-01,2026-03,0,4,0
12246,ekaragoz,6,2026-03-01,2026-03,0,0,6
12247,dnoic,16,2026-03-01,2026-03,3,13,0
12248,gcevik,12,2026-03-01,2026-03,12,0,0
12249,mkofis,1,2026-03-01,2026-03,1,0,0
12250,aayhan,71,2026-03-01,2026-03,32,39,0
12251,ogun,2,2026-03-01,2026-03,2,0,0
12252,hktlideri,1,2026-03-01,2026-03,1,0,0
12253,nakilli,1,2026-03-01,2026-03,1,0,0
12254,VBAYANER,15,2026-03-02,2026-03,1,14,0
12255,mguder,42,2026-03-02,2026-03,40,2,0
12256,fgulsever,17,2026-03-02,2026-03,0,17,0
12257,BSOGUT,15,2026-03-02,2026-03,15,0,0
12258,daktas,2,2026-03-02,2026-03,2,0,0
12259,udalyan,10,2026-03-02,2026-03,6,2,2
12260,aapak,93,2026-03-02,2026-03,18,75,0
12261,ubasdas,3,2026-03-02,2026-03,3,0,0
12262,gakca,14,2026-03-02,2026-03,12,2,0
12263,ierdil,21,2026-03-02,2026-03,10,11,0
12264,hakand,78,2026-03-02,2026-03,78,0,0
12265,bbugdayci,4,2026-03-02,2026-03,0,4,0
12266,akocak,1,2026-03-02,2026-03,0,1,0
12267,egonce,37,2026-03-02,2026-03,19,18,0
12268,hakdemir,14,2026-03-02,2026-03,13,1,0
12269,msevim,3,2026-03-02,2026-03,0,3,0
12270,hbinay,7,2026-03-02,2026-03,7,0,0
12271,gbalvan,5,2026-03-02,2026-03,0,5,0
12272,dcolor,32,2026-03-02,2026-03,0,32,0
12273,sutetik,17,2026-03-02,2026-03,8,9,0
12274,ersener,33,2026-03-02,2026-03,33,0,0
12275,hbulut,8,2026-03-02,2026-03,5,3,0
12276,akapucu,5,2026-03-02,2026-03,5,0,0
12277,bfirat,31,2026-03-02,2026-03,30,1,0
12278,ddcozgu,1,2026-03-02,2026-03,1,0,0
12279,sfirinci,1,2026-03-02,2026-03,1,0,0
12280,mertan,1,2026-03-02,2026-03,1,0,0
12281,fozay,2,2026-03-02,2026-03,1,1,0
12282,gekim,82,2026-03-02,2026-03,0,82,0
12283,akamera,8,2026-03-02,2026-03,0,8,0
12284,abarkod,2,2026-03-02,2026-03,0,2,0
12285,ttlideri,21,2026-03-02,2026-03,21,0,0
12286,vgemici,7,2026-03-02,2026-03,7,0,0
12287,ntanriverdi,16,2026-03-02,2026-03,0,16,0
12288,fbasak,7,2026-03-02,2026-03,7,0,0
12289,cer,16,2026-03-02,2026-03,13,3,0
12290,aayhan,20,2026-03-02,2026-03,16,2,2
12291,scolak,3,2026-03-02,2026-03,3,0,0
12292,mkarabiyik,9,2026-03-02,2026-03,0,9,0
12293,obali,9,2026-03-02,2026-03,4,2,3
12294,asablon,8,2026-03-02,2026-03,8,0,0
12295,ggirgin,44,2026-03-02,2026-03,38,6,0
12296,fimetin,253,2026-03-02,2026-03,29,224,0
12297,ebalaban,31,2026-03-02,2026-03,31,0,0
12298,caozturk,23,2026-03-02,2026-03,20,3,0
12299,dnoic,2,2026-03-02,2026-03,1,1,0
12300,ckarahasan,48,2026-03-02,2026-03,17,31,0
12301,amasun,21,2026-03-02,2026-03,0,21,0
12302,ogungor,7,2026-03-02,2026-03,7,0,0
12303,ddtlideri,14,2026-03-02,2026-03,14,0,0
12304,tevirgen,45,2026-03-02,2026-03,16,14,15
12305,ekaradavut,2,2026-03-02,2026-03,2,0,0
12306,gcevik,4,2026-03-02,2026-03,4,0,0
12307,ierdil,22,2026-03-03,2026-03,8,14,0
12308,pstjbmetiner,3,2026-03-03,2026-03,3,0,0
12309,mguder,1,2026-03-03,2026-03,1,0,0
12310,itopcu,1,2026-03-03,2026-03,1,0,0
12311,fgulsever,33,2026-03-03,2026-03,2,31,0
12312,BSOGUT,56,2026-03-03,2026-03,15,0,41
12313,aapak,64,2026-03-03,2026-03,0,64,0
12314,udalyan,2,2026-03-03,2026-03,0,2,0
12315,gakca,3,2026-03-03,2026-03,3,0,0
12316,daktas,10,2026-03-03,2026-03,10,0,0
12317,adogan,46,2026-03-03,2026-03,27,19,0
12318,esaribuyuk,1,2026-03-03,2026-03,0,1,0
12319,ebadem,1,2026-03-03,2026-03,1,0,0
12320,bunver,11,2026-03-03,2026-03,9,2,0
12321,mkarsiv,1,2026-03-03,2026-03,1,0,0
12322,egonce,8,2026-03-03,2026-03,8,0,0
12323,uunver,32,2026-03-03,2026-03,32,0,0
12324,msevim,11,2026-03-03,2026-03,0,11,0
12325,hbinay,4,2026-03-03,2026-03,4,0,0
12326,mmollaoglu,2,2026-03-03,2026-03,0,1,1
12327,tcakan,4,2026-03-03,2026-03,4,0,0
12328,gbalvan,6,2026-03-03,2026-03,1,5,0
12329,dcolor,79,2026-03-03,2026-03,0,79,0
12330,sutetik,13,2026-03-03,2026-03,10,3,0
12331,ersener,25,2026-03-03,2026-03,25,0,0
12332,sfirinci,1,2026-03-03,2026-03,1,0,0
12333,fcolak,1,2026-03-03,2026-03,0,1,0
12334,bsakrak,32,2026-03-03,2026-03,32,0,0
12335,ckarahasan,10,2026-03-03,2026-03,3,7,0
12336,SUYILMAZ,5,2026-03-03,2026-03,5,0,0
12337,abarkod,21,2026-03-03,2026-03,0,21,0
12338,ttlideri,17,2026-03-03,2026-03,17,0,0
12339,ntanriverdi,30,2026-03-03,2026-03,0,30,0
12340,gmasistan,4,2026-03-03,2026-03,4,0,0
12341,cer,3,2026-03-03,2026-03,1,2,0
12342,mkofis,19,2026-03-03,2026-03,2,17,0
12343,obali,2,2026-03-03,2026-03,0,2,0
12344,MMUTLU,8,2026-03-03,2026-03,5,3,0
12345,fimetin,16,2026-03-03,2026-03,16,0,0
12346,gkenarli,2,2026-03-03,2026-03,2,0,0
12347,ggirgin,14,2026-03-03,2026-03,9,5,0
12348,mertan,4,2026-03-03,2026-03,3,1,0
12349,akamera,7,2026-03-03,2026-03,0,7,0
12350,tevirgen,9,2026-03-03,2026-03,6,3,0
12351,aozbal,1,2026-03-03,2026-03,1,0,0
12352,amasun,73,2026-03-03,2026-03,0,73,0
12353,ebalaban,27,2026-03-03,2026-03,27,0,0
12354,ayyilmaz,7,2026-03-03,2026-03,7,0,0
12355,dnoic,85,2026-03-03,2026-03,33,52,0
12356,caozturk,10,2026-03-03,2026-03,10,0,0
12357,gcevik,6,2026-03-03,2026-03,6,0,0
12358,mkorucu,8,2026-03-03,2026-03,8,0,0
12359,oicoz,2,2026-03-03,2026-03,2,0,0
12360,nibolkis,7,2026-03-03,2026-03,7,0,0
12361,ogungor,19,2026-03-03,2026-03,15,4,0
12362,gekim,70,2026-03-03,2026-03,0,70,0
12363,carican,1,2026-03-04,2026-03,1,0,0
12364,gsapmaz,3,2026-03-04,2026-03,3,0,0
12365,itopcu,1,2026-03-04,2026-03,1,0,0
12366,fgulsever,20,2026-03-04,2026-03,0,20,0
12367,gakca,12,2026-03-04,2026-03,2,10,0
12368,hakand,3,2026-03-04,2026-03,3,0,0
12369,mecigdem,25,2026-03-04,2026-03,23,2,0
12370,udalyan,1,2026-03-04,2026-03,0,0,1
12371,aapak,50,2026-03-04,2026-03,0,50,0
12372,zyuksel,19,2026-03-04,2026-03,15,4,0
12373,BSOGUT,6,2026-03-04,2026-03,0,0,6
12374,pstjbmetiner,1,2026-03-04,2026-03,0,1,0
12375,msevim,5,2026-03-04,2026-03,4,1,0
12376,rkontrol,2,2026-03-04,2026-03,0,2,0
12377,cyildiz,6,2026-03-04,2026-03,4,2,0
12378,fcolak,22,2026-03-04,2026-03,22,0,0
12379,egonce,12,2026-03-04,2026-03,12,0,0
12380,hakdemir,6,2026-03-04,2026-03,6,0,0
12381,gbalvan,22,2026-03-04,2026-03,17,5,0
12382,dcolor,79,2026-03-04,2026-03,2,77,0
12383,sutetik,36,2026-03-04,2026-03,16,20,0
12384,ersener,5,2026-03-04,2026-03,5,0,0
12385,bfirat,1,2026-03-04,2026-03,1,0,0
12386,bunver,1,2026-03-04,2026-03,0,1,0
12387,fyakut,7,2026-03-04,2026-03,2,5,0
12388,ierdil,5,2026-03-04,2026-03,0,5,0
12389,sfirinci,75,2026-03-04,2026-03,75,0,0
12390,mkarsiv,20,2026-03-04,2026-03,1,19,0
12391,aozbal,1,2026-03-04,2026-03,1,0,0
12392,gekim,43,2026-03-04,2026-03,0,43,0
12393,akamera,203,2026-03-04,2026-03,45,158,0
12394,abarkod,1,2026-03-04,2026-03,0,1,0
12395,vgemici,3,2026-03-04,2026-03,3,0,0
12396,ntanriverdi,4,2026-03-04,2026-03,0,4,0
12397,nkorkmaz,2,2026-03-04,2026-03,2,0,0
12398,cer,5,2026-03-04,2026-03,0,5,0
12399,aayhan,7,2026-03-04,2026-03,2,1,4
12400,mkofis,3,2026-03-04,2026-03,3,0,0
12401,MMUTLU,1,2026-03-04,2026-03,0,0,1
12402,fimetin,35,2026-03-04,2026-03,35,0,0
12403,bsamuk,6,2026-03-04,2026-03,6,0,0
12404,ngogce,6,2026-03-04,2026-03,5,1,0
12405,mertan,16,2026-03-04,2026-03,0,16,0
12406,ayyilmaz,5,2026-03-04,2026-03,5,0,0
12407,tevirgen,37,2026-03-04,2026-03,6,31,0
12408,gayilmaz,1,2026-03-04,2026-03,1,0,0
12409,ogungor,17,2026-03-04,2026-03,17,0,0
12410,TIRMAK,4,2026-03-04,2026-03,4,0,0
12411,klaboratuar,10,2026-03-04,2026-03,0,10,0
12412,ckarahasan,8,2026-03-04,2026-03,2,6,0
12413,caozturk,10,2026-03-04,2026-03,10,0,0
12414,ebalaban,9,2026-03-04,2026-03,9,0,0
12415,amasun,34,2026-03-04,2026-03,0,34,0
12416,ggirgin,8,2026-03-04,2026-03,2,0,6
12417,fozay,88,2026-03-04,2026-03,79,9,0
12418,stjegitim,2,2026-03-05,2026-03,2,0,0
12419,ierdil,9,2026-03-05,2026-03,2,7,0
12420,pstjbmetiner,2,2026-03-05,2026-03,2,0,0
12421,BSOGUT,2,2026-03-05,2026-03,1,0,1
12422,itopcu,9,2026-03-05,2026-03,9,0,0
12423,fgulsever,117,2026-03-05,2026-03,0,117,0
12424,acelebi,2,2026-03-05,2026-03,2,0,0
12425,mecigdem,2,2026-03-05,2026-03,0,2,0
12426,mguder,22,2026-03-05,2026-03,22,0,0
12427,aakyildiz,3,2026-03-05,2026-03,3,0,0
12428,mmollaoglu,14,2026-03-05,2026-03,0,14,0
12429,mkarsiv,1,2026-03-05,2026-03,1,0,0
12430,egonce,14,2026-03-05,2026-03,11,3,0
12431,hakdemir,30,2026-03-05,2026-03,0,30,0
12432,msevim,6,2026-03-05,2026-03,0,6,0
12433,eozkan,195,2026-03-05,2026-03,194,1,0
12434,gbalvan,13,2026-03-05,2026-03,2,11,0
12435,dcolor,59,2026-03-05,2026-03,0,59,0
12436,sutetik,13,2026-03-05,2026-03,6,7,0
12437,ersener,2,2026-03-05,2026-03,2,0,0
12438,udalyan,7,2026-03-05,2026-03,6,1,0
12439,akapucu,3,2026-03-05,2026-03,3,0,0
12440,fcolak,17,2026-03-05,2026-03,17,0,0
12441,nakilli,6,2026-03-05,2026-03,0,6,0
12442,bbusta,2,2026-03-05,2026-03,2,0,0
12443,sfirinci,4,2026-03-05,2026-03,3,1,0
12444,abarkod,1,2026-03-05,2026-03,0,1,0
12445,tcapkin,2,2026-03-05,2026-03,2,0,0
12446,gakca,5,2026-03-05,2026-03,2,3,0
12447,cer,2,2026-03-05,2026-03,2,0,0
12448,obali,4,2026-03-05,2026-03,0,4,0
12449,MMUTLU,6,2026-03-05,2026-03,5,1,0
12450,fimetin,16,2026-03-05,2026-03,16,0,0
12451,bsamuk,1,2026-03-05,2026-03,1,0,0
12452,ggirgin,18,2026-03-05,2026-03,17,1,0
12453,mertan,4,2026-03-05,2026-03,4,0,0
12454,nkorkmaz,10,2026-03-05,2026-03,4,6,0
12455,ogungor,19,2026-03-05,2026-03,15,4,0
12456,tevirgen,14,2026-03-05,2026-03,10,2,2
12457,iunlu,13,2026-03-05,2026-03,12,1,0
12458,fbalaban,1,2026-03-05,2026-03,1,0,0
12459,zkurt,1,2026-03-05,2026-03,1,0,0
12460,gekim,102,2026-03-05,2026-03,0,102,0
12461,amasun,136,2026-03-05,2026-03,0,136,0
12462,ebalaban,23,2026-03-05,2026-03,23,0,0
12463,dnoic,24,2026-03-05,2026-03,16,7,1
12464,ckarahasan,2,2026-03-05,2026-03,2,0,0
12465,fozay,4,2026-03-05,2026-03,3,1,0
12466,hakdemir,1,2026-03-06,2026-03,1,0,0
12467,mguder,1,2026-03-06,2026-03,1,0,0
12468,zyuksel,32,2026-03-06,2026-03,32,0,0
12469,pstjbmetiner,11,2026-03-06,2026-03,6,5,0
12470,ierdil,8,2026-03-06,2026-03,1,7,0
12471,mkarsiv,10,2026-03-06,2026-03,10,0,0
12472,msevim,4,2026-03-06,2026-03,3,1,0
12473,sutetik,16,2026-03-06,2026-03,8,8,0
12474,gbalvan,19,2026-03-06,2026-03,16,3,0
12475,dcolor,65,2026-03-06,2026-03,0,65,0
12476,VBAYANER,17,2026-03-06,2026-03,6,11,0
12477,akapucu,6,2026-03-06,2026-03,5,1,0
12478,bfirat,18,2026-03-06,2026-03,18,0,0
12479,mecigdem,3,2026-03-06,2026-03,1,2,0
12480,eozkan,12,2026-03-06,2026-03,10,2,0
12481,udalyan,49,2026-03-06,2026-03,0,0,49
12482,mkarabiyik,9,2026-03-06,2026-03,0,9,0
12483,gakca,4,2026-03-06,2026-03,4,0,0
12484,ngogce,30,2026-03-06,2026-03,0,30,0
12485,ntanriverdi,49,2026-03-06,2026-03,0,49,0
12486,fyilanci,3,2026-03-06,2026-03,3,0,0
12487,obali,4,2026-03-06,2026-03,0,0,4
12488,fimetin,1,2026-03-06,2026-03,0,1,0
12489,ggirgin,11,2026-03-06,2026-03,3,8,0
12490,mertan,5,2026-03-06,2026-03,1,4,0
12491,oguler,1,2026-03-06,2026-03,1,0,0
12492,tevirgen,20,2026-03-06,2026-03,8,6,6
12493,gayilmaz,11,2026-03-06,2026-03,9,2,0
12494,ogungor,5,2026-03-06,2026-03,5,0,0
12495,ckarahasan,19,2026-03-06,2026-03,19,0,0
12496,ebalaban,58,2026-03-06,2026-03,58,0,0
12497,amasun,10,2026-03-06,2026-03,1,9,0
12498,ayyilmaz,2,2026-03-06,2026-03,2,0,0
12499,dcolor,60,2026-03-07,2026-03,0,60,0
12500,hakdemir,7,2026-03-07,2026-03,7,0,0
12501,mkarsiv,2,2026-03-07,2026-03,2,0,0
12502,rkontrol,1,2026-03-07,2026-03,1,0,0
12503,kbtlideri,3,2026-03-07,2026-03,3,0,0
12504,bsakrak,46,2026-03-07,2026-03,46,0,0
12505,ttlideri,1,2026-03-07,2026-03,1,0,0
12506,mecigdem,14,2026-03-07,2026-03,12,2,0
12507,hakand,30,2026-03-08,2026-03,18,12,0
12508,egonce,7,2026-03-08,2026-03,7,0,0
12509,fcolak,3,2026-03-08,2026-03,3,0,0
12510,ierdil,18,2026-03-08,2026-03,5,13,0
12511,fgulsever,78,2026-03-08,2026-03,0,78,0
12512,BSOGUT,18,2026-03-08,2026-03,17,0,1
12513,ubasdas,2,2026-03-08,2026-03,2,0,0
12514,aapak,38,2026-03-08,2026-03,12,26,0
12515,iunlu,1,2026-03-08,2026-03,0,1,0
12516,gekim,100,2026-03-08,2026-03,0,100,0
12517,scabuker,6,2026-03-08,2026-03,6,0,0
12518,dnoic,4,2026-03-08,2026-03,4,0,0
12519,aayhan,11,2026-03-08,2026-03,5,6,0
12520,tcapkin,6,2026-03-08,2026-03,3,3,0
12521,sfirinci,5,2026-03-08,2026-03,4,1,0
12522,aapak,83,2026-03-09,2026-03,0,83,0
12523,ebadem,2,2026-03-09,2026-03,2,0,0
12524,ierdil,15,2026-03-09,2026-03,6,9,0
12525,zyuksel,20,2026-03-09,2026-03,20,0,0
12526,mguder,23,2026-03-09,2026-03,22,1,0
12527,hakand,15,2026-03-09,2026-03,14,1,0
12528,VBAYANER,17,2026-03-09,2026-03,5,12,0
12529,esaribuyuk,1,2026-03-09,2026-03,0,1,0
12530,bbugdayci,4,2026-03-09,2026-03,0,4,0
12531,mecigdem,2,2026-03-09,2026-03,0,2,0
12532,udalyan,2,2026-03-09,2026-03,0,1,1
12533,fgulsever,9,2026-03-09,2026-03,0,9,0
12534,fcolak,16,2026-03-09,2026-03,13,3,0
12535,hakdemir,6,2026-03-09,2026-03,4,2,0
12536,egonce,12,2026-03-09,2026-03,12,0,0
12537,herbilgin,18,2026-03-09,2026-03,18,0,0
12538,msevim,4,2026-03-09,2026-03,0,4,0
12539,hbinay,5,2026-03-09,2026-03,5,0,0
12540,sapra,1,2026-03-09,2026-03,1,0,0
12541,eozkan,2,2026-03-09,2026-03,2,0,0
12542,gbalvan,1,2026-03-09,2026-03,0,1,0
12543,dcolor,74,2026-03-09,2026-03,0,74,0
12544,ekoksal,2,2026-03-09,2026-03,2,0,0
12545,sutetik,13,2026-03-09,2026-03,10,3,0
12546,bfirat,24,2026-03-09,2026-03,22,2,0
12547,mkarsiv,4,2026-03-09,2026-03,4,0,0
12548,ubasdas,1,2026-03-09,2026-03,1,0,0
12549,caozturk,12,2026-03-09,2026-03,5,7,0
12550,sfirinci,95,2026-03-09,2026-03,95,0,0
12551,gakca,5,2026-03-09,2026-03,4,1,0
12552,akamera,5,2026-03-09,2026-03,0,5,0
12553,tcapkin,4,2026-03-09,2026-03,0,4,0
12554,ntanriverdi,44,2026-03-09,2026-03,0,44,0
12555,asablon,3,2026-03-09,2026-03,3,0,0
12556,nkorkmaz,9,2026-03-09,2026-03,0,0,9
12557,cer,5,2026-03-09,2026-03,5,0,0
12558,MMUTLU,18,2026-03-09,2026-03,16,2,0
12559,fimetin,8,2026-03-09,2026-03,8,0,0
12560,ggirgin,51,2026-03-09,2026-03,46,0,5
12561,ekaradavut,1,2026-03-09,2026-03,1,0,0
12562,mertan,6,2026-03-09,2026-03,0,6,0
12563,obali,6,2026-03-09,2026-03,2,3,1
12564,tevirgen,31,2026-03-09,2026-03,25,0,6
12565,ayyilmaz,1,2026-03-09,2026-03,1,0,0
12566,zkurt,2,2026-03-09,2026-03,1,1,0
12567,fozay,46,2026-03-09,2026-03,41,5,0
12568,amasun,13,2026-03-09,2026-03,0,13,0
12569,ebalaban,31,2026-03-09,2026-03,31,0,0
12570,dnoic,1,2026-03-09,2026-03,1,0,0
12571,gekim,168,2026-03-09,2026-03,0,168,0
12572,oicoz,3,2026-03-09,2026-03,0,3,0
12573,ogungor,3,2026-03-09,2026-03,3,0,0
12574,gayilmaz,12,2026-03-09,2026-03,12,0,0
12575,eulsever,4,2026-03-09,2026-03,4,0,0
12576,ckarahasan,5,2026-03-09,2026-03,5,0,0
12577,zyuksel,21,2026-03-10,2026-03,20,1,0
12578,mguder,2,2026-03-10,2026-03,2,0,0
12579,VBAYANER,22,2026-03-10,2026-03,22,0,0
12580,gsapmaz,1,2026-03-10,2026-03,1,0,0
12581,baozturk,1,2026-03-10,2026-03,1,0,0
12582,mecigdem,9,2026-03-10,2026-03,5,4,0
12583,hakand,13,2026-03-10,2026-03,13,0,0
12584,udalyan,1,2026-03-10,2026-03,1,0,0
12585,aapak,24,2026-03-10,2026-03,0,24,0
12586,ubasdas,5,2026-03-10,2026-03,2,3,0
12587,fgulsever,59,2026-03-10,2026-03,0,59,0
12588,ierdil,17,2026-03-10,2026-03,10,7,0
12589,gakca,8,2026-03-10,2026-03,4,4,0
12590,fcolak,1,2026-03-10,2026-03,1,0,0
12591,mkarsiv,2,2026-03-10,2026-03,2,0,0
12592,egonce,32,2026-03-10,2026-03,29,3,0
12593,herbilgin,2,2026-03-10,2026-03,2,0,0
12594,hakdemir,9,2026-03-10,2026-03,5,4,0
12595,msevim,10,2026-03-10,2026-03,1,9,0
12596,eozkan,8,2026-03-10,2026-03,6,2,0
12597,gbalvan,7,2026-03-10,2026-03,0,7,0
12598,dcolor,77,2026-03-10,2026-03,0,77,0
12599,sutetik,9,2026-03-10,2026-03,5,4,0
12600,bfirat,12,2026-03-10,2026-03,11,1,0
12601,mguray,3,2026-03-10,2026-03,3,0,0
12602,fyakut,1,2026-03-10,2026-03,1,0,0
12603,mertan,1,2026-03-10,2026-03,1,0,0
12604,amasun,86,2026-03-10,2026-03,0,86,0
12605,gekim,116,2026-03-10,2026-03,0,116,0
12606,akamera,4,2026-03-10,2026-03,0,4,0
12607,vgemici,3,2026-03-10,2026-03,1,2,0
12608,tcapkin,5,2026-03-10,2026-03,0,5,0
12609,ntanriverdi,74,2026-03-10,2026-03,0,74,0
12610,bkibar,6,2026-03-10,2026-03,2,4,0
12611,asablon,1,2026-03-10,2026-03,1,0,0
12612,fbasak,3,2026-03-10,2026-03,3,0,0
12613,cer,1,2026-03-10,2026-03,1,0,0
12614,aayhan,147,2026-03-10,2026-03,71,73,3
12615,fyilanci,20,2026-03-10,2026-03,10,10,0
12616,abarkod,2,2026-03-10,2026-03,0,2,0
12617,fimetin,42,2026-03-10,2026-03,42,0,0
12618,obali,6,2026-03-10,2026-03,2,3,1
12619,ebalaban,28,2026-03-10,2026-03,28,0,0
12620,ckarahasan,41,2026-03-10,2026-03,21,20,0
12621,oicoz,2,2026-03-10,2026-03,0,2,0
12622,ogungor,2,2026-03-10,2026-03,1,1,0
12623,dnoic,18,2026-03-10,2026-03,13,3,2
12624,eulsever,4,2026-03-10,2026-03,0,4,0
12625,tevirgen,11,2026-03-10,2026-03,8,1,2
12626,ekaradavut,11,2026-03-10,2026-03,10,1,0
12627,ggirgin,15,2026-03-10,2026-03,8,3,4
12628,gayilmaz,1,2026-03-10,2026-03,1,0,0
12629,aapak,13,2026-03-11,2026-03,0,13,0
12630,mguder,28,2026-03-11,2026-03,28,0,0
12631,udalyan,13,2026-03-11,2026-03,9,4,0
12632,mecigdem,2,2026-03-11,2026-03,0,2,0
12633,esaribuyuk,1,2026-03-11,2026-03,0,1,0
12634,okelepe,1,2026-03-11,2026-03,1,0,0
12635,fgulsever,15,2026-03-11,2026-03,0,15,0
12636,baozturk,3,2026-03-11,2026-03,0,3,0
12637,sakgumus,4,2026-03-11,2026-03,0,4,0
12638,dcolor,112,2026-03-11,2026-03,0,112,0
12639,egonce,20,2026-03-11,2026-03,16,4,0
12640,hakdemir,7,2026-03-11,2026-03,2,5,0
12641,msevim,2,2026-03-11,2026-03,1,1,0
12642,gbalvan,7,2026-03-11,2026-03,3,4,0
12643,sutetik,13,2026-03-11,2026-03,12,1,0
12644,bfirat,14,2026-03-11,2026-03,14,0,0
12645,VBAYANER,5,2026-03-11,2026-03,5,0,0
12646,bunver,2,2026-03-11,2026-03,0,2,0
12647,gakca,5,2026-03-11,2026-03,4,1,0
12648,ierdil,8,2026-03-11,2026-03,3,5,0
12649,fyakut,40,2026-03-11,2026-03,11,29,0
12650,eozkan,1,2026-03-11,2026-03,1,0,0
12651,SUYILMAZ,2,2026-03-11,2026-03,2,0,0
12652,gekim,70,2026-03-11,2026-03,0,70,0
12653,akamera,5,2026-03-11,2026-03,0,5,0
12654,vgemici,2,2026-03-11,2026-03,2,0,0
12655,ntanriverdi,73,2026-03-11,2026-03,0,73,0
12656,aayhan,19,2026-03-11,2026-03,14,5,0
12657,fyilanci,21,2026-03-11,2026-03,6,3,12
12658,obali,45,2026-03-11,2026-03,26,19,0
12659,MMUTLU,7,2026-03-11,2026-03,6,1,0
12660,fimetin,251,2026-03-11,2026-03,2,249,0
12661,abarkod,1,2026-03-11,2026-03,0,1,0
12662,ayyilmaz,4,2026-03-11,2026-03,4,0,0
12663,tevirgen,2,2026-03-11,2026-03,0,1,1
12664,gayilmaz,4,2026-03-11,2026-03,4,0,0
12665,amasun,39,2026-03-11,2026-03,0,39,0
12666,ogungor,9,2026-03-11,2026-03,5,4,0
12667,kkaplan,7,2026-03-11,2026-03,5,2,0
12668,ckarahasan,6,2026-03-11,2026-03,6,0,0
12669,dnoic,28,2026-03-11,2026-03,0,28,0
12670,ebalaban,22,2026-03-11,2026-03,22,0,0
12671,ggirgin,2,2026-03-11,2026-03,0,0,2
12672,fgulsever,129,2026-03-12,2026-03,0,129,0
12673,hakand,5,2026-03-12,2026-03,3,2,0
12674,ubasdas,4,2026-03-12,2026-03,4,0,0
12675,udalyan,6,2026-03-12,2026-03,3,0,3
12676,aapak,57,2026-03-12,2026-03,0,57,0
12677,ierdil,7,2026-03-12,2026-03,0,7,0
12678,mecigdem,3,2026-03-12,2026-03,0,3,0
12679,stjegitim,210,2026-03-12,2026-03,190,20,0
12680,hakdemir,4,2026-03-12,2026-03,1,3,0
12681,fcolak,13,2026-03-12,2026-03,4,9,0
12682,mkarsiv,3,2026-03-12,2026-03,3,0,0
12683,eozkan,1,2026-03-12,2026-03,1,0,0
12684,gbalvan,1,2026-03-12,2026-03,0,1,0
12685,dcolor,135,2026-03-12,2026-03,0,135,0
12686,sutetik,40,2026-03-12,2026-03,35,5,0
12687,fozay,3,2026-03-12,2026-03,3,0,0
12688,bfirat,19,2026-03-12,2026-03,19,0,0
12689,aakyildiz,6,2026-03-12,2026-03,6,0,0
12690,amasun,53,2026-03-12,2026-03,0,53,0
12691,ckarahasan,30,2026-03-12,2026-03,17,13,0
12692,caozturk,29,2026-03-12,2026-03,12,17,0
12693,ebalaban,11,2026-03-12,2026-03,11,0,0
12694,akamera,2,2026-03-12,2026-03,0,2,0
12695,ngogce,1,2026-03-12,2026-03,1,0,0
12696,abarkod,1,2026-03-12,2026-03,0,1,0
12697,vgemici,21,2026-03-12,2026-03,14,7,0
12698,fbasak,5,2026-03-12,2026-03,5,0,0
12699,fyilanci,2,2026-03-12,2026-03,1,1,0
12700,obali,29,2026-03-12,2026-03,18,11,0
12701,ntanriverdi,7,2026-03-12,2026-03,0,7,0
12702,fimetin,82,2026-03-12,2026-03,70,12,0
12703,ggirgin,10,2026-03-12,2026-03,10,0,0
12704,mertan,3,2026-03-12,2026-03,0,3,0
12705,tevirgen,34,2026-03-12,2026-03,7,15,12
12706,gayilmaz,1,2026-03-12,2026-03,1,0,0
12707,ogungor,13,2026-03-12,2026-03,8,5,0
12708,oicoz,1,2026-03-12,2026-03,1,0,0
12709,MMUTLU,18,2026-03-12,2026-03,13,5,0
12710,stjegitim,15,2026-03-13,2026-03,0,0,15
12711,gsapmaz,23,2026-03-13,2026-03,23,0,0
12712,carican,7,2026-03-13,2026-03,7,0,0
12713,zyuksel,13,2026-03-13,2026-03,11,0,2
12714,ierdil,7,2026-03-13,2026-03,2,5,0
12715,kbtlideri,1,2026-03-13,2026-03,1,0,0
12716,mkarsiv,26,2026-03-13,2026-03,26,0,0
12717,hakand,21,2026-03-13,2026-03,14,7,0
12718,hakdemir,5,2026-03-13,2026-03,5,0,0
12719,msevim,1,2026-03-13,2026-03,1,0,0
12720,eozkan,2,2026-03-13,2026-03,0,2,0
12721,gbalvan,3,2026-03-13,2026-03,0,3,0
12722,dcolor,65,2026-03-13,2026-03,0,65,0
12723,sutetik,28,2026-03-13,2026-03,15,13,0
12724,bfirat,72,2026-03-13,2026-03,72,0,0
12725,ddcozgu,18,2026-03-13,2026-03,18,0,0
12726,mecigdem,2,2026-03-13,2026-03,0,2,0
12727,mmollaoglu,56,2026-03-13,2026-03,56,0,0
12728,amasun,93,2026-03-13,2026-03,0,93,0
12729,ntanriverdi,6,2026-03-13,2026-03,0,6,0
12730,bkibar,1,2026-03-13,2026-03,0,1,0
12731,obali,13,2026-03-13,2026-03,10,1,2
12732,fimetin,80,2026-03-13,2026-03,24,56,0
12733,udalyan,58,2026-03-13,2026-03,1,0,57
12734,ggirgin,18,2026-03-13,2026-03,17,1,0
12735,ekaradavut,11,2026-03-13,2026-03,10,1,0
12736,akamera,3,2026-03-13,2026-03,0,3,0
12737,mertan,4,2026-03-13,2026-03,0,4,0
12738,tevirgen,4,2026-03-13,2026-03,1,3,0
12739,gayilmaz,2,2026-03-13,2026-03,0,2,0
12740,ogungor,16,2026-03-13,2026-03,11,5,0
12741,ckarahasan,17,2026-03-13,2026-03,15,2,0
12742,caozturk,95,2026-03-13,2026-03,95,0,0
12743,ebalaban,27,2026-03-13,2026-03,27,0,0
12744,sulger,3,2026-03-13,2026-03,3,0,0
12745,dcolor,59,2026-03-14,2026-03,0,59,0
12746,hbinay,12,2026-03-14,2026-03,12,0,0
12747,hakdemir,4,2026-03-14,2026-03,3,1,0
12748,mkarsiv,4,2026-03-14,2026-03,4,0,0
12749,bsakrak,169,2026-03-14,2026-03,169,0,0
12750,ebalaban,25,2026-03-14,2026-03,24,1,0
12751,ogungor,12,2026-03-14,2026-03,12,0,0
12752,mecigdem,16,2026-03-14,2026-03,12,4,0
12753,aapak,70,2026-03-15,2026-03,18,52,0
12754,dcolor,4,2026-03-15,2026-03,0,4,0
12755,fcolak,19,2026-03-15,2026-03,18,1,0
12756,cyildiz,1,2026-03-15,2026-03,1,0,0
12757,rkontrol,2,2026-03-15,2026-03,2,0,0
12758,ierdil,6,2026-03-15,2026-03,1,5,0
12759,fgulsever,34,2026-03-15,2026-03,1,33,0
12760,BSOGUT,7,2026-03-15,2026-03,0,0,7
12761,nakilli,1,2026-03-15,2026-03,1,0,0
12762,sfirinci,5,2026-03-15,2026-03,4,1,0
12763,iunlu,4,2026-03-15,2026-03,4,0,0
12764,gekim,48,2026-03-15,2026-03,0,48,0
12765,dnoic,1,2026-03-15,2026-03,1,0,0
12766,mkorucu,1,2026-03-15,2026-03,0,1,0
12767,aayhan,15,2026-03-15,2026-03,5,7,3
12768,fbasak,4,2026-03-15,2026-03,4,0,0
12769,tcapkin,1,2026-03-15,2026-03,0,1,0
12770,abarkod,1,2026-03-15,2026-03,0,1,0
12771,aildeniz,4,2026-03-16,2026-03,2,2,0
12772,ierdil,8,2026-03-16,2026-03,1,7,0
12773,zyuksel,43,2026-03-16,2026-03,29,14,0
12774,mguder,8,2026-03-16,2026-03,5,3,0
12775,udalyan,4,2026-03-16,2026-03,1,2,1
12776,hakand,34,2026-03-16,2026-03,34,0,0
12777,mecigdem,24,2026-03-16,2026-03,22,2,0
12778,cyildiz,1,2026-03-16,2026-03,1,0,0
12779,aapak,37,2026-03-16,2026-03,0,37,0
12780,VBAYANER,21,2026-03-16,2026-03,0,21,0
12781,fcolak,10,2026-03-16,2026-03,4,6,0
12782,uunver,22,2026-03-16,2026-03,22,0,0
12783,mkarsiv,33,2026-03-16,2026-03,33,0,0
12784,hakdemir,2,2026-03-16,2026-03,2,0,0
12785,ubasdas,7,2026-03-16,2026-03,7,0,0
12786,msevim,9,2026-03-16,2026-03,1,8,0
12787,eozkan,1,2026-03-16,2026-03,1,0,0
12788,dcolor,43,2026-03-16,2026-03,0,43,0
12789,sutetik,20,2026-03-16,2026-03,4,16,0
12790,ersener,48,2026-03-16,2026-03,48,0,0
12791,hbulut,4,2026-03-16,2026-03,4,0,0
12792,bfirat,68,2026-03-16,2026-03,68,0,0
12793,sekisa,35,2026-03-16,2026-03,34,1,0
12794,gakca,3,2026-03-16,2026-03,2,1,0
12795,okelepe,6,2026-03-16,2026-03,0,0,6
12796,gekim,40,2026-03-16,2026-03,0,40,0
12797,saskin,6,2026-03-16,2026-03,6,0,0
12798,akamera,5,2026-03-16,2026-03,0,5,0
12799,abarkod,4,2026-03-16,2026-03,0,4,0
12800,tcapkin,1,2026-03-16,2026-03,0,1,0
12801,nkorkmaz,5,2026-03-16,2026-03,5,0,0
12802,fbasak,20,2026-03-16,2026-03,17,3,0
12803,ogun,3,2026-03-16,2026-03,3,0,0
12804,aayhan,73,2026-03-16,2026-03,26,33,14
12805,MMUTLU,35,2026-03-16,2026-03,13,3,19
12806,fimetin,62,2026-03-16,2026-03,40,22,0
12807,ggirgin,118,2026-03-16,2026-03,115,3,0
12808,ngogce,18,2026-03-16,2026-03,0,0,18
12809,eulsever,4,2026-03-16,2026-03,0,4,0
12810,tevirgen,19,2026-03-16,2026-03,10,3,6
12811,eanli,3,2026-03-16,2026-03,0,3,0
12812,amasun,113,2026-03-16,2026-03,1,112,0
12813,ebalaban,37,2026-03-16,2026-03,37,0,0
12814,fozay,9,2026-03-16,2026-03,9,0,0
12815,ckarahasan,17,2026-03-16,2026-03,3,14,0
12816,oicoz,10,2026-03-16,2026-03,10,0,0
12817,ogungor,2,2026-03-16,2026-03,1,1,0
12818,gayilmaz,10,2026-03-16,2026-03,10,0,0
12819,dnoic,2,2026-03-16,2026-03,2,0,0
12820,fyakut,4,2026-03-17,2026-03,4,0,0
12821,BSOGUT,17,2026-03-17,2026-03,17,0,0
12822,gakca,4,2026-03-17,2026-03,4,0,0
12823,aapak,59,2026-03-17,2026-03,0,59,0
12824,udalyan,2,2026-03-17,2026-03,1,1,0
12825,mecigdem,2,2026-03-17,2026-03,0,2,0
12826,hakand,3,2026-03-17,2026-03,3,0,0
12827,baozturk,1,2026-03-17,2026-03,1,0,0
12828,mkarsiv,1,2026-03-17,2026-03,1,0,0
12829,zyuksel,53,2026-03-17,2026-03,22,31,0
12830,ierdil,3,2026-03-17,2026-03,0,3,0
12831,fcolak,18,2026-03-17,2026-03,18,0,0
12832,hakdemir,1,2026-03-17,2026-03,1,0,0
12833,msevim,17,2026-03-17,2026-03,5,12,0
12834,dcolor,99,2026-03-17,2026-03,0,99,0
12835,sutetik,4,2026-03-17,2026-03,1,3,0
12836,bfirat,80,2026-03-17,2026-03,77,3,0
12837,bsakrak,42,2026-03-17,2026-03,42,0,0
12838,mguder,3,2026-03-17,2026-03,0,3,0
12839,gekim,86,2026-03-17,2026-03,0,86,0
12840,ckarahasan,27,2026-03-17,2026-03,18,9,0
12841,fozay,41,2026-03-17,2026-03,35,6,0
12842,akamera,5,2026-03-17,2026-03,0,5,0
12843,eanli,4,2026-03-17,2026-03,0,4,0
12844,tcapkin,2,2026-03-17,2026-03,0,2,0
12845,fbasak,5,2026-03-17,2026-03,5,0,0
12846,aayhan,5,2026-03-17,2026-03,4,1,0
12847,obali,69,2026-03-17,2026-03,1,34,34
12848,MMUTLU,1,2026-03-17,2026-03,0,1,0
12849,fimetin,204,2026-03-17,2026-03,0,204,0
12850,ggirgin,96,2026-03-17,2026-03,94,0,2
12851,abarkod,21,2026-03-17,2026-03,0,21,0
12852,ayyilmaz,1,2026-03-17,2026-03,1,0,0
12853,tevirgen,5,2026-03-17,2026-03,1,4,0
12854,gayilmaz,1,2026-03-17,2026-03,1,0,0
12855,TIRMAK,2,2026-03-17,2026-03,2,0,0
12856,okanat,10,2026-03-17,2026-03,8,2,0
12857,dnoic,1,2026-03-17,2026-03,0,1,0
12858,ebalaban,23,2026-03-17,2026-03,23,0,0
12859,amasun,98,2026-03-17,2026-03,0,98,0
12860,sulger,2,2026-03-17,2026-03,2,0,0
12861,gakca,1,2026-03-18,2026-03,1,0,0
12862,udalyan,24,2026-03-18,2026-03,3,3,18
12863,mecigdem,2,2026-03-18,2026-03,0,2,0
12864,baozturk,1,2026-03-18,2026-03,1,0,0
12865,mguder,11,2026-03-18,2026-03,11,0,0
12866,VBAYANER,41,2026-03-18,2026-03,15,26,0
12867,dcolor,75,2026-03-18,2026-03,0,75,0
12868,ierdil,11,2026-03-18,2026-03,6,5,0
12869,hakdemir,6,2026-03-18,2026-03,5,1,0
12870,msevim,6,2026-03-18,2026-03,0,6,0
12871,sutetik,19,2026-03-18,2026-03,7,12,0
12872,bfirat,70,2026-03-18,2026-03,68,2,0
12873,eanli,1,2026-03-18,2026-03,0,1,0
12874,zyuksel,56,2026-03-18,2026-03,23,33,0
12875,fozay,12,2026-03-18,2026-03,12,0,0
12876,mertan,1,2026-03-18,2026-03,0,1,0
12877,ebalaban,13,2026-03-18,2026-03,13,0,0
12878,amasun,68,2026-03-18,2026-03,0,68,0
12879,abarkod,1,2026-03-18,2026-03,0,1,0
12880,obali,9,2026-03-18,2026-03,9,0,0
12881,MMUTLU,11,2026-03-18,2026-03,10,1,0
12882,fimetin,159,2026-03-18,2026-03,157,2,0
12883,ggirgin,3,2026-03-18,2026-03,3,0,0
12884,akamera,7,2026-03-18,2026-03,0,7,0
12885,ayyilmaz,1,2026-03-18,2026-03,1,0,0
12886,tevirgen,25,2026-03-18,2026-03,19,6,0
12887,eulsever,6,2026-03-18,2026-03,0,6,0
12888,gayilmaz,4,2026-03-18,2026-03,4,0,0
12889,ekaradavut,1,2026-03-18,2026-03,0,1,0
12890,ckarahasan,13,2026-03-18,2026-03,10,3,0
12891,mecigdem,2,2026-03-19,2026-03,0,2,0
12892,dcolor,23,2026-03-19,2026-03,0,23,0
12893,bsakrak,116,2026-03-19,2026-03,116,0,0
12894,aapak,28,2026-03-22,2026-03,12,16,0
12895,akocak,4,2026-03-22,2026-03,0,4,0
12896,sapra,28,2026-03-22,2026-03,27,1,0
12897,egonce,21,2026-03-22,2026-03,20,1,0
12898,mkarsiv,4,2026-03-22,2026-03,4,0,0
12899,fcolak,5,2026-03-22,2026-03,1,4,0
12900,aildeniz,2,2026-03-22,2026-03,0,2,0
12901,fgulsever,22,2026-03-22,2026-03,0,22,0
12902,sfirinci,4,2026-03-22,2026-03,3,1,0
12903,ierdil,3,2026-03-22,2026-03,0,3,0
12904,gbakanoglu,4,2026-03-22,2026-03,3,1,0
12905,fbalaban,11,2026-03-22,2026-03,4,7,0
12906,dnoic,15,2026-03-22,2026-03,13,2,0
12907,nbolkis,1,2026-03-22,2026-03,0,1,0
12908,aayhan,17,2026-03-22,2026-03,0,17,0
12909,ogun,3,2026-03-22,2026-03,1,1,1
12910,fbasak,5,2026-03-22,2026-03,5,0,0
12911,tcapkin,4,2026-03-22,2026-03,4,0,0
12912,abarkod,3,2026-03-22,2026-03,0,3,0
12913,gekim,130,2026-03-22,2026-03,0,130,0
12914,egonce,70,2026-03-23,2026-03,67,3,0
12915,mkarsiv,2,2026-03-23,2026-03,2,0,0
12916,fcolak,10,2026-03-23,2026-03,2,8,0
12917,aakyildiz,5,2026-03-23,2026-03,5,0,0
12918,gsapmaz,2,2026-03-23,2026-03,2,0,0
12919,ierdil,29,2026-03-23,2026-03,24,5,0
12920,zyuksel,100,2026-03-23,2026-03,100,0,0
12921,hakdemir,3,2026-03-23,2026-03,1,2,0
12922,itopcu,10,2026-03-23,2026-03,10,0,0
12923,rkontrol,20,2026-03-23,2026-03,20,0,0
12924,msevim,10,2026-03-23,2026-03,1,9,0
12925,sutetik,24,2026-03-23,2026-03,11,13,0
12926,mmollaoglu,2,2026-03-23,2026-03,1,1,0
12927,gbalvan,2,2026-03-23,2026-03,0,2,0
12928,dcolor,46,2026-03-23,2026-03,0,46,0
12929,ersener,2,2026-03-23,2026-03,2,0,0
12930,hbulut,27,2026-03-23,2026-03,26,1,0
12931,akapucu,9,2026-03-23,2026-03,9,0,0
12932,bfirat,4,2026-03-23,2026-03,4,0,0
12933,VBAYANER,22,2026-03-23,2026-03,1,21,0
12934,bunver,10,2026-03-23,2026-03,10,0,0
12935,fgulsever,83,2026-03-23,2026-03,0,83,0
12936,hbinay,2,2026-03-23,2026-03,2,0,0
12937,BSOGUT,18,2026-03-23,2026-03,18,0,0
12938,gakca,8,2026-03-23,2026-03,8,0,0
12939,mecigdem,2,2026-03-23,2026-03,0,2,0
12940,hakand,12,2026-03-23,2026-03,12,0,0
12941,akamera,9,2026-03-23,2026-03,1,8,0
12942,tcapkin,2,2026-03-23,2026-03,0,2,0
12943,ntanriverdi,8,2026-03-23,2026-03,0,8,0
12944,asablon,3,2026-03-23,2026-03,3,0,0
12945,fbasak,6,2026-03-23,2026-03,6,0,0
12946,obali,3,2026-03-23,2026-03,3,0,0
12947,fimetin,143,2026-03-23,2026-03,6,137,0
12948,ayyilmaz,1,2026-03-23,2026-03,1,0,0
12949,tevirgen,43,2026-03-23,2026-03,21,16,6
12950,gayilmaz,3,2026-03-23,2026-03,2,1,0
12951,aayhan,4,2026-03-23,2026-03,4,0,0
12952,ckarahasan,15,2026-03-23,2026-03,9,6,0
12953,caozturk,252,2026-03-23,2026-03,15,237,0
12954,ebalaban,19,2026-03-23,2026-03,19,0,0
12955,amasun,16,2026-03-23,2026-03,0,16,0
12956,fozay,50,2026-03-23,2026-03,41,9,0
12957,gekim,114,2026-03-23,2026-03,0,114,0
12958,sfirinci,3,2026-03-23,2026-03,3,0,0
12959,ubasdas,7,2026-03-23,2026-03,0,7,0
12960,aapak,62,2026-03-23,2026-03,6,56,0
12961,ogungor,1,2026-03-23,2026-03,1,0,0
12962,udalyan,1,2026-03-23,2026-03,0,0,1
12963,stjegitim,40,2026-03-24,2026-03,11,7,22
12964,aildeniz,22,2026-03-24,2026-03,22,0,0
12965,kbtlideri,18,2026-03-24,2026-03,18,0,0
12966,ierdil,5,2026-03-24,2026-03,0,5,0
12967,zyuksel,40,2026-03-24,2026-03,40,0,0
12968,hakand,13,2026-03-24,2026-03,12,1,0
12969,gsapmaz,38,2026-03-24,2026-03,35,3,0
12970,itopcu,1,2026-03-24,2026-03,1,0,0
12971,fgulsever,31,2026-03-24,2026-03,0,31,0
12972,mecigdem,20,2026-03-24,2026-03,16,4,0
12973,bfirat,28,2026-03-24,2026-03,23,5,0
12974,mguder,72,2026-03-24,2026-03,0,72,0
12975,cyildiz,1,2026-03-24,2026-03,1,0,0
12976,sutetik,28,2026-03-24,2026-03,25,3,0
12977,mkarsiv,32,2026-03-24,2026-03,32,0,0
12978,egonce,9,2026-03-24,2026-03,9,0,0
12979,hakdemir,8,2026-03-24,2026-03,2,6,0
12980,uunver,1,2026-03-24,2026-03,1,0,0
12981,msevim,2,2026-03-24,2026-03,0,2,0
12982,ecelik,2,2026-03-24,2026-03,0,0,2
12983,eozkan,14,2026-03-24,2026-03,14,0,0
12984,gbalvan,4,2026-03-24,2026-03,0,4,0
12985,dcolor,121,2026-03-24,2026-03,0,121,0
12986,ekoksal,1,2026-03-24,2026-03,1,0,0
12987,hbulut,18,2026-03-24,2026-03,15,3,0
12988,udalyan,1,2026-03-24,2026-03,0,1,0
12989,fcolak,8,2026-03-24,2026-03,1,7,0
12990,ubasdas,7,2026-03-24,2026-03,3,4,0
12991,eyuksel,4,2026-03-24,2026-03,4,0,0
12992,sfirinci,17,2026-03-24,2026-03,17,0,0
12993,gakca,6,2026-03-24,2026-03,6,0,0
12994,abarkod,1,2026-03-24,2026-03,0,1,0
12995,edemirbas,3,2026-03-24,2026-03,1,2,0
12996,vgemici,7,2026-03-24,2026-03,7,0,0
12997,ntanriverdi,2,2026-03-24,2026-03,0,2,0
12998,asablon,4,2026-03-24,2026-03,4,0,0
12999,fbasak,25,2026-03-24,2026-03,25,0,0
13000,aayhan,11,2026-03-24,2026-03,0,11,0
13001,makkus,12,2026-03-24,2026-03,6,6,0
13002,dyavuzkasap,38,2026-03-24,2026-03,34,3,1
13003,obali,3,2026-03-24,2026-03,0,3,0
13004,MMUTLU,10,2026-03-24,2026-03,4,5,1
13005,fimetin,131,2026-03-24,2026-03,19,112,0
13006,akamera,2,2026-03-24,2026-03,0,2,0
13007,ayyilmaz,3,2026-03-24,2026-03,3,0,0
13008,gekim,136,2026-03-24,2026-03,0,136,0
13009,fozay,21,2026-03-24,2026-03,21,0,0
13010,amasun,55,2026-03-24,2026-03,0,55,0
13011,mertan,2,2026-03-24,2026-03,0,2,0
13012,caozturk,7,2026-03-24,2026-03,7,0,0
13013,ebalaban,40,2026-03-24,2026-03,38,2,0
13014,ckarahasan,12,2026-03-24,2026-03,9,3,0
13015,okanat,15,2026-03-24,2026-03,15,0,0
13016,nbolkis,10,2026-03-24,2026-03,0,10,0
13017,gayilmaz,7,2026-03-24,2026-03,6,1,0
13018,tevirgen,33,2026-03-24,2026-03,3,14,16
13019,dnoic,32,2026-03-24,2026-03,16,16,0
13020,stjegitim,333,2026-03-25,2026-03,246,22,65
13021,nfirat,2,2026-03-25,2026-03,2,0,0
13022,aildeniz,4,2026-03-25,2026-03,4,0,0
13023,ierdil,7,2026-03-25,2026-03,0,7,0
13024,okelepe,57,2026-03-25,2026-03,0,57,0
13025,mguder,5,2026-03-25,2026-03,0,5,0
13026,gsapmaz,5,2026-03-25,2026-03,0,5,0
13027,baozturk,1,2026-03-25,2026-03,0,1,0
13028,fgulsever,178,2026-03-25,2026-03,0,178,0
13029,BSOGUT,17,2026-03-25,2026-03,17,0,0
13030,zyuksel,2,2026-03-25,2026-03,2,0,0
13031,fcolak,7,2026-03-25,2026-03,7,0,0
13032,gbalvan,6,2026-03-25,2026-03,0,6,0
13033,hakdemir,1,2026-03-25,2026-03,1,0,0
13034,msevim,9,2026-03-25,2026-03,0,9,0
13035,hbinay,6,2026-03-25,2026-03,6,0,0
13036,dcolor,85,2026-03-25,2026-03,0,85,0
13037,ekoksal,1,2026-03-25,2026-03,1,0,0
13038,sutetik,11,2026-03-25,2026-03,9,2,0
13039,hbulut,10,2026-03-25,2026-03,0,10,0
13040,bfirat,15,2026-03-25,2026-03,15,0,0
13041,VBAYANER,2,2026-03-25,2026-03,1,1,0
13042,satinalmastajyer,11,2026-03-25,2026-03,9,2,0
13043,hakand,5,2026-03-25,2026-03,4,1,0
13044,mkarsiv,2,2026-03-25,2026-03,2,0,0
13045,mecigdem,7,2026-03-25,2026-03,6,1,0
13046,egonce,14,2026-03-25,2026-03,13,1,0
13047,aapak,32,2026-03-25,2026-03,0,32,0
13048,udalyan,60,2026-03-25,2026-03,17,7,36
13049,akamera,18,2026-03-25,2026-03,2,16,0
13050,fbasak,17,2026-03-25,2026-03,17,0,0
13051,dyavuzkasap,1,2026-03-25,2026-03,1,0,0
13052,obali,5,2026-03-25,2026-03,4,1,0
13053,MMUTLU,10,2026-03-25,2026-03,3,7,0
13054,fimetin,278,2026-03-25,2026-03,6,272,0
13055,ekaradavut,12,2026-03-25,2026-03,12,0,0
13056,tevirgen,31,2026-03-25,2026-03,4,27,0
13057,gayilmaz,4,2026-03-25,2026-03,0,4,0
13058,ogungor,2,2026-03-25,2026-03,2,0,0
13059,klaboratuar,9,2026-03-25,2026-03,0,9,0
13060,abarkod,1,2026-03-25,2026-03,0,1,0
13061,caozturk,51,2026-03-25,2026-03,51,0,0
13062,ebalaban,16,2026-03-25,2026-03,16,0,0
13063,amasun,80,2026-03-25,2026-03,0,80,0
13064,fozay,47,2026-03-25,2026-03,39,8,0
13065,ekaragoz,1,2026-03-25,2026-03,0,1,0
13066,gbakanoglu,1,2026-03-25,2026-03,1,0,0
13067,gekim,52,2026-03-25,2026-03,0,52,0
13068,sfirinci,12,2026-03-25,2026-03,12,0,0
13069,fyakut,2,2026-03-25,2026-03,2,0,0
13070,gakca,2,2026-03-25,2026-03,2,0,0
13071,ubasdas,15,2026-03-25,2026-03,15,0,0
13072,ckarahasan,10,2026-03-25,2026-03,9,1,0
13073,mceylan,27,2026-03-25,2026-03,0,27,0
13074,fcolak,1,2026-03-26,2026-03,1,0,0
13075,bbugdayci,2,2026-03-26,2026-03,0,2,0
13076,cadonmez,4,2026-03-26,2026-03,4,0,0
13077,mguder,9,2026-03-26,2026-03,9,0,0
13078,ierdil,16,2026-03-26,2026-03,10,6,0
13079,zyuksel,1,2026-03-26,2026-03,1,0,0
13080,sekisa,26,2026-03-26,2026-03,26,0,0
13081,aildeniz,1,2026-03-26,2026-03,0,1,0
13082,egonce,69,2026-03-26,2026-03,67,2,0
13083,dcolor,58,2026-03-26,2026-03,0,58,0
13084,msevim,1,2026-03-26,2026-03,0,1,0
13085,hbinay,4,2026-03-26,2026-03,4,0,0
13086,eozkan,11,2026-03-26,2026-03,11,0,0
13087,gbalvan,6,2026-03-26,2026-03,0,6,0
13088,sutetik,31,2026-03-26,2026-03,20,11,0
13089,ersener,3,2026-03-26,2026-03,3,0,0
13090,hbulut,5,2026-03-26,2026-03,4,1,0
13091,akapucu,6,2026-03-26,2026-03,6,0,0
13092,bfirat,13,2026-03-26,2026-03,13,0,0
13093,fgulsever,27,2026-03-26,2026-03,0,27,0
13094,hakdemir,5,2026-03-26,2026-03,5,0,0
13095,BSOGUT,175,2026-03-26,2026-03,175,0,0
13096,amasun,124,2026-03-26,2026-03,0,124,0
13097,aapak,18,2026-03-26,2026-03,0,18,0
13098,abarkod,19,2026-03-26,2026-03,0,19,0
13099,bkibar,8,2026-03-26,2026-03,0,8,0
13100,hakand,2,2026-03-26,2026-03,2,0,0
13101,aayhan,139,2026-03-26,2026-03,95,42,2
13102,mkofis,2,2026-03-26,2026-03,2,0,0
13103,MMUTLU,4,2026-03-26,2026-03,3,1,0
13104,fimetin,249,2026-03-26,2026-03,17,232,0
13105,tevirgen,16,2026-03-26,2026-03,2,8,6
13106,gayilmaz,4,2026-03-26,2026-03,2,2,0
13107,cer,2,2026-03-26,2026-03,0,2,0
13108,nbolkis,1,2026-03-26,2026-03,1,0,0
13109,TIRMAK,5,2026-03-26,2026-03,2,3,0
13110,ckarahasan,39,2026-03-26,2026-03,28,11,0
13111,caozturk,5,2026-03-26,2026-03,1,3,1
13112,ebalaban,60,2026-03-26,2026-03,60,0,0
13113,fozay,24,2026-03-26,2026-03,20,4,0
13114,gekim,89,2026-03-26,2026-03,0,89,0
13115,iunlu,55,2026-03-26,2026-03,54,1,0
13116,ubasdas,2,2026-03-26,2026-03,2,0,0
13117,ogungor,2,2026-03-26,2026-03,2,0,0
13118,udalyan,9,2026-03-27,2026-03,9,0,0
13119,mguder,2,2026-03-27,2026-03,2,0,0
13120,zyuksel,18,2026-03-27,2026-03,18,0,0
13121,ierdil,8,2026-03-27,2026-03,1,7,0
13122,stjegitim,19,2026-03-27,2026-03,7,0,12
13123,sutetik,35,2026-03-27,2026-03,24,11,0
13124,gbalvan,6,2026-03-27,2026-03,1,5,0
13125,hakdemir,17,2026-03-27,2026-03,13,4,0
13126,msevim,2,2026-03-27,2026-03,0,2,0
13127,mmollaoglu,14,2026-03-27,2026-03,14,0,0
13128,akocak,3,2026-03-27,2026-03,3,0,0
13129,dcolor,77,2026-03-27,2026-03,0,77,0
13130,gakca,2,2026-03-27,2026-03,2,0,0
13131,ddcozgu,2,2026-03-27,2026-03,2,0,0
13132,fozay,6,2026-03-27,2026-03,6,0,0
13133,mkarsiv,1,2026-03-27,2026-03,1,0,0
13134,ebalaban,91,2026-03-27,2026-03,88,3,0
13135,amasun,81,2026-03-27,2026-03,0,81,0
13136,akamera,4,2026-03-27,2026-03,0,4,0
13137,vgemici,1,2026-03-27,2026-03,0,1,0
13138,mkarabiyik,2,2026-03-27,2026-03,0,2,0
13139,mkofis,22,2026-03-27,2026-03,22,0,0
13140,MMUTLU,1,2026-03-27,2026-03,1,0,0
13141,obali,2,2026-03-27,2026-03,2,0,0
13142,tevirgen,5,2026-03-27,2026-03,1,4,0
13143,eulsever,4,2026-03-27,2026-03,0,4,0
13144,gayilmaz,5,2026-03-27,2026-03,5,0,0
13145,ogungor,4,2026-03-27,2026-03,4,0,0
13146,ckarahasan,10,2026-03-27,2026-03,10,0,0
13147,caozturk,106,2026-03-27,2026-03,102,4,0
13148,fimetin,218,2026-03-27,2026-03,157,61,0
13149,mkarsiv,3,2026-03-28,2026-03,3,0,0
13150,dcolor,67,2026-03-28,2026-03,0,67,0
13151,hakdemir,18,2026-03-28,2026-03,9,9,0
13152,ierdil,62,2026-03-28,2026-03,57,5,0
13153,ebalaban,32,2026-03-28,2026-03,15,17,0
13154,klaboratuar,4,2026-03-28,2026-03,0,4,0
13155,hktlideri,5,2026-03-28,2026-03,5,0,0
13156,asablon,13,2026-03-28,2026-03,13,0,0
13157,bsakrak,18,2026-03-28,2026-03,18,0,0
13158,sfirinci,4,2026-03-29,2026-03,4,0,0
13159,aapak,87,2026-03-29,2026-03,0,87,0
13160,fgulsever,30,2026-03-29,2026-03,0,30,0
13161,ierdil,7,2026-03-29,2026-03,2,5,0
13162,rkontrol,2,2026-03-29,2026-03,1,1,0
13163,fcolak,147,2026-03-29,2026-03,146,1,0
13164,hakdemir,4,2026-03-29,2026-03,2,2,0
13165,egonce,31,2026-03-29,2026-03,30,1,0
13166,uunver,44,2026-03-29,2026-03,44,0,0
13167,dcolor,53,2026-03-29,2026-03,0,53,0
13168,ekoksal,1,2026-03-29,2026-03,1,0,0
13169,bunver,12,2026-03-29,2026-03,12,0,0
13170,mkarsiv,6,2026-03-29,2026-03,6,0,0
13171,bsakrak,65,2026-03-29,2026-03,65,0,0
13172,iunlu,18,2026-03-29,2026-03,18,0,0
13173,ttlideri,10,2026-03-29,2026-03,10,0,0
13174,abarkod,21,2026-03-29,2026-03,0,21,0
13175,tcapkin,8,2026-03-29,2026-03,0,8,0
13176,nkorkmaz,4,2026-03-29,2026-03,2,2,0
13177,fbasak,1,2026-03-29,2026-03,1,0,0
13178,kesmeray,6,2026-03-29,2026-03,6,0,0
13179,nbolkis,4,2026-03-29,2026-03,2,2,0
13180,aayhan,16,2026-03-29,2026-03,8,0,8
13181,klaboratuar,14,2026-03-29,2026-03,0,14,0
13182,mkorucu,2,2026-03-29,2026-03,0,2,0
13183,dnoic,20,2026-03-29,2026-03,19,0,1
13184,ebalaban,84,2026-03-29,2026-03,82,2,0
13185,fbalaban,3,2026-03-29,2026-03,0,3,0
13186,TIRMAK,30,2026-03-29,2026-03,19,1,10
13187,gekim,113,2026-03-29,2026-03,0,113,0
13188,ierdil,8,2026-03-30,2026-03,3,5,0
13189,stjegitim,1,2026-03-30,2026-03,1,0,0
13190,nfirat,1,2026-03-30,2026-03,1,0,0
13191,cadonmez,2,2026-03-30,2026-03,2,0,0
13192,mecigdem,34,2026-03-30,2026-03,26,8,0
13193,gsapmaz,29,2026-03-30,2026-03,29,0,0
13194,fgulsever,92,2026-03-30,2026-03,2,90,0
13195,okelepe,1,2026-03-30,2026-03,1,0,0
13196,hakand,89,2026-03-30,2026-03,85,4,0
13197,eyuksel,15,2026-03-30,2026-03,12,3,0
13198,zyuksel,2,2026-03-30,2026-03,0,0,2
13199,mkarsiv,18,2026-03-30,2026-03,18,0,0
13200,dcolor,50,2026-03-30,2026-03,0,50,0
13201,hakdemir,50,2026-03-30,2026-03,40,10,0
13202,uunver,4,2026-03-30,2026-03,1,3,0
13203,mbayirli,20,2026-03-30,2026-03,20,0,0
13204,msevim,1,2026-03-30,2026-03,0,1,0
13205,SKARTOGLU,21,2026-03-30,2026-03,21,0,0
13206,gbalvan,8,2026-03-30,2026-03,0,8,0
13207,sutetik,1,2026-03-30,2026-03,1,0,0
13208,ersener,52,2026-03-30,2026-03,52,0,0
13209,akapucu,2,2026-03-30,2026-03,2,0,0
13210,bfirat,13,2026-03-30,2026-03,13,0,0
13211,VBAYANER,20,2026-03-30,2026-03,6,14,0
13212,egonce,13,2026-03-30,2026-03,13,0,0
13213,udalyan,9,2026-03-30,2026-03,3,5,1
13214,ogungor,2,2026-03-30,2026-03,2,0,0
13215,nakilli,1,2026-03-30,2026-03,1,0,0
13216,aapak,80,2026-03-30,2026-03,18,62,0
13217,akamera,123,2026-03-30,2026-03,36,87,0
13218,vgemici,2,2026-03-30,2026-03,2,0,0
13219,ntanriverdi,2,2026-03-30,2026-03,0,2,0
13220,nkorkmaz,17,2026-03-30,2026-03,0,0,17
13221,cer,5,2026-03-30,2026-03,0,5,0
13222,aayhan,5,2026-03-30,2026-03,1,4,0
13223,MMUTLU,13,2026-03-30,2026-03,10,3,0
13224,fimetin,97,2026-03-30,2026-03,25,72,0
13225,ggirgin,47,2026-03-30,2026-03,43,4,0
13226,ayyilmaz,1,2026-03-30,2026-03,1,0,0
13227,tevirgen,35,2026-03-30,2026-03,18,17,0
13228,obali,1,2026-03-30,2026-03,0,1,0
13229,amasun,36,2026-03-30,2026-03,0,36,0
13230,TIRMAK,95,2026-03-30,2026-03,66,26,3
13231,klaboratuar,3,2026-03-30,2026-03,0,3,0
13232,ckarahasan,13,2026-03-30,2026-03,5,8,0
13233,dnoic,3,2026-03-30,2026-03,3,0,0
13234,caozturk,42,2026-03-30,2026-03,36,6,0
13235,ebalaban,24,2026-03-30,2026-03,24,0,0
13236,scabuker,1,2026-03-30,2026-03,0,0,1
13237,gekim,144,2026-03-30,2026-03,0,144,0
13238,bsakrak,2,2026-03-30,2026-03,2,0,0
13239,gayilmaz,4,2026-03-30,2026-03,3,1,0
13240,gakca,12,2026-03-30,2026-03,10,2,0
13241,gsapmaz,1,2026-03-31,2026-03,1,0,0
13242,mguder,50,2026-03-31,2026-03,50,0,0
13243,ubasdas,5,2026-03-31,2026-03,5,0,0
13244,zyuksel,30,2026-03-31,2026-03,0,30,0
13245,fgulsever,33,2026-03-31,2026-03,0,33,0
13246,BSOGUT,3,2026-03-31,2026-03,0,3,0
13247,nakilli,1,2026-03-31,2026-03,0,1,0
13248,mecigdem,6,2026-03-31,2026-03,1,5,0
13249,udalyan,9,2026-03-31,2026-03,9,0,0
13250,aapak,19,2026-03-31,2026-03,0,19,0
13251,ierdil,9,2026-03-31,2026-03,4,5,0
13252,hakand,20,2026-03-31,2026-03,13,5,2
13253,aildeniz,6,2026-03-31,2026-03,0,6,0
13254,akapucu,4,2026-03-31,2026-03,4,0,0
13255,stjegitim,211,2026-03-31,2026-03,191,20,0
13256,cyildiz,1,2026-03-31,2026-03,1,0,0
13257,mkarsiv,3,2026-03-31,2026-03,3,0,0
13258,egonce,312,2026-03-31,2026-03,305,7,0
13259,hakdemir,1,2026-03-31,2026-03,1,0,0
13260,uunver,1,2026-03-31,2026-03,1,0,0
13261,eozkan,4,2026-03-31,2026-03,0,4,0
13262,gbalvan,2,2026-03-31,2026-03,0,2,0
13263,dcolor,76,2026-03-31,2026-03,0,76,0
13264,sutetik,16,2026-03-31,2026-03,12,4,0
13265,hbulut,21,2026-03-31,2026-03,16,5,0
13266,bfirat,9,2026-03-31,2026-03,9,0,0
13267,gakca,9,2026-03-31,2026-03,8,1,0
13268,rkontrol,2,2026-03-31,2026-03,2,0,0
13269,fyakut,21,2026-03-31,2026-03,20,1,0
13270,tevirgen,11,2026-03-31,2026-03,4,7,0
13271,gekim,48,2026-03-31,2026-03,0,48,0
13272,sfirinci,2,2026-03-31,2026-03,2,0,0
13273,akamera,8,2026-03-31,2026-03,0,8,0
13274,abarkod,44,2026-03-31,2026-03,0,44,0
13275,vgemici,24,2026-03-31,2026-03,7,17,0
13276,tcapkin,1,2026-03-31,2026-03,0,1,0
13277,hktlideri,3,2026-03-31,2026-03,3,0,0
13278,fbasak,25,2026-03-31,2026-03,25,0,0
13279,cer,2,2026-03-31,2026-03,2,0,0
13280,aayhan,27,2026-03-31,2026-03,7,20,0
13281,dyavuzkasap,43,2026-03-31,2026-03,42,1,0
13282,obali,6,2026-03-31,2026-03,3,3,0
13283,fimetin,145,2026-03-31,2026-03,5,140,0
13284,sucakir,2,2026-03-31,2026-03,2,0,0
13285,ogun,6,2026-03-31,2026-03,6,0,0
13286,ekaradavut,12,2026-03-31,2026-03,12,0,0
13287,aozbal,7,2026-03-31,2026-03,7,0,0
13288,ggirgin,38,2026-03-31,2026-03,36,2,0
13289,amasun,40,2026-03-31,2026-03,0,40,0
13290,ebalaban,21,2026-03-31,2026-03,21,0,0
13291,caozturk,19,2026-03-31,2026-03,8,11,0
13292,dnoic,49,2026-03-31,2026-03,43,6,0
13293,fozay,19,2026-03-31,2026-03,19,0,0
13294,mkorucu,2,2026-03-31,2026-03,2,0,0
13295,TIRMAK,23,2026-03-31,2026-03,12,11,0
13296,ogungor,9,2026-03-31,2026-03,2,7,0
13297,mertan,1,2026-03-31,2026-03,1,0,0
13298,ckarahasan,26,2026-03-31,2026-03,9,17,0
13299,mguray,1,2026-04-01,2026-04,1,0,0
13300,ierdil,10,2026-04-01,2026-04,5,5,0
13301,zyuksel,3,2026-04-01,2026-04,0,3,0
13302,mguder,6,2026-04-01,2026-04,6,0,0
13303,baozturk,3,2026-04-01,2026-04,0,3,0
13304,mecigdem,2,2026-04-01,2026-04,0,2,0
13305,hakand,5,2026-04-01,2026-04,5,0,0
13306,udalyan,1,2026-04-01,2026-04,0,0,1
13307,aapak,81,2026-04-01,2026-04,0,81,0
13308,gakca,6,2026-04-01,2026-04,6,0,0
13309,bmetiner,11,2026-04-01,2026-04,11,0,0
13310,fgulsever,24,2026-04-01,2026-04,0,24,0
13311,stjegitim,2,2026-04-01,2026-04,2,0,0
13312,hbulut,71,2026-04-01,2026-04,71,0,0
13313,fcolak,15,2026-04-01,2026-04,15,0,0
13314,mkarsiv,6,2026-04-01,2026-04,6,0,0
13315,ddcozgu,16,2026-04-01,2026-04,16,0,0
13316,egonce,72,2026-04-01,2026-04,58,14,0
13317,hakdemir,1,2026-04-01,2026-04,0,1,0
13318,msevim,3,2026-04-01,2026-04,2,1,0
13319,hbinay,26,2026-04-01,2026-04,26,0,0
13320,mmollaoglu,2,2026-04-01,2026-04,2,0,0
13321,gbalvan,2,2026-04-01,2026-04,0,2,0
13322,dcolor,63,2026-04-01,2026-04,0,63,0
13323,sutetik,10,2026-04-01,2026-04,8,2,0
13324,ersener,3,2026-04-01,2026-04,3,0,0
13325,fyakut,1,2026-04-01,2026-04,1,0,0
13326,bfirat,8,2026-04-01,2026-04,8,0,0
13327,cyildiz,2,2026-04-01,2026-04,2,0,0
13328,sfirinci,1,2026-04-01,2026-04,1,0,0
13329,amasun,48,2026-04-01,2026-04,0,48,0
13330,eanli,2,2026-04-01,2026-04,0,2,0
13331,akamera,13,2026-04-01,2026-04,2,11,0
13332,abarkod,2,2026-04-01,2026-04,0,2,0
13333,gekim,27,2026-04-01,2026-04,0,27,0
13334,ttlideri,21,2026-04-01,2026-04,21,0,0
13335,ntanriverdi,1,2026-04-01,2026-04,0,1,0
13336,bkibar,3,2026-04-01,2026-04,1,2,0
13337,asablon,12,2026-04-01,2026-04,12,0,0
13338,fbasak,2,2026-04-01,2026-04,2,0,0
13339,cer,20,2026-04-01,2026-04,20,0,0
13340,aayhan,36,2026-04-01,2026-04,11,25,0
13341,mkarabiyik,6,2026-04-01,2026-04,0,6,0
13342,mkofis,1,2026-04-01,2026-04,1,0,0
13343,obali,14,2026-04-01,2026-04,5,6,3
13344,edemirbas,2,2026-04-01,2026-04,0,0,2
13345,fimetin,28,2026-04-01,2026-04,18,10,0
13346,MMUTLU,1,2026-04-01,2026-04,1,0,0
13347,fozay,20,2026-04-01,2026-04,15,5,0
13348,dnoic,11,2026-04-01,2026-04,10,0,1
13349,ckarahasan,1,2026-04-01,2026-04,1,0,0
13350,mkorucu,1,2026-04-01,2026-04,1,0,0
13351,TIRMAK,4,2026-04-01,2026-04,0,4,0
13352,ebalaban,15,2026-04-01,2026-04,15,0,0
13353,gayilmaz,2,2026-04-01,2026-04,0,2,0
13354,tevirgen,26,2026-04-01,2026-04,4,5,17
13355,ayyilmaz,5,2026-04-01,2026-04,5,0,0
13356,ggirgin,33,2026-04-01,2026-04,19,14,0
13357,gkenarli,5,2026-04-01,2026-04,5,0,0
13358,ogungor,23,2026-04-01,2026-04,19,4,0
13359,bmetiner,11,2026-04-02,2026-04,11,0,0
13360,udalyan,18,2026-04-02,2026-04,3,15,0
13361,mecigdem,2,2026-04-02,2026-04,0,2,0
13362,hakand,5,2026-04-02,2026-04,2,3,0
13363,fgulsever,62,2026-04-02,2026-04,0,62,0
13364,gsapmaz,14,2026-04-02,2026-04,14,0,0
13365,zyuksel,121,2026-04-02,2026-04,121,0,0
13366,ierdil,10,2026-04-02,2026-04,3,7,0
13367,mguray,1,2026-04-02,2026-04,1,0,0
13368,bbugdayci,8,2026-04-02,2026-04,0,8,0
13369,dcolor,62,2026-04-02,2026-04,0,62,0
13370,mkarsiv,5,2026-04-02,2026-04,5,0,0
13371,ddcozgu,1,2026-04-02,2026-04,1,0,0
13372,egonce,47,2026-04-02,2026-04,46,1,0
13373,hakdemir,2,2026-04-02,2026-04,0,2,0
13374,msevim,1,2026-04-02,2026-04,0,1,0
13375,sutetik,25,2026-04-02,2026-04,25,0,0
13376,hbulut,3,2026-04-02,2026-04,2,1,0
13377,bfirat,5,2026-04-02,2026-04,5,0,0
13378,aapak,45,2026-04-02,2026-04,0,45,0
13379,fcolak,1,2026-04-02,2026-04,1,0,0
13380,gakca,5,2026-04-02,2026-04,5,0,0
13381,gbalvan,1,2026-04-02,2026-04,0,1,0
13382,gekim,45,2026-04-02,2026-04,0,45,0
13383,akamera,4,2026-04-02,2026-04,0,4,0
13384,abarkod,8,2026-04-02,2026-04,0,8,0
13385,bkibar,2,2026-04-02,2026-04,0,2,0
13386,sfirinci,3,2026-04-02,2026-04,2,1,0
13387,asablon,1,2026-04-02,2026-04,1,0,0
13388,tyaman,8,2026-04-02,2026-04,8,0,0
13389,fbasak,2,2026-04-02,2026-04,2,0,0
13390,aayhan,10,2026-04-02,2026-04,7,1,2
13391,obali,7,2026-04-02,2026-04,5,1,1
13392,MMUTLU,5,2026-04-02,2026-04,5,0,0
13393,ntanriverdi,1,2026-04-02,2026-04,0,1,0
13394,ggirgin,18,2026-04-02,2026-04,9,3,6
13395,fimetin,18,2026-04-02,2026-04,8,10,0
13396,amasun,20,2026-04-02,2026-04,1,19,0
13397,caozturk,1,2026-04-02,2026-04,1,0,0
13398,dnoic,13,2026-04-02,2026-04,13,0,0
13399,ebalaban,27,2026-04-02,2026-04,27,0,0
13400,oicoz,2,2026-04-02,2026-04,1,1,0
13401,okanat,1,2026-04-02,2026-04,1,0,0
13402,ogungor,4,2026-04-02,2026-04,4,0,0
13403,ayyilmaz,2,2026-04-02,2026-04,1,1,0
13404,ckarahasan,5,2026-04-02,2026-04,1,4,0
13405,bsakrak,63,2026-04-03,2026-04,63,0,0
13406,zyuksel,111,2026-04-03,2026-04,109,0,2
13407,udalyan,6,2026-04-03,2026-04,4,2,0
13408,mecigdem,5,2026-04-03,2026-04,4,1,0
13409,hakand,4,2026-04-03,2026-04,4,0,0
13410,baozturk,5,2026-04-03,2026-04,5,0,0
13411,carican,6,2026-04-03,2026-04,6,0,0
13412,ierdil,11,2026-04-03,2026-04,4,7,0
13413,msevim,11,2026-04-03,2026-04,6,5,0
13414,stjegitim,164,2026-04-03,2026-04,57,0,107
13415,mkarsiv,2,2026-04-03,2026-04,2,0,0
13416,sosayan,2,2026-04-03,2026-04,2,0,0
13417,hakdemir,93,2026-04-03,2026-04,91,2,0
13418,mmollaoglu,1,2026-04-03,2026-04,0,1,0
13419,dcolor,76,2026-04-03,2026-04,0,76,0
13420,sutetik,11,2026-04-03,2026-04,9,2,0
13421,aozbal,10,2026-04-03,2026-04,7,3,0
13422,bmetiner,3,2026-04-03,2026-04,3,0,0
13423,fozay,22,2026-04-03,2026-04,16,6,0
13424,klaboratuar,2,2026-04-03,2026-04,2,0,0
13425,ebalaban,28,2026-04-03,2026-04,28,0,0
13426,akamera,3,2026-04-03,2026-04,0,3,0
13427,amasun,37,2026-04-03,2026-04,2,35,0
13428,ntanriverdi,6,2026-04-03,2026-04,0,6,0
13429,bkibar,2,2026-04-03,2026-04,2,0,0
13430,aerden,1,2026-04-03,2026-04,0,0,1
13431,mkarabiyik,2,2026-04-03,2026-04,2,0,0
13432,obali,13,2026-04-03,2026-04,1,0,12
13433,fimetin,58,2026-04-03,2026-04,10,48,0
13434,bsamuk,7,2026-04-03,2026-04,7,0,0
13435,vgemici,1,2026-04-03,2026-04,1,0,0
13436,ekaradavut,10,2026-04-03,2026-04,10,0,0
13437,mertan,2,2026-04-03,2026-04,1,1,0
13438,tevirgen,24,2026-04-03,2026-04,0,14,10
13439,gayilmaz,11,2026-04-03,2026-04,7,4,0
13440,ogungor,22,2026-04-03,2026-04,17,5,0
13441,ckarahasan,14,2026-04-03,2026-04,7,7,0
13442,rbozkaya,8,2026-04-03,2026-04,8,0,0
13443,ggirgin,11,2026-04-03,2026-04,11,0,0
13444,dcolor,43,2026-04-04,2026-04,0,43,0
13445,hakdemir,13,2026-04-04,2026-04,13,0,0
13446,mkarsiv,9,2026-04-04,2026-04,3,6,0
13447,mecigdem,2,2026-04-04,2026-04,0,2,0
13448,tyaman,1,2026-04-04,2026-04,1,0,0
13449,ttlideri,3,2026-04-04,2026-04,0,3,0
13450,ogungor,22,2026-04-04,2026-04,22,0,0
13451,okelepe,1,2026-04-05,2026-04,0,1,0
13452,dcolor,5,2026-04-05,2026-04,0,5,0
13453,egonce,13,2026-04-05,2026-04,13,0,0
13454,fcolak,3,2026-04-05,2026-04,1,2,0
13455,bbugdayci,2,2026-04-05,2026-04,0,2,0
13456,kbtlideri,19,2026-04-05,2026-04,19,0,0
13457,ierdil,109,2026-04-05,2026-04,2,107,0
13458,fgulsever,52,2026-04-05,2026-04,8,44,0
13459,BSOGUT,1,2026-04-05,2026-04,1,0,0
13460,ekaragoz,2,2026-04-05,2026-04,1,0,1
13461,sfirinci,10,2026-04-05,2026-04,10,0,0
13462,gekim,101,2026-04-05,2026-04,0,101,0
13463,SUYILMAZ,2,2026-04-05,2026-04,2,0,0
13464,dnoic,17,2026-04-05,2026-04,16,1,0
13465,fbasak,4,2026-04-05,2026-04,4,0,0
13466,tcapkin,17,2026-04-05,2026-04,0,17,0
13467,abarkod,23,2026-04-05,2026-04,0,23,0
13468,ESERT,1,2026-04-05,2026-04,0,1,0
13469,hakand,29,2026-04-06,2026-04,28,1,0
13470,fgulsever,114,2026-04-06,2026-04,0,114,0
13471,ierdil,6,2026-04-06,2026-04,1,5,0
13472,stjegitim,6,2026-04-06,2026-04,0,6,0
13473,fcolak,7,2026-04-06,2026-04,7,0,0
13474,mkarsiv,1,2026-04-06,2026-04,1,0,0
13475,hakdemir,33,2026-04-06,2026-04,25,8,0
13476,dcolor,40,2026-04-06,2026-04,0,40,0
13477,hbinay,30,2026-04-06,2026-04,14,16,0
13478,udalyan,6,2026-04-06,2026-04,0,3,3
13479,sutetik,19,2026-04-06,2026-04,19,0,0
13480,hbulut,4,2026-04-06,2026-04,3,1,0
13481,bfirat,20,2026-04-06,2026-04,20,0,0
13482,VBAYANER,12,2026-04-06,2026-04,0,12,0
13483,bunver,1,2026-04-06,2026-04,1,0,0
13484,msevim,3,2026-04-06,2026-04,0,3,0
13485,sfirinci,11,2026-04-06,2026-04,5,6,0
13486,egonce,141,2026-04-06,2026-04,139,2,0
13487,scabuker,1,2026-04-06,2026-04,0,0,1
13488,gekim,82,2026-04-06,2026-04,0,82,0
13489,akamera,6,2026-04-06,2026-04,0,6,0
13490,abarkod,7,2026-04-06,2026-04,0,7,0
13491,fbasak,1,2026-04-06,2026-04,0,1,0
13492,obali,10,2026-04-06,2026-04,10,0,0
13493,MMUTLU,358,2026-04-06,2026-04,358,0,0
13494,fimetin,97,2026-04-06,2026-04,29,68,0
13495,ntanriverdi,146,2026-04-06,2026-04,0,146,0
13496,mertan,7,2026-04-06,2026-04,7,0,0
13497,tevirgen,34,2026-04-06,2026-04,25,9,0
13498,ogungor,2,2026-04-06,2026-04,1,1,0
13499,ckarahasan,7,2026-04-06,2026-04,3,4,0
13500,caozturk,8,2026-04-06,2026-04,5,3,0
13501,ebalaban,32,2026-04-06,2026-04,32,0,0
13502,ggirgin,115,2026-04-06,2026-04,114,1,0
13503,amasun,16,2026-04-06,2026-04,0,16,0
13504,bmetiner,10,2026-04-07,2026-04,7,3,0
13505,rkontrol,4,2026-04-07,2026-04,4,0,0
13506,ebadem,1,2026-04-07,2026-04,0,1,0
13507,ierdil,6,2026-04-07,2026-04,0,6,0
13508,bfirat,17,2026-04-07,2026-04,17,0,0
13509,BSOGUT,2,2026-04-07,2026-04,0,2,0
13510,hakand,3,2026-04-07,2026-04,2,1,0
13511,udalyan,88,2026-04-07,2026-04,20,8,60
13512,stjegitim,1,2026-04-07,2026-04,0,1,0
13513,fgulsever,88,2026-04-07,2026-04,0,88,0
13514,fcolak,12,2026-04-07,2026-04,12,0,0
13515,eozkan,1,2026-04-07,2026-04,1,0,0
13516,ddcozgu,1,2026-04-07,2026-04,1,0,0
13517,egonce,86,2026-04-07,2026-04,58,28,0
13518,hakdemir,37,2026-04-07,2026-04,16,21,0
13519,uunver,1,2026-04-07,2026-04,1,0,0
13520,hbinay,8,2026-04-07,2026-04,8,0,0
13521,mmollaoglu,1,2026-04-07,2026-04,0,1,0
13522,BDEMIRAL,1,2026-04-07,2026-04,1,0,0
13523,gbalvan,2,2026-04-07,2026-04,0,2,0
13524,dcolor,58,2026-04-07,2026-04,0,58,0
13525,sutetik,12,2026-04-07,2026-04,12,0,0
13526,gakca,2,2026-04-07,2026-04,2,0,0
13527,mkarsiv,2,2026-04-07,2026-04,2,0,0
13528,sfirinci,1,2026-04-07,2026-04,1,0,0
13529,amasun,20,2026-04-07,2026-04,1,19,0
13530,gbakanoglu,2,2026-04-07,2026-04,2,0,0
13531,gekim,44,2026-04-07,2026-04,0,44,0
13532,abarkod,33,2026-04-07,2026-04,0,33,0
13533,vgemici,1,2026-04-07,2026-04,1,0,0
13534,bkibar,2,2026-04-07,2026-04,1,1,0
13535,cer,4,2026-04-07,2026-04,2,2,0
13536,ogun,1,2026-04-07,2026-04,0,1,0
13537,aayhan,121,2026-04-07,2026-04,61,52,8
13538,mkarabiyik,1,2026-04-07,2026-04,0,1,0
13539,obali,2,2026-04-07,2026-04,1,1,0
13540,MMUTLU,37,2026-04-07,2026-04,35,2,0
13541,fimetin,117,2026-04-07,2026-04,69,48,0
13542,akamera,4,2026-04-07,2026-04,4,0,0
13543,eulsever,8,2026-04-07,2026-04,0,8,0
13544,gayilmaz,2,2026-04-07,2026-04,2,0,0
13545,ogungor,10,2026-04-07,2026-04,10,0,0
13546,mkorucu,10,2026-04-07,2026-04,0,10,0
13547,ckarahasan,16,2026-04-07,2026-04,6,10,0
13548,dnoic,6,2026-04-07,2026-04,3,0,3
13549,caozturk,17,2026-04-07,2026-04,11,6,0
13550,ebalaban,28,2026-04-07,2026-04,24,4,0
13551,fozay,89,2026-04-07,2026-04,80,9,0
13552,aozbal,1,2026-04-07,2026-04,1,0,0
13553,fbalaban,1,2026-04-07,2026-04,0,1,0
13554,tevirgen,13,2026-04-07,2026-04,5,1,7
13555,fgulsever,91,2026-04-08,2026-04,0,91,0
13556,hakand,12,2026-04-08,2026-04,11,1,0
13557,udalyan,104,2026-04-08,2026-04,2,0,102
13558,gekim,141,2026-04-08,2026-04,0,141,0
13559,oguler,14,2026-04-08,2026-04,14,0,0
13560,gakca,3,2026-04-08,2026-04,3,0,0
13561,sfirinci,2,2026-04-08,2026-04,2,0,0
13562,zyuksel,29,2026-04-08,2026-04,29,0,0
13563,aapak,21,2026-04-08,2026-04,0,21,0
13564,ierdil,8,2026-04-08,2026-04,3,5,0
13565,BDEMIRAL,11,2026-04-08,2026-04,11,0,0
13566,bmetiner,4,2026-04-08,2026-04,0,4,0
13567,stjegitim,326,2026-04-08,2026-04,291,34,1
13568,fcolak,6,2026-04-08,2026-04,6,0,0
13569,egonce,122,2026-04-08,2026-04,118,4,0
13570,gbalvan,2,2026-04-08,2026-04,0,2,0
13571,dcolor,63,2026-04-08,2026-04,0,63,0
13572,ekoksal,1,2026-04-08,2026-04,0,1,0
13573,bfirat,4,2026-04-08,2026-04,4,0,0
13574,SUYILMAZ,1,2026-04-08,2026-04,1,0,0
13575,rkontrol,1,2026-04-08,2026-04,0,1,0
13576,eanli,3,2026-04-08,2026-04,0,3,0
13577,sutetik,16,2026-04-08,2026-04,15,1,0
13578,amasun,25,2026-04-08,2026-04,8,17,0
13579,fozay,69,2026-04-08,2026-04,50,19,0
13580,akamera,7,2026-04-08,2026-04,0,7,0
13581,abarkod,3,2026-04-08,2026-04,0,3,0
13582,ntanriverdi,10,2026-04-08,2026-04,0,10,0
13583,fbasak,3,2026-04-08,2026-04,3,0,0
13584,mkarabiyik,2,2026-04-08,2026-04,0,2,0
13585,obali,2,2026-04-08,2026-04,1,0,1
13586,MMUTLU,10,2026-04-08,2026-04,10,0,0
13587,fimetin,19,2026-04-08,2026-04,14,5,0
13588,ggirgin,44,2026-04-08,2026-04,34,10,0
13589,aayhan,8,2026-04-08,2026-04,0,2,6
13590,ayyilmaz,2,2026-04-08,2026-04,1,1,0
13591,mertan,12,2026-04-08,2026-04,11,1,0
13592,caozturk,48,2026-04-08,2026-04,41,7,0
13593,dnoic,7,2026-04-08,2026-04,6,0,1
13594,ckarahasan,14,2026-04-08,2026-04,9,5,0
13595,ebalaban,13,2026-04-08,2026-04,11,2,0
13596,ekoyun,6,2026-04-08,2026-04,0,6,0
13597,gayilmaz,4,2026-04-08,2026-04,2,2,0
13598,tevirgen,29,2026-04-08,2026-04,21,8,0
13599,oicoz,8,2026-04-08,2026-04,8,0,0
13600,stjegitim,1,2026-04-09,2026-04,1,0,0
13601,mecigdem,1,2026-04-09,2026-04,0,1,0
13602,hakand,3,2026-04-09,2026-04,2,1,0
13603,fgulsever,62,2026-04-09,2026-04,20,42,0
13604,itopcu,3,2026-04-09,2026-04,3,0,0
13605,mguder,11,2026-04-09,2026-04,11,0,0
13606,zyuksel,48,2026-04-09,2026-04,48,0,0
13607,ierdil,8,2026-04-09,2026-04,1,7,0
13608,ebadem,2,2026-04-09,2026-04,0,2,0
13609,bmetiner,10,2026-04-09,2026-04,10,0,0
13610,cyildiz,1,2026-04-09,2026-04,0,1,0
13611,hbulut,2,2026-04-09,2026-04,2,0,0
13612,ddcozgu,6,2026-04-09,2026-04,6,0,0
13613,egonce,28,2026-04-09,2026-04,23,5,0
13614,hakdemir,14,2026-04-09,2026-04,2,12,0
13615,fdeniz,1,2026-04-09,2026-04,0,0,1
13616,hbinay,9,2026-04-09,2026-04,9,0,0
13617,eozkan,4,2026-04-09,2026-04,4,0,0
13618,gbalvan,1,2026-04-09,2026-04,0,1,0
13619,dcolor,96,2026-04-09,2026-04,0,96,0
13620,sutetik,19,2026-04-09,2026-04,19,0,0
13621,udalyan,13,2026-04-09,2026-04,6,1,6
13622,bfirat,2,2026-04-09,2026-04,2,0,0
13623,VBAYANER,1,2026-04-09,2026-04,0,1,0
13624,mkarsiv,3,2026-04-09,2026-04,3,0,0
13625,aapak,38,2026-04-09,2026-04,0,38,0
13626,sfirinci,3,2026-04-09,2026-04,0,3,0
13627,ubasdas,3,2026-04-09,2026-04,2,1,0
13628,akamera,7,2026-04-09,2026-04,0,7,0
13629,abarkod,1,2026-04-09,2026-04,0,1,0
13630,ttlideri,1,2026-04-09,2026-04,1,0,0
13631,vgemici,1,2026-04-09,2026-04,1,0,0
13632,nakilli,5,2026-04-09,2026-04,0,5,0
13633,aayhan,53,2026-04-09,2026-04,8,45,0
13634,obali,13,2026-04-09,2026-04,5,1,7
13635,fimetin,21,2026-04-09,2026-04,0,21,0
13636,bsamuk,10,2026-04-09,2026-04,8,2,0
13637,ggirgin,28,2026-04-09,2026-04,21,1,6
13638,tevirgen,20,2026-04-09,2026-04,10,10,0
13639,eulsever,6,2026-04-09,2026-04,2,4,0
13640,ntanriverdi,2,2026-04-09,2026-04,0,2,0
13641,nibolkis,3,2026-04-09,2026-04,3,0,0
13642,gayilmaz,1,2026-04-09,2026-04,1,0,0
13643,gakca,4,2026-04-09,2026-04,4,0,0
13644,daktas,2,2026-04-09,2026-04,2,0,0
13645,bbusta,1,2026-04-09,2026-04,1,0,0
13646,amasun,130,2026-04-09,2026-04,5,125,0
13647,gekim,37,2026-04-09,2026-04,0,37,0
13648,caozturk,9,2026-04-09,2026-04,7,1,1
13649,ckarahasan,15,2026-04-09,2026-04,1,14,0
13650,klaboratuar,6,2026-04-09,2026-04,0,6,0
13651,TIRMAK,1,2026-04-09,2026-04,1,0,0
13652,ebalaban,21,2026-04-09,2026-04,21,0,0
13653,nfirat,9,2026-04-10,2026-04,9,0,0
13654,gakca,1,2026-04-10,2026-04,1,0,0
13655,itopcu,1,2026-04-10,2026-04,1,0,0
13656,gsapmaz,1,2026-04-10,2026-04,1,0,0
13657,ierdil,4,2026-04-10,2026-04,0,4,0
13658,stjegitim,68,2026-04-10,2026-04,5,0,63
13659,sutetik,4,2026-04-10,2026-04,2,2,0
13660,hakdemir,3,2026-04-10,2026-04,1,2,0
13661,hbinay,1,2026-04-10,2026-04,1,0,0
13662,BDEMIRAL,1,2026-04-10,2026-04,1,0,0
13663,dcolor,88,2026-04-10,2026-04,0,88,0
13664,bfirat,27,2026-04-10,2026-04,27,0,0
13665,fyakut,1,2026-04-10,2026-04,1,0,0
13666,mkarsiv,1,2026-04-10,2026-04,1,0,0
13667,amasun,14,2026-04-10,2026-04,0,14,0
13668,udalyan,48,2026-04-10,2026-04,45,0,3
13669,caozturk,49,2026-04-10,2026-04,46,3,0
13670,vgemici,2,2026-04-10,2026-04,2,0,0
13671,bkibar,5,2026-04-10,2026-04,5,0,0
13672,tyaman,7,2026-04-10,2026-04,7,0,0
13673,obali,3,2026-04-10,2026-04,0,3,0
13674,fimetin,15,2026-04-10,2026-04,3,12,0
13675,ggirgin,45,2026-04-10,2026-04,41,4,0
13676,mertan,11,2026-04-10,2026-04,11,0,0
13677,ntanriverdi,3,2026-04-10,2026-04,0,3,0
13678,tevirgen,18,2026-04-10,2026-04,14,4,0
13679,eulsever,4,2026-04-10,2026-04,0,4,0
13680,gayilmaz,3,2026-04-10,2026-04,3,0,0
13681,ebalaban,32,2026-04-10,2026-04,31,1,0
13682,ckarahasan,22,2026-04-10,2026-04,13,9,0
13683,dnoic,13,2026-04-10,2026-04,7,0,6
13684,ayyilmaz,1,2026-04-10,2026-04,0,1,0
13685,dcolor,48,2026-04-11,2026-04,0,48,0
13686,hakdemir,8,2026-04-11,2026-04,2,6,0
13687,ierdil,6,2026-04-11,2026-04,2,4,0
13688,rkontrol,1,2026-04-11,2026-04,1,0,0
13689,aapak,76,2026-04-12,2026-04,18,58,0
13690,akapucu,17,2026-04-12,2026-04,17,0,0
13691,dcolor,9,2026-04-12,2026-04,0,9,0
13692,mbayirli,12,2026-04-12,2026-04,12,0,0
13693,egonce,8,2026-04-12,2026-04,6,2,0
13694,fcolak,1,2026-04-12,2026-04,1,0,0
13695,cyildiz,1,2026-04-12,2026-04,1,0,0
13696,ierdil,8,2026-04-12,2026-04,3,5,0
13697,gekim,76,2026-04-12,2026-04,0,76,0
13698,fgulsever,53,2026-04-12,2026-04,1,52,0
13699,ekaragoz,14,2026-04-12,2026-04,13,1,0
13700,dnoic,15,2026-04-12,2026-04,15,0,0
13701,gcevik,2,2026-04-12,2026-04,0,2,0
13702,klaboratuar,3,2026-04-12,2026-04,0,3,0
13703,aayhan,69,2026-04-12,2026-04,25,41,3
13704,ogun,4,2026-04-12,2026-04,0,0,4
13705,fbasak,13,2026-04-12,2026-04,10,3,0
13706,tcapkin,4,2026-04-12,2026-04,0,4,0
13707,abarkod,61,2026-04-12,2026-04,0,61,0
13708,scabuker,2,2026-04-12,2026-04,2,0,0
13709,cyildiz,1,2026-04-13,2026-04,1,0,0
13710,rkontrol,1,2026-04-13,2026-04,1,0,0
13711,ierdil,6,2026-04-13,2026-04,1,5,0
13712,zyuksel,8,2026-04-13,2026-04,8,0,0
13713,hakand,62,2026-04-13,2026-04,10,52,0
13714,fgulsever,11,2026-04-13,2026-04,1,10,0
13715,BSOGUT,53,2026-04-13,2026-04,53,0,0
13716,fcolak,2,2026-04-13,2026-04,2,0,0
13717,mecigdem,2,2026-04-13,2026-04,0,2,0
13718,itopcu,2,2026-04-13,2026-04,2,0,0
13719,mkarsiv,1,2026-04-13,2026-04,1,0,0
13720,gbalvan,4,2026-04-13,2026-04,0,4,0
13721,hakdemir,2,2026-04-13,2026-04,0,2,0
13722,mbayirli,28,2026-04-13,2026-04,28,0,0
13723,sapra,2,2026-04-13,2026-04,2,0,0
13724,dcolor,68,2026-04-13,2026-04,0,68,0
13725,sutetik,10,2026-04-13,2026-04,10,0,0
13726,hbulut,15,2026-04-13,2026-04,13,2,0
13727,akapucu,9,2026-04-13,2026-04,9,0,0
13728,bfirat,21,2026-04-13,2026-04,21,0,0
13729,VBAYANER,21,2026-04-13,2026-04,0,21,0
13730,bunver,4,2026-04-13,2026-04,2,2,0
13731,udalyan,26,2026-04-13,2026-04,15,11,0
13732,egonce,25,2026-04-13,2026-04,21,4,0
13733,aapak,32,2026-04-13,2026-04,0,32,0
13734,fbalaban,63,2026-04-13,2026-04,63,0,0
13735,sfirinci,10,2026-04-13,2026-04,10,0,0
13736,gakca,3,2026-04-13,2026-04,2,1,0
13737,akamera,34,2026-04-13,2026-04,0,34,0
13738,abarkod,2,2026-04-13,2026-04,0,2,0
13739,tcapkin,2,2026-04-13,2026-04,0,2,0
13740,fbasak,5,2026-04-13,2026-04,4,1,0
13741,MMUTLU,51,2026-04-13,2026-04,33,16,2
13742,fimetin,57,2026-04-13,2026-04,43,14,0
13743,ggirgin,105,2026-04-13,2026-04,94,11,0
13744,ekaradavut,11,2026-04-13,2026-04,11,0,0
13745,sulger,25,2026-04-13,2026-04,0,25,0
13746,mertan,3,2026-04-13,2026-04,1,2,0
13747,obali,5,2026-04-13,2026-04,4,0,1
13748,eulsever,4,2026-04-13,2026-04,4,0,0
13749,tevirgen,46,2026-04-13,2026-04,22,12,12
13750,amasun,22,2026-04-13,2026-04,0,22,0
13751,gekim,24,2026-04-13,2026-04,0,24,0
13752,caozturk,12,2026-04-13,2026-04,12,0,0
13753,ebalaban,128,2026-04-13,2026-04,78,50,0
13754,mkorucu,13,2026-04-13,2026-04,0,13,0
13755,klaboratuar,2,2026-04-13,2026-04,0,2,0
13756,ogungor,3,2026-04-13,2026-04,2,1,0
13757,gayilmaz,7,2026-04-13,2026-04,7,0,0
13758,ckarahasan,13,2026-04-13,2026-04,7,6,0
13759,bmetiner,2,2026-04-14,2026-04,2,0,0
13760,ebadem,3,2026-04-14,2026-04,3,0,0
13761,ucelebi,9,2026-04-14,2026-04,0,0,9
13762,bunver,3,2026-04-14,2026-04,3,0,0
13763,ierdil,10,2026-04-14,2026-04,3,7,0
13764,mguder,6,2026-04-14,2026-04,5,1,0
13765,aapak,49,2026-04-14,2026-04,0,49,0
13766,fgulsever,36,2026-04-14,2026-04,0,36,0
13767,mecigdem,9,2026-04-14,2026-04,5,4,0
13768,udalyan,10,2026-04-14,2026-04,3,5,2
13769,nakilli,10,2026-04-14,2026-04,0,10,0
13770,gakca,4,2026-04-14,2026-04,4,0,0
13771,stjegitim,118,2026-04-14,2026-04,0,118,0
13772,gsapmaz,9,2026-04-14,2026-04,7,2,0
13773,sekisa,2,2026-04-14,2026-04,2,0,0
13774,sutetik,15,2026-04-14,2026-04,13,2,0
13775,egonce,57,2026-04-14,2026-04,55,2,0
13776,fyakut,9,2026-04-14,2026-04,0,9,0
13777,VBAYANER,3,2026-04-14,2026-04,2,1,0
13778,bfirat,21,2026-04-14,2026-04,21,0,0
13779,akapucu,1,2026-04-14,2026-04,1,0,0
13780,hbulut,6,2026-04-14,2026-04,6,0,0
13781,ngunak,91,2026-04-14,2026-04,0,91,0
13782,mkarsiv,11,2026-04-14,2026-04,11,0,0
13783,dcolor,106,2026-04-14,2026-04,0,106,0
13784,sbayiroglu,3,2026-04-14,2026-04,0,3,0
13785,hbinay,7,2026-04-14,2026-04,7,0,0
13786,mbayirli,3,2026-04-14,2026-04,3,0,0
13787,hakdemir,8,2026-04-14,2026-04,8,0,0
13788,herbilgin,22,2026-04-14,2026-04,22,0,0
13789,aerdogan,3,2026-04-14,2026-04,0,3,0
13790,gbalvan,7,2026-04-14,2026-04,1,6,0
13791,saskin,1,2026-04-14,2026-04,1,0,0
13792,kbtlideri,4,2026-04-14,2026-04,4,0,0
13793,scabuker,16,2026-04-14,2026-04,4,4,8
13794,ggirgin,15,2026-04-14,2026-04,12,3,0
13795,fimetin,13,2026-04-14,2026-04,12,1,0
13796,yercin,8,2026-04-14,2026-04,8,0,0
13797,MMUTLU,10,2026-04-14,2026-04,5,3,2
13798,obali,7,2026-04-14,2026-04,7,0,0
13799,ogun,18,2026-04-14,2026-04,17,1,0
13800,ekaradavut,1,2026-04-14,2026-04,0,1,0
13801,cer,1,2026-04-14,2026-04,0,1,0
13802,gmasistan,4,2026-04-14,2026-04,0,0,4
13803,ntanriverdi,8,2026-04-14,2026-04,0,8,0
13804,vgemici,2,2026-04-14,2026-04,2,0,0
13805,ttlideri,2,2026-04-14,2026-04,2,0,0
13806,akamera,9,2026-04-14,2026-04,1,8,0
13807,gekim,47,2026-04-14,2026-04,0,47,0
13808,fbasak,10,2026-04-14,2026-04,10,0,0
13809,sulger,2,2026-04-14,2026-04,2,0,0
13810,bkibar,3,2026-04-14,2026-04,3,0,0
13811,ayyilmaz,4,2026-04-14,2026-04,4,0,0
13812,fbalaban,21,2026-04-14,2026-04,0,21,0
13813,mertan,2,2026-04-14,2026-04,0,2,0
13814,fozay,28,2026-04-14,2026-04,26,2,0
13815,amasun,23,2026-04-14,2026-04,3,20,0
13816,caozturk,15,2026-04-14,2026-04,15,0,0
13817,dnoic,18,2026-04-14,2026-04,12,2,4
13818,ckarahasan,6,2026-04-14,2026-04,3,3,0
13819,ebalaban,31,2026-04-14,2026-04,31,0,0
13820,nibolkis,3,2026-04-14,2026-04,3,0,0
13821,nbolkis,2,2026-04-14,2026-04,2,0,0
13822,ogungor,7,2026-04-14,2026-04,7,0,0
13823,gayilmaz,12,2026-04-14,2026-04,12,0,0
13824,tevirgen,112,2026-04-14,2026-04,14,8,90
13825,gcevik,5,2026-04-14,2026-04,5,0,0
13826,eulsever,13,2026-04-14,2026-04,9,4,0
13827,aapak,37,2026-04-15,2026-04,0,37,0
13828,mguray,4,2026-04-15,2026-04,4,0,0
13829,ierdil,11,2026-04-15,2026-04,2,9,0
13830,mguder,3,2026-04-15,2026-04,2,1,0
13831,fgulsever,51,2026-04-15,2026-04,5,46,0
13832,hakand,3,2026-04-15,2026-04,2,1,0
13833,udalyan,8,2026-04-15,2026-04,4,3,1
13834,rkontrol,3,2026-04-15,2026-04,2,1,0
13835,itopcu,1,2026-04-15,2026-04,1,0,0
13836,stjegitim,320,2026-04-15,2026-04,288,30,2
13837,gbalvan,7,2026-04-15,2026-04,0,7,0
13838,ddcozgu,1,2026-04-15,2026-04,0,1,0
13839,egonce,27,2026-04-15,2026-04,27,0,0
13840,uunver,22,2026-04-15,2026-04,22,0,0
13841,BDEMIRAL,6,2026-04-15,2026-04,6,0,0
13842,eozkan,65,2026-04-15,2026-04,62,3,0
13843,dcolor,134,2026-04-15,2026-04,0,134,0
13844,sutetik,16,2026-04-15,2026-04,16,0,0
13845,bunver,5,2026-04-15,2026-04,4,1,0
13846,ubasdas,1,2026-04-15,2026-04,1,0,0
13847,mkarsiv,1,2026-04-15,2026-04,1,0,0
13848,sfirinci,1,2026-04-15,2026-04,1,0,0
13849,hbinay,17,2026-04-15,2026-04,15,2,0
13850,fbalaban,7,2026-04-15,2026-04,7,0,0
13851,gekim,64,2026-04-15,2026-04,0,64,0
13852,akamera,4,2026-04-15,2026-04,1,3,0
13853,abarkod,4,2026-04-15,2026-04,0,4,0
13854,vgemici,9,2026-04-15,2026-04,9,0,0
13855,ntanriverdi,12,2026-04-15,2026-04,0,12,0
13856,fbasak,3,2026-04-15,2026-04,3,0,0
13857,mkarabiyik,2,2026-04-15,2026-04,0,2,0
13858,obali,4,2026-04-15,2026-04,2,2,0
13859,MMUTLU,1,2026-04-15,2026-04,1,0,0
13860,fimetin,20,2026-04-15,2026-04,13,7,0
13861,cer,1,2026-04-15,2026-04,0,1,0
13862,tevirgen,25,2026-04-15,2026-04,4,21,0
13863,ggirgin,47,2026-04-15,2026-04,31,12,4
13864,amasun,84,2026-04-15,2026-04,1,83,0
13865,ebalaban,64,2026-04-15,2026-04,64,0,0
13866,caozturk,1,2026-04-15,2026-04,1,0,0
13867,dnoic,6,2026-04-15,2026-04,6,0,0
13868,fozay,56,2026-04-15,2026-04,53,3,0
13869,TIRMAK,1,2026-04-15,2026-04,1,0,0
13870,ogungor,3,2026-04-15,2026-04,2,1,0
13871,eulsever,6,2026-04-15,2026-04,2,4,0
13872,ckarahasan,11,2026-04-15,2026-04,11,0,0
13873,cyildiz,1,2026-04-16,2026-04,1,0,0
13874,udalyan,120,2026-04-16,2026-04,0,1,119
13875,fgulsever,46,2026-04-16,2026-04,0,46,0
13876,zyuksel,3,2026-04-16,2026-04,2,1,0
13877,ierdil,40,2026-04-16,2026-04,35,5,0
13878,mguray,5,2026-04-16,2026-04,5,0,0
13879,ebadem,21,2026-04-16,2026-04,20,1,0
13880,aildeniz,7,2026-04-16,2026-04,7,0,0
13881,bbugdayci,1,2026-04-16,2026-04,0,1,0
13882,stjegitim,4,2026-04-16,2026-04,4,0,0
13883,fcolak,10,2026-04-16,2026-04,10,0,0
13884,VBAYANER,39,2026-04-16,2026-04,39,0,0
13885,egonce,3,2026-04-16,2026-04,3,0,0
13886,hakdemir,11,2026-04-16,2026-04,11,0,0
13887,msevim,4,2026-04-16,2026-04,0,4,0
13888,eozkan,1,2026-04-16,2026-04,1,0,0
13889,gbalvan,1,2026-04-16,2026-04,0,1,0
13890,dcolor,94,2026-04-16,2026-04,0,94,0
13891,sutetik,26,2026-04-16,2026-04,25,1,0
13892,hbulut,47,2026-04-16,2026-04,47,0,0
13893,bfirat,34,2026-04-16,2026-04,34,0,0
13894,aapak,14,2026-04-16,2026-04,0,14,0
13895,bunver,39,2026-04-16,2026-04,37,2,0
13896,mkarsiv,1,2026-04-16,2026-04,1,0,0
13897,oguler,4,2026-04-16,2026-04,4,0,0
13898,saskin,2,2026-04-16,2026-04,1,1,0
13899,sfirinci,12,2026-04-16,2026-04,11,1,0
13900,akamera,4,2026-04-16,2026-04,0,4,0
13901,abarkod,2,2026-04-16,2026-04,0,2,0
13902,gakca,2,2026-04-16,2026-04,2,0,0
13903,vgemici,5,2026-04-16,2026-04,5,0,0
13904,ntanriverdi,31,2026-04-16,2026-04,0,31,0
13905,fbasak,2,2026-04-16,2026-04,1,0,1
13906,cer,2,2026-04-16,2026-04,0,2,0
13907,aayhan,11,2026-04-16,2026-04,10,0,1
13908,obali,10,2026-04-16,2026-04,7,1,2
13909,MMUTLU,8,2026-04-16,2026-04,1,6,1
13910,fimetin,14,2026-04-16,2026-04,14,0,0
13911,ttlideri,2,2026-04-16,2026-04,2,0,0
13912,ayyilmaz,13,2026-04-16,2026-04,6,7,0
13913,ggirgin,82,2026-04-16,2026-04,82,0,0
13914,gbakanoglu,20,2026-04-16,2026-04,4,16,0
13915,fbalaban,15,2026-04-16,2026-04,6,9,0
13916,amasun,2,2026-04-16,2026-04,0,2,0
13917,gekim,71,2026-04-16,2026-04,0,71,0
13918,dnoic,5,2026-04-16,2026-04,5,0,0
13919,ckarahasan,11,2026-04-16,2026-04,5,6,0
13920,gayilmaz,22,2026-04-16,2026-04,22,0,0
13921,tevirgen,8,2026-04-16,2026-04,3,5,0
13922,ebalaban,22,2026-04-16,2026-04,22,0,0
13923,acelebi,4,2026-04-17,2026-04,4,0,0
13924,udalyan,2,2026-04-17,2026-04,2,0,0
13925,mecigdem,31,2026-04-17,2026-04,29,2,0
13926,gsapmaz,1,2026-04-17,2026-04,1,0,0
13927,ierdil,188,2026-04-17,2026-04,183,5,0
13928,mguray,4,2026-04-17,2026-04,4,0,0
13929,stjegitim,34,2026-04-17,2026-04,3,0,31
13930,hakdemir,11,2026-04-17,2026-04,11,0,0
13931,dcolor,128,2026-04-17,2026-04,0,128,0
13932,sbayiroglu,3,2026-04-17,2026-04,0,1,2
13933,BDEMIRAL,2,2026-04-17,2026-04,2,0,0
13934,gbalvan,4,2026-04-17,2026-04,0,4,0
13935,ngunak,165,2026-04-17,2026-04,0,155,10
13936,sutetik,24,2026-04-17,2026-04,21,3,0
13937,hbulut,25,2026-04-17,2026-04,0,25,0
13938,bfirat,4,2026-04-17,2026-04,4,0,0
13939,msevim,15,2026-04-17,2026-04,9,6,0
13940,gakca,1,2026-04-17,2026-04,1,0,0
13941,ebalaban,48,2026-04-17,2026-04,48,0,0
13942,dnoic,10,2026-04-17,2026-04,0,0,10
13943,amasun,3,2026-04-17,2026-04,2,0,1
13944,gmasistan,4,2026-04-17,2026-04,0,4,0
13945,bkibar,3,2026-04-17,2026-04,2,1,0
13946,cer,4,2026-04-17,2026-04,0,4,0
13947,fyilanci,3,2026-04-17,2026-04,3,0,0
13948,MMUTLU,10,2026-04-17,2026-04,5,4,1
13949,yercin,50,2026-04-17,2026-04,50,0,0
13950,akamera,8,2026-04-17,2026-04,0,8,0
13951,gkenarli,6,2026-04-17,2026-04,6,0,0
13952,ggirgin,34,2026-04-17,2026-04,28,3,3
13953,tevirgen,16,2026-04-17,2026-04,2,13,1
13954,eulsever,16,2026-04-17,2026-04,0,2,14
13955,nbolkis,10,2026-04-17,2026-04,10,0,0
13956,oicoz,3,2026-04-17,2026-04,2,1,0
13957,ckarahasan,9,2026-04-17,2026-04,7,2,0
13958,fimetin,44,2026-04-17,2026-04,44,0,0
13959,dcolor,70,2026-04-18,2026-04,0,70,0
13960,hakdemir,6,2026-04-18,2026-04,6,0,0
13961,mkarsiv,1,2026-04-18,2026-04,1,0,0
13962,ierdil,9,2026-04-18,2026-04,4,5,0
13963,mecigdem,9,2026-04-18,2026-04,7,2,0
13964,rkontrol,1,2026-04-18,2026-04,1,0,0
13965,BSOGUT,13,2026-04-19,2026-04,5,8,0
13966,bunver,41,2026-04-19,2026-04,39,0,2
13967,dcolor,2,2026-04-19,2026-04,0,2,0
13968,egonce,24,2026-04-19,2026-04,22,2,0
13969,fcolak,3,2026-04-19,2026-04,0,3,0
13970,ierdil,7,2026-04-19,2026-04,4,3,0
13971,fgulsever,17,2026-04-19,2026-04,1,16,0
13972,okelepe,44,2026-04-19,2026-04,44,0,0
13973,aapak,52,2026-04-19,2026-04,17,35,0
13974,gekim,76,2026-04-19,2026-04,0,76,0
13975,gbakanoglu,4,2026-04-19,2026-04,1,3,0
13976,ekaragoz,2,2026-04-19,2026-04,2,0,0
13977,dnoic,2,2026-04-19,2026-04,2,0,0
13978,gcevik,4,2026-04-19,2026-04,4,0,0
13979,aayhan,11,2026-04-19,2026-04,1,8,2
13980,fbasak,7,2026-04-19,2026-04,6,1,0
13981,nkorkmaz,14,2026-04-19,2026-04,8,6,0
13982,abarkod,4,2026-04-19,2026-04,0,4,0
13983,sfirinci,9,2026-04-19,2026-04,6,3,0
13984,gakca,4,2026-04-20,2026-04,3,1,0
13985,gsapmaz,30,2026-04-20,2026-04,30,0,0
13986,itopcu,9,2026-04-20,2026-04,9,0,0
13987,fgulsever,12,2026-04-20,2026-04,1,11,0
13988,aapak,18,2026-04-20,2026-04,0,18,0
13989,mecigdem,2,2026-04-20,2026-04,0,2,0
13990,udalyan,12,2026-04-20,2026-04,5,5,2
13991,mguder,10,2026-04-20,2026-04,8,2,0
13992,hakand,14,2026-04-20,2026-04,14,0,0
13993,zyuksel,3,2026-04-20,2026-04,3,0,0
13994,egonce,66,2026-04-20,2026-04,60,6,0
13995,bmetiner,4,2026-04-20,2026-04,0,4,0
13996,acelebi,3,2026-04-20,2026-04,3,0,0
13997,mkarsiv,2,2026-04-20,2026-04,2,0,0
13998,mbayirli,1,2026-04-20,2026-04,1,0,0
13999,mmollaoglu,1,2026-04-20,2026-04,1,0,0
14000,gbalvan,6,2026-04-20,2026-04,0,6,0
14001,dcolor,12,2026-04-20,2026-04,0,12,0
14002,sutetik,22,2026-04-20,2026-04,22,0,0
14003,hbulut,5,2026-04-20,2026-04,4,1,0
14004,ierdil,13,2026-04-20,2026-04,8,5,0
14005,gekim,9,2026-04-20,2026-04,0,9,0
14006,gayilmaz,2,2026-04-20,2026-04,2,0,0
14007,fozay,11,2026-04-20,2026-04,5,6,0
14008,eanli,2,2026-04-20,2026-04,2,0,0
14009,akamera,3,2026-04-20,2026-04,0,3,0
14010,abarkod,2,2026-04-20,2026-04,0,2,0
14011,ntanriverdi,14,2026-04-20,2026-04,0,14,0
14012,bkibar,2,2026-04-20,2026-04,0,2,0
14013,tyaman,6,2026-04-20,2026-04,6,0,0
14014,dyavuzkasap,1,2026-04-20,2026-04,1,0,0
14015,obali,16,2026-04-20,2026-04,14,2,0
14016,MMUTLU,36,2026-04-20,2026-04,32,4,0
14017,fimetin,3,2026-04-20,2026-04,0,0,3
14018,fbasak,11,2026-04-20,2026-04,2,5,4
14019,tevirgen,44,2026-04-20,2026-04,23,21,0
14020,eulsever,4,2026-04-20,2026-04,4,0,0
14021,TIRMAK,5,2026-04-20,2026-04,5,0,0
14022,gcevik,1,2026-04-20,2026-04,1,0,0
14023,ckarahasan,3,2026-04-20,2026-04,2,1,0
14024,dnoic,11,2026-04-20,2026-04,11,0,0
14025,caozturk,2,2026-04-20,2026-04,1,1,0
14026,ebalaban,1,2026-04-20,2026-04,1,0,0
14027,ggirgin,47,2026-04-20,2026-04,42,5,0
14028,amasun,13,2026-04-20,2026-04,0,13,0
14029,gsapmaz,2,2026-04-21,2026-04,2,0,0
14030,itopcu,7,2026-04-21,2026-04,7,0,0
14031,fgulsever,22,2026-04-21,2026-04,0,22,0
14032,okelepe,2,2026-04-21,2026-04,0,0,2
14033,udalyan,1,2026-04-21,2026-04,0,0,1
14034,hakand,395,2026-04-21,2026-04,395,0,0
14035,mecigdem,1,2026-04-21,2026-04,0,1,0
14036,mguder,1,2026-04-21,2026-04,1,0,0
14037,aapak,35,2026-04-21,2026-04,0,35,0
14038,BSOGUT,2,2026-04-21,2026-04,0,0,2
14039,zyuksel,12,2026-04-21,2026-04,6,2,4
14040,gbalvan,2,2026-04-21,2026-04,0,2,0
14041,otanriverdi,2,2026-04-21,2026-04,2,0,0
14042,aildeniz,2,2026-04-21,2026-04,0,2,0
14043,stjegitim,1,2026-04-21,2026-04,1,0,0
14044,fcolak,24,2026-04-21,2026-04,18,6,0
14045,mkarsiv,1,2026-04-21,2026-04,1,0,0
14046,egonce,26,2026-04-21,2026-04,15,11,0
14047,uunver,1,2026-04-21,2026-04,1,0,0
14048,hbulut,6,2026-04-21,2026-04,0,6,0
14049,eozkan,4,2026-04-21,2026-04,4,0,0
14050,sutetik,14,2026-04-21,2026-04,14,0,0
14051,ubasdas,1,2026-04-21,2026-04,1,0,0
14052,ierdil,18,2026-04-21,2026-04,13,5,0
14053,gakca,2,2026-04-21,2026-04,2,0,0
14054,msevim,12,2026-04-21,2026-04,0,12,0
14055,saskin,6,2026-04-21,2026-04,6,0,0
14056,fyakut,2,2026-04-21,2026-04,2,0,0
14057,akamera,3,2026-04-21,2026-04,0,3,0
14058,abarkod,3,2026-04-21,2026-04,0,3,0
14059,tyaman,27,2026-04-21,2026-04,27,0,0
14060,nkorkmaz,1,2026-04-21,2026-04,1,0,0
14061,fbasak,8,2026-04-21,2026-04,8,0,0
14062,cer,2,2026-04-21,2026-04,1,1,0
14063,aayhan,2,2026-04-21,2026-04,0,0,2
14064,dyavuzkasap,22,2026-04-21,2026-04,1,21,0
14065,MMUTLU,8,2026-04-21,2026-04,1,0,7
14066,eatasoy,1,2026-04-21,2026-04,1,0,0
14067,ggirgin,40,2026-04-21,2026-04,8,13,19
14068,tcapkin,2,2026-04-21,2026-04,1,1,0
14069,ayyilmaz,1,2026-04-21,2026-04,1,0,0
14070,mertan,1,2026-04-21,2026-04,0,1,0
14071,gekim,40,2026-04-21,2026-04,0,40,0
14072,scabuker,4,2026-04-21,2026-04,2,0,2
14073,fozay,5,2026-04-21,2026-04,1,4,0
14074,amasun,4,2026-04-21,2026-04,0,4,0
14075,gbakanoglu,3,2026-04-21,2026-04,2,1,0
14076,ckarahasan,4,2026-04-21,2026-04,2,2,0
14077,okanat,1,2026-04-21,2026-04,1,0,0
14078,eulsever,17,2026-04-21,2026-04,0,17,0
14079,tevirgen,41,2026-04-21,2026-04,7,21,13
14080,dnoic,17,2026-04-21,2026-04,16,0,1
14081,amasun,19,2026-04-22,2026-04,11,8,0
14082,hakand,90,2026-04-22,2026-04,78,12,0
14083,fozay,16,2026-04-22,2026-04,10,6,0
14084,gakca,3,2026-04-22,2026-04,3,0,0
14085,kdeda,1,2026-04-22,2026-04,0,1,0
14086,udalyan,41,2026-04-22,2026-04,5,0,36
14087,mecigdem,3,2026-04-22,2026-04,1,2,0
14088,zyuksel,1,2026-04-22,2026-04,1,0,0
14089,gbalvan,7,2026-04-22,2026-04,0,7,0
14090,cadonmez,11,2026-04-22,2026-04,11,0,0
14091,stjegitim,280,2026-04-22,2026-04,237,20,23
14092,mkarsiv,3,2026-04-22,2026-04,3,0,0
14093,msevim,9,2026-04-22,2026-04,0,9,0
14094,sutetik,6,2026-04-22,2026-04,3,3,0
14095,hbulut,3,2026-04-22,2026-04,3,0,0
14096,akapucu,4,2026-04-22,2026-04,4,0,0
14097,caozturk,16,2026-04-22,2026-04,7,1,8
14098,ierdil,14,2026-04-22,2026-04,7,7,0
14099,ckarahasan,1,2026-04-22,2026-04,1,0,0
14100,eatasoy,1,2026-04-22,2026-04,0,1,0
14101,okanat,1,2026-04-22,2026-04,1,0,0
14102,akamera,1,2026-04-22,2026-04,0,1,0
14103,ntanriverdi,2,2026-04-22,2026-04,0,2,0
14104,bkibar,2,2026-04-22,2026-04,0,2,0
14105,mkarabiyik,1,2026-04-22,2026-04,0,1,0
14106,mkofis,1,2026-04-22,2026-04,1,0,0
14107,mkorucu,1,2026-04-22,2026-04,1,0,0
14108,MMUTLU,1,2026-04-22,2026-04,0,0,1
14109,fimetin,7,2026-04-22,2026-04,7,0,0
14110,obali,3,2026-04-22,2026-04,0,0,3
14111,ggirgin,76,2026-04-22,2026-04,40,5,31
14112,mertan,54,2026-04-22,2026-04,54,0,0
14113,ayyilmaz,2,2026-04-22,2026-04,2,0,0
14114,tevirgen,24,2026-04-22,2026-04,7,14,3
14115,eulsever,1,2026-04-22,2026-04,0,0,1
14116,gayilmaz,2,2026-04-22,2026-04,2,0,0
14117,akurt,1,2026-04-22,2026-04,1,0,0
14118,sucakir,1,2026-04-22,2026-04,0,0,1
14119,fgulsever,29,2026-04-23,2026-04,4,25,0
14120,egonce,65,2026-04-23,2026-04,64,1,0
14121,mkarsiv,1,2026-04-23,2026-04,1,0,0
14122,fcolak,1,2026-04-23,2026-04,1,0,0
14123,dcolor,5,2026-04-23,2026-04,5,0,0
14124,aildeniz,4,2026-04-23,2026-04,0,0,4
14125,ierdil,7,2026-04-23,2026-04,2,5,0
14126,mecigdem,1,2026-04-23,2026-04,0,1,0
14127,rkontrol,1,2026-04-23,2026-04,0,1,0
14128,bsakrak,88,2026-04-23,2026-04,88,0,0
14129,iunlu,13,2026-04-23,2026-04,12,1,0
14130,gekim,51,2026-04-23,2026-04,0,51,0
14131,gbakanoglu,15,2026-04-23,2026-04,4,0,11
14132,aayhan,148,2026-04-23,2026-04,47,77,24
14133,tyaman,24,2026-04-23,2026-04,24,0,0
14134,ntanriverdi,4,2026-04-23,2026-04,0,4,0
14135,abarkod,1,2026-04-23,2026-04,0,1,0
14136,aapak,32,2026-04-23,2026-04,0,32,0
14137,hakand,1,2026-04-24,2026-04,1,0,0
14138,ierdil,13,2026-04-24,2026-04,6,7,0
14139,rkontrol,1,2026-04-24,2026-04,0,1,0
14140,stjegitim,17,2026-04-24,2026-04,1,0,16
14141,sekisa,24,2026-04-24,2026-04,24,0,0
14142,sutetik,17,2026-04-24,2026-04,14,3,0
14143,msevim,14,2026-04-24,2026-04,2,12,0
14144,mmollaoglu,3,2026-04-24,2026-04,3,0,0
14145,eozkan,20,2026-04-24,2026-04,20,0,0
14146,mecigdem,1,2026-04-24,2026-04,0,1,0
14147,hbulut,1,2026-04-24,2026-04,0,1,0
14148,mkarsiv,15,2026-04-24,2026-04,13,2,0
14149,gakca,7,2026-04-24,2026-04,7,0,0
14150,udalyan,12,2026-04-24,2026-04,12,0,0
14151,caozturk,158,2026-04-24,2026-04,158,0,0
14152,amasun,7,2026-04-24,2026-04,2,5,0
14153,mkarabiyik,3,2026-04-24,2026-04,0,3,0
14154,obali,3,2026-04-24,2026-04,0,3,0
14155,MMUTLU,4,2026-04-24,2026-04,1,2,1
14156,fimetin,12,2026-04-24,2026-04,12,0,0
14157,ggirgin,46,2026-04-24,2026-04,31,0,15
14158,akamera,3,2026-04-24,2026-04,0,3,0
14159,gayilmaz,3,2026-04-24,2026-04,3,0,0
14160,ogungor,1,2026-04-24,2026-04,1,0,0
14161,oicoz,10,2026-04-24,2026-04,10,0,0
14162,ckarahasan,8,2026-04-24,2026-04,7,1,0
14163,dnoic,13,2026-04-24,2026-04,1,0,12
14164,mertan,3,2026-04-24,2026-04,2,1,0
14165,tyaman,13,2026-04-25,2026-04,13,0,0
14166,mecigdem,2,2026-04-25,2026-04,0,2,0
14167,fgulsever,20,2026-04-26,2026-04,4,16,0
14168,carican,2,2026-04-26,2026-04,2,0,0
14169,ierdil,10,2026-04-26,2026-04,4,6,0
14170,acelebi,9,2026-04-26,2026-04,9,0,0
14171,rshazirlama,3,2026-04-26,2026-04,3,0,0
14172,egonce,32,2026-04-26,2026-04,29,3,0
14173,bunver,7,2026-04-26,2026-04,6,1,0
14174,dcolor,4,2026-04-26,2026-04,4,0,0
14175,aapak,76,2026-04-26,2026-04,12,64,0
14176,cyildiz,1,2026-04-26,2026-04,0,1,0
14177,nakilli,15,2026-04-26,2026-04,11,4,0
14178,aayhan,1,2026-04-26,2026-04,0,0,1
14179,gekim,61,2026-04-26,2026-04,0,60,1
14180,sfirinci,11,2026-04-26,2026-04,5,6,0
14181,fbasak,1,2026-04-26,2026-04,1,0,0
14182,scolak,2,2026-04-26,2026-04,2,0,0
14183,kesmeray,4,2026-04-26,2026-04,4,0,0
14184,abarkod,1,2026-04-26,2026-04,0,1,0
14185,TIRMAK,4,2026-04-26,2026-04,1,3,0
14186,dnoic,38,2026-04-26,2026-04,27,7,4
14187,fbalaban,7,2026-04-26,2026-04,0,0,7
14188,scabuker,9,2026-04-26,2026-04,0,0,9
14189,bsamuk,1,2026-04-26,2026-04,1,0,0
14190,zyuksel,43,2026-04-27,2026-04,43,0,0
14191,gakca,6,2026-04-27,2026-04,5,1,0
14192,nakilli,16,2026-04-27,2026-04,0,16,0
14193,aapak,19,2026-04-27,2026-04,0,19,0
14194,udalyan,9,2026-04-27,2026-04,3,6,0
14195,mecigdem,2,2026-04-27,2026-04,0,2,0
14196,hakand,4,2026-04-27,2026-04,2,2,0
14197,fgulsever,30,2026-04-27,2026-04,0,30,0
14198,ierdil,10,2026-04-27,2026-04,6,4,0
14199,msevim,6,2026-04-27,2026-04,2,4,0
14200,stjegitim,4,2026-04-27,2026-04,2,2,0
14201,mkarsiv,1,2026-04-27,2026-04,1,0,0
14202,egonce,77,2026-04-27,2026-04,77,0,0
14203,mbayirli,20,2026-04-27,2026-04,20,0,0
14204,gbalvan,3,2026-04-27,2026-04,0,3,0
14205,sutetik,21,2026-04-27,2026-04,18,3,0
14206,hbulut,10,2026-04-27,2026-04,7,3,0
14207,VBAYANER,14,2026-04-27,2026-04,14,0,0
14208,saskin,1,2026-04-27,2026-04,1,0,0
14209,cadonmez,2,2026-04-27,2026-04,0,2,0
14210,gekim,97,2026-04-27,2026-04,0,97,0
14211,bfirat,12,2026-04-27,2026-04,12,0,0
14212,dnoic,18,2026-04-27,2026-04,7,11,0
14213,akamera,5,2026-04-27,2026-04,0,5,0
14214,abarkod,3,2026-04-27,2026-04,0,3,0
14215,ntanriverdi,25,2026-04-27,2026-04,0,25,0
14216,bkibar,2,2026-04-27,2026-04,1,1,0
14217,fbasak,58,2026-04-27,2026-04,58,0,0
14218,cer,2,2026-04-27,2026-04,2,0,0
14219,scolak,4,2026-04-27,2026-04,4,0,0
14220,mkarabiyik,4,2026-04-27,2026-04,0,4,0
14221,mkofis,2,2026-04-27,2026-04,2,0,0
14222,obali,7,2026-04-27,2026-04,2,3,2
14223,caozturk,49,2026-04-27,2026-04,48,1,0
14224,fimetin,6,2026-04-27,2026-04,6,0,0
14225,ggirgin,31,2026-04-27,2026-04,24,4,3
14226,mertan,20,2026-04-27,2026-04,0,20,0
14227,ayyilmaz,3,2026-04-27,2026-04,2,1,0
14228,tevirgen,57,2026-04-27,2026-04,14,42,1
14229,gayilmaz,4,2026-04-27,2026-04,4,0,0
14230,TIRMAK,4,2026-04-27,2026-04,0,4,0
14231,mkorucu,1,2026-04-27,2026-04,1,0,0
14232,ckarahasan,10,2026-04-27,2026-04,6,4,0
14233,MMUTLU,64,2026-04-27,2026-04,62,2,0
14234,mecigdem,2,2026-04-28,2026-04,0,2,0
14235,udalyan,13,2026-04-28,2026-04,6,5,2
14236,fyakut,14,2026-04-28,2026-04,0,14,0
14237,ubasdas,2,2026-04-28,2026-04,2,0,0
14238,gakca,1,2026-04-28,2026-04,1,0,0
14239,fgulsever,8,2026-04-28,2026-04,1,7,0
14240,aapak,1,2026-04-28,2026-04,0,1,0
14241,mguder,3,2026-04-28,2026-04,3,0,0
14242,eozkan,1,2026-04-28,2026-04,1,0,0
14243,stjegitim,4,2026-04-28,2026-04,0,4,0
14244,egonce,17,2026-04-28,2026-04,16,1,0
14245,hbinay,5,2026-04-28,2026-04,5,0,0
14246,gbalvan,6,2026-04-28,2026-04,0,6,0
14247,sutetik,22,2026-04-28,2026-04,18,4,0
14248,hbulut,16,2026-04-28,2026-04,14,2,0
14249,bfirat,7,2026-04-28,2026-04,6,1,0
14250,sfirinci,3,2026-04-28,2026-04,3,0,0
14251,ierdil,13,2026-04-28,2026-04,8,5,0
14252,gekim,70,2026-04-28,2026-04,0,70,0
14253,VBAYANER,28,2026-04-28,2026-04,0,28,0
14254,SUYILMAZ,4,2026-04-28,2026-04,4,0,0
14255,nayildiz,1,2026-04-28,2026-04,1,0,0
14256,akamera,10,2026-04-28,2026-04,0,10,0
14257,abarkod,21,2026-04-28,2026-04,0,21,0
14258,ntanriverdi,6,2026-04-28,2026-04,0,6,0
14259,mkarabiyik,3,2026-04-28,2026-04,1,2,0
14260,obali,2,2026-04-28,2026-04,0,0,2
14261,MMUTLU,2,2026-04-28,2026-04,0,2,0
14262,fimetin,82,2026-04-28,2026-04,77,5,0
14263,ayyilmaz,1,2026-04-28,2026-04,1,0,0
14264,mkofis,3,2026-04-28,2026-04,3,0,0
14265,gayilmaz,8,2026-04-28,2026-04,8,0,0
14266,TIRMAK,5,2026-04-28,2026-04,0,5,0
14267,mkorucu,3,2026-04-28,2026-04,3,0,0
14268,ckarahasan,30,2026-04-28,2026-04,18,12,0
14269,dnoic,18,2026-04-28,2026-04,16,2,0
14270,beozturk,2,2026-04-28,2026-04,2,0,0
14271,fozay,15,2026-04-28,2026-04,14,1,0
14272,eanli,2,2026-04-28,2026-04,0,2,0
14273,tevirgen,12,2026-04-28,2026-04,2,2,8
14274,ierdil,10,2026-04-29,2026-04,5,5,0
14275,zyuksel,1,2026-04-29,2026-04,1,0,0
14276,itopcu,2,2026-04-29,2026-04,1,1,0
14277,fgulsever,40,2026-04-29,2026-04,3,37,0
14278,aapak,7,2026-04-29,2026-04,0,7,0
14279,mecigdem,204,2026-04-29,2026-04,202,2,0
14280,udalyan,34,2026-04-29,2026-04,3,2,29
14281,aildeniz,1,2026-04-29,2026-04,1,0,0
14282,hakand,5,2026-04-29,2026-04,4,1,0
14283,bbugdayci,4,2026-04-29,2026-04,1,3,0
14284,hbulut,2,2026-04-29,2026-04,2,0,0
14285,aakyildiz,2,2026-04-29,2026-04,2,0,0
14286,mkarsiv,1,2026-04-29,2026-04,1,0,0
14287,egonce,33,2026-04-29,2026-04,29,4,0
14288,msevim,1,2026-04-29,2026-04,1,0,0
14289,eozkan,3,2026-04-29,2026-04,3,0,0
14290,gbalvan,4,2026-04-29,2026-04,0,4,0
14291,sutetik,11,2026-04-29,2026-04,9,2,0
14292,nakilli,5,2026-04-29,2026-04,0,1,4
14293,bfirat,24,2026-04-29,2026-04,24,0,0
14294,satinalmastajyer,13,2026-04-29,2026-04,7,6,0
14295,stjegitim,30,2026-04-29,2026-04,2,25,3
14296,gakca,4,2026-04-29,2026-04,4,0,0
14297,eanli,8,2026-04-29,2026-04,0,8,0
14298,gekim,71,2026-04-29,2026-04,0,71,0
14299,akamera,2,2026-04-29,2026-04,0,2,0
14300,ntanriverdi,10,2026-04-29,2026-04,0,10,0
14301,bkibar,2,2026-04-29,2026-04,0,2,0
14302,fyakut,3,2026-04-29,2026-04,0,3,0
14303,cer,1,2026-04-29,2026-04,1,0,0
14304,aayhan,66,2026-04-29,2026-04,36,30,0
14305,dyavuzkasap,1,2026-04-29,2026-04,1,0,0
14306,obali,3,2026-04-29,2026-04,0,3,0
14307,MMUTLU,15,2026-04-29,2026-04,7,4,4
14308,fimetin,68,2026-04-29,2026-04,6,62,0
14309,asablon,5,2026-04-29,2026-04,5,0,0
14310,mertan,9,2026-04-29,2026-04,5,4,0
14311,ggirgin,19,2026-04-29,2026-04,16,1,2
14312,fbalaban,3,2026-04-29,2026-04,3,0,0
14313,fozay,26,2026-04-29,2026-04,23,3,0
14314,amasun,6,2026-04-29,2026-04,0,6,0
14315,ekaragoz,11,2026-04-29,2026-04,10,1,0
14316,ckarahasan,16,2026-04-29,2026-04,7,9,0
14317,gayilmaz,1,2026-04-29,2026-04,0,1,0
14318,tevirgen,25,2026-04-29,2026-04,8,13,4
14319,ayyilmaz,4,2026-04-29,2026-04,2,2,0
14320,dnoic,65,2026-04-29,2026-04,10,2,53
14321,stjegitim,1,2026-04-30,2026-04,1,0,0
14322,udalyan,33,2026-04-30,2026-04,13,20,0
14323,mecigdem,2,2026-04-30,2026-04,0,2,0
14324,zyuksel,112,2026-04-30,2026-04,1,108,3
14325,ierdil,8,2026-04-30,2026-04,0,8,0
14326,mkarsiv,1,2026-04-30,2026-04,1,0,0
14327,bfirat,10,2026-04-30,2026-04,9,1,0
14328,gbalvan,2,2026-04-30,2026-04,0,2,0
14329,sutetik,22,2026-04-30,2026-04,16,6,0
14330,hbulut,5,2026-04-30,2026-04,4,1,0
14331,VBAYANER,30,2026-04-30,2026-04,30,0,0
14332,gakca,19,2026-04-30,2026-04,18,1,0
14333,msevim,3,2026-04-30,2026-04,3,0,0
14334,fozay,39,2026-04-30,2026-04,35,4,0
14335,rkontrol,14,2026-04-30,2026-04,14,0,0
14336,caozturk,12,2026-04-30,2026-04,8,0,4
14337,akamera,1,2026-04-30,2026-04,0,1,0
14338,ntanriverdi,13,2026-04-30,2026-04,0,13,0
14339,hktlideri,10,2026-04-30,2026-04,4,6,0
14340,mkarabiyik,4,2026-04-30,2026-04,0,2,2
14341,MMUTLU,5,2026-04-30,2026-04,5,0,0
14342,fimetin,10,2026-04-30,2026-04,10,0,0
14343,obali,21,2026-04-30,2026-04,7,1,13
14344,beozturk,1,2026-04-30,2026-04,1,0,0
14345,ayyilmaz,3,2026-04-30,2026-04,0,3,0
14346,tevirgen,42,2026-04-30,2026-04,8,28,6
14347,gayilmaz,8,2026-04-30,2026-04,3,5,0
14348,ckarahasan,6,2026-04-30,2026-04,4,2,0
14349,ggirgin,131,2026-04-30,2026-04,118,7,6
14350,rkontrol,7,2026-05-01,2026-05,4,3,0
14351,bfirat,10,2026-05-01,2026-05,10,0,0
14352,dcolor,17,2026-05-01,2026-05,17,0,0
14353,rshazirlama,6,2026-05-01,2026-05,6,0,0
14354,mkarsiv,5,2026-05-01,2026-05,5,0,0
14355,ierdil,9,2026-05-01,2026-05,4,5,0
14356,mguray,7,2026-05-01,2026-05,7,0,0
14357,sucakir,4,2026-05-01,2026-05,1,3,0
14358,fimetin,9,2026-05-01,2026-05,7,2,0
14359,mkofis,3,2026-05-01,2026-05,3,0,0
14360,asablon,2,2026-05-01,2026-05,2,0,0
14361,ntanriverdi,29,2026-05-01,2026-05,0,29,0
14362,ttlideri,20,2026-05-01,2026-05,20,0,0
14363,carican,10,2026-05-01,2026-05,8,2,0
14364,bsakrak,105,2026-05-02,2026-05,105,0,0
14365,mecigdem,7,2026-05-02,2026-05,6,1,0
14366,dcolor,15,2026-05-02,2026-05,15,0,0
14367,carican,3,2026-05-03,2026-05,1,2,0
14368,ierdil,14,2026-05-03,2026-05,3,11,0
14369,aildeniz,10,2026-05-03,2026-05,5,5,0
14370,rkontrol,5,2026-05-03,2026-05,0,5,0
14371,cyildiz,1,2026-05-03,2026-05,1,0,0
14372,fcolak,32,2026-05-03,2026-05,32,0,0
14373,ersener,35,2026-05-03,2026-05,35,0,0
14374,fdeniz,4,2026-05-03,2026-05,0,0,4
14375,rshazirlama,25,2026-05-03,2026-05,25,0,0
14376,dcolor,7,2026-05-03,2026-05,7,0,0
14377,bunver,2,2026-05-03,2026-05,2,0,0
14378,fgulsever,42,2026-05-03,2026-05,0,42,0
14379,egonce,39,2026-05-03,2026-05,25,14,0
14380,aapak,56,2026-05-03,2026-05,6,50,0
14381,gekim,86,2026-05-03,2026-05,0,86,0
14382,bsakrak,39,2026-05-03,2026-05,39,0,0
14383,sfirinci,9,2026-05-03,2026-05,5,4,0
14384,aayhan,15,2026-05-03,2026-05,8,2,5
14385,mkofis,6,2026-05-03,2026-05,5,1,0
14386,kesmeray,16,2026-05-03,2026-05,16,0,0
14387,okorucu,4,2026-05-03,2026-05,4,0,0
14388,tevirgen,1,2026-05-03,2026-05,0,0,1
14389,abarkod,28,2026-05-03,2026-05,0,28,0
14390,aozgun,3,2026-05-03,2026-05,3,0,0
14391,gcevik,38,2026-05-03,2026-05,13,25,0
14392,dnoic,25,2026-05-03,2026-05,24,0,1
14393,fbalaban,63,2026-05-03,2026-05,57,0,6
14394,TIRMAK,15,2026-05-03,2026-05,1,14,0
14395,mguray,2,2026-05-04,2026-05,2,0,0
14396,ierdil,29,2026-05-04,2026-05,2,27,0
14397,zyuksel,2,2026-05-04,2026-05,1,1,0
14398,gakca,6,2026-05-04,2026-05,6,0,0
14399,mguder,1,2026-05-04,2026-05,1,0,0
14400,fgulsever,16,2026-05-04,2026-05,0,16,0
14401,BSOGUT,56,2026-05-04,2026-05,56,0,0
14402,hakand,3,2026-05-04,2026-05,2,1,0
14403,aapak,115,2026-05-04,2026-05,6,109,0
14404,rkontrol,10,2026-05-04,2026-05,0,10,0
14405,carican,2,2026-05-04,2026-05,0,2,0
14406,fcolak,4,2026-05-04,2026-05,4,0,0
14407,eozkan,11,2026-05-04,2026-05,11,0,0
14408,egonce,14,2026-05-04,2026-05,14,0,0
14409,mbayirli,1,2026-05-04,2026-05,1,0,0
14410,bunver,2,2026-05-04,2026-05,2,0,0
14411,hbinay,17,2026-05-04,2026-05,17,0,0
14412,gbalvan,4,2026-05-04,2026-05,0,4,0
14413,dcolor,4,2026-05-04,2026-05,4,0,0
14414,sutetik,8,2026-05-04,2026-05,5,3,0
14415,ersener,4,2026-05-04,2026-05,4,0,0
14416,hbulut,69,2026-05-04,2026-05,50,19,0
14417,bfirat,60,2026-05-04,2026-05,60,0,0
14418,gekim,86,2026-05-04,2026-05,0,86,0
14419,mkarsiv,2,2026-05-04,2026-05,2,0,0
14420,gbakanoglu,1,2026-05-04,2026-05,1,0,0
14421,ogun,1,2026-05-04,2026-05,1,0,0
14422,amasun,67,2026-05-04,2026-05,0,67,0
14423,fozay,10,2026-05-04,2026-05,10,0,0
14424,abarkod,4,2026-05-04,2026-05,0,4,0
14425,ttlideri,7,2026-05-04,2026-05,7,0,0
14426,tcapkin,9,2026-05-04,2026-05,1,8,0
14427,ntanriverdi,33,2026-05-04,2026-05,0,33,0
14428,bkibar,3,2026-05-04,2026-05,0,3,0
14429,asablon,11,2026-05-04,2026-05,11,0,0
14430,cer,21,2026-05-04,2026-05,21,0,0
14431,aayhan,5,2026-05-04,2026-05,4,1,0
14432,mkarabiyik,2,2026-05-04,2026-05,0,2,0
14433,obali,7,2026-05-04,2026-05,0,7,0
14434,MMUTLU,9,2026-05-04,2026-05,7,2,0
14435,akamera,15,2026-05-04,2026-05,0,15,0
14436,sucakir,6,2026-05-04,2026-05,5,1,0
14437,fimetin,67,2026-05-04,2026-05,62,5,0
14438,dnoic,5,2026-05-04,2026-05,3,2,0
14439,ckarahasan,24,2026-05-04,2026-05,15,9,0
14440,aozgun,1,2026-05-04,2026-05,1,0,0
14441,TIRMAK,2,2026-05-04,2026-05,2,0,0
14442,caozturk,8,2026-05-04,2026-05,8,0,0
14443,ddtlideri,13,2026-05-04,2026-05,13,0,0
14444,tevirgen,13,2026-05-04,2026-05,9,4,0
14445,okorucu,2,2026-05-04,2026-05,2,0,0
14446,ggirgin,50,2026-05-04,2026-05,50,0,0
14447,ogungor,6,2026-05-04,2026-05,6,0,0
14448,rkontrol,1,2026-05-05,2026-05,1,0,0
14449,aapak,39,2026-05-05,2026-05,0,39,0
14450,udalyan,7,2026-05-05,2026-05,3,2,2
14451,hakand,6,2026-05-05,2026-05,4,2,0
14452,BSOGUT,1,2026-05-05,2026-05,0,1,0
14453,fgulsever,46,2026-05-05,2026-05,4,42,0
14454,gsapmaz,59,2026-05-05,2026-05,24,35,0
14455,mguder,31,2026-05-05,2026-05,31,0,0
14456,ierdil,17,2026-05-05,2026-05,4,13,0
14457,stjegitim,240,2026-05-05,2026-05,240,0,0
14458,rshazirlama,1,2026-05-05,2026-05,1,0,0
14459,fcolak,1,2026-05-05,2026-05,1,0,0
14460,mkarsiv,10,2026-05-05,2026-05,4,6,0
14461,egonce,3,2026-05-05,2026-05,3,0,0
14462,msevim,6,2026-05-05,2026-05,6,0,0
14463,eozkan,8,2026-05-05,2026-05,4,4,0
14464,dcolor,1,2026-05-05,2026-05,1,0,0
14465,sutetik,13,2026-05-05,2026-05,12,1,0
14466,hbulut,10,2026-05-05,2026-05,4,6,0
14467,bfirat,12,2026-05-05,2026-05,12,0,0
14468,gakca,2,2026-05-05,2026-05,2,0,0
14469,aakyildiz,14,2026-05-05,2026-05,12,2,0
14470,fyakut,8,2026-05-05,2026-05,8,0,0
14471,hbinay,4,2026-05-05,2026-05,4,0,0
14472,gekim,71,2026-05-05,2026-05,1,70,0
14473,akamera,3,2026-05-05,2026-05,0,3,0
14474,abarkod,31,2026-05-05,2026-05,0,31,0
14475,ntanriverdi,89,2026-05-05,2026-05,0,89,0
14476,bkibar,2,2026-05-05,2026-05,1,1,0
14477,cer,2,2026-05-05,2026-05,2,0,0
14478,iunlu,1,2026-05-05,2026-05,1,0,0
14479,mkofis,1,2026-05-05,2026-05,1,0,0
14480,MMUTLU,4,2026-05-05,2026-05,2,2,0
14481,fimetin,16,2026-05-05,2026-05,14,2,0
14482,sucakir,138,2026-05-05,2026-05,138,0,0
14483,ggirgin,1,2026-05-05,2026-05,0,1,0
14484,mkarabiyik,2,2026-05-05,2026-05,0,2,0
14485,tevirgen,25,2026-05-05,2026-05,7,3,15
14486,ogungor,15,2026-05-05,2026-05,15,0,0
14487,nibolkis,3,2026-05-05,2026-05,3,0,0
14488,aozgun,3,2026-05-05,2026-05,3,0,0
14489,ckarahasan,21,2026-05-05,2026-05,11,10,0
14490,dnoic,22,2026-05-05,2026-05,22,0,0
14491,caozturk,4,2026-05-05,2026-05,3,1,0
14492,amasun,107,2026-05-05,2026-05,4,103,0
14493,beozturk,4,2026-05-05,2026-05,4,0,0
14494,fozay,10,2026-05-05,2026-05,10,0,0
14495,ayyilmaz,7,2026-05-05,2026-05,0,7,0
14496,rkontrol,2,2026-05-06,2026-05,2,0,0
14497,mguray,7,2026-05-06,2026-05,7,0,0
14498,ierdil,7,2026-05-06,2026-05,0,7,0
14499,mguder,3,2026-05-06,2026-05,3,0,0
14500,BSOGUT,12,2026-05-06,2026-05,10,2,0
14501,gakca,4,2026-05-06,2026-05,4,0,0
14502,udalyan,5,2026-05-06,2026-05,4,1,0
14503,aapak,8,2026-05-06,2026-05,0,8,0
14504,ubasdas,1,2026-05-06,2026-05,0,1,0
14505,stjegitim,45,2026-05-06,2026-05,0,45,0
14506,hakand,1,2026-05-06,2026-05,1,0,0
14507,aakyildiz,6,2026-05-06,2026-05,6,0,0
14508,bunver,1,2026-05-06,2026-05,0,1,0
14509,mkarsiv,1,2026-05-06,2026-05,1,0,0
14510,ddcozgu,1,2026-05-06,2026-05,1,0,0
14511,egonce,6,2026-05-06,2026-05,6,0,0
14512,uunver,1,2026-05-06,2026-05,1,0,0
14513,BDEMIRAL,1,2026-05-06,2026-05,1,0,0
14514,gbalvan,2,2026-05-06,2026-05,0,2,0
14515,sutetik,18,2026-05-06,2026-05,15,3,0
14516,ersener,3,2026-05-06,2026-05,3,0,0
14517,hbulut,41,2026-05-06,2026-05,40,1,0
14518,bfirat,34,2026-05-06,2026-05,34,0,0
14519,bsakrak,35,2026-05-06,2026-05,35,0,0
14520,fcolak,3,2026-05-06,2026-05,3,0,0
14521,iunlu,3,2026-05-06,2026-05,2,1,0
14522,fozay,3,2026-05-06,2026-05,3,0,0
14523,gbakanoglu,6,2026-05-06,2026-05,6,0,0
14524,abarkod,2,2026-05-06,2026-05,0,2,0
14525,ttlideri,1,2026-05-06,2026-05,1,0,0
14526,tcapkin,16,2026-05-06,2026-05,0,16,0
14527,gekim,64,2026-05-06,2026-05,0,64,0
14528,aayhan,7,2026-05-06,2026-05,5,0,2
14529,mkarabiyik,1,2026-05-06,2026-05,0,1,0
14530,dyavuzkasap,1,2026-05-06,2026-05,0,0,1
14531,obali,6,2026-05-06,2026-05,6,0,0
14532,fimetin,34,2026-05-06,2026-05,20,14,0
14533,ggirgin,8,2026-05-06,2026-05,5,3,0
14534,mertan,1,2026-05-06,2026-05,1,0,0
14535,tevirgen,22,2026-05-06,2026-05,11,11,0
14536,bkibar,1,2026-05-06,2026-05,1,0,0
14537,gayilmaz,14,2026-05-06,2026-05,14,0,0
14538,ogungor,10,2026-05-06,2026-05,10,0,0
14539,aozgun,22,2026-05-06,2026-05,22,0,0
14540,gcevik,3,2026-05-06,2026-05,3,0,0
14541,ckarahasan,6,2026-05-06,2026-05,5,1,0
14542,dnoic,5,2026-05-06,2026-05,5,0,0
14543,caozturk,1,2026-05-06,2026-05,1,0,0
14544,amasun,142,2026-05-06,2026-05,0,142,0
14545,beozturk,2,2026-05-06,2026-05,2,0,0
14546,SUYILMAZ,4,2026-05-06,2026-05,4,0,0
14547,eulsever,13,2026-05-06,2026-05,1,12,0
14548,mguder,49,2026-05-07,2026-05,44,5,0
14549,fgulsever,23,2026-05-07,2026-05,2,21,0
14550,aapak,11,2026-05-07,2026-05,0,11,0
14551,hakand,46,2026-05-07,2026-05,26,20,0
14552,udalyan,7,2026-05-07,2026-05,2,5,0
14553,ierdil,15,2026-05-07,2026-05,4,11,0
14554,esaribuyuk,1,2026-05-07,2026-05,0,1,0
14555,mguray,15,2026-05-07,2026-05,15,0,0
14556,gbalvan,2,2026-05-07,2026-05,0,2,0
14557,egonce,12,2026-05-07,2026-05,10,2,0
14558,msevim,2,2026-05-07,2026-05,0,2,0
14559,mmollaoglu,72,2026-05-07,2026-05,69,3,0
14560,sutetik,23,2026-05-07,2026-05,17,6,0
14561,hbulut,33,2026-05-07,2026-05,33,0,0
14562,bfirat,48,2026-05-07,2026-05,48,0,0
14563,ubasdas,1,2026-05-07,2026-05,0,1,0
14564,stjegitim,481,2026-05-07,2026-05,481,0,0
14565,gakca,2,2026-05-07,2026-05,2,0,0
14566,mkarabiyik,2,2026-05-07,2026-05,0,2,0
14567,SUYILMAZ,1,2026-05-07,2026-05,1,0,0
14568,gekim,31,2026-05-07,2026-05,0,31,0
14569,bkibar,10,2026-05-07,2026-05,10,0,0
14570,aayhan,15,2026-05-07,2026-05,14,1,0
14571,MMUTLU,10,2026-05-07,2026-05,10,0,0
14572,fimetin,25,2026-05-07,2026-05,20,5,0
14573,sucakir,25,2026-05-07,2026-05,17,8,0
14574,ggirgin,32,2026-05-07,2026-05,19,0,13
14575,akamera,1,2026-05-07,2026-05,0,1,0
14576,tevirgen,29,2026-05-07,2026-05,9,13,7
14577,gayilmaz,33,2026-05-07,2026-05,31,2,0
14578,aozgun,12,2026-05-07,2026-05,8,4,0
14579,ckarahasan,14,2026-05-07,2026-05,4,10,0
14580,caozturk,2,2026-05-07,2026-05,2,0,0
14581,amasun,62,2026-05-07,2026-05,0,62,0
14582,fozay,23,2026-05-07,2026-05,19,4,0
14583,ayyilmaz,3,2026-05-07,2026-05,3,0,0
14584,fyakut,10,2026-05-08,2026-05,10,0,0
14585,gakca,1,2026-05-08,2026-05,1,0,0
14586,udalyan,9,2026-05-08,2026-05,5,4,0
14587,hakand,3,2026-05-08,2026-05,2,1,0
14588,mguder,3,2026-05-08,2026-05,1,2,0
14589,zyuksel,159,2026-05-08,2026-05,156,3,0
14590,ierdil,11,2026-05-08,2026-05,0,11,0
14591,sekisa,4,2026-05-08,2026-05,4,0,0
14592,rkontrol,2,2026-05-08,2026-05,2,0,0
14593,stjegitim,29,2026-05-08,2026-05,3,0,26
14594,mkarsiv,1,2026-05-08,2026-05,1,0,0
14595,msevim,4,2026-05-08,2026-05,2,2,0
14596,sutetik,2,2026-05-08,2026-05,2,0,0
14597,bfirat,83,2026-05-08,2026-05,83,0,0
14598,mguray,18,2026-05-08,2026-05,18,0,0
14599,beozturk,1,2026-05-08,2026-05,1,0,0
14600,caozturk,8,2026-05-08,2026-05,8,0,0
14601,dnoic,14,2026-05-08,2026-05,7,0,7
14602,amasun,16,2026-05-08,2026-05,0,16,0
14603,akamera,1,2026-05-08,2026-05,0,1,0
14604,bkibar,5,2026-05-08,2026-05,0,5,0
14605,mkarabiyik,5,2026-05-08,2026-05,1,4,0
14606,MMUTLU,4,2026-05-08,2026-05,2,0,2
14607,fimetin,23,2026-05-08,2026-05,22,1,0
14608,obali,1,2026-05-08,2026-05,0,1,0
14609,bsamuk,4,2026-05-08,2026-05,4,0,0
14610,ggirgin,22,2026-05-08,2026-05,19,3,0
14611,ayyilmaz,9,2026-05-08,2026-05,5,4,0
14612,tevirgen,44,2026-05-08,2026-05,15,11,18
14613,nibolkis,4,2026-05-08,2026-05,0,4,0
14614,ckarahasan,44,2026-05-08,2026-05,30,14,0
14615,sucakir,18,2026-05-08,2026-05,11,7,0
14616,rkontrol,1,2026-05-09,2026-05,1,0,0
14617,mkarsiv,1,2026-05-09,2026-05,1,0,0
14618,aakyildiz,2,2026-05-10,2026-05,2,0,0
14619,ierdil,15,2026-05-10,2026-05,6,9,0
14620,aildeniz,4,2026-05-10,2026-05,2,0,2
14621,bbugdayci,5,2026-05-10,2026-05,0,2,3
14622,fcolak,1,2026-05-10,2026-05,1,0,0
14623,fgulsever,13,2026-05-10,2026-05,1,12,0
14624,egonce,107,2026-05-10,2026-05,90,17,0
14625,sapra,1,2026-05-10,2026-05,1,0,0
14626,bunver,3,2026-05-10,2026-05,0,3,0
14627,dcolor,1,2026-05-10,2026-05,1,0,0
14628,bdagdeviren,1,2026-05-10,2026-05,0,0,1
14629,mkarsiv,3,2026-05-10,2026-05,0,3,0
14630,esaribuyuk,1,2026-05-10,2026-05,0,1,0
14631,aayhan,7,2026-05-10,2026-05,4,0,3
14632,sfirinci,4,2026-05-10,2026-05,3,1,0
14633,aapak,18,2026-05-10,2026-05,2,16,0
14634,ogun,1,2026-05-10,2026-05,1,0,0
14635,dyavuzkasap,3,2026-05-10,2026-05,3,0,0
14636,TIRMAK,24,2026-05-10,2026-05,24,0,0
14637,aozgun,22,2026-05-10,2026-05,22,0,0
14638,abarkod,4,2026-05-10,2026-05,0,4,0
14639,ekaragoz,4,2026-05-10,2026-05,4,0,0
14640,fbalaban,1,2026-05-10,2026-05,1,0,0
14641,gekim,101,2026-05-10,2026-05,8,93,0
14642,iunlu,3,2026-05-10,2026-05,3,0,0
14643,dnoic,16,2026-05-10,2026-05,15,0,1
14644,stjegitim,804,2026-05-11,2026-05,431,40,333
14645,fgulsever,80,2026-05-11,2026-05,1,79,0
14646,itopcu,5,2026-05-11,2026-05,5,0,0
14647,gsapmaz,3,2026-05-11,2026-05,3,0,0
14648,mguder,9,2026-05-11,2026-05,6,3,0
14649,ierdil,7,2026-05-11,2026-05,2,5,0
14650,mguray,10,2026-05-11,2026-05,10,0,0
14651,ytinmaz,2,2026-05-11,2026-05,1,1,0
14652,bbugdayci,9,2026-05-11,2026-05,0,9,0
14653,cyildiz,6,2026-05-11,2026-05,3,3,0
14654,BDEMIRAL,1,2026-05-11,2026-05,1,0,0
14655,ddcozgu,6,2026-05-11,2026-05,6,0,0
14656,egonce,77,2026-05-11,2026-05,77,0,0
14657,msevim,4,2026-05-11,2026-05,3,1,0
14658,sapra,1,2026-05-11,2026-05,0,0,1
14659,hakand,31,2026-05-11,2026-05,31,0,0
14660,gbalvan,1,2026-05-11,2026-05,0,1,0
14661,ersener,16,2026-05-11,2026-05,16,0,0
14662,hbulut,1,2026-05-11,2026-05,1,0,0
14663,bfirat,23,2026-05-11,2026-05,18,3,2
14664,bunver,4,2026-05-11,2026-05,2,2,0
14665,fcolak,4,2026-05-11,2026-05,3,1,0
14666,udalyan,2,2026-05-11,2026-05,1,1,0
14667,zyuksel,21,2026-05-11,2026-05,21,0,0
14668,ubasdas,3,2026-05-11,2026-05,1,2,0
14669,aapak,20,2026-05-11,2026-05,12,7,1
14670,akamera,6,2026-05-11,2026-05,0,6,0
14671,edemirbas,1,2026-05-11,2026-05,0,1,0
14672,tcapkin,4,2026-05-11,2026-05,0,4,0
14673,ntanriverdi,2,2026-05-11,2026-05,0,2,0
14674,cer,8,2026-05-11,2026-05,8,0,0
14675,obali,1,2026-05-11,2026-05,1,0,0
14676,fimetin,17,2026-05-11,2026-05,17,0,0
14677,sucakir,62,2026-05-11,2026-05,52,10,0
14678,ggirgin,50,2026-05-11,2026-05,50,0,0
14679,mertan,3,2026-05-11,2026-05,2,1,0
14680,MMUTLU,10,2026-05-11,2026-05,7,3,0
14681,tevirgen,26,2026-05-11,2026-05,7,0,19
14682,gakca,3,2026-05-11,2026-05,3,0,0
14683,ayyilmaz,1,2026-05-11,2026-05,1,0,0
14684,fozay,15,2026-05-11,2026-05,14,1,0
14685,amasun,113,2026-05-11,2026-05,1,112,0
14686,dnoic,231,2026-05-11,2026-05,223,5,3
14687,gekim,43,2026-05-11,2026-05,0,43,0
14688,ckarahasan,31,2026-05-11,2026-05,29,2,0
14689,aozgun,3,2026-05-11,2026-05,2,1,0
14690,TIRMAK,12,2026-05-11,2026-05,12,0,0
14691,gayilmaz,8,2026-05-11,2026-05,8,0,0
14692,ytinmaz,5,2026-05-12,2026-05,5,0,0
14693,mecigdem,1,2026-05-12,2026-05,0,1,0
14694,hakand,2,2026-05-12,2026-05,2,0,0
14695,fgulsever,7,2026-05-12,2026-05,0,7,0
14696,gsapmaz,24,2026-05-12,2026-05,0,24,0
14697,mguder,4,2026-05-12,2026-05,0,4,0
14698,ierdil,12,2026-05-12,2026-05,3,9,0
14699,mguray,2,2026-05-12,2026-05,2,0,0
14700,rkontrol,6,2026-05-12,2026-05,6,0,0
14701,udalyan,4,2026-05-12,2026-05,3,0,1
14702,stjegitim,3,2026-05-12,2026-05,0,3,0
14703,bfirat,5,2026-05-12,2026-05,2,3,0
14704,fcolak,22,2026-05-12,2026-05,20,2,0
14705,mkarsiv,5,2026-05-12,2026-05,1,4,0
14706,bunver,2,2026-05-12,2026-05,2,0,0
14707,ddcozgu,1,2026-05-12,2026-05,1,0,0
14708,egonce,22,2026-05-12,2026-05,19,3,0
14709,herbilgin,20,2026-05-12,2026-05,20,0,0
14710,hbinay,21,2026-05-12,2026-05,21,0,0
14711,mmollaoglu,13,2026-05-12,2026-05,0,1,12
14712,gbalvan,4,2026-05-12,2026-05,0,4,0
14713,akapucu,18,2026-05-12,2026-05,18,0,0
14714,aapak,13,2026-05-12,2026-05,0,13,0
14715,acelebi,2,2026-05-12,2026-05,2,0,0
14716,fyakut,36,2026-05-12,2026-05,36,0,0
14717,obali,30,2026-05-12,2026-05,9,21,0
14718,gekim,38,2026-05-12,2026-05,0,38,0
14719,sfirinci,2,2026-05-12,2026-05,2,0,0
14720,akamera,14,2026-05-12,2026-05,0,14,0
14721,abarkod,30,2026-05-12,2026-05,0,30,0
14722,ttlideri,2,2026-05-12,2026-05,2,0,0
14723,ayetik,2,2026-05-12,2026-05,2,0,0
14724,bkibar,4,2026-05-12,2026-05,0,4,0
14725,aayhan,19,2026-05-12,2026-05,17,2,0
14726,mkarabiyik,1,2026-05-12,2026-05,0,1,0
14727,fimetin,37,2026-05-12,2026-05,27,10,0
14728,sucakir,7,2026-05-12,2026-05,3,4,0
14729,ggirgin,18,2026-05-12,2026-05,12,6,0
14730,tyaman,4,2026-05-12,2026-05,4,0,0
14731,tevirgen,11,2026-05-12,2026-05,3,8,0
14732,ekaragoz,6,2026-05-12,2026-05,6,0,0
14733,ekaradavut,1,2026-05-12,2026-05,1,0,0
14734,fozay,61,2026-05-12,2026-05,58,3,0
14735,beozturk,1,2026-05-12,2026-05,1,0,0
14736,caozturk,2,2026-05-12,2026-05,1,1,0
14737,amasun,53,2026-05-12,2026-05,0,53,0
14738,ckarahasan,31,2026-05-12,2026-05,28,3,0
14739,aozgun,4,2026-05-12,2026-05,4,0,0
14740,nibolkis,37,2026-05-12,2026-05,37,0,0
14741,eulsever,10,2026-05-12,2026-05,10,0,0
14742,dnoic,218,2026-05-12,2026-05,216,0,2
14743,ierdil,6,2026-05-13,2026-05,1,5,0
14744,fgulsever,23,2026-05-13,2026-05,0,23,0
14745,gsapmaz,7,2026-05-13,2026-05,1,6,0
14746,baozturk,1,2026-05-13,2026-05,0,1,0
14747,okelepe,36,2026-05-13,2026-05,36,0,0
14748,bunver,30,2026-05-13,2026-05,26,4,0
14749,udalyan,96,2026-05-13,2026-05,7,7,82
14750,aapak,17,2026-05-13,2026-05,0,17,0
14751,ubasdas,1,2026-05-13,2026-05,1,0,0
14752,mguray,3,2026-05-13,2026-05,3,0,0
14753,hakand,78,2026-05-13,2026-05,66,12,0
14754,ebadem,21,2026-05-13,2026-05,21,0,0
14755,VBAYANER,3,2026-05-13,2026-05,3,0,0
14756,rkontrol,4,2026-05-13,2026-05,4,0,0
14757,stjegitim,5,2026-05-13,2026-05,5,0,0
14758,fcolak,5,2026-05-13,2026-05,1,4,0
14759,egonce,49,2026-05-13,2026-05,49,0,0
14760,uunver,5,2026-05-13,2026-05,3,2,0
14761,mbayirli,3,2026-05-13,2026-05,3,0,0
14762,msevim,3,2026-05-13,2026-05,0,3,0
14763,hbinay,20,2026-05-13,2026-05,20,0,0
14764,BDEMIRAL,1,2026-05-13,2026-05,0,1,0
14765,gbalvan,3,2026-05-13,2026-05,0,3,0
14766,fyakut,3,2026-05-13,2026-05,2,1,0
14767,aildeniz,28,2026-05-13,2026-05,9,19,0
14768,saskin,2,2026-05-13,2026-05,1,1,0
14769,gakca,1,2026-05-13,2026-05,1,0,0
14770,gekim,75,2026-05-13,2026-05,0,75,0
14771,bsakrak,4,2026-05-13,2026-05,4,0,0
14772,ngogce,31,2026-05-13,2026-05,31,0,0
14773,abarkod,3,2026-05-13,2026-05,0,3,0
14774,ttlideri,18,2026-05-13,2026-05,18,0,0
14775,tcapkin,8,2026-05-13,2026-05,0,8,0
14776,bkibar,5,2026-05-13,2026-05,0,5,0
14777,aayhan,143,2026-05-13,2026-05,17,120,6
14778,mkarabiyik,3,2026-05-13,2026-05,1,2,0
14779,obali,7,2026-05-13,2026-05,1,0,6
14780,sucakir,11,2026-05-13,2026-05,11,0,0
14781,ggirgin,11,2026-05-13,2026-05,8,3,0
14782,mertan,3,2026-05-13,2026-05,0,3,0
14783,akamera,1,2026-05-13,2026-05,0,1,0
14784,eulsever,24,2026-05-13,2026-05,24,0,0
14785,gayilmaz,1,2026-05-13,2026-05,1,0,0
14786,aozgun,14,2026-05-13,2026-05,3,0,11
14787,gcevik,1,2026-05-13,2026-05,1,0,0
14788,ckarahasan,34,2026-05-13,2026-05,26,8,0
14789,dnoic,3,2026-05-13,2026-05,3,0,0
14790,caozturk,80,2026-05-13,2026-05,48,22,10
14791,amasun,6,2026-05-13,2026-05,0,6,0
14792,beozturk,2,2026-05-13,2026-05,2,0,0
14793,fozay,2,2026-05-13,2026-05,2,0,0
14794,eanli,22,2026-05-13,2026-05,4,18,0
14795,tevirgen,17,2026-05-13,2026-05,9,2,6
14796,gsapmaz,2,2026-05-14,2026-05,2,0,0
14797,itopcu,2,2026-05-14,2026-05,0,2,0
14798,fgulsever,9,2026-05-14,2026-05,0,9,0
14799,gakca,11,2026-05-14,2026-05,11,0,0
14800,BSOGUT,1,2026-05-14,2026-05,0,1,0
14801,udalyan,1,2026-05-14,2026-05,0,0,1
14802,aapak,5,2026-05-14,2026-05,0,5,0
14803,mguder,2,2026-05-14,2026-05,2,0,0
14804,okelepe,1,2026-05-14,2026-05,0,0,1
14805,zyuksel,68,2026-05-14,2026-05,8,60,0
14806,mkarsiv,3,2026-05-14,2026-05,3,0,0
14807,mguray,3,2026-05-14,2026-05,3,0,0
14808,ytinmaz,32,2026-05-14,2026-05,32,0,0
14809,stjegitim,1,2026-05-14,2026-05,1,0,0
14810,fcolak,8,2026-05-14,2026-05,6,2,0
14811,mbayirli,16,2026-05-14,2026-05,14,2,0
14812,hbinay,7,2026-05-14,2026-05,7,0,0
14813,eozkan,1,2026-05-14,2026-05,1,0,0
14814,gbalvan,7,2026-05-14,2026-05,0,7,0
14815,bfirat,2,2026-05-14,2026-05,0,2,0
14816,fyakut,2,2026-05-14,2026-05,2,0,0
14817,ierdil,5,2026-05-14,2026-05,0,5,0
14818,saskin,10,2026-05-14,2026-05,9,1,0
14819,egonce,29,2026-05-14,2026-05,25,4,0
14820,gbakanoglu,10,2026-05-14,2026-05,10,0,0
14821,gekim,70,2026-05-14,2026-05,0,70,0
14822,akamera,7,2026-05-14,2026-05,0,7,0
14823,abarkod,2,2026-05-14,2026-05,0,2,0
14824,ttlideri,8,2026-05-14,2026-05,8,0,0
14825,ntanriverdi,29,2026-05-14,2026-05,0,29,0
14826,obali,4,2026-05-14,2026-05,2,0,2
14827,MMUTLU,11,2026-05-14,2026-05,5,2,4
14828,fimetin,12,2026-05-14,2026-05,4,8,0
14829,sucakir,45,2026-05-14,2026-05,45,0,0
14830,ggirgin,7,2026-05-14,2026-05,7,0,0
14831,bsamuk,2,2026-05-14,2026-05,2,0,0
14832,tevirgen,12,2026-05-14,2026-05,0,12,0
14833,eulsever,3,2026-05-14,2026-05,1,0,2
14834,gayilmaz,9,2026-05-14,2026-05,8,1,0
14835,aozgun,1,2026-05-14,2026-05,1,0,0
14836,oicoz,10,2026-05-14,2026-05,10,0,0
14837,ckarahasan,16,2026-05-14,2026-05,3,13,0
14838,caozturk,28,2026-05-14,2026-05,28,0,0
14839,amasun,18,2026-05-14,2026-05,0,18,0
14840,fozay,12,2026-05-14,2026-05,11,1,0
14841,ekaragoz,3,2026-05-14,2026-05,3,0,0
14842,mertan,3,2026-05-14,2026-05,0,3,0
14843,ierdil,8,2026-05-15,2026-05,3,5,0
14844,udalyan,12,2026-05-15,2026-05,8,4,0
14845,bcigdem,4,2026-05-15,2026-05,3,1,0
14846,mguder,20,2026-05-15,2026-05,20,0,0
14847,mguray,9,2026-05-15,2026-05,7,2,0
14848,bfirat,20,2026-05-15,2026-05,20,0,0
14849,stjegitim,26,2026-05-15,2026-05,9,3,14
14850,mkarsiv,7,2026-05-15,2026-05,6,1,0
14851,hbinay,14,2026-05-15,2026-05,14,0,0
14852,gbalvan,4,2026-05-15,2026-05,0,4,0
14853,amasun,4,2026-05-15,2026-05,0,4,0
14854,rkontrol,2,2026-05-15,2026-05,2,0,0
14855,ckarahasan,27,2026-05-15,2026-05,12,15,0
14856,zyuksel,80,2026-05-15,2026-05,80,0,0
14857,eulsever,4,2026-05-15,2026-05,0,4,0
14858,gayilmaz,7,2026-05-15,2026-05,7,0,0
14859,ttlideri,18,2026-05-15,2026-05,8,10,0
14860,cer,28,2026-05-15,2026-05,28,0,0
14861,mkarabiyik,4,2026-05-15,2026-05,0,4,0
14862,mkofis,14,2026-05-15,2026-05,14,0,0
14863,MMUTLU,4,2026-05-15,2026-05,3,0,1
14864,akamera,8,2026-05-15,2026-05,0,8,0
14865,sucakir,8,2026-05-15,2026-05,8,0,0
14866,ggirgin,21,2026-05-15,2026-05,21,0,0
14867,mertan,2,2026-05-15,2026-05,1,1,0
14868,ayyilmaz,7,2026-05-15,2026-05,6,1,0
14869,tevirgen,12,2026-05-15,2026-05,4,8,0
14870,fimetin,48,2026-05-15,2026-05,42,6,0
14871,hbinay,6,2026-05-16,2026-05,6,0,0
14872,rkontrol,1,2026-05-16,2026-05,1,0,0
14873,mecigdem,2,2026-05-16,2026-05,0,2,0
14874,oicoz,44,2026-05-16,2026-05,43,1,0
14875,bsakrak,16,2026-05-16,2026-05,16,0,0
14876,bunver,2,2026-05-17,2026-05,2,0,0
14877,egonce,19,2026-05-17,2026-05,19,0,0
14878,fcolak,75,2026-05-17,2026-05,75,0,0
14879,cyildiz,2,2026-05-17,2026-05,2,0,0
14880,ierdil,10,2026-05-17,2026-05,2,8,0
14881,gekim,168,2026-05-17,2026-05,2,166,0
14882,ekaragoz,2,2026-05-17,2026-05,2,0,0
14883,dnoic,1,2026-05-17,2026-05,1,0,0
14884,gcevik,4,2026-05-17,2026-05,4,0,0
14885,nkorkmaz,2,2026-05-17,2026-05,1,0,1
14886,abarkod,3,2026-05-17,2026-05,0,3,0
14887,fbalaban,1,2026-05-17,2026-05,1,0,0
14888,fozay,2,2026-05-18,2026-05,2,0,0
14889,bsakrak,48,2026-05-18,2026-05,48,0,0
14890,gakca,3,2026-05-18,2026-05,3,0,0
14891,mecigdem,11,2026-05-18,2026-05,9,2,0
14892,mguder,2,2026-05-18,2026-05,2,0,0
14893,zyuksel,15,2026-05-18,2026-05,15,0,0
14894,ierdil,14,2026-05-18,2026-05,7,7,0
14895,mkarsiv,4,2026-05-18,2026-05,3,1,0
14896,cadonmez,8,2026-05-18,2026-05,8,0,0
14897,msevim,8,2026-05-18,2026-05,0,8,0
14898,mmollaoglu,1,2026-05-18,2026-05,1,0,0
14899,eozkan,5,2026-05-18,2026-05,5,0,0
14900,bfirat,8,2026-05-18,2026-05,8,0,0
14901,bunver,89,2026-05-18,2026-05,0,0,89
14902,amasun,82,2026-05-18,2026-05,6,76,0
14903,mguray,7,2026-05-18,2026-05,7,0,0
14904,caozturk,18,2026-05-18,2026-05,18,0,0
14905,udalyan,5,2026-05-18,2026-05,1,3,1
14906,ckarahasan,11,2026-05-18,2026-05,10,1,0
14907,akamera,30,2026-05-18,2026-05,0,30,0
14908,abarkod,1,2026-05-18,2026-05,0,1,0
14909,bkibar,6,2026-05-18,2026-05,0,6,0
14910,asablon,2,2026-05-18,2026-05,2,0,0
14911,obali,3,2026-05-18,2026-05,3,0,0
14912,MMUTLU,24,2026-05-18,2026-05,11,4,9
14913,fimetin,7,2026-05-18,2026-05,7,0,0
14914,eatasoy,2,2026-05-18,2026-05,0,2,0
14915,mkarabiyik,1,2026-05-18,2026-05,0,1,0
14916,mertan,6,2026-05-18,2026-05,4,2,0
14917,ayyilmaz,3,2026-05-18,2026-05,0,3,0
14918,dnoic,57,2026-05-18,2026-05,30,0,27
14919,tevirgen,30,2026-05-18,2026-05,8,10,12
14920,gayilmaz,22,2026-05-18,2026-05,7,15,0
14921,oicoz,4,2026-05-18,2026-05,3,1,0
14922,mkorucu,1,2026-05-18,2026-05,1,0,0
14923,ggirgin,36,2026-05-18,2026-05,36,0,0
14924,mecigdem,2,2026-05-19,2026-05,0,2,0
14925,ierdil,17,2026-05-19,2026-05,10,7,0
14926,cyildiz,1,2026-05-19,2026-05,1,0,0
14927,ersener,23,2026-05-19,2026-05,18,5,0
14928,egonce,53,2026-05-19,2026-05,52,1,0
14929,dcolor,2,2026-05-19,2026-05,2,0,0
14930,aapak,102,2026-05-19,2026-05,16,86,0
14931,mkarsiv,2,2026-05-19,2026-05,0,2,0
14932,ubasdas,2,2026-05-19,2026-05,2,0,0
14933,fgulsever,25,2026-05-19,2026-05,0,25,0
14934,gekim,85,2026-05-19,2026-05,0,85,0
14935,dnoic,2,2026-05-19,2026-05,2,0,0
14936,oicoz,285,2026-05-19,2026-05,274,11,0
14937,aozgun,1,2026-05-19,2026-05,1,0,0
14938,TIRMAK,2,2026-05-19,2026-05,0,2,0
14939,fakgul,4,2026-05-19,2026-05,4,0,0
14940,aayhan,17,2026-05-19,2026-05,6,9,2
14941,abarkod,31,2026-05-19,2026-05,0,31,0
14942,bsakrak,4,2026-05-19,2026-05,4,0,0
14943,fgulsever,87,2026-05-20,2026-05,3,84,0
14944,hakand,7,2026-05-20,2026-05,2,5,0
14945,mecigdem,3,2026-05-20,2026-05,1,2,0
14946,udalyan,13,2026-05-20,2026-05,3,7,3
14947,bsakrak,2,2026-05-20,2026-05,2,0,0
14948,ubasdas,32,2026-05-20,2026-05,32,0,0
14949,gakca,4,2026-05-20,2026-05,2,2,0
14950,bunver,15,2026-05-20,2026-05,14,1,0
14951,gekim,87,2026-05-20,2026-05,0,87,0
14952,aapak,61,2026-05-20,2026-05,0,61,0
14953,carican,4,2026-05-20,2026-05,2,2,0
14954,egonce,98,2026-05-20,2026-05,96,2,0
14955,mguray,1,2026-05-20,2026-05,1,0,0
14956,stjegitim,4,2026-05-20,2026-05,4,0,0
14957,mkarsiv,3,2026-05-20,2026-05,3,0,0
14958,uunver,14,2026-05-20,2026-05,13,1,0
14959,msevim,3,2026-05-20,2026-05,0,3,0
14960,eozkan,2,2026-05-20,2026-05,1,1,0
14961,gbalvan,4,2026-05-20,2026-05,0,4,0
14962,ersener,67,2026-05-20,2026-05,67,0,0
14963,bfirat,70,2026-05-20,2026-05,70,0,0
14964,VBAYANER,1,2026-05-20,2026-05,0,1,0
14965,gbakanoglu,5,2026-05-20,2026-05,4,1,0
14966,ierdil,9,2026-05-20,2026-05,2,7,0
14967,cozkan,3,2026-05-20,2026-05,3,0,0
14968,gsapmaz,1,2026-05-20,2026-05,0,1,0
14969,amasun,62,2026-05-20,2026-05,1,61,0
14970,beozturk,19,2026-05-20,2026-05,19,0,0
14971,abarkod,4,2026-05-20,2026-05,0,4,0
14972,bkibar,5,2026-05-20,2026-05,0,5,0
14973,asablon,4,2026-05-20,2026-05,4,0,0
14974,aayhan,1,2026-05-20,2026-05,0,1,0
14975,fyilanci,5,2026-05-20,2026-05,0,5,0
14976,mkarabiyik,19,2026-05-20,2026-05,0,19,0
14977,dyavuzkasap,8,2026-05-20,2026-05,8,0,0
14978,obali,2,2026-05-20,2026-05,2,0,0
14979,MMUTLU,3,2026-05-20,2026-05,1,1,1
14980,fimetin,15,2026-05-20,2026-05,14,1,0
14981,akamera,4,2026-05-20,2026-05,0,4,0
14982,ggirgin,21,2026-05-20,2026-05,18,0,3
14983,ekaradavut,10,2026-05-20,2026-05,4,6,0
14984,mertan,7,2026-05-20,2026-05,5,2,0
14985,tevirgen,41,2026-05-20,2026-05,13,15,13
14986,eulsever,1,2026-05-20,2026-05,1,0,0
14987,gayilmaz,16,2026-05-20,2026-05,6,10,0
14988,aozgun,24,2026-05-20,2026-05,18,6,0
14989,oicoz,5,2026-05-20,2026-05,4,1,0
14990,mkorucu,1,2026-05-20,2026-05,0,1,0
14991,ckarahasan,22,2026-05-20,2026-05,10,12,0
14992,sucakir,10,2026-05-20,2026-05,7,3,0
14993,caozturk,16,2026-05-20,2026-05,14,2,0
14994,zyuksel,25,2026-05-21,2026-05,6,19,0
14995,fgulsever,49,2026-05-21,2026-05,3,46,0
14996,BSOGUT,3,2026-05-21,2026-05,0,0,3
14997,aapak,39,2026-05-21,2026-05,0,39,0
14998,mecigdem,3,2026-05-21,2026-05,2,1,0
14999,udalyan,28,2026-05-21,2026-05,1,3,24
15000,ierdil,8,2026-05-21,2026-05,2,6,0
15001,hakand,11,2026-05-21,2026-05,11,0,0
15002,rkontrol,2,2026-05-21,2026-05,2,0,0
15003,egonce,35,2026-05-21,2026-05,33,2,0
15004,stjegitim,1,2026-05-21,2026-05,1,0,0
15005,nkaya,3,2026-05-21,2026-05,3,0,0
15006,fcolak,4,2026-05-21,2026-05,3,1,0
15007,mkarsiv,1,2026-05-21,2026-05,1,0,0
15008,uunver,8,2026-05-21,2026-05,8,0,0
15009,msevim,1,2026-05-21,2026-05,0,1,0
15010,gbalvan,12,2026-05-21,2026-05,0,12,0
15011,bfirat,46,2026-05-21,2026-05,46,0,0
15012,bunver,3,2026-05-21,2026-05,2,1,0
15013,ubasdas,32,2026-05-21,2026-05,32,0,0
15014,ytinmaz,1,2026-05-21,2026-05,1,0,0
15015,gakca,3,2026-05-21,2026-05,3,0,0
15016,dnoic,2,2026-05-21,2026-05,1,1,0
15017,gekim,94,2026-05-21,2026-05,0,94,0
15018,abarkod,1,2026-05-21,2026-05,0,1,0
15019,ntanriverdi,3,2026-05-21,2026-05,0,3,0
15020,bkibar,1,2026-05-21,2026-05,0,1,0
15021,fyakut,1,2026-05-21,2026-05,0,1,0
15022,ogun,40,2026-05-21,2026-05,0,0,40
15023,dyavuzkasap,2,2026-05-21,2026-05,0,2,0
15024,fimetin,11,2026-05-21,2026-05,10,1,0
15025,sucakir,8,2026-05-21,2026-05,8,0,0
15026,snazli,1,2026-05-21,2026-05,0,1,0
15027,ggirgin,9,2026-05-21,2026-05,9,0,0
15028,asablon,4,2026-05-21,2026-05,4,0,0
15029,mertan,26,2026-05-21,2026-05,0,26,0
15030,tevirgen,5,2026-05-21,2026-05,2,3,0
15031,eulsever,3,2026-05-21,2026-05,3,0,0
15032,oicoz,4,2026-05-21,2026-05,4,0,0
15033,ckarahasan,30,2026-05-21,2026-05,14,16,0
15034,caozturk,83,2026-05-21,2026-05,77,6,0
15035,amasun,45,2026-05-21,2026-05,1,44,0
15036,fozay,4,2026-05-21,2026-05,4,0,0
15037,ekaragoz,5,2026-05-21,2026-05,5,0,0
15038,ekaradavut,52,2026-05-21,2026-05,46,6,0
15039,bfirat,30,2026-05-22,2026-05,30,0,0
15040,bsakrak,25,2026-05-22,2026-05,25,0,0
15041,fyakut,13,2026-05-22,2026-05,0,13,0
15042,gakca,3,2026-05-22,2026-05,2,1,0
15043,mecigdem,2,2026-05-22,2026-05,0,2,0
15044,hakand,1,2026-05-22,2026-05,1,0,0
15045,mmollaoglu,11,2026-05-22,2026-05,11,0,0
15046,mguder,15,2026-05-22,2026-05,7,8,0
15047,zyuksel,19,2026-05-22,2026-05,19,0,0
15048,ierdil,15,2026-05-22,2026-05,9,6,0
15049,gbalvan,2,2026-05-22,2026-05,0,2,0
15050,fozay,1,2026-05-22,2026-05,1,0,0
15051,gsapmaz,12,2026-05-22,2026-05,12,0,0
15052,amasun,80,2026-05-22,2026-05,0,80,0
15053,oicoz,1,2026-05-22,2026-05,1,0,0
15054,ckarahasan,8,2026-05-22,2026-05,5,3,0
15055,caozturk,57,2026-05-22,2026-05,57,0,0
15056,akamera,3,2026-05-22,2026-05,0,3,0
15057,cer,1,2026-05-22,2026-05,0,1,0
15058,MMUTLU,12,2026-05-22,2026-05,6,0,6
15059,fimetin,18,2026-05-22,2026-05,14,4,0
15060,ntanriverdi,2,2026-05-22,2026-05,0,2,0
15061,ggirgin,3,2026-05-22,2026-05,1,2,0
15062,mertan,3,2026-05-22,2026-05,2,1,0
15063,ayyilmaz,5,2026-05-22,2026-05,2,3,0
15064,tevirgen,22,2026-05-22,2026-05,9,12,1
15065,gayilmaz,14,2026-05-22,2026-05,14,0,0
15066,sucakir,12,2026-05-22,2026-05,4,8,0
15067,merkan,27,2026-05-23,2026-05,27,0,0
15068,mecigdem,3,2026-05-23,2026-05,0,3,0
15069,mkarsiv,1,2026-05-23,2026-05,1,0,0
15070,fgulsever,41,2026-05-24,2026-05,0,41,0
15071,mkarsiv,1,2026-05-24,2026-05,1,0,0
15072,fcolak,13,2026-05-24,2026-05,13,0,0
15073,rkontrol,1,2026-05-24,2026-05,1,0,0
15074,ierdil,10,2026-05-24,2026-05,3,7,0
15075,aapak,75,2026-05-24,2026-05,0,75,0
15076,aozgun,2,2026-05-24,2026-05,2,0,0
15077,sfirinci,4,2026-05-24,2026-05,3,1,0
15078,iunlu,26,2026-05-24,2026-05,26,0,0
15079,mkofis,6,2026-05-24,2026-05,6,0,0
15080,tcapkin,2,2026-05-24,2026-05,2,0,0
15081,abarkod,7,2026-05-24,2026-05,0,7,0
15082,ubasdas,2,2026-05-24,2026-05,2,0,0
15083,hakand,7,2026-05-25,2026-05,6,1,0
15084,gsapmaz,4,2026-05-25,2026-05,2,2,0
15085,mguder,19,2026-05-25,2026-05,19,0,0
15086,zyuksel,15,2026-05-25,2026-05,15,0,0
15087,sekisa,10,2026-05-25,2026-05,10,0,0
15088,mguray,4,2026-05-25,2026-05,4,0,0
15089,mkarsiv,1,2026-05-25,2026-05,1,0,0
15090,msevim,5,2026-05-25,2026-05,2,3,0
15091,udalyan,9,2026-05-25,2026-05,6,3,0
15092,ierdil,10,2026-05-25,2026-05,6,4,0
15093,gakca,13,2026-05-25,2026-05,11,2,0
15094,obali,11,2026-05-25,2026-05,6,3,2
15095,ckarahasan,32,2026-05-25,2026-05,14,18,0
15096,oicoz,16,2026-05-25,2026-05,16,0,0
15097,gayilmaz,30,2026-05-25,2026-05,1,29,0
15098,mertan,3,2026-05-25,2026-05,2,1,0
15099,ggirgin,21,2026-05-25,2026-05,21,0,0
15100,fimetin,7,2026-05-25,2026-05,3,4,0
15101,ntanriverdi,2,2026-05-25,2026-05,0,2,0
15102,ttlideri,20,2026-05-25,2026-05,0,20,0
15103,abarkod,1,2026-05-25,2026-05,0,1,0
15104,amasun,43,2026-05-25,2026-05,0,43,0
15105,hbinay,1,2026-05-26,2026-05,1,0,0
15106,udalyan,2,2026-05-26,2026-05,0,2,0
15107,oicoz,1,2026-05-26,2026-05,0,1,0
15108,ggirgin,22,2026-05-26,2026-05,0,0,22
15109,fgulsever,230,2026-05-31,2026-05,0,230,0
15110,ersener,19,2026-05-31,2026-05,19,0,0
15111,mbayirli,9,2026-05-31,2026-05,9,0,0
15112,fdeniz,1,2026-05-31,2026-05,1,0,0
15113,egonce,12,2026-05-31,2026-05,7,5,0
15114,fcolak,10,2026-05-31,2026-05,10,0,0
15115,bbugdayci,3,2026-05-31,2026-05,0,3,0
15116,aildeniz,1,2026-05-31,2026-05,1,0,0
15117,ierdil,7,2026-05-31,2026-05,0,7,0
15118,okelepe,1,2026-05-31,2026-05,0,1,0
15119,sapra,2,2026-05-31,2026-05,0,0,2
15120,iunlu,2,2026-05-31,2026-05,1,1,0
15121,aapak,23,2026-05-31,2026-05,16,7,0
15122,edemirbas,6,2026-05-31,2026-05,0,6,0
15123,hktlideri,10,2026-05-31,2026-05,4,6,0
15124,aayhan,161,2026-05-31,2026-05,51,110,0
15125,abarkod,25,2026-05-31,2026-05,0,25,0
15126,aozgun,19,2026-05-31,2026-05,19,0,0
15127,dnoic,23,2026-05-31,2026-05,21,2,0
15128,gbakanoglu,3,2026-05-31,2026-05,3,0,0
15129,gekim,97,2026-05-31,2026-05,0,97,0
15130,tevirgen,15,2026-05-31,2026-05,0,0,15
15131,eanli,16,2026-06-01,2026-06,4,12,0
15132,okelepe,1,2026-06-01,2026-06,1,0,0
15133,gbakanoglu,1,2026-06-01,2026-06,1,0,0
15134,gekim,62,2026-06-01,2026-06,0,61,1
15135,iunlu,5,2026-06-01,2026-06,5,0,0
15136,sfirinci,4,2026-06-01,2026-06,4,0,0
15137,aapak,8,2026-06-01,2026-06,6,2,0
15138,udalyan,11,2026-06-01,2026-06,8,3,0
15139,mecigdem,18,2026-06-01,2026-06,16,2,0
15140,fgulsever,77,2026-06-01,2026-06,1,76,0
15141,mguray,7,2026-06-01,2026-06,7,0,0
15142,mguder,40,2026-06-01,2026-06,40,0,0
15143,zyuksel,1,2026-06-01,2026-06,1,0,0
15144,ierdil,17,2026-06-01,2026-06,9,8,0
15145,fozay,5,2026-06-01,2026-06,4,1,0
15146,stjegitim,19,2026-06-01,2026-06,4,8,7
15147,fcolak,36,2026-06-01,2026-06,24,12,0
15148,mkarsiv,4,2026-06-01,2026-06,4,0,0
15149,ddcozgu,5,2026-06-01,2026-06,5,0,0
15150,egonce,44,2026-06-01,2026-06,27,17,0
15151,msevim,7,2026-06-01,2026-06,0,7,0
15152,VBAYANER,10,2026-06-01,2026-06,10,0,0
15153,gsapmaz,9,2026-06-01,2026-06,9,0,0
15154,amasun,18,2026-06-01,2026-06,0,18,0
15155,gakca,10,2026-06-01,2026-06,10,0,0
15156,dnoic,17,2026-06-01,2026-06,3,0,14
15157,caozturk,42,2026-06-01,2026-06,12,30,0
15158,abarkod,5,2026-06-01,2026-06,0,5,0
15159,ttlideri,22,2026-06-01,2026-06,22,0,0
15160,ntanriverdi,8,2026-06-01,2026-06,0,8,0
15161,bkibar,1,2026-06-01,2026-06,0,1,0
15162,asablon,16,2026-06-01,2026-06,16,0,0
15163,mkarabiyik,2,2026-06-01,2026-06,0,2,0
15164,mkofis,15,2026-06-01,2026-06,15,0,0
15165,dyavuzkasap,1,2026-06-01,2026-06,1,0,0
15166,obali,12,2026-06-01,2026-06,3,9,0
15167,MMUTLU,30,2026-06-01,2026-06,20,4,6
15168,cer,11,2026-06-01,2026-06,11,0,0
15169,sucakir,1,2026-06-01,2026-06,1,0,0
15170,fimetin,8,2026-06-01,2026-06,8,0,0
15171,aozgun,6,2026-06-01,2026-06,6,0,0
15172,nibolkis,10,2026-06-01,2026-06,10,0,0
15173,ogungor,31,2026-06-01,2026-06,31,0,0
15174,eulsever,8,2026-06-01,2026-06,4,4,0
15175,ckarahasan,46,2026-06-01,2026-06,34,12,0
15176,ayyilmaz,1,2026-06-01,2026-06,0,1,0
15177,mertan,2,2026-06-01,2026-06,1,1,0
15178,ggirgin,6,2026-06-01,2026-06,6,0,0
15179,tevirgen,42,2026-06-01,2026-06,35,7,0
15180,fgulsever,1,2026-06-02,2026-06,0,1,0
15181,gekim,75,2026-06-02,2026-06,0,75,0
15182,saskin,11,2026-06-02,2026-06,11,0,0
15183,sfirinci,1,2026-06-02,2026-06,1,0,0
15184,gakca,5,2026-06-02,2026-06,5,0,0
15185,aapak,24,2026-06-02,2026-06,0,23,1
15186,udalyan,12,2026-06-02,2026-06,3,4,5
15187,mecigdem,17,2026-06-02,2026-06,16,1,0
15188,BSOGUT,2,2026-06-02,2026-06,0,2,0
15189,bcigdem,2,2026-06-02,2026-06,2,0,0
15190,okelepe,108,2026-06-02,2026-06,107,1,0
15191,gbalvan,4,2026-06-02,2026-06,0,4,0
15192,sapra,4,2026-06-02,2026-06,2,2,0
15193,zyuksel,1,2026-06-02,2026-06,0,1,0
15194,ierdil,10,2026-06-02,2026-06,1,9,0
15195,ebadem,2,2026-06-02,2026-06,2,0,0
15196,fcolak,2,2026-06-02,2026-06,2,0,0
15197,mkarsiv,1,2026-06-02,2026-06,1,0,0
15198,ddcozgu,28,2026-06-02,2026-06,28,0,0
15199,egonce,72,2026-06-02,2026-06,72,0,0
15200,uunver,14,2026-06-02,2026-06,14,0,0
15201,msevim,10,2026-06-02,2026-06,1,9,0
15202,hbinay,33,2026-06-02,2026-06,33,0,0
15203,gbakanoglu,1,2026-06-02,2026-06,1,0,0
15204,itopcu,17,2026-06-02,2026-06,6,11,0
15205,fozay,5,2026-06-02,2026-06,1,4,0
15206,fimetin,5,2026-06-02,2026-06,5,0,0
15207,amasun,102,2026-06-02,2026-06,2,100,0
15208,beozturk,2,2026-06-02,2026-06,2,0,0
15209,edemirbas,8,2026-06-02,2026-06,8,0,0
15210,ttlideri,1,2026-06-02,2026-06,1,0,0
15211,tcapkin,6,2026-06-02,2026-06,0,6,0
15212,ntanriverdi,46,2026-06-02,2026-06,2,44,0
15213,gmasistan,1,2026-06-02,2026-06,0,0,1
15214,bkibar,3,2026-06-02,2026-06,0,3,0
15215,asablon,12,2026-06-02,2026-06,12,0,0
15216,tyaman,7,2026-06-02,2026-06,7,0,0
15217,cer,14,2026-06-02,2026-06,13,1,0
15218,aayhan,9,2026-06-02,2026-06,7,2,0
15219,abarkod,23,2026-06-02,2026-06,0,23,0
15220,sucakir,2,2026-06-02,2026-06,1,1,0
15221,ggirgin,13,2026-06-02,2026-06,6,7,0
15222,mertan,14,2026-06-02,2026-06,5,9,0
15223,ayyilmaz,4,2026-06-02,2026-06,4,0,0
15224,tevirgen,22,2026-06-02,2026-06,6,1,15
15225,gayilmaz,5,2026-06-02,2026-06,5,0,0
15226,aozgun,7,2026-06-02,2026-06,7,0,0
15227,oicoz,2,2026-06-02,2026-06,2,0,0
15228,ckarahasan,13,2026-06-02,2026-06,3,10,0
15229,dnoic,118,2026-06-02,2026-06,110,6,2
15230,caozturk,36,2026-06-02,2026-06,35,0,1
15231,obali,2,2026-06-02,2026-06,0,0,2
15232,zyuksel,1,2026-06-03,2026-06,1,0,0
15233,fgulsever,38,2026-06-03,2026-06,0,38,0
15234,okelepe,5,2026-06-03,2026-06,5,0,0
15235,gakca,1,2026-06-03,2026-06,1,0,0
15236,mecigdem,2,2026-06-03,2026-06,0,2,0
15237,udalyan,21,2026-06-03,2026-06,11,7,3
15238,aapak,8,2026-06-03,2026-06,0,8,0
15239,ierdil,5,2026-06-03,2026-06,0,5,0
15240,hakand,3,2026-06-03,2026-06,2,1,0
15241,aildeniz,8,2026-06-03,2026-06,8,0,0
15242,msevim,1,2026-06-03,2026-06,0,1,0
15243,fcolak,10,2026-06-03,2026-06,6,4,0
15244,ddcozgu,13,2026-06-03,2026-06,13,0,0
15245,egonce,13,2026-06-03,2026-06,11,2,0
15246,sapra,4,2026-06-03,2026-06,0,0,4
15247,gbalvan,4,2026-06-03,2026-06,3,1,0
15248,akocak,4,2026-06-03,2026-06,0,4,0
15249,VBAYANER,3,2026-06-03,2026-06,2,1,0
15250,bunver,16,2026-06-03,2026-06,16,0,0
15251,gekim,120,2026-06-03,2026-06,0,120,0
15252,stjegitim,5,2026-06-03,2026-06,5,0,0
15253,fozay,10,2026-06-03,2026-06,6,4,0
15254,mkarsiv,9,2026-06-03,2026-06,9,0,0
15255,amasun,6,2026-06-03,2026-06,1,5,0
15256,beozturk,2,2026-06-03,2026-06,2,0,0
15257,abarkod,7,2026-06-03,2026-06,0,7,0
15258,ntanriverdi,10,2026-06-03,2026-06,0,10,0
15259,bkibar,13,2026-06-03,2026-06,0,13,0
15260,asablon,2,2026-06-03,2026-06,2,0,0
15261,ogun,29,2026-06-03,2026-06,26,3,0
15262,aayhan,25,2026-06-03,2026-06,0,1,24
15263,mkarabiyik,1,2026-06-03,2026-06,0,1,0
15264,obali,3,2026-06-03,2026-06,0,3,0
15265,MMUTLU,5,2026-06-03,2026-06,3,0,2
15266,akamera,2,2026-06-03,2026-06,2,0,0
15267,sucakir,12,2026-06-03,2026-06,8,4,0
15268,ggirgin,128,2026-06-03,2026-06,122,6,0
15269,ekaradavut,3,2026-06-03,2026-06,3,0,0
15270,sulger,5,2026-06-03,2026-06,0,1,4
15271,mertan,1,2026-06-03,2026-06,1,0,0
15272,tevirgen,4,2026-06-03,2026-06,1,1,2
15273,gayilmaz,5,2026-06-03,2026-06,4,1,0
15274,oicoz,75,2026-06-03,2026-06,4,71,0
15275,ckarahasan,34,2026-06-03,2026-06,15,19,0
15276,fimetin,33,2026-06-03,2026-06,33,0,0
15277,caozturk,6,2026-06-03,2026-06,0,6,0
15278,ierdil,7,2026-06-04,2026-06,2,5,0
15279,mguder,23,2026-06-04,2026-06,18,5,0
15280,ubasdas,1,2026-06-04,2026-06,1,0,0
15281,mecigdem,1,2026-06-04,2026-06,0,1,0
15282,aapak,1,2026-06-04,2026-06,0,1,0
15283,mguray,4,2026-06-04,2026-06,4,0,0
15284,fgulsever,19,2026-06-04,2026-06,0,19,0
15285,stjegitim,13,2026-06-04,2026-06,6,7,0
15286,msevim,3,2026-06-04,2026-06,0,3,0
15287,mkarsiv,3,2026-06-04,2026-06,3,0,0
15288,ddcozgu,6,2026-06-04,2026-06,6,0,0
15289,egonce,7,2026-06-04,2026-06,6,1,0
15290,hbinay,5,2026-06-04,2026-06,5,0,0
15291,mmollaoglu,4,2026-06-04,2026-06,2,0,2
15292,gbalvan,4,2026-06-04,2026-06,0,4,0
15293,ersener,4,2026-06-04,2026-06,4,0,0
15294,bunver,22,2026-06-04,2026-06,20,2,0
15295,gakca,3,2026-06-04,2026-06,3,0,0
15296,fcolak,13,2026-06-04,2026-06,1,12,0
15297,sfirinci,2,2026-06-04,2026-06,2,0,0
15298,aozgun,14,2026-06-04,2026-06,5,9,0
15299,amasun,52,2026-06-04,2026-06,1,51,0
15300,abarkod,8,2026-06-04,2026-06,0,8,0
15301,gmasistan,18,2026-06-04,2026-06,5,0,13
15302,gekim,86,2026-06-04,2026-06,0,86,0
15303,cer,1,2026-06-04,2026-06,1,0,0
15304,aayhan,8,2026-06-04,2026-06,0,8,0
15305,mkarabiyik,1,2026-06-04,2026-06,0,1,0
15306,mkofis,20,2026-06-04,2026-06,20,0,0
15307,MMUTLU,5,2026-06-04,2026-06,1,4,0
15308,sucakir,4,2026-06-04,2026-06,4,0,0
15309,bkibar,1,2026-06-04,2026-06,0,1,0
15310,ekaradavut,5,2026-06-04,2026-06,5,0,0
15311,ayyilmaz,2,2026-06-04,2026-06,2,0,0
15312,tevirgen,17,2026-06-04,2026-06,12,5,0
15313,gayilmaz,3,2026-06-04,2026-06,3,0,0
15314,okanat,1,2026-06-04,2026-06,0,1,0
15315,mkorucu,8,2026-06-04,2026-06,8,0,0
15316,ckarahasan,33,2026-06-04,2026-06,23,10,0
15317,dnoic,24,2026-06-04,2026-06,11,1,12
15318,ggirgin,22,2026-06-04,2026-06,3,0,19
15319,carican,1,2026-06-05,2026-06,1,0,0
15320,mguder,38,2026-06-05,2026-06,38,0,0
15321,zyuksel,15,2026-06-05,2026-06,15,0,0
15322,ierdil,8,2026-06-05,2026-06,3,5,0
15323,mguray,4,2026-06-05,2026-06,4,0,0
15324,eozkan,5,2026-06-05,2026-06,5,0,0
15325,stjegitim,110,2026-06-05,2026-06,2,102,6
15326,msevim,1,2026-06-05,2026-06,0,1,0
15327,hbinay,12,2026-06-05,2026-06,12,0,0
15328,gbalvan,5,2026-06-05,2026-06,0,5,0
15329,bcigdem,1,2026-06-05,2026-06,1,0,0
15330,VBAYANER,5,2026-06-05,2026-06,5,0,0
15331,hakand,40,2026-06-05,2026-06,40,0,0
15332,ayyilmaz,1,2026-06-05,2026-06,1,0,0
15333,udalyan,5,2026-06-05,2026-06,2,3,0
15334,asablon,2,2026-06-05,2026-06,0,2,0
15335,mkarabiyik,4,2026-06-05,2026-06,0,4,0
15336,MMUTLU,31,2026-06-05,2026-06,20,3,8
15337,fimetin,5,2026-06-05,2026-06,5,0,0
15338,ggirgin,129,2026-06-05,2026-06,127,2,0
15339,mecigdem,1,2026-06-05,2026-06,0,1,0
15340,ckarahasan,21,2026-06-05,2026-06,9,12,0
15341,amasun,26,2026-06-05,2026-06,0,26,0
15342,fozay,27,2026-06-05,2026-06,21,6,0
15343,bsakrak,45,2026-06-05,2026-06,45,0,0
15344,gakca,4,2026-06-05,2026-06,4,0,0
15345,tevirgen,19,2026-06-05,2026-06,0,1,18
15346,mkarsiv,1,2026-06-06,2026-06,1,0,0
15347,hbinay,21,2026-06-06,2026-06,21,0,0
15348,asablon,2,2026-06-06,2026-06,0,2,0
15349,mecigdem,5,2026-06-06,2026-06,2,3,0
15350,aapak,56,2026-06-07,2026-06,12,44,0
15351,egonce,12,2026-06-07,2026-06,10,2,0
15352,mkarsiv,1,2026-06-07,2026-06,1,0,0
15353,fcolak,1,2026-06-07,2026-06,1,0,0
15354,aakyildiz,9,2026-06-07,2026-06,9,0,0
15355,bbugdayci,1,2026-06-07,2026-06,0,1,0
15356,fgulsever,8,2026-06-07,2026-06,0,8,0
15357,okelepe,18,2026-06-07,2026-06,18,0,0
15358,bsakrak,16,2026-06-07,2026-06,13,3,0
15359,ierdil,26,2026-06-07,2026-06,2,24,0
15360,ekaragoz,16,2026-06-07,2026-06,0,0,16
15361,mkorucu,1,2026-06-07,2026-06,1,0,0
15362,busyilmaz,1,2026-06-07,2026-06,0,0,1
15363,mkofis,2,2026-06-07,2026-06,2,0,0
15364,aayhan,43,2026-06-07,2026-06,37,6,0
15365,tcapkin,11,2026-06-07,2026-06,0,11,0
15366,edemirbas,1,2026-06-07,2026-06,1,0,0
15367,abarkod,5,2026-06-07,2026-06,0,5,0
15368,gekim,99,2026-06-07,2026-06,2,97,0
15369,ierdil,8,2026-06-08,2026-06,1,7,0
15370,mguder,14,2026-06-08,2026-06,13,1,0
15371,gsapmaz,36,2026-06-08,2026-06,32,4,0
15372,itopcu,5,2026-06-08,2026-06,5,0,0
15373,udalyan,7,2026-06-08,2026-06,4,3,0
15374,hakand,95,2026-06-08,2026-06,95,0,0
15375,mecigdem,1,2026-06-08,2026-06,0,1,0
15376,rkontrol,9,2026-06-08,2026-06,9,0,0
15377,aapak,15,2026-06-08,2026-06,0,15,0
15378,gakca,4,2026-06-08,2026-06,4,0,0
15379,fgulsever,10,2026-06-08,2026-06,0,10,0
15380,fcolak,4,2026-06-08,2026-06,4,0,0
15381,hbinay,4,2026-06-08,2026-06,4,0,0
15382,egonce,10,2026-06-08,2026-06,7,3,0
15383,msevim,10,2026-06-08,2026-06,1,9,0
15384,mmollaoglu,1,2026-06-08,2026-06,1,0,0
15385,tcakan,2,2026-06-08,2026-06,2,0,0
15386,sapra,2,2026-06-08,2026-06,0,0,2
15387,eozkan,4,2026-06-08,2026-06,4,0,0
15388,bdagdeviren,32,2026-06-08,2026-06,0,0,32
15389,bfirat,14,2026-06-08,2026-06,13,1,0
15390,VBAYANER,68,2026-06-08,2026-06,52,16,0
15391,bunver,1,2026-06-08,2026-06,0,1,0
15392,gekim,92,2026-06-08,2026-06,0,92,0
15393,ddcozgu,2,2026-06-08,2026-06,2,0,0
15394,gbakanoglu,3,2026-06-08,2026-06,3,0,0
15395,busyilmaz,7,2026-06-08,2026-06,0,1,6
15396,amasun,75,2026-06-08,2026-06,0,75,0
15397,akamera,13,2026-06-08,2026-06,0,13,0
15398,abarkod,2,2026-06-08,2026-06,0,2,0
15399,fozay,37,2026-06-08,2026-06,32,5,0
15400,oyurtsever,31,2026-06-08,2026-06,13,18,0
15401,ntanriverdi,8,2026-06-08,2026-06,0,8,0
15402,gmasistan,12,2026-06-08,2026-06,2,1,9
15403,asablon,1,2026-06-08,2026-06,1,0,0
15404,fyilanci,3,2026-06-08,2026-06,0,3,0
15405,mkarabiyik,1,2026-06-08,2026-06,0,1,0
15406,obali,22,2026-06-08,2026-06,0,10,12
15407,MMUTLU,5,2026-06-08,2026-06,1,4,0
15408,fimetin,7,2026-06-08,2026-06,7,0,0
15409,tcapkin,9,2026-06-08,2026-06,2,7,0
15410,ggirgin,157,2026-06-08,2026-06,157,0,0
15411,sucakir,13,2026-06-08,2026-06,7,6,0
15412,dnoic,27,2026-06-08,2026-06,26,1,0
15413,aozgun,358,2026-06-08,2026-06,358,0,0
15414,kcakir,7,2026-06-08,2026-06,7,0,0
15415,TIRMAK,2,2026-06-08,2026-06,1,1,0
15416,ckarahasan,12,2026-06-08,2026-06,5,7,0
15417,gayilmaz,20,2026-06-08,2026-06,19,1,0
15418,tevirgen,29,2026-06-08,2026-06,21,7,1
15419,ayyilmaz,3,2026-06-08,2026-06,0,3,0
15420,mertan,1,2026-06-08,2026-06,0,1,0
15421,ekaradavut,4,2026-06-08,2026-06,4,0,0
15422,mguder,3,2026-06-09,2026-06,3,0,0
15423,udalyan,12,2026-06-09,2026-06,5,3,4
15424,mecigdem,3,2026-06-09,2026-06,1,2,0
15425,hakand,83,2026-06-09,2026-06,55,19,9
15426,BSOGUT,1,2026-06-09,2026-06,0,1,0
15427,okelepe,160,2026-06-09,2026-06,140,20,0
15428,fgulsever,55,2026-06-09,2026-06,0,55,0
15429,itopcu,39,2026-06-09,2026-06,29,10,0
15430,aapak,13,2026-06-09,2026-06,2,11,0
15431,zyuksel,18,2026-06-09,2026-06,2,0,16
15432,sekisa,16,2026-06-09,2026-06,16,0,0
15433,rkontrol,3,2026-06-09,2026-06,3,0,0
15434,cadonmez,2,2026-06-09,2026-06,2,0,0
15435,stjegitim,3,2026-06-09,2026-06,3,0,0
15436,aakyildiz,3,2026-06-09,2026-06,3,0,0
15437,egonce,13,2026-06-09,2026-06,9,4,0
15438,herbilgin,21,2026-06-09,2026-06,21,0,0
15439,fdeniz,7,2026-06-09,2026-06,7,0,0
15440,msevim,2,2026-06-09,2026-06,0,2,0
15441,gakca,2,2026-06-09,2026-06,2,0,0
15442,ierdil,10,2026-06-09,2026-06,1,9,0
15443,fyakut,27,2026-06-09,2026-06,12,15,0
15444,bfirat,13,2026-06-09,2026-06,13,0,0
15445,gbakanoglu,1,2026-06-09,2026-06,1,0,0
15446,gekim,60,2026-06-09,2026-06,0,60,0
15447,akamera,5,2026-06-09,2026-06,0,5,0
15448,oyurtsever,61,2026-06-09,2026-06,16,45,0
15449,bkibar,7,2026-06-09,2026-06,0,7,0
15450,asablon,2,2026-06-09,2026-06,2,0,0
15451,MMUTLU,6,2026-06-09,2026-06,4,0,2
15452,fimetin,6,2026-06-09,2026-06,6,0,0
15453,sucakir,4,2026-06-09,2026-06,4,0,0
15454,bsamuk,6,2026-06-09,2026-06,6,0,0
15455,mertan,4,2026-06-09,2026-06,0,4,0
15456,aayhan,12,2026-06-09,2026-06,8,3,1
15457,tevirgen,6,2026-06-09,2026-06,0,6,0
15458,eulsever,13,2026-06-09,2026-06,13,0,0
15459,TIRMAK,83,2026-06-09,2026-06,83,0,0
15460,aozgun,487,2026-06-09,2026-06,487,0,0
15461,mkorucu,20,2026-06-09,2026-06,20,0,0
15462,ckarahasan,15,2026-06-09,2026-06,12,3,0
15463,dnoic,45,2026-06-09,2026-06,45,0,0
15464,amasun,58,2026-06-09,2026-06,3,55,0
15465,SUYILMAZ,4,2026-06-09,2026-06,4,0,0
15466,ayyilmaz,19,2026-06-09,2026-06,19,0,0
15467,mguder,4,2026-06-10,2026-06,4,0,0
15468,gsapmaz,93,2026-06-10,2026-06,93,0,0
15469,itopcu,16,2026-06-10,2026-06,16,0,0
15470,fgulsever,15,2026-06-10,2026-06,0,15,0
15471,okelepe,16,2026-06-10,2026-06,10,4,2
15472,gakca,15,2026-06-10,2026-06,15,0,0
15473,mecigdem,3,2026-06-10,2026-06,0,3,0
15474,udalyan,95,2026-06-10,2026-06,46,1,48
15475,aapak,10,2026-06-10,2026-06,0,10,0
15476,ierdil,26,2026-06-10,2026-06,21,5,0
15477,hakand,22,2026-06-10,2026-06,18,4,0
15478,mguray,5,2026-06-10,2026-06,5,0,0
15479,bfirat,19,2026-06-10,2026-06,11,8,0
15480,stjegitim,216,2026-06-10,2026-06,194,22,0
15481,aakyildiz,33,2026-06-10,2026-06,33,0,0
15482,fcolak,41,2026-06-10,2026-06,41,0,0
15483,mkarsiv,6,2026-06-10,2026-06,5,1,0
15484,egonce,16,2026-06-10,2026-06,16,0,0
15485,fdeniz,39,2026-06-10,2026-06,39,0,0
15486,msevim,5,2026-06-10,2026-06,1,4,0
15487,hbinay,2,2026-06-10,2026-06,2,0,0
15488,gbalvan,4,2026-06-10,2026-06,0,4,0
15489,sfirinci,41,2026-06-10,2026-06,41,0,0
15490,VBAYANER,44,2026-06-10,2026-06,44,0,0
15491,rkontrol,4,2026-06-10,2026-06,4,0,0
15492,gekim,48,2026-06-10,2026-06,0,48,0
15493,amasun,122,2026-06-10,2026-06,6,116,0
15494,fozay,3,2026-06-10,2026-06,3,0,0
15495,akamera,1,2026-06-10,2026-06,0,1,0
15496,abarkod,4,2026-06-10,2026-06,0,4,0
15497,ttlideri,6,2026-06-10,2026-06,4,2,0
15498,ekaragoz,1,2026-06-10,2026-06,0,0,1
15499,ogun,75,2026-06-10,2026-06,75,0,0
15500,MMUTLU,2,2026-06-10,2026-06,1,0,1
15501,fimetin,17,2026-06-10,2026-06,13,4,0
15502,sucakir,2,2026-06-10,2026-06,1,1,0
15503,gkenarli,13,2026-06-10,2026-06,13,0,0
15504,bsamuk,41,2026-06-10,2026-06,41,0,0
15505,ggirgin,11,2026-06-10,2026-06,5,0,6
15506,ekaradavut,3,2026-06-10,2026-06,2,1,0
15507,asablon,2,2026-06-10,2026-06,2,0,0
15508,tevirgen,21,2026-06-10,2026-06,2,5,14
15509,ayyilmaz,5,2026-06-10,2026-06,3,2,0
15510,dnoic,22,2026-06-10,2026-06,22,0,0
15511,ckarahasan,41,2026-06-10,2026-06,18,23,0
15512,gcevik,5,2026-06-10,2026-06,5,0,0
15513,caozturk,137,2026-06-10,2026-06,30,84,23
15514,aozgun,80,2026-06-10,2026-06,80,0,0
15515,TIRMAK,320,2026-06-10,2026-06,320,0,0
15516,gayilmaz,19,2026-06-10,2026-06,19,0,0
15517,eulsever,58,2026-06-10,2026-06,51,7,0
15518,mkorucu,102,2026-06-10,2026-06,98,4,0
15519,mguray,7,2026-06-11,2026-06,7,0,0
15520,mecigdem,1,2026-06-11,2026-06,0,1,0
15521,okelepe,1,2026-06-11,2026-06,1,0,0
15522,fgulsever,57,2026-06-11,2026-06,0,57,0
15523,itopcu,36,2026-06-11,2026-06,36,0,0
15524,zyuksel,222,2026-06-11,2026-06,222,0,0
15525,ierdil,14,2026-06-11,2026-06,7,7,0
15526,nkaya,1,2026-06-11,2026-06,0,1,0
15527,satinalmastajyer,4,2026-06-11,2026-06,4,0,0
15528,mkarsiv,2,2026-06-11,2026-06,2,0,0
15529,egonce,34,2026-06-11,2026-06,25,9,0
15530,msevim,21,2026-06-11,2026-06,1,20,0
15531,hbinay,2,2026-06-11,2026-06,2,0,0
15532,gbalvan,13,2026-06-11,2026-06,0,13,0
15533,bfirat,1,2026-06-11,2026-06,0,1,0
15534,udalyan,3,2026-06-11,2026-06,3,0,0
15535,fcolak,2,2026-06-11,2026-06,2,0,0
15536,aapak,6,2026-06-11,2026-06,0,6,0
15537,fimetin,7,2026-06-11,2026-06,7,0,0
15538,ekaragoz,1,2026-06-11,2026-06,0,1,0
15539,gekim,94,2026-06-11,2026-06,0,94,0
15540,ttlideri,3,2026-06-11,2026-06,3,0,0
15541,asablon,2,2026-06-11,2026-06,2,0,0
15542,mkarabiyik,3,2026-06-11,2026-06,2,1,0
15543,sucakir,5,2026-06-11,2026-06,4,1,0
15544,mertan,1,2026-06-11,2026-06,0,1,0
15545,ayyilmaz,48,2026-06-11,2026-06,48,0,0
15546,tevirgen,36,2026-06-11,2026-06,8,28,0
15547,ggirgin,11,2026-06-11,2026-06,5,6,0
15548,fakgul,2,2026-06-11,2026-06,1,1,0
15549,ogungor,1,2026-06-11,2026-06,1,0,0
15550,TIRMAK,1,2026-06-11,2026-06,1,0,0
15551,aozgun,32,2026-06-11,2026-06,32,0,0
15552,ckarahasan,59,2026-06-11,2026-06,41,18,0
15553,fozay,48,2026-06-11,2026-06,44,4,0
15554,zkurt,1,2026-06-11,2026-06,1,0,0
15555,eulsever,17,2026-06-11,2026-06,17,0,0
15556,ierdil,107,2026-06-12,2026-06,2,105,0
15557,gakca,1,2026-06-12,2026-06,1,0,0
15558,udalyan,8,2026-06-12,2026-06,5,3,0
15559,itopcu,1,2026-06-12,2026-06,1,0,0
15560,mguder,7,2026-06-12,2026-06,7,0,0
15561,zyuksel,10,2026-06-12,2026-06,5,0,5
15562,mguray,8,2026-06-12,2026-06,0,8,0
15563,VBAYANER,28,2026-06-12,2026-06,28,0,0
15564,acelebi,2,2026-06-12,2026-06,2,0,0
15565,mkarsiv,1,2026-06-12,2026-06,1,0,0
15566,herbilgin,3,2026-06-12,2026-06,3,0,0
15567,fdeniz,4,2026-06-12,2026-06,4,0,0
15568,gbalvan,7,2026-06-12,2026-06,0,7,0
15569,bfirat,5,2026-06-12,2026-06,4,1,0
15570,fozay,8,2026-06-12,2026-06,5,3,0
15571,stjegitim,23,2026-06-12,2026-06,3,6,14
15572,amasun,5,2026-06-12,2026-06,5,0,0
15573,eulsever,102,2026-06-12,2026-06,102,0,0
15574,nbolkis,8,2026-06-12,2026-06,8,0,0
15575,akamera,5,2026-06-12,2026-06,0,5,0
15576,ayetik,1,2026-06-12,2026-06,1,0,0
15577,ckarahasan,17,2026-06-12,2026-06,7,10,0
15578,asablon,2,2026-06-12,2026-06,2,0,0
15579,ykiye,30,2026-06-12,2026-06,30,0,0
15580,mkofis,26,2026-06-12,2026-06,1,25,0
15581,obali,3,2026-06-12,2026-06,1,1,1
15582,bkibar,1,2026-06-12,2026-06,1,0,0
15583,bsamuk,1,2026-06-12,2026-06,1,0,0
15584,ggirgin,17,2026-06-12,2026-06,16,1,0
15585,ayyilmaz,1,2026-06-12,2026-06,1,0,0
15586,tevirgen,30,2026-06-12,2026-06,20,10,0
15587,gayilmaz,1,2026-06-12,2026-06,1,0,0
15588,ogungor,59,2026-06-12,2026-06,59,0,0
15589,MMUTLU,31,2026-06-12,2026-06,15,8,8
15590,rkontrol,2,2026-06-13,2026-06,2,0,0
15591,oicoz,2,2026-06-13,2026-06,2,0,0
15592,asablon,2,2026-06-13,2026-06,2,0,0
15593,fgulsever,3,2026-06-14,2026-06,0,3,0
15594,ersener,7,2026-06-14,2026-06,7,0,0
15595,mkarsiv,1,2026-06-14,2026-06,1,0,0
15596,fcolak,2,2026-06-14,2026-06,2,0,0
15597,rkontrol,3,2026-06-14,2026-06,0,3,0
15598,ierdil,5,2026-06-14,2026-06,3,2,0
15599,aapak,37,2026-06-14,2026-06,0,37,0
15600,gekim,61,2026-06-14,2026-06,0,61,0
15601,fbalaban,2,2026-06-14,2026-06,2,0,0
15602,dnoic,1,2026-06-14,2026-06,1,0,0
15603,mkofis,22,2026-06-14,2026-06,21,1,0
15604,aayhan,39,2026-06-14,2026-06,9,26,4
15605,ogun,6,2026-06-14,2026-06,6,0,0
15606,abarkod,34,2026-06-14,2026-06,0,34,0
15607,sfirinci,3,2026-06-14,2026-06,3,0,0
15608,gsapmaz,3,2026-06-15,2026-06,2,1,0
15609,nakilli,8,2026-06-15,2026-06,5,0,3
15610,aapak,29,2026-06-15,2026-06,18,11,0
15611,udalyan,5,2026-06-15,2026-06,2,3,0
15612,mecigdem,1,2026-06-15,2026-06,0,1,0
15613,okelepe,1,2026-06-15,2026-06,0,1,0
15614,fgulsever,2,2026-06-15,2026-06,0,2,0
15615,zyuksel,1,2026-06-15,2026-06,1,0,0
15616,ierdil,15,2026-06-15,2026-06,8,7,0
15617,gdogruyurur,27,2026-06-15,2026-06,24,3,0
15618,aildeniz,12,2026-06-15,2026-06,7,5,0
15619,mciftci,1,2026-06-15,2026-06,0,1,0
15620,fbalaban,1,2026-06-15,2026-06,0,1,0
15621,fcolak,9,2026-06-15,2026-06,8,1,0
15622,mbayirli,3,2026-06-15,2026-06,3,0,0
15623,msevim,5,2026-06-15,2026-06,2,3,0
15624,eozkan,2,2026-06-15,2026-06,2,0,0
15625,akapucu,7,2026-06-15,2026-06,0,0,7
15626,ebadem,1,2026-06-15,2026-06,1,0,0
15627,fozay,4,2026-06-15,2026-06,4,0,0
15628,gekim,50,2026-06-15,2026-06,0,50,0
15629,dnoic,2,2026-06-15,2026-06,2,0,0
15630,akamera,15,2026-06-15,2026-06,7,8,0
15631,abarkod,6,2026-06-15,2026-06,0,6,0
15632,tcapkin,5,2026-06-15,2026-06,2,3,0
15633,ntanriverdi,2,2026-06-15,2026-06,0,2,0
15634,ayetik,8,2026-06-15,2026-06,8,0,0
15635,amasun,26,2026-06-15,2026-06,2,24,0
15636,fyilanci,2,2026-06-15,2026-06,0,2,0
15637,dyavuzkasap,2,2026-06-15,2026-06,2,0,0
15638,MMUTLU,222,2026-06-15,2026-06,212,10,0
15639,yercin,2,2026-06-15,2026-06,1,1,0
15640,bkibar,4,2026-06-15,2026-06,0,4,0
15641,sucakir,22,2026-06-15,2026-06,11,11,0
15642,ggirgin,148,2026-06-15,2026-06,148,0,0
15643,mertan,9,2026-06-15,2026-06,0,9,0
15644,tevirgen,25,2026-06-15,2026-06,25,0,0
15645,gayilmaz,17,2026-06-15,2026-06,17,0,0
15646,aozgun,8,2026-06-15,2026-06,7,1,0
15647,oicoz,8,2026-06-15,2026-06,1,7,0
15648,ckarahasan,53,2026-06-15,2026-06,29,24,0
15649,fimetin,15,2026-06-15,2026-06,13,2,0
15650,mguray,2,2026-06-16,2026-06,2,0,0
15651,ierdil,6,2026-06-16,2026-06,1,5,0
15652,zyuksel,4,2026-06-16,2026-06,1,2,1
15653,gsapmaz,2,2026-06-16,2026-06,2,0,0
15654,mecigdem,4,2026-06-16,2026-06,1,3,0
15655,BSOGUT,4,2026-06-16,2026-06,4,0,0
15656,hakand,1,2026-06-16,2026-06,1,0,0
15657,udalyan,2,2026-06-16,2026-06,0,1,1
15658,cadonmez,3,2026-06-16,2026-06,0,3,0
15659,aapak,15,2026-06-16,2026-06,0,15,0
15660,okelepe,10,2026-06-16,2026-06,0,10,0
15661,acelebi,16,2026-06-16,2026-06,16,0,0
15662,aozgun,14,2026-06-16,2026-06,14,0,0
15663,fcolak,9,2026-06-16,2026-06,8,1,0
15664,mkarsiv,2,2026-06-16,2026-06,2,0,0
15665,ddcozgu,2,2026-06-16,2026-06,2,0,0
15666,egonce,234,2026-06-16,2026-06,231,3,0
15667,mbayirli,5,2026-06-16,2026-06,5,0,0
15668,msevim,4,2026-06-16,2026-06,1,3,0
15669,hbinay,3,2026-06-16,2026-06,3,0,0
15670,eozkan,4,2026-06-16,2026-06,3,1,0
15671,gbalvan,10,2026-06-16,2026-06,0,10,0
15672,akocak,1,2026-06-16,2026-06,0,1,0
15673,bfirat,1,2026-06-16,2026-06,0,1,0
15674,gakca,6,2026-06-16,2026-06,6,0,0
15675,aakyildiz,3,2026-06-16,2026-06,3,0,0
15676,sfirinci,5,2026-06-16,2026-06,4,1,0
15677,sucakir,3,2026-06-16,2026-06,3,0,0
15678,gbakanoglu,10,2026-06-16,2026-06,10,0,0
15679,akamera,3,2026-06-16,2026-06,3,0,0
15680,ntanriverdi,8,2026-06-16,2026-06,0,8,0
15681,asablon,4,2026-06-16,2026-06,4,0,0
15682,ogun,22,2026-06-16,2026-06,6,15,1
15683,aayhan,126,2026-06-16,2026-06,23,74,29
15684,obali,3,2026-06-16,2026-06,3,0,0
15685,gekim,80,2026-06-16,2026-06,0,80,0
15686,fimetin,8,2026-06-16,2026-06,5,3,0
15687,gkenarli,2,2026-06-16,2026-06,2,0,0
15688,ggirgin,6,2026-06-16,2026-06,6,0,0
15689,mertan,139,2026-06-16,2026-06,37,102,0
15690,ayyilmaz,3,2026-06-16,2026-06,3,0,0
15691,MMUTLU,14,2026-06-16,2026-06,14,0,0
15692,gayilmaz,9,2026-06-16,2026-06,8,1,0
15693,tevirgen,17,2026-06-16,2026-06,8,8,1
15694,ekaragoz,3,2026-06-16,2026-06,1,0,2
15695,fozay,24,2026-06-16,2026-06,24,0,0
15696,beozturk,1,2026-06-16,2026-06,1,0,0
15697,caozturk,11,2026-06-16,2026-06,7,0,4
15698,amasun,85,2026-06-16,2026-06,0,85,0
15699,ckarahasan,11,2026-06-16,2026-06,8,3,0
15700,mkorucu,4,2026-06-16,2026-06,4,0,0
15701,oicoz,24,2026-06-16,2026-06,15,9,0
15702,fakgul,2,2026-06-16,2026-06,2,0,0
15703,dnoic,21,2026-06-16,2026-06,19,1,1
15704,aapak,6,2026-06-17,2026-06,0,6,0
15705,hakand,1,2026-06-17,2026-06,1,0,0
15706,mecigdem,1,2026-06-17,2026-06,0,1,0
15707,udalyan,6,2026-06-17,2026-06,3,3,0
15708,oguler,1,2026-06-17,2026-06,1,0,0
15709,SUYILMAZ,1,2026-06-17,2026-06,1,0,0
15710,sfirinci,2,2026-06-17,2026-06,2,0,0
15711,iunlu,5,2026-06-17,2026-06,3,2,0
15712,gekim,71,2026-06-17,2026-06,0,71,0
15713,gbakanoglu,6,2026-06-17,2026-06,6,0,0
15714,esaribuyuk,1,2026-06-17,2026-06,0,1,0
15715,gakca,7,2026-06-17,2026-06,5,2,0
15716,fgulsever,30,2026-06-17,2026-06,0,30,0
15717,ekaragoz,2,2026-06-17,2026-06,2,0,0
15718,zyuksel,3,2026-06-17,2026-06,0,3,0
15719,ierdil,12,2026-06-17,2026-06,5,7,0
15720,mguray,1,2026-06-17,2026-06,1,0,0
15721,egonce,25,2026-06-17,2026-06,11,14,0
15722,fdeniz,2,2026-06-17,2026-06,2,0,0
15723,mbayirli,4,2026-06-17,2026-06,4,0,0
15724,msevim,12,2026-06-17,2026-06,1,11,0
15725,hbinay,4,2026-06-17,2026-06,4,0,0
15726,sapra,37,2026-06-17,2026-06,28,9,0
15727,eozkan,14,2026-06-17,2026-06,0,0,14
15728,bfirat,43,2026-06-17,2026-06,29,14,0
15729,VBAYANER,66,2026-06-17,2026-06,52,14,0
15730,gsapmaz,1,2026-06-17,2026-06,1,0,0
15731,fozay,21,2026-06-17,2026-06,18,3,0
15732,ckarahasan,22,2026-06-17,2026-06,11,11,0
15733,caozturk,2,2026-06-17,2026-06,2,0,0
15734,amasun,48,2026-06-17,2026-06,0,48,0
15735,akamera,10,2026-06-17,2026-06,10,0,0
15736,abarkod,1,2026-06-17,2026-06,0,1,0
15737,edemirbas,12,2026-06-17,2026-06,1,2,9
15738,ayetik,1,2026-06-17,2026-06,1,0,0
15739,asablon,2,2026-06-17,2026-06,2,0,0
15740,tyaman,8,2026-06-17,2026-06,8,0,0
15741,nkorkmaz,16,2026-06-17,2026-06,0,16,0
15742,hktlideri,13,2026-06-17,2026-06,0,13,0
15743,aayhan,23,2026-06-17,2026-06,11,12,0
15744,mkarabiyik,4,2026-06-17,2026-06,0,4,0
15745,obali,6,2026-06-17,2026-06,6,0,0
15746,MMUTLU,215,2026-06-17,2026-06,12,203,0
15747,ntanriverdi,2,2026-06-17,2026-06,0,2,0
15748,snazli,22,2026-06-17,2026-06,22,0,0
15749,dnoic,5,2026-06-17,2026-06,1,3,1
15750,fimetin,32,2026-06-17,2026-06,18,14,0
15751,oicoz,5,2026-06-17,2026-06,4,1,0
15752,aozgun,27,2026-06-17,2026-06,15,1,11
15753,gayilmaz,8,2026-06-17,2026-06,8,0,0
15754,mkorucu,10,2026-06-17,2026-06,10,0,0
15755,ayyilmaz,2,2026-06-17,2026-06,2,0,0
15756,mertan,6,2026-06-17,2026-06,5,1,0
15757,ggirgin,179,2026-06-17,2026-06,170,0,9
15758,gkenarli,2,2026-06-17,2026-06,2,0,0
15759,tevirgen,12,2026-06-17,2026-06,2,10,0
15760,gbakanoglu,21,2026-06-18,2026-06,21,0,0
15761,fgulsever,17,2026-06-18,2026-06,0,17,0
15762,gekim,70,2026-06-18,2026-06,0,70,0
15763,gakca,7,2026-06-18,2026-06,7,0,0
15764,aapak,74,2026-06-18,2026-06,0,74,0
15765,udalyan,3,2026-06-18,2026-06,2,1,0
15766,hakand,3,2026-06-18,2026-06,2,1,0
15767,BSOGUT,1,2026-06-18,2026-06,0,0,1
15768,itopcu,3,2026-06-18,2026-06,3,0,0
15769,mkarsiv,6,2026-06-18,2026-06,5,1,0
15770,ierdil,13,2026-06-18,2026-06,6,7,0
15771,bbugdayci,1,2026-06-18,2026-06,0,1,0
15772,stjegitim,20,2026-06-18,2026-06,3,17,0
15773,egonce,37,2026-06-18,2026-06,36,1,0
15774,msevim,13,2026-06-18,2026-06,1,12,0
15775,ersener,1,2026-06-18,2026-06,1,0,0
15776,akapucu,1,2026-06-18,2026-06,0,0,1
15777,fozay,2,2026-06-18,2026-06,2,0,0
15778,gsapmaz,2,2026-06-18,2026-06,0,0,2
15779,amasun,85,2026-06-18,2026-06,0,85,0
15780,ytinmaz,3,2026-06-18,2026-06,3,0,0
15781,dnoic,76,2026-06-18,2026-06,75,0,1
15782,akamera,17,2026-06-18,2026-06,5,12,0
15783,abarkod,7,2026-06-18,2026-06,0,7,0
15784,caozturk,1,2026-06-18,2026-06,1,0,0
15785,ttlideri,4,2026-06-18,2026-06,4,0,0
15786,ntanriverdi,2,2026-06-18,2026-06,0,2,0
15787,asablon,2,2026-06-18,2026-06,2,0,0
15788,hktlideri,4,2026-06-18,2026-06,4,0,0
15789,aayhan,3,2026-06-18,2026-06,2,1,0
15790,fyilanci,2,2026-06-18,2026-06,0,2,0
15791,edemirbas,14,2026-06-18,2026-06,7,0,7
15792,obali,5,2026-06-18,2026-06,0,5,0
15793,fimetin,14,2026-06-18,2026-06,14,0,0
15794,sucakir,5,2026-06-18,2026-06,4,1,0
15795,ggirgin,23,2026-06-18,2026-06,20,3,0
15796,ayyilmaz,1,2026-06-18,2026-06,1,0,0
15797,tevirgen,26,2026-06-18,2026-06,4,5,17
15798,gayilmaz,1,2026-06-18,2026-06,1,0,0
15799,oicoz,5,2026-06-18,2026-06,5,0,0
15800,ckarahasan,24,2026-06-18,2026-06,19,5,0
15801,dyavuzkasap,9,2026-06-18,2026-06,9,0,0
15802,bsakrak,10,2026-06-19,2026-06,10,0,0
15803,gakca,1,2026-06-19,2026-06,1,0,0
15804,udalyan,16,2026-06-19,2026-06,3,1,12
15805,hakand,3,2026-06-19,2026-06,2,1,0
15806,itopcu,1,2026-06-19,2026-06,1,0,0
15807,baozturk,3,2026-06-19,2026-06,1,2,0
15808,msevim,2,2026-06-19,2026-06,0,2,0
15809,mguray,1,2026-06-19,2026-06,1,0,0
15810,stjegitim,217,2026-06-19,2026-06,190,20,7
15811,nkaya,8,2026-06-19,2026-06,0,8,0
15812,mmollaoglu,11,2026-06-19,2026-06,6,1,4
15813,gbalvan,5,2026-06-19,2026-06,0,5,0
15814,ierdil,7,2026-06-19,2026-06,2,5,0
15815,amasun,31,2026-06-19,2026-06,0,31,0
15816,fozay,37,2026-06-19,2026-06,37,0,0
15817,oicoz,7,2026-06-19,2026-06,3,4,0
15818,ckarahasan,26,2026-06-19,2026-06,10,16,0
15819,akamera,1,2026-06-19,2026-06,1,0,0
15820,asablon,4,2026-06-19,2026-06,3,1,0
15821,hktlideri,17,2026-06-19,2026-06,17,0,0
15822,MMUTLU,11,2026-06-19,2026-06,11,0,0
15823,fimetin,12,2026-06-19,2026-06,12,0,0
15824,bkibar,1,2026-06-19,2026-06,0,1,0
15825,eatasoy,1,2026-06-19,2026-06,1,0,0
15826,ggirgin,14,2026-06-19,2026-06,14,0,0
15827,ekaradavut,2,2026-06-19,2026-06,2,0,0
15828,ayyilmaz,16,2026-06-19,2026-06,0,16,0
15829,gayilmaz,4,2026-06-19,2026-06,4,0,0
15830,tevirgen,47,2026-06-19,2026-06,7,27,13
15831,sucakir,17,2026-06-19,2026-06,17,0,0
15832,rkontrol,1,2026-06-20,2026-06,1,0,0
15833,oicoz,3,2026-06-20,2026-06,3,0,0
15834,asablon,2,2026-06-20,2026-06,2,0,0
15835,sapra,50,2026-06-21,2026-06,23,3,24
15836,egonce,10,2026-06-21,2026-06,7,3,0
15837,aapak,67,2026-06-21,2026-06,0,67,0
15838,ierdil,9,2026-06-21,2026-06,2,7,0
15839,fgulsever,40,2026-06-21,2026-06,0,40,0
15840,okelepe,18,2026-06-21,2026-06,0,18,0
15841,sfirinci,4,2026-06-21,2026-06,3,1,0
15842,mkarabiyik,20,2026-06-21,2026-06,10,10,0
15843,fbalaban,2,2026-06-21,2026-06,2,0,0
15844,ekaragoz,2,2026-06-21,2026-06,1,0,1
15845,dnoic,5,2026-06-21,2026-06,4,1,0
15846,aozgun,20,2026-06-21,2026-06,20,0,0
15847,TIRMAK,2,2026-06-21,2026-06,2,0,0
15848,abarkod,8,2026-06-21,2026-06,0,8,0
15849,gekim,95,2026-06-21,2026-06,0,95,0
15850,nakilli,1,2026-06-22,2026-06,0,1,0
15851,fbalaban,1,2026-06-22,2026-06,1,0,0
15852,gekim,48,2026-06-22,2026-06,0,48,0
15853,bsakrak,199,2026-06-22,2026-06,193,6,0
15854,sfirinci,2,2026-06-22,2026-06,1,1,0
15855,gakca,13,2026-06-22,2026-06,10,3,0
15856,aapak,54,2026-06-22,2026-06,0,54,0
15857,caozturk,58,2026-06-22,2026-06,55,1,2
15858,hakand,106,2026-06-22,2026-06,104,2,0
15859,fgulsever,18,2026-06-22,2026-06,0,18,0
15860,gsapmaz,3,2026-06-22,2026-06,2,1,0
15861,ierdil,10,2026-06-22,2026-06,2,8,0
15862,mguray,2,2026-06-22,2026-06,2,0,0
15863,egonce,18,2026-06-22,2026-06,18,0,0
15864,bfirat,16,2026-06-22,2026-06,16,0,0
15865,VBAYANER,4,2026-06-22,2026-06,0,4,0
15866,dnoic,3,2026-06-22,2026-06,3,0,0
15867,udalyan,22,2026-06-22,2026-06,13,8,1
15868,mkorucu,1,2026-06-22,2026-06,1,0,0
15869,ckarahasan,18,2026-06-22,2026-06,14,4,0
15870,akamera,21,2026-06-22,2026-06,9,12,0
15871,bkibar,1,2026-06-22,2026-06,0,1,0
15872,asablon,4,2026-06-22,2026-06,2,2,0
15873,obali,10,2026-06-22,2026-06,8,2,0
15874,MMUTLU,15,2026-06-22,2026-06,9,5,1
15875,fimetin,24,2026-06-22,2026-06,0,24,0
15876,sucakir,7,2026-06-22,2026-06,7,0,0
15877,aayhan,5,2026-06-22,2026-06,3,2,0
15878,ggirgin,59,2026-06-22,2026-06,56,3,0
15879,ekaradavut,1,2026-06-22,2026-06,0,1,0
15880,ayyilmaz,1,2026-06-22,2026-06,0,1,0
15881,tevirgen,4,2026-06-22,2026-06,0,4,0
15882,gayilmaz,1,2026-06-22,2026-06,1,0,0
15883,ogungor,2,2026-06-22,2026-06,2,0,0
15884,aozgun,3,2026-06-22,2026-06,3,0,0
15885,snazli,18,2026-06-22,2026-06,18,0,0
15886,zyuksel,6,2026-06-23,2026-06,3,2,1
15887,gsapmaz,3,2026-06-23,2026-06,3,0,0
15888,itopcu,5,2026-06-23,2026-06,5,0,0
15889,aapak,48,2026-06-23,2026-06,12,36,0
15890,hakand,34,2026-06-23,2026-06,28,6,0
15891,udalyan,5,2026-06-23,2026-06,0,4,1
15892,ierdil,12,2026-06-23,2026-06,3,9,0
15893,fgulsever,122,2026-06-23,2026-06,5,117,0
15894,aildeniz,6,2026-06-23,2026-06,6,0,0
15895,bfirat,8,2026-06-23,2026-06,8,0,0
15896,cyildiz,2,2026-06-23,2026-06,0,2,0
15897,fcolak,5,2026-06-23,2026-06,3,2,0
15898,egonce,111,2026-06-23,2026-06,110,1,0
15899,hbinay,5,2026-06-23,2026-06,5,0,0
15900,mmollaoglu,18,2026-06-23,2026-06,12,0,6
15901,gbalvan,4,2026-06-23,2026-06,0,4,0
15902,ersener,4,2026-06-23,2026-06,4,0,0
15903,ubasdas,1,2026-06-23,2026-06,1,0,0
15904,VBAYANER,4,2026-06-23,2026-06,0,4,0
15905,ytinmaz,9,2026-06-23,2026-06,9,0,0
15906,gakca,4,2026-06-23,2026-06,4,0,0
15907,gekim,20,2026-06-23,2026-06,0,20,0
15908,caozturk,36,2026-06-23,2026-06,35,0,1
15909,akamera,1,2026-06-23,2026-06,1,0,0
15910,ntanriverdi,10,2026-06-23,2026-06,0,10,0
15911,bkibar,4,2026-06-23,2026-06,0,4,0
15912,asablon,2,2026-06-23,2026-06,2,0,0
15913,eatansay,2,2026-06-23,2026-06,2,0,0
15914,nkorkmaz,5,2026-06-23,2026-06,4,1,0
15915,MMUTLU,4,2026-06-23,2026-06,3,1,0
15916,fimetin,11,2026-06-23,2026-06,5,6,0
15917,sucakir,1,2026-06-23,2026-06,0,1,0
15918,abarkod,3,2026-06-23,2026-06,0,3,0
15919,eatasoy,4,2026-06-23,2026-06,2,2,0
15920,ggirgin,143,2026-06-23,2026-06,142,1,0
15921,mertan,12,2026-06-23,2026-06,6,6,0
15922,ayyilmaz,1,2026-06-23,2026-06,1,0,0
15923,tevirgen,35,2026-06-23,2026-06,18,12,5
15924,gayilmaz,5,2026-06-23,2026-06,5,0,0
15925,oicoz,10,2026-06-23,2026-06,6,4,0
15926,ckarahasan,9,2026-06-23,2026-06,3,6,0
15927,dnoic,32,2026-06-23,2026-06,30,1,1
15928,snazli,2,2026-06-23,2026-06,2,0,0
15929,mguder,10,2026-06-24,2026-06,10,0,0
15930,gsapmaz,1,2026-06-24,2026-06,1,0,0
15931,gakca,3,2026-06-24,2026-06,3,0,0
15932,udalyan,48,2026-06-24,2026-06,3,0,45
15933,aapak,78,2026-06-24,2026-06,0,78,0
15934,zyuksel,5,2026-06-24,2026-06,0,0,5
15935,fgulsever,58,2026-06-24,2026-06,3,55,0
15936,ierdil,15,2026-06-24,2026-06,8,7,0
15937,msevim,8,2026-06-24,2026-06,2,6,0
15938,fcolak,4,2026-06-24,2026-06,4,0,0
15939,mkarsiv,5,2026-06-24,2026-06,5,0,0
15940,egonce,62,2026-06-24,2026-06,62,0,0
15941,sapra,1,2026-06-24,2026-06,0,0,1
15942,gbalvan,8,2026-06-24,2026-06,0,8,0
15943,bfirat,9,2026-06-24,2026-06,9,0,0
15944,VBAYANER,30,2026-06-24,2026-06,30,0,0
15945,gekim,51,2026-06-24,2026-06,0,51,0
15946,nkaya,1,2026-06-24,2026-06,1,0,0
15947,fozay,14,2026-06-24,2026-06,14,0,0
15948,ayyilmaz,1,2026-06-24,2026-06,0,1,0
15949,ckarahasan,16,2026-06-24,2026-06,11,5,0
15950,beozturk,1,2026-06-24,2026-06,1,0,0
15951,akamera,6,2026-06-24,2026-06,6,0,0
15952,abarkod,1,2026-06-24,2026-06,0,1,0
15953,oyurtsever,11,2026-06-24,2026-06,0,11,0
15954,asablon,4,2026-06-24,2026-06,4,0,0
15955,nkorkmaz,15,2026-06-24,2026-06,0,0,15
15956,aayhan,11,2026-06-24,2026-06,8,1,2
15957,ykiye,16,2026-06-24,2026-06,16,0,0
15958,mkarabiyik,2,2026-06-24,2026-06,0,2,0
15959,cer,4,2026-06-24,2026-06,4,0,0
15960,fimetin,2,2026-06-24,2026-06,2,0,0
15961,ggirgin,1,2026-06-24,2026-06,1,0,0
15962,oseker,74,2026-06-24,2026-06,15,59,0
15963,tevirgen,104,2026-06-24,2026-06,70,34,0
15964,eulsever,2,2026-06-24,2026-06,2,0,0
15965,gayilmaz,16,2026-06-24,2026-06,16,0,0
15966,aozgun,1,2026-06-24,2026-06,1,0,0
15967,MMUTLU,12,2026-06-24,2026-06,0,12,0
15968,mguder,1,2026-06-25,2026-06,1,0,0
15969,gekim,19,2026-06-25,2026-06,0,19,0
15970,gakca,2,2026-06-25,2026-06,2,0,0
15971,aapak,48,2026-06-25,2026-06,0,48,0
15972,BSOGUT,6,2026-06-25,2026-06,0,0,6
15973,fgulsever,107,2026-06-25,2026-06,0,107,0
15974,baozturk,3,2026-06-25,2026-06,0,3,0
15975,zyuksel,24,2026-06-25,2026-06,0,24,0
15976,bfirat,36,2026-06-25,2026-06,16,20,0
15977,nkaya,5,2026-06-25,2026-06,5,0,0
15978,fcolak,5,2026-06-25,2026-06,5,0,0
15979,mkarsiv,2,2026-06-25,2026-06,2,0,0
15980,egonce,6,2026-06-25,2026-06,6,0,0
15981,fdeniz,2,2026-06-25,2026-06,2,0,0
15982,msevim,2,2026-06-25,2026-06,1,1,0
15983,gbalvan,5,2026-06-25,2026-06,0,5,0
15984,gbakanoglu,2,2026-06-25,2026-06,2,0,0
15985,VBAYANER,2,2026-06-25,2026-06,0,2,0
15986,ierdil,8,2026-06-25,2026-06,1,7,0
15987,dnoic,14,2026-06-25,2026-06,14,0,0
15988,gayilmaz,20,2026-06-25,2026-06,16,4,0
15989,gcevik,1,2026-06-25,2026-06,1,0,0
15990,akamera,2,2026-06-25,2026-06,2,0,0
15991,abarkod,9,2026-06-25,2026-06,0,9,0
15992,ntanriverdi,3,2026-06-25,2026-06,0,3,0
15993,bkibar,2,2026-06-25,2026-06,0,2,0
15994,ckarahasan,51,2026-06-25,2026-06,43,8,0
15995,hktlideri,4,2026-06-25,2026-06,4,0,0
15996,mkarabiyik,2,2026-06-25,2026-06,0,2,0
15997,obali,1,2026-06-25,2026-06,1,0,0
15998,MMUTLU,42,2026-06-25,2026-06,22,0,20
15999,asablon,2,2026-06-25,2026-06,2,0,0
16000,snazli,10,2026-06-25,2026-06,10,0,0
16001,ggirgin,5,2026-06-25,2026-06,3,2,0
16002,ayyilmaz,1,2026-06-25,2026-06,1,0,0
16003,tevirgen,95,2026-06-25,2026-06,11,83,1
16004,eulsever,4,2026-06-25,2026-06,0,4,0
16005,okanat,2,2026-06-25,2026-06,2,0,0
16006,oicoz,27,2026-06-25,2026-06,27,0,0
16007,mkorucu,1,2026-06-25,2026-06,1,0,0
16008,fimetin,5,2026-06-25,2026-06,0,5,0
16009,gakca,3,2026-06-26,2026-06,3,0,0
16010,mguder,4,2026-06-26,2026-06,4,0,0
16011,ierdil,6,2026-06-26,2026-06,0,6,0
16012,fozay,24,2026-06-26,2026-06,24,0,0
16013,eozkan,1,2026-06-26,2026-06,1,0,0
16014,gbalvan,9,2026-06-26,2026-06,0,9,0
16015,bfirat,11,2026-06-26,2026-06,10,1,0
16016,msevim,6,2026-06-26,2026-06,0,6,0
16017,ckarahasan,36,2026-06-26,2026-06,10,26,0
16018,obali,61,2026-06-26,2026-06,61,0,0
16019,tevirgen,43,2026-06-26,2026-06,38,5,0
16020,mertan,4,2026-06-26,2026-06,1,3,0
16021,ggirgin,6,2026-06-26,2026-06,6,0,0
16022,fimetin,19,2026-06-26,2026-06,3,16,0
16023,MMUTLU,8,2026-06-26,2026-06,3,1,4
16024,gayilmaz,1,2026-06-26,2026-06,1,0,0
16025,hktlideri,21,2026-06-26,2026-06,15,6,0
16026,bkibar,2,2026-06-26,2026-06,0,2,0
16027,bsakrak,5,2026-06-27,2026-06,5,0,0
16028,uunver,5,2026-06-28,2026-06,5,0,0
16029,aakyildiz,2,2026-06-28,2026-06,2,0,0
16030,aildeniz,1,2026-06-28,2026-06,1,0,0
16031,ierdil,24,2026-06-28,2026-06,6,18,0
16032,fgulsever,10,2026-06-28,2026-06,2,8,0
16033,aapak,49,2026-06-28,2026-06,0,49,0
16034,sfirinci,6,2026-06-28,2026-06,5,1,0
16035,fcolak,5,2026-06-28,2026-06,5,0,0
16036,dnoic,20,2026-06-28,2026-06,20,0,0
16037,aozgun,19,2026-06-28,2026-06,19,0,0
16038,aayhan,3,2026-06-28,2026-06,3,0,0
16039,nkorkmaz,2,2026-06-28,2026-06,0,2,0
16040,edemirbas,12,2026-06-28,2026-06,6,0,6
16041,gekim,99,2026-06-28,2026-06,0,99,0
16042,abarkod,2,2026-06-28,2026-06,0,2,0
16043,ierdil,10,2026-06-29,2026-06,3,7,0
16044,zyuksel,2,2026-06-29,2026-06,1,1,0
16045,mguder,27,2026-06-29,2026-06,0,27,0
16046,fgulsever,96,2026-06-29,2026-06,2,94,0
16047,itopcu,6,2026-06-29,2026-06,6,0,0
16048,mguray,4,2026-06-29,2026-06,4,0,0
16049,BSOGUT,8,2026-06-29,2026-06,4,2,2
16050,hakand,6,2026-06-29,2026-06,4,2,0
16051,baozturk,7,2026-06-29,2026-06,0,7,0
16052,ebadem,2,2026-06-29,2026-06,2,0,0
16053,mkarsiv,3,2026-06-29,2026-06,3,0,0
16054,bbugdayci,20,2026-06-29,2026-06,18,2,0
16055,egonce,18,2026-06-29,2026-06,16,2,0
16056,msevim,28,2026-06-29,2026-06,4,24,0
16057,sapra,26,2026-06-29,2026-06,17,0,9
16058,eozkan,6,2026-06-29,2026-06,4,2,0
16059,gbalvan,7,2026-06-29,2026-06,0,7,0
16060,bfirat,4,2026-06-29,2026-06,4,0,0
16061,VBAYANER,32,2026-06-29,2026-06,11,21,0
16062,udalyan,20,2026-06-29,2026-06,11,9,0
16063,cadonmez,1,2026-06-29,2026-06,0,1,0
16064,aapak,68,2026-06-29,2026-06,0,68,0
16065,nakilli,1,2026-06-29,2026-06,0,1,0
16066,gakca,3,2026-06-29,2026-06,2,1,0
16067,akamera,9,2026-06-29,2026-06,3,6,0
16068,abarkod,42,2026-06-29,2026-06,0,42,0
16069,ntanriverdi,89,2026-06-29,2026-06,0,89,0
16070,nkorkmaz,1,2026-06-29,2026-06,0,1,0
16071,aayhan,3,2026-06-29,2026-06,3,0,0
16072,makkus,4,2026-06-29,2026-06,4,0,0
16073,MMUTLU,4,2026-06-29,2026-06,3,1,0
16074,fimetin,24,2026-06-29,2026-06,18,6,0
16075,snazli,28,2026-06-29,2026-06,28,0,0
16076,mkarabiyik,2,2026-06-29,2026-06,0,2,0
16077,ayyilmaz,1,2026-06-29,2026-06,1,0,0
16078,ggirgin,32,2026-06-29,2026-06,14,18,0
16079,scabuker,10,2026-06-29,2026-06,0,10,0
16080,fbalaban,2,2026-06-29,2026-06,2,0,0
16081,fozay,1,2026-06-29,2026-06,0,1,0
16082,gekim,63,2026-06-29,2026-06,0,63,0
16083,ckarahasan,11,2026-06-29,2026-06,8,3,0
16084,gayilmaz,25,2026-06-29,2026-06,23,2,0
16085,tevirgen,16,2026-06-29,2026-06,12,4,0
16086,dnoic,1,2026-06-29,2026-06,1,0,0
16087,mguder,31,2026-06-30,2026-06,2,29,0
16088,gakca,9,2026-06-30,2026-06,9,0,0
16089,ubasdas,3,2026-06-30,2026-06,2,1,0
16090,aapak,76,2026-06-30,2026-06,12,64,0
16091,udalyan,6,2026-06-30,2026-06,4,2,0
16092,BSOGUT,1,2026-06-30,2026-06,0,1,0
16093,fgulsever,40,2026-06-30,2026-06,0,40,0
16094,baozturk,9,2026-06-30,2026-06,0,9,0
16095,carican,7,2026-06-30,2026-06,7,0,0
16096,zyuksel,4,2026-06-30,2026-06,3,0,1
16097,bfirat,5,2026-06-30,2026-06,5,0,0
16098,mguray,3,2026-06-30,2026-06,3,0,0
16099,rkontrol,1,2026-06-30,2026-06,1,0,0
16100,cadonmez,8,2026-06-30,2026-06,7,1,0
16101,sekisa,58,2026-06-30,2026-06,42,16,0
16102,mkarsiv,2,2026-06-30,2026-06,2,0,0
16103,egonce,10,2026-06-30,2026-06,9,1,0
16104,msevim,11,2026-06-30,2026-06,5,6,0
16105,eozkan,1,2026-06-30,2026-06,1,0,0
16106,gbalvan,5,2026-06-30,2026-06,0,5,0
16107,sfirinci,5,2026-06-30,2026-06,5,0,0
16108,ierdil,11,2026-06-30,2026-06,2,9,0
16109,gekim,70,2026-06-30,2026-06,0,70,0
16110,akamera,7,2026-06-30,2026-06,7,0,0
16111,fbalaban,6,2026-06-30,2026-06,0,0,6
16112,gbakanoglu,18,2026-06-30,2026-06,17,1,0
16113,abarkod,5,2026-06-30,2026-06,0,5,0
16114,edemirbas,6,2026-06-30,2026-06,6,0,0
16115,ayetik,1,2026-06-30,2026-06,0,1,0
16116,bkibar,2,2026-06-30,2026-06,0,2,0
16117,aayhan,19,2026-06-30,2026-06,5,14,0
16118,mkarabiyik,1,2026-06-30,2026-06,0,1,0
16119,obali,11,2026-06-30,2026-06,2,8,1
16120,MMUTLU,6,2026-06-30,2026-06,4,2,0
16121,tevirgen,22,2026-06-30,2026-06,3,19,0
16122,fyilanci,1,2026-06-30,2026-06,1,0,0
16123,gayilmaz,14,2026-06-30,2026-06,12,2,0
16124,eulsever,26,2026-06-30,2026-06,5,21,0
16125,amasun,14,2026-06-30,2026-06,0,14,0
16126,caozturk,24,2026-06-30,2026-06,24,0,0
16127,dnoic,158,2026-06-30,2026-06,104,14,40
16128,ckarahasan,24,2026-06-30,2026-06,12,12,0
16129,fozay,16,2026-06-30,2026-06,6,10,0
16130,oicoz,5,2026-06-30,2026-06,1,4,0
16131,okanat,4,2026-06-30,2026-06,2,2,0
16132,TIRMAK,8,2026-06-30,2026-06,8,0,0
16133,mkorucu,3,2026-06-30,2026-06,1,2,0
16134,VBAYANER,2,2026-07-01,2026-07,2,0,0
16135,hakand,22,2026-07-01,2026-07,22,0,0
16136,BSOGUT,11,2026-07-01,2026-07,0,0,11
16137,fgulsever,10,2026-07-01,2026-07,0,10,0
16138,mguder,80,2026-07-01,2026-07,76,4,0
16139,zyuksel,36,2026-07-01,2026-07,35,1,0
16140,ierdil,15,2026-07-01,2026-07,3,12,0
16141,mguray,4,2026-07-01,2026-07,4,0,0
16142,aildeniz,6,2026-07-01,2026-07,0,0,6
16143,cadonmez,6,2026-07-01,2026-07,6,0,0
16144,aapak,55,2026-07-01,2026-07,0,55,0
16145,sekisa,13,2026-07-01,2026-07,13,0,0
16146,ddcozgu,15,2026-07-01,2026-07,13,2,0
16147,egonce,29,2026-07-01,2026-07,12,17,0
16148,mbayirli,20,2026-07-01,2026-07,20,0,0
16149,msevim,2,2026-07-01,2026-07,0,2,0
16150,hbinay,16,2026-07-01,2026-07,16,0,0
16151,gbalvan,1,2026-07-01,2026-07,0,1,0
16152,ersener,27,2026-07-01,2026-07,27,0,0
16153,bfirat,60,2026-07-01,2026-07,60,0,0
16154,fcolak,5,2026-07-01,2026-07,4,1,0
16155,ubasdas,23,2026-07-01,2026-07,23,0,0
16156,mertan,17,2026-07-01,2026-07,6,11,0
16157,iunlu,30,2026-07-01,2026-07,30,0,0
16158,gakca,10,2026-07-01,2026-07,9,1,0
16159,abarkod,5,2026-07-01,2026-07,0,5,0
16160,ttlideri,20,2026-07-01,2026-07,20,0,0
16161,hktlideri,9,2026-07-01,2026-07,3,6,0
16162,ogun,4,2026-07-01,2026-07,2,1,1
16163,aayhan,68,2026-07-01,2026-07,9,25,34
16164,dyavuzkasap,1,2026-07-01,2026-07,1,0,0
16165,obali,71,2026-07-01,2026-07,23,42,6
16166,fimetin,1,2026-07-01,2026-07,1,0,0
16167,bsamuk,2,2026-07-01,2026-07,2,0,0
16168,akamera,3,2026-07-01,2026-07,3,0,0
16169,tevirgen,33,2026-07-01,2026-07,10,7,16
16170,ggirgin,230,2026-07-01,2026-07,228,2,0
16171,SUYILMAZ,1,2026-07-01,2026-07,1,0,0
16172,fbalaban,1,2026-07-01,2026-07,0,0,1
16173,amasun,14,2026-07-01,2026-07,2,12,0
16174,gekim,26,2026-07-01,2026-07,0,26,0
16175,ckarahasan,25,2026-07-01,2026-07,19,6,0
16176,ogungor,10,2026-07-01,2026-07,10,0,0
16177,eulsever,7,2026-07-01,2026-07,6,1,0
16178,dnoic,14,2026-07-01,2026-07,4,7,3
16179,gekim,99,2026-07-02,2026-07,0,99,0
16180,fgulsever,14,2026-07-02,2026-07,0,14,0
16181,sfirinci,2,2026-07-02,2026-07,2,0,0
16182,gakca,7,2026-07-02,2026-07,7,0,0
16183,nakilli,9,2026-07-02,2026-07,0,9,0
16184,udalyan,5,2026-07-02,2026-07,2,2,1
16185,hakand,2,2026-07-02,2026-07,2,0,0
16186,okelepe,15,2026-07-02,2026-07,10,5,0
16187,zyuksel,3,2026-07-02,2026-07,1,2,0
16188,mkarsiv,2,2026-07-02,2026-07,2,0,0
16189,mguray,3,2026-07-02,2026-07,3,0,0
16190,aakyildiz,9,2026-07-02,2026-07,8,1,0
16191,fcolak,4,2026-07-02,2026-07,4,0,0
16192,ddcozgu,2,2026-07-02,2026-07,2,0,0
16193,eozkan,2,2026-07-02,2026-07,0,2,0
16194,bfirat,5,2026-07-02,2026-07,5,0,0
16195,VBAYANER,2,2026-07-02,2026-07,2,0,0
16196,amasun,17,2026-07-02,2026-07,2,15,0
16197,ierdil,21,2026-07-02,2026-07,12,9,0
16198,caozturk,12,2026-07-02,2026-07,12,0,0
16199,egonce,22,2026-07-02,2026-07,22,0,0
16200,aozgun,5,2026-07-02,2026-07,5,0,0
16201,ckarahasan,22,2026-07-02,2026-07,17,5,0
16202,akamera,5,2026-07-02,2026-07,5,0,0
16203,abarkod,4,2026-07-02,2026-07,0,4,0
16204,ttlideri,7,2026-07-02,2026-07,7,0,0
16205,ntanriverdi,3,2026-07-02,2026-07,0,3,0
16206,cer,4,2026-07-02,2026-07,4,0,0
16207,mkofis,5,2026-07-02,2026-07,5,0,0
16208,dyavuzkasap,5,2026-07-02,2026-07,4,1,0
16209,obali,5,2026-07-02,2026-07,1,3,1
16210,ogun,3,2026-07-02,2026-07,3,0,0
16211,fimetin,7,2026-07-02,2026-07,7,0,0
16212,TIRMAK,1,2026-07-02,2026-07,1,0,0
16213,MMUTLU,10,2026-07-02,2026-07,10,0,0
16214,tevirgen,16,2026-07-02,2026-07,13,3,0
16215,ayyilmaz,1,2026-07-02,2026-07,1,0,0
16216,eulsever,4,2026-07-02,2026-07,4,0,0
16217,ekaradavut,28,2026-07-02,2026-07,28,0,0
16218,ggirgin,2,2026-07-02,2026-07,1,1,0
16219,snazli,1,2026-07-02,2026-07,1,0,0
16220,mertan,204,2026-07-02,2026-07,102,102,0
16221,bfirat,2,2026-07-03,2026-07,2,0,0
16222,iunlu,10,2026-07-03,2026-07,10,0,0
16223,ddcozgu,1,2026-07-03,2026-07,1,0,0
16224,mguray,3,2026-07-03,2026-07,3,0,0
16225,zyuksel,15,2026-07-03,2026-07,11,2,2
16226,hakand,5,2026-07-03,2026-07,4,1,0
16227,udalyan,8,2026-07-03,2026-07,6,2,0
16228,gakca,4,2026-07-03,2026-07,3,1,0
16229,fozay,2,2026-07-03,2026-07,2,0,0
16230,gbalvan,5,2026-07-03,2026-07,0,5,0
16231,ckarahasan,6,2026-07-03,2026-07,6,0,0
16232,ggirgin,18,2026-07-03,2026-07,16,2,0
16233,gkenarli,5,2026-07-03,2026-07,5,0,0
16234,fimetin,18,2026-07-03,2026-07,18,0,0
16235,mkofis,15,2026-07-03,2026-07,15,0,0
16236,mkarabiyik,2,2026-07-03,2026-07,0,2,0
16237,ntanriverdi,4,2026-07-03,2026-07,0,4,0
16238,akamera,5,2026-07-03,2026-07,2,3,0
16239,amasun,23,2026-07-03,2026-07,0,23,0
16240,abarkod,4,2026-07-04,2026-07,0,4,0
16241,egonce,2,2026-07-04,2026-07,0,2,0
16242,fgulsever,8,2026-07-05,2026-07,0,8,0
16243,ierdil,9,2026-07-05,2026-07,3,6,0
16244,fdeniz,3,2026-07-05,2026-07,3,0,0
16245,esaribuyuk,1,2026-07-05,2026-07,1,0,0
16246,bbugdayci,1,2026-07-05,2026-07,0,1,0
16247,aapak,90,2026-07-05,2026-07,18,72,0
16248,sekisa,1,2026-07-05,2026-07,0,1,0
16249,sfirinci,15,2026-07-05,2026-07,7,8,0
16250,gekim,94,2026-07-05,2026-07,0,94,0
16251,dyavuzkasap,4,2026-07-05,2026-07,3,1,0
16252,hktlideri,6,2026-07-05,2026-07,6,0,0
16253,tcapkin,2,2026-07-05,2026-07,2,0,0
16254,abarkod,2,2026-07-05,2026-07,0,2,0
16255,ubasdas,3,2026-07-05,2026-07,3,0,0
16256,mguder,1,2026-07-06,2026-07,1,0,0
16257,gsapmaz,1,2026-07-06,2026-07,1,0,0
16258,fgulsever,27,2026-07-06,2026-07,0,27,0
16259,udalyan,78,2026-07-06,2026-07,15,25,38
16260,mecigdem,2,2026-07-06,2026-07,2,0,0
16261,zyuksel,40,2026-07-06,2026-07,40,0,0
16262,aapak,1,2026-07-06,2026-07,0,1,0
16263,ubasdas,2,2026-07-06,2026-07,1,1,0
16264,hakand,33,2026-07-06,2026-07,32,1,0
16265,VBAYANER,25,2026-07-06,2026-07,0,25,0
16266,fcolak,3,2026-07-06,2026-07,3,0,0
16267,cyildiz,17,2026-07-06,2026-07,14,3,0
16268,sekisa,40,2026-07-06,2026-07,40,0,0
16269,mkarsiv,7,2026-07-06,2026-07,4,3,0
16270,egonce,14,2026-07-06,2026-07,12,2,0
16271,msevim,4,2026-07-06,2026-07,2,2,0
16272,gbalvan,2,2026-07-06,2026-07,0,2,0
16273,ersener,11,2026-07-06,2026-07,11,0,0
16274,bfirat,6,2026-07-06,2026-07,6,0,0
16275,gakca,4,2026-07-06,2026-07,3,1,0
16276,nkaya,14,2026-07-06,2026-07,14,0,0
16277,sfirinci,1,2026-07-06,2026-07,0,1,0
16278,ierdil,10,2026-07-06,2026-07,1,9,0
16279,eanli,2,2026-07-06,2026-07,0,2,0
16280,gekim,57,2026-07-06,2026-07,0,57,0
16281,abarkod,4,2026-07-06,2026-07,0,4,0
16282,tcapkin,8,2026-07-06,2026-07,0,8,0
16283,ntanriverdi,7,2026-07-06,2026-07,0,7,0
16284,tyaman,7,2026-07-06,2026-07,7,0,0
16285,cer,12,2026-07-06,2026-07,12,0,0
16286,ogun,2,2026-07-06,2026-07,0,2,0
16287,obali,18,2026-07-06,2026-07,17,1,0
16288,MMUTLU,104,2026-07-06,2026-07,79,25,0
16289,ggirgin,112,2026-07-06,2026-07,69,43,0
16290,ttlideri,1,2026-07-06,2026-07,1,0,0
16291,mertan,7,2026-07-06,2026-07,0,7,0
16292,ekaradavut,1,2026-07-06,2026-07,1,0,0
16293,fozay,24,2026-07-06,2026-07,24,0,0
16294,caozturk,4,2026-07-06,2026-07,1,3,0
16295,oicoz,4,2026-07-06,2026-07,4,0,0
16296,amasun,19,2026-07-06,2026-07,0,19,0
16297,ogungor,19,2026-07-06,2026-07,19,0,0
16298,gayilmaz,8,2026-07-06,2026-07,4,4,0
16299,tevirgen,55,2026-07-06,2026-07,15,7,33
16300,aozgun,4,2026-07-06,2026-07,4,0,0
16301,hakand,42,2026-07-07,2026-07,39,3,0
16302,mguray,32,2026-07-07,2026-07,32,0,0
16303,okelepe,3,2026-07-07,2026-07,2,1,0
16304,fgulsever,63,2026-07-07,2026-07,0,63,0
16305,gsapmaz,2,2026-07-07,2026-07,2,0,0
16306,ierdil,11,2026-07-07,2026-07,5,6,0
16307,nsevkiyat,6,2026-07-07,2026-07,0,6,0
16308,eozkan,3,2026-07-07,2026-07,3,0,0
16309,fcolak,2,2026-07-07,2026-07,2,0,0
16310,mkarsiv,2,2026-07-07,2026-07,2,0,0
16311,egonce,27,2026-07-07,2026-07,25,2,0
16312,gbalvan,2,2026-07-07,2026-07,0,2,0
16313,bfirat,4,2026-07-07,2026-07,4,0,0
16314,VBAYANER,12,2026-07-07,2026-07,0,12,0
16315,udalyan,15,2026-07-07,2026-07,8,1,6
16316,bbugdayci,1,2026-07-07,2026-07,1,0,0
16317,gakca,1,2026-07-07,2026-07,1,0,0
16318,beozturk,1,2026-07-07,2026-07,1,0,0
16319,fozay,16,2026-07-07,2026-07,15,1,0
16320,gekim,48,2026-07-07,2026-07,0,48,0
16321,akamera,5,2026-07-07,2026-07,0,5,0
16322,abarkod,1,2026-07-07,2026-07,0,1,0
16323,gmasistan,6,2026-07-07,2026-07,6,0,0
16324,cer,2,2026-07-07,2026-07,1,1,0
16325,obali,8,2026-07-07,2026-07,8,0,0
16326,MMUTLU,6,2026-07-07,2026-07,5,1,0
16327,bsamuk,7,2026-07-07,2026-07,7,0,0
16328,aayhan,1,2026-07-07,2026-07,1,0,0
16329,tevirgen,15,2026-07-07,2026-07,9,4,2
16330,eulsever,6,2026-07-07,2026-07,6,0,0
16331,gayilmaz,1,2026-07-07,2026-07,1,0,0
16332,aozgun,9,2026-07-07,2026-07,6,3,0
16333,caozturk,8,2026-07-07,2026-07,8,0,0
16334,amasun,4,2026-07-07,2026-07,2,2,0
16335,ggirgin,219,2026-07-07,2026-07,218,1,0
16336,gsapmaz,2,2026-07-08,2026-07,2,0,0
16337,gekim,44,2026-07-08,2026-07,0,44,0
16338,gakca,5,2026-07-08,2026-07,5,0,0
16339,VBAYANER,21,2026-07-08,2026-07,13,8,0
16340,nakilli,4,2026-07-08,2026-07,3,1,0
16341,udalyan,26,2026-07-08,2026-07,15,11,0
16342,fgulsever,67,2026-07-08,2026-07,0,67,0
16343,ierdil,9,2026-07-08,2026-07,4,5,0
16344,bfirat,4,2026-07-08,2026-07,4,0,0
16345,nkaya,37,2026-07-08,2026-07,0,37,0
16346,fcolak,2,2026-07-08,2026-07,2,0,0
16347,egonce,109,2026-07-08,2026-07,75,34,0
16348,uunver,1,2026-07-08,2026-07,1,0,0
16349,hbinay,8,2026-07-08,2026-07,8,0,0
16350,eozkan,29,2026-07-08,2026-07,23,6,0
16351,gbalvan,1,2026-07-08,2026-07,0,1,0
16352,eanli,3,2026-07-08,2026-07,0,3,0
16353,stjegitim,246,2026-07-08,2026-07,226,20,0
16354,beozturk,11,2026-07-08,2026-07,10,1,0
16355,gayilmaz,3,2026-07-08,2026-07,3,0,0
16356,caozturk,23,2026-07-08,2026-07,23,0,0
16357,amasun,19,2026-07-08,2026-07,17,2,0
16358,akamera,12,2026-07-08,2026-07,12,0,0
16359,tcapkin,4,2026-07-08,2026-07,0,4,0
16360,ntanriverdi,4,2026-07-08,2026-07,0,4,0
16361,bkibar,1,2026-07-08,2026-07,0,1,0
16362,cer,1,2026-07-08,2026-07,0,1,0
16363,ogun,4,2026-07-08,2026-07,3,1,0
16364,aayhan,7,2026-07-08,2026-07,1,6,0
16365,nkorkmaz,1,2026-07-08,2026-07,1,0,0
16366,ggirgin,8,2026-07-08,2026-07,8,0,0
16367,mertan,27,2026-07-08,2026-07,8,19,0
16368,ayyilmaz,8,2026-07-08,2026-07,8,0,0
16369,tevirgen,8,2026-07-08,2026-07,6,2,0
16370,eulsever,9,2026-07-08,2026-07,1,8,0
16371,ogungor,1,2026-07-08,2026-07,1,0,0
16372,nibolkis,77,2026-07-08,2026-07,77,0,0
16373,gkenarli,1,2026-07-08,2026-07,0,1,0
16374,fgulsever,47,2026-07-09,2026-07,0,47,0
16375,sfirinci,2,2026-07-09,2026-07,0,2,0
16376,fyakut,2,2026-07-09,2026-07,1,1,0
16377,gakca,2,2026-07-09,2026-07,2,0,0
16378,hakand,1,2026-07-09,2026-07,1,0,0
16379,BSOGUT,1,2026-07-09,2026-07,1,0,0
16380,baozturk,1,2026-07-09,2026-07,0,1,0
16381,bfirat,6,2026-07-09,2026-07,5,1,0
16382,mguder,37,2026-07-09,2026-07,37,0,0
16383,ierdil,23,2026-07-09,2026-07,16,7,0
16384,rkontrol,1,2026-07-09,2026-07,1,0,0
16385,egonce,76,2026-07-09,2026-07,74,2,0
16386,msevim,5,2026-07-09,2026-07,0,5,0
16387,BDEMIRAL,55,2026-07-09,2026-07,0,55,0
16388,gbalvan,7,2026-07-09,2026-07,0,7,0
16389,gsapmaz,34,2026-07-09,2026-07,34,0,0
16390,gekim,61,2026-07-09,2026-07,0,61,0
16391,amasun,20,2026-07-09,2026-07,0,20,0
16392,beozturk,2,2026-07-09,2026-07,2,0,0
16393,gbakanoglu,3,2026-07-09,2026-07,1,0,2
16394,abarkod,8,2026-07-09,2026-07,0,8,0
16395,edemirbas,3,2026-07-09,2026-07,1,1,1
16396,ntanriverdi,6,2026-07-09,2026-07,0,6,0
16397,gmasistan,9,2026-07-09,2026-07,6,0,3
16398,bkibar,1,2026-07-09,2026-07,0,1,0
16399,ogun,5,2026-07-09,2026-07,5,0,0
16400,akamera,1,2026-07-09,2026-07,1,0,0
16401,gkenarli,5,2026-07-09,2026-07,2,3,0
16402,ggirgin,11,2026-07-09,2026-07,11,0,0
16403,ayyilmaz,3,2026-07-09,2026-07,3,0,0
16404,tevirgen,12,2026-07-09,2026-07,1,11,0
16405,eulsever,2,2026-07-09,2026-07,0,2,0
16406,kkaplan,3,2026-07-09,2026-07,3,0,0
16407,ckarahasan,92,2026-07-09,2026-07,43,49,0
16408,MMUTLU,2,2026-07-09,2026-07,0,2,0
16409,fozay,48,2026-07-10,2026-07,48,0,0
16410,gakca,1,2026-07-10,2026-07,1,0,0
16411,udalyan,85,2026-07-10,2026-07,6,5,74
16412,hakand,338,2026-07-10,2026-07,338,0,0
16413,baozturk,1,2026-07-10,2026-07,0,1,0
16414,ierdil,8,2026-07-10,2026-07,0,8,0
16415,msevim,3,2026-07-10,2026-07,0,3,0
16416,nkaya,34,2026-07-10,2026-07,0,34,0
16417,mkarsiv,3,2026-07-10,2026-07,3,0,0
16418,mmollaoglu,5,2026-07-10,2026-07,0,5,0
16419,gbalvan,1,2026-07-10,2026-07,0,1,0
16420,bfirat,23,2026-07-10,2026-07,23,0,0
16421,stjegitim,226,2026-07-10,2026-07,161,20,45
16422,amasun,49,2026-07-10,2026-07,5,44,0
16423,beozturk,4,2026-07-10,2026-07,0,4,0
16424,ckarahasan,10,2026-07-10,2026-07,9,1,0
16425,caozturk,6,2026-07-10,2026-07,3,3,0
16426,ntanriverdi,3,2026-07-10,2026-07,0,3,0
16427,fyilanci,5,2026-07-10,2026-07,0,5,0
16428,mkarabiyik,3,2026-07-10,2026-07,1,2,0
16429,MMUTLU,10,2026-07-10,2026-07,9,0,1
16430,gkenarli,2,2026-07-10,2026-07,2,0,0
16431,bkibar,10,2026-07-10,2026-07,4,6,0
16432,bsamuk,2,2026-07-10,2026-07,2,0,0
16433,ggirgin,17,2026-07-10,2026-07,14,3,0
16434,ayyilmaz,2,2026-07-10,2026-07,2,0,0
16435,tevirgen,6,2026-07-10,2026-07,3,1,2
16436,gayilmaz,2,2026-07-10,2026-07,2,0,0
16437,eatasoy,17,2026-07-10,2026-07,0,0,17
16438,mkarsiv,2,2026-07-11,2026-07,2,0,0
16439,aapak,36,2026-07-12,2026-07,18,18,0
16440,ersener,19,2026-07-12,2026-07,19,0,0
16441,uunver,8,2026-07-12,2026-07,8,0,0
16442,fcolak,6,2026-07-12,2026-07,3,3,0
16443,ierdil,16,2026-07-12,2026-07,8,8,0
16444,okelepe,2,2026-07-12,2026-07,0,2,0
16445,BSOGUT,26,2026-07-12,2026-07,26,0,0
16446,sfirinci,8,2026-07-12,2026-07,4,4,0
16447,ubasdas,3,2026-07-12,2026-07,0,3,0
16448,fbalaban,2,2026-07-12,2026-07,0,0,2
16449,gekim,110,2026-07-12,2026-07,0,110,0
16450,edemirbas,58,2026-07-12,2026-07,26,0,32
16451,tcapkin,3,2026-07-12,2026-07,0,3,0
16452,fbasak,6,2026-07-12,2026-07,6,0,0
16453,abarkod,4,2026-07-12,2026-07,0,4,0
16454,mkorucu,3,2026-07-12,2026-07,3,0,0
16455,dnoic,15,2026-07-12,2026-07,13,0,2
16456,aayhan,5,2026-07-12,2026-07,4,0,1
16457,ierdil,11,2026-07-13,2026-07,4,7,0
16458,gakca,7,2026-07-13,2026-07,7,0,0
16459,ubasdas,13,2026-07-13,2026-07,13,0,0
16460,aapak,14,2026-07-13,2026-07,0,14,0
16461,hakand,9,2026-07-13,2026-07,8,1,0
16462,sfirinci,4,2026-07-13,2026-07,3,1,0
16463,zyuksel,50,2026-07-13,2026-07,50,0,0
16464,cadonmez,1,2026-07-13,2026-07,0,1,0
16465,mkarsiv,5,2026-07-13,2026-07,3,2,0
16466,acelebi,2,2026-07-13,2026-07,2,0,0
16467,fcolak,1,2026-07-13,2026-07,1,0,0
16468,fdeniz,27,2026-07-13,2026-07,27,0,0
16469,msevim,7,2026-07-13,2026-07,2,5,0
16470,ersener,75,2026-07-13,2026-07,67,8,0
16471,VBAYANER,12,2026-07-13,2026-07,0,12,0
16472,gekim,63,2026-07-13,2026-07,0,63,0
16473,stjegitim,4,2026-07-13,2026-07,2,2,0
16474,SUYILMAZ,2,2026-07-13,2026-07,2,0,0
16475,MMUTLU,46,2026-07-13,2026-07,36,7,3
16476,amasun,18,2026-07-13,2026-07,2,16,0
16477,akamera,23,2026-07-13,2026-07,23,0,0
16478,abarkod,6,2026-07-13,2026-07,0,6,0
16479,tcapkin,41,2026-07-13,2026-07,0,41,0
16480,beozturk,1,2026-07-13,2026-07,0,1,0
16481,tyaman,11,2026-07-13,2026-07,11,0,0
16482,aayhan,6,2026-07-13,2026-07,6,0,0
16483,mkarabiyik,2,2026-07-13,2026-07,0,2,0
16484,fimetin,12,2026-07-13,2026-07,6,6,0
16485,ntanriverdi,8,2026-07-13,2026-07,0,8,0
16486,mertan,4,2026-07-13,2026-07,2,2,0
16487,ayyilmaz,1,2026-07-13,2026-07,1,0,0
16488,tevirgen,42,2026-07-13,2026-07,27,10,5
16489,gayilmaz,5,2026-07-13,2026-07,5,0,0
16490,oicoz,2,2026-07-13,2026-07,2,0,0
16491,mkorucu,1,2026-07-13,2026-07,1,0,0
16492,ckarahasan,19,2026-07-13,2026-07,12,7,0
16493,ggirgin,71,2026-07-13,2026-07,43,28,0
16494,eanli,2,2026-07-14,2026-07,0,2,0
16495,gakca,1,2026-07-14,2026-07,1,0,0
16496,baozturk,2,2026-07-14,2026-07,0,2,0
16497,ierdil,17,2026-07-14,2026-07,8,9,0
16498,stjegitim,13,2026-07-14,2026-07,7,0,6
16499,eozkan,1,2026-07-14,2026-07,1,0,0
16500,herbilgin,16,2026-07-14,2026-07,16,0,0
16501,msevim,3,2026-07-14,2026-07,0,3,0
16502,hbinay,4,2026-07-14,2026-07,4,0,0
16503,gbalvan,2,2026-07-14,2026-07,0,2,0
16504,mkarsiv,8,2026-07-14,2026-07,8,0,0
16505,beozturk,8,2026-07-14,2026-07,8,0,0
16506,gkenarli,2,2026-07-14,2026-07,0,2,0
16507,dnoic,23,2026-07-14,2026-07,23,0,0
16508,akamera,1,2026-07-14,2026-07,1,0,0
16509,mkarabiyik,3,2026-07-14,2026-07,0,3,0
16510,MMUTLU,13,2026-07-14,2026-07,6,2,5
16511,sucakir,1,2026-07-14,2026-07,0,1,0
16512,amasun,16,2026-07-14,2026-07,0,16,0
16513,fimetin,16,2026-07-14,2026-07,10,6,0
16514,ggirgin,21,2026-07-14,2026-07,17,3,1
16515,tevirgen,23,2026-07-14,2026-07,9,14,0
16516,gayilmaz,5,2026-07-14,2026-07,5,0,0
16517,ckarahasan,28,2026-07-14,2026-07,12,16,0
16518,bsamuk,5,2026-07-14,2026-07,5,0,0
16519,ierdil,9,2026-07-15,2026-07,2,7,0
16520,mkarsiv,2,2026-07-15,2026-07,2,0,0
16521,fcolak,5,2026-07-15,2026-07,5,0,0
16522,cyildiz,2,2026-07-15,2026-07,0,2,0
16523,aapak,2,2026-07-15,2026-07,0,2,0
16524,aildeniz,2,2026-07-15,2026-07,0,2,0
16525,gekim,77,2026-07-15,2026-07,0,77,0
16526,dnoic,62,2026-07-15,2026-07,0,0,62
16527,aayhan,18,2026-07-15,2026-07,17,1,0
16528,fbasak,13,2026-07-15,2026-07,13,0,0
16529,abarkod,2,2026-07-15,2026-07,0,2,0
16530,ubasdas,3,2026-07-15,2026-07,0,3,0
16531,gekim,39,2026-07-16,2026-07,0,39,0
16532,sfirinci,5,2026-07-16,2026-07,3,2,0
16533,fyakut,4,2026-07-16,2026-07,4,0,0
16534,ubasdas,22,2026-07-16,2026-07,22,0,0
16535,nakilli,6,2026-07-16,2026-07,0,6,0
16536,gbalvan,2,2026-07-16,2026-07,0,2,0
16537,aapak,37,2026-07-16,2026-07,0,37,0
16538,zyuksel,1,2026-07-16,2026-07,0,0,1
16539,baozturk,2,2026-07-16,2026-07,0,2,0
16540,ierdil,15,2026-07-16,2026-07,10,5,0
16541,stjegitim,34,2026-07-16,2026-07,3,0,31
16542,fcolak,1,2026-07-16,2026-07,1,0,0
16543,msevim,1,2026-07-16,2026-07,0,1,0
16544,eozkan,2,2026-07-16,2026-07,2,0,0
16545,beozturk,11,2026-07-16,2026-07,9,2,0
16546,udalyan,16,2026-07-16,2026-07,3,9,4
16547,amasun,18,2026-07-16,2026-07,0,18,0
16548,sucakir,9,2026-07-16,2026-07,9,0,0
16549,ckarahasan,21,2026-07-16,2026-07,6,15,0
16550,akamera,12,2026-07-16,2026-07,12,0,0
16551,abarkod,35,2026-07-16,2026-07,0,35,0
16552,dnoic,4,2026-07-16,2026-07,2,0,2
16553,ntanriverdi,2,2026-07-16,2026-07,0,2,0
16554,ogun,3,2026-07-16,2026-07,3,0,0
16555,mkarabiyik,1,2026-07-16,2026-07,0,1,0
16556,dyavuzkasap,13,2026-07-16,2026-07,13,0,0
16557,tcapkin,1,2026-07-16,2026-07,0,1,0
16558,fimetin,28,2026-07-16,2026-07,24,4,0
16559,ggirgin,13,2026-07-16,2026-07,13,0,0
16560,ayyilmaz,2,2026-07-16,2026-07,2,0,0
16561,tevirgen,66,2026-07-16,2026-07,5,46,15
16562,gayilmaz,2,2026-07-16,2026-07,2,0,0
16563,oicoz,22,2026-07-16,2026-07,11,11,0
16564,MMUTLU,14,2026-07-16,2026-07,7,0,7
16565,udalyan,4,2026-07-17,2026-07,3,0,1
16566,baozturk,2,2026-07-17,2026-07,0,2,0
16567,ierdil,7,2026-07-17,2026-07,3,4,0
16568,stjegitim,3,2026-07-17,2026-07,3,0,0
16569,msevim,4,2026-07-17,2026-07,2,2,0
16570,mkarsiv,5,2026-07-17,2026-07,5,0,0
16571,gbalvan,6,2026-07-17,2026-07,0,6,0
16572,beozturk,3,2026-07-17,2026-07,3,0,0
16573,sekisa,26,2026-07-17,2026-07,26,0,0
16574,amasun,68,2026-07-17,2026-07,4,64,0
16575,MMUTLU,12,2026-07-17,2026-07,10,2,0
16576,ckarahasan,67,2026-07-17,2026-07,43,24,0
16577,caozturk,6,2026-07-17,2026-07,3,3,0
16578,fimetin,16,2026-07-17,2026-07,12,4,0
16579,bsamuk,2,2026-07-17,2026-07,2,0,0
16580,ayyilmaz,2,2026-07-17,2026-07,2,0,0
16581,akamera,1,2026-07-17,2026-07,1,0,0
16582,eulsever,8,2026-07-17,2026-07,0,8,0
16583,gayilmaz,22,2026-07-17,2026-07,3,19,0
16584,oicoz,3,2026-07-17,2026-07,3,0,0
16585,tevirgen,24,2026-07-17,2026-07,12,12,0
16586,ogun,11,2026-07-18,2026-07,11,0,0
16587,ubasdas,1,2026-07-19,2026-07,1,0,0
16588,egonce,97,2026-07-19,2026-07,69,28,0
16589,mkarsiv,2,2026-07-19,2026-07,2,0,0
16590,fcolak,3,2026-07-19,2026-07,3,0,0
16591,cyildiz,3,2026-07-19,2026-07,3,0,0
16592,bbugdayci,1,2026-07-19,2026-07,0,1,0
16593,okelepe,115,2026-07-19,2026-07,0,115,0
16594,aapak,36,2026-07-19,2026-07,0,36,0
16595,sfirinci,3,2026-07-19,2026-07,0,3,0
16596,ierdil,10,2026-07-19,2026-07,6,4,0
16597,gbakanoglu,4,2026-07-19,2026-07,3,1,0
16598,gekim,105,2026-07-19,2026-07,0,105,0
16599,edemirbas,8,2026-07-19,2026-07,4,0,4
16600,tcapkin,1,2026-07-19,2026-07,0,1,0
16601,nkorkmaz,14,2026-07-19,2026-07,13,1,0
16602,abarkod,23,2026-07-19,2026-07,0,23,0
16603,ogun,12,2026-07-19,2026-07,12,0,0
16604,mkorucu,1,2026-07-19,2026-07,1,0,0
16605,dnoic,1,2026-07-19,2026-07,1,0,0
16606,fbasak,6,2026-07-19,2026-07,6,0,0
16607,sfirinci,6,2026-07-20,2026-07,4,2,0
16608,zyuksel,1,2026-07-20,2026-07,1,0,0
16609,aapak,16,2026-07-20,2026-07,12,4,0
16610,udalyan,101,2026-07-20,2026-07,1,5,95
16611,mecigdem,4,2026-07-20,2026-07,0,4,0
16612,okelepe,3,2026-07-20,2026-07,0,3,0
16613,fgulsever,16,2026-07-20,2026-07,0,16,0
16614,itopcu,6,2026-07-20,2026-07,6,0,0
16615,ierdil,8,2026-07-20,2026-07,4,4,0
16616,sekisa,12,2026-07-20,2026-07,12,0,0
16617,bbugdayci,1,2026-07-20,2026-07,1,0,0
16618,VBAYANER,48,2026-07-20,2026-07,48,0,0
16619,fcolak,8,2026-07-20,2026-07,3,5,0
16620,mkarsiv,1,2026-07-20,2026-07,1,0,0
16621,egonce,44,2026-07-20,2026-07,43,1,0
16622,msevim,13,2026-07-20,2026-07,0,13,0
16623,gbalvan,6,2026-07-20,2026-07,0,6,0
16624,bfirat,10,2026-07-20,2026-07,10,0,0
16625,gekim,64,2026-07-20,2026-07,0,64,0
16626,aildeniz,42,2026-07-20,2026-07,42,0,0
16627,gbakanoglu,1,2026-07-20,2026-07,1,0,0
16628,stjegitim,215,2026-07-20,2026-07,194,21,0
16629,fozay,48,2026-07-20,2026-07,39,9,0
16630,tcapkin,1,2026-07-20,2026-07,1,0,0
16631,nkorkmaz,1,2026-07-20,2026-07,1,0,0
16632,fbasak,2,2026-07-20,2026-07,2,0,0
16633,fyilanci,1,2026-07-20,2026-07,0,1,0
16634,mkarabiyik,1,2026-07-20,2026-07,0,1,0
16635,obali,5,2026-07-20,2026-07,2,3,0
16636,fimetin,22,2026-07-20,2026-07,22,0,0
16637,sucakir,3,2026-07-20,2026-07,2,1,0
16638,bsamuk,3,2026-07-20,2026-07,3,0,0
16639,abarkod,30,2026-07-20,2026-07,0,30,0
16640,mertan,31,2026-07-20,2026-07,19,12,0
16641,ggirgin,156,2026-07-20,2026-07,156,0,0
16642,beozturk,4,2026-07-20,2026-07,4,0,0
16643,amasun,7,2026-07-20,2026-07,0,7,0
16644,caozturk,2,2026-07-20,2026-07,2,0,0
16645,SUYILMAZ,1,2026-07-20,2026-07,1,0,0
16646,ckarahasan,32,2026-07-20,2026-07,14,18,0
16647,kkaplan,4,2026-07-20,2026-07,0,0,4
16648,gayilmaz,1,2026-07-20,2026-07,1,0,0
16649,tevirgen,56,2026-07-20,2026-07,22,28,6
16650,dnoic,84,2026-07-20,2026-07,45,1,38
16651,fozay,10,2026-07-21,2026-07,9,1,0
16652,gekim,50,2026-07-21,2026-07,0,50,0
16653,fyakut,10,2026-07-21,2026-07,10,0,0
16654,udalyan,7,2026-07-21,2026-07,1,0,6
16655,mecigdem,2,2026-07-21,2026-07,0,2,0
16656,okelepe,60,2026-07-21,2026-07,3,57,0
16657,fgulsever,30,2026-07-21,2026-07,0,30,0
16658,gsapmaz,35,2026-07-21,2026-07,35,0,0
16659,mguray,7,2026-07-21,2026-07,7,0,0
16660,ierdil,18,2026-07-21,2026-07,14,4,0
16661,nkaya,54,2026-07-21,2026-07,36,18,0
16662,sekisa,3,2026-07-21,2026-07,3,0,0
16663,msevim,4,2026-07-21,2026-07,2,2,0
16664,eozkan,8,2026-07-21,2026-07,8,0,0
16665,gbalvan,1,2026-07-21,2026-07,0,1,0
16666,bfirat,2,2026-07-21,2026-07,2,0,0
16667,beozturk,7,2026-07-21,2026-07,7,0,0
16668,zyuksel,4,2026-07-21,2026-07,4,0,0
16669,egonce,29,2026-07-21,2026-07,25,4,0
16670,amasun,44,2026-07-21,2026-07,0,44,0
16671,dnoic,3,2026-07-21,2026-07,3,0,0
16672,caozturk,12,2026-07-21,2026-07,2,10,0
16673,abarkod,7,2026-07-21,2026-07,0,7,0
16674,fbasak,2,2026-07-21,2026-07,2,0,0
16675,cer,2,2026-07-21,2026-07,1,1,0
16676,obali,5,2026-07-21,2026-07,4,1,0
16677,fimetin,23,2026-07-21,2026-07,23,0,0
16678,sucakir,1,2026-07-21,2026-07,1,0,0
16679,gkenarli,20,2026-07-21,2026-07,0,20,0
16680,mkarabiyik,8,2026-07-21,2026-07,0,8,0
16681,mertan,4,2026-07-21,2026-07,4,0,0
16682,ayyilmaz,1,2026-07-21,2026-07,1,0,0
16683,tevirgen,15,2026-07-21,2026-07,7,5,3
16684,eulsever,4,2026-07-21,2026-07,4,0,0
16685,gayilmaz,2,2026-07-21,2026-07,0,2,0
16686,mkorucu,6,2026-07-21,2026-07,6,0,0
16687,ekaradavut,2,2026-07-21,2026-07,2,0,0
16688,ckarahasan,33,2026-07-21,2026-07,24,9,0
16689,mguder,6,2026-07-22,2026-07,0,0,6
16690,fgulsever,35,2026-07-22,2026-07,0,35,0
16691,mecigdem,2,2026-07-22,2026-07,0,2,0
16692,fyakut,75,2026-07-22,2026-07,73,2,0
16693,aapak,44,2026-07-22,2026-07,0,44,0
16694,sfirinci,2,2026-07-22,2026-07,1,1,0
16695,ierdil,13,2026-07-22,2026-07,8,5,0
16696,udalyan,3,2026-07-22,2026-07,0,3,0
16697,mguray,3,2026-07-22,2026-07,3,0,0
16698,gbalvan,5,2026-07-22,2026-07,0,5,0
16699,cadonmez,2,2026-07-22,2026-07,2,0,0
16700,mkarsiv,2,2026-07-22,2026-07,2,0,0
16701,egonce,70,2026-07-22,2026-07,66,4,0
16702,herbilgin,2,2026-07-22,2026-07,2,0,0
16703,uunver,13,2026-07-22,2026-07,12,1,0
16704,msevim,2,2026-07-22,2026-07,0,2,0
16705,eozkan,14,2026-07-22,2026-07,2,12,0
16706,bfirat,10,2026-07-22,2026-07,10,0,0
16707,gekim,12,2026-07-22,2026-07,0,12,0
16708,aildeniz,4,2026-07-22,2026-07,1,1,2
16709,fbalaban,1,2026-07-22,2026-07,1,0,0
16710,mkarabiyik,5,2026-07-22,2026-07,1,4,0
16711,amasun,20,2026-07-22,2026-07,1,19,0
16712,abarkod,5,2026-07-22,2026-07,0,5,0
16713,ntanriverdi,3,2026-07-22,2026-07,0,3,0
16714,nkorkmaz,14,2026-07-22,2026-07,0,14,0
16715,cer,1,2026-07-22,2026-07,1,0,0
16716,aayhan,35,2026-07-22,2026-07,20,15,0
16717,dyavuzkasap,2,2026-07-22,2026-07,2,0,0
16718,fimetin,21,2026-07-22,2026-07,21,0,0
16719,goyilmaz,7,2026-07-22,2026-07,0,7,0
16720,ggirgin,3,2026-07-22,2026-07,3,0,0
16721,beozturk,3,2026-07-22,2026-07,3,0,0
16722,tevirgen,10,2026-07-22,2026-07,5,4,1
16723,mertan,2,2026-07-22,2026-07,0,2,0
16724,dnoic,1,2026-07-22,2026-07,0,0,1
16725,ckarahasan,19,2026-07-22,2026-07,18,1,0
16726,mkorucu,4,2026-07-22,2026-07,4,0,0
16727,caozturk,3,2026-07-22,2026-07,1,0,2
16728,okanat,10,2026-07-22,2026-07,10,0,0
16729,gayilmaz,3,2026-07-22,2026-07,3,0,0
16730,oicoz,1,2026-07-22,2026-07,0,1,0
16731,ierdil,8,2026-07-23,2026-07,0,8,0
16732,fyakut,1,2026-07-23,2026-07,1,0,0
16733,gakca,9,2026-07-23,2026-07,9,0,0
16734,aapak,16,2026-07-23,2026-07,0,16,0
16735,udalyan,3,2026-07-23,2026-07,3,0,0
16736,mecigdem,2,2026-07-23,2026-07,0,2,0
16737,fgulsever,19,2026-07-23,2026-07,0,19,0
16738,gsapmaz,2,2026-07-23,2026-07,2,0,0
16739,mguray,6,2026-07-23,2026-07,6,0,0
16740,sbaykal,1,2026-07-23,2026-07,1,0,0
16741,bbugdayci,2,2026-07-23,2026-07,1,1,0
16742,sekisa,2,2026-07-23,2026-07,2,0,0
16743,egonce,28,2026-07-23,2026-07,26,2,0
16744,msevim,4,2026-07-23,2026-07,2,2,0
16745,mmollaoglu,2,2026-07-23,2026-07,1,0,1
16746,gbalvan,5,2026-07-23,2026-07,0,5,0
16747,ersener,1,2026-07-23,2026-07,1,0,0
16748,bfirat,4,2026-07-23,2026-07,4,0,0
16749,sfirinci,2,2026-07-23,2026-07,1,1,0
16750,cadonmez,2,2026-07-23,2026-07,1,1,0
16751,gekim,34,2026-07-23,2026-07,0,34,0
16752,fozay,8,2026-07-23,2026-07,8,0,0
16753,fbalaban,1,2026-07-23,2026-07,1,0,0
16754,abarkod,5,2026-07-23,2026-07,0,5,0
16755,tcapkin,8,2026-07-23,2026-07,0,8,0
16756,ntanriverdi,3,2026-07-23,2026-07,0,3,0
16757,SUYILMAZ,3,2026-07-23,2026-07,3,0,0
16758,aayhan,30,2026-07-23,2026-07,7,23,0
16759,mkarabiyik,3,2026-07-23,2026-07,0,3,0
16760,fimetin,6,2026-07-23,2026-07,6,0,0
16761,sucakir,10,2026-07-23,2026-07,10,0,0
16762,goyilmaz,19,2026-07-23,2026-07,15,4,0
16763,ayyilmaz,1,2026-07-23,2026-07,1,0,0
16764,ogun,5,2026-07-23,2026-07,5,0,0
16765,gayilmaz,4,2026-07-23,2026-07,4,0,0
16766,mkorucu,18,2026-07-23,2026-07,17,1,0
16767,ckarahasan,34,2026-07-23,2026-07,26,8,0
16768,dnoic,88,2026-07-23,2026-07,1,0,87
16769,caozturk,10,2026-07-23,2026-07,9,1,0
16770,amasun,26,2026-07-23,2026-07,0,26,0
16771,beozturk,2,2026-07-23,2026-07,2,0,0
16772,zkurt,2,2026-07-23,2026-07,0,0,2
16773,tevirgen,38,2026-07-23,2026-07,6,13,19
16774,udalyan,27,2026-07-24,2026-07,16,11,0
16775,mecigdem,2,2026-07-24,2026-07,0,2,0
16776,hakand,5,2026-07-24,2026-07,4,1,0
16777,ierdil,5,2026-07-24,2026-07,1,4,0
16778,mguray,4,2026-07-24,2026-07,4,0,0
16779,stjegitim,43,2026-07-24,2026-07,29,0,14
16780,gbalvan,1,2026-07-24,2026-07,0,1,0
16781,mkarsiv,1,2026-07-24,2026-07,1,0,0
16782,msevim,1,2026-07-24,2026-07,0,1,0
16783,hbinay,4,2026-07-24,2026-07,4,0,0
16784,bfirat,16,2026-07-24,2026-07,16,0,0
16785,sbaykal,4,2026-07-24,2026-07,4,0,0
16786,gakca,2,2026-07-24,2026-07,2,0,0
16787,acelebi,2,2026-07-24,2026-07,2,0,0
16788,fozay,37,2026-07-24,2026-07,28,9,0
16789,cer,4,2026-07-24,2026-07,4,0,0
16790,amasun,10,2026-07-24,2026-07,0,10,0
16791,beozturk,7,2026-07-24,2026-07,2,5,0
16792,ntanriverdi,8,2026-07-24,2026-07,0,8,0
16793,bkibar,1,2026-07-24,2026-07,0,1,0
16794,fimetin,8,2026-07-24,2026-07,8,0,0
16795,sucakir,1,2026-07-24,2026-07,1,0,0
16796,goyilmaz,25,2026-07-24,2026-07,24,1,0
16797,obali,1,2026-07-24,2026-07,0,1,0
16798,ekaradavut,1,2026-07-24,2026-07,1,0,0
16799,tevirgen,5,2026-07-24,2026-07,3,2,0
16800,eulsever,4,2026-07-24,2026-07,0,4,0
16801,gayilmaz,4,2026-07-24,2026-07,3,1,0
16802,okanat,1,2026-07-24,2026-07,1,0,0
16803,ggirgin,12,2026-07-24,2026-07,7,5,0
16804,uunver,170,2026-07-25,2026-07,78,92,0
16805,scabuker,32,2026-07-26,2026-07,1,31,0
16806,mkarsiv,6,2026-07-26,2026-07,6,0,0
16807,ierdil,9,2026-07-26,2026-07,5,4,0
16808,aapak,61,2026-07-26,2026-07,1,60,0
16809,gekim,47,2026-07-26,2026-07,0,47,0
16810,gbakanoglu,5,2026-07-26,2026-07,5,0,0
16811,fgulsever,6,2026-07-26,2026-07,2,4,0
16812,dnoic,18,2026-07-26,2026-07,17,0,1
16813,dyavuzkasap,20,2026-07-26,2026-07,20,0,0
16814,aayhan,4,2026-07-26,2026-07,2,0,2
16815,tcapkin,10,2026-07-26,2026-07,0,10,0
16816,abarkod,33,2026-07-26,2026-07,0,33,0
16817,fbalaban,2,2026-07-26,2026-07,2,0,0
16818,ierdil,7,2026-07-27,2026-07,3,4,0
16819,mguder,15,2026-07-27,2026-07,6,9,0
16820,gsapmaz,4,2026-07-27,2026-07,4,0,0
16821,itopcu,2,2026-07-27,2026-07,2,0,0
16822,BSOGUT,3,2026-07-27,2026-07,2,1,0
16823,mguray,8,2026-07-27,2026-07,8,0,0
16824,sbaykal,9,2026-07-27,2026-07,0,9,0
16825,hakand,3,2026-07-27,2026-07,2,1,0
16826,udalyan,11,2026-07-27,2026-07,7,4,0
16827,fgulsever,28,2026-07-27,2026-07,0,28,0
16828,cadonmez,2,2026-07-27,2026-07,1,1,0
16829,acelebi,45,2026-07-27,2026-07,44,1,0
16830,stjegitim,26,2026-07-27,2026-07,14,2,10
16831,mkarsiv,2,2026-07-27,2026-07,2,0,0
16832,egonce,13,2026-07-27,2026-07,12,1,0
16833,fdeniz,2,2026-07-27,2026-07,2,0,0
16834,msevim,6,2026-07-27,2026-07,4,2,0
16835,mmollaoglu,79,2026-07-27,2026-07,4,75,0
16836,eozkan,32,2026-07-27,2026-07,18,14,0
16837,gbalvan,2,2026-07-27,2026-07,0,2,0
16838,bfirat,44,2026-07-27,2026-07,44,0,0
16839,aapak,23,2026-07-27,2026-07,12,11,0
16840,bbugdayci,2,2026-07-27,2026-07,1,0,1
16841,gakca,8,2026-07-27,2026-07,8,0,0
16842,fozay,16,2026-07-27,2026-07,16,0,0
16843,gekim,69,2026-07-27,2026-07,0,69,0
16844,sfirinci,66,2026-07-27,2026-07,66,0,0
16845,abarkod,2,2026-07-27,2026-07,0,2,0
16846,edemirbas,8,2026-07-27,2026-07,4,0,4
16847,tcapkin,1,2026-07-27,2026-07,0,0,1
16848,bkibar,1,2026-07-27,2026-07,0,1,0
16849,nkorkmaz,12,2026-07-27,2026-07,0,0,12
16850,fbasak,6,2026-07-27,2026-07,1,3,2
16851,aayhan,17,2026-07-27,2026-07,1,16,0
16852,obali,15,2026-07-27,2026-07,3,12,0
16853,MMUTLU,26,2026-07-27,2026-07,21,3,2
16854,goyilmaz,4,2026-07-27,2026-07,0,4,0
16855,ttlideri,1,2026-07-27,2026-07,1,0,0
16856,mertan,7,2026-07-27,2026-07,4,3,0
16857,ggirgin,47,2026-07-27,2026-07,47,0,0
16858,fbalaban,1,2026-07-27,2026-07,0,0,1
16859,ekaragoz,1,2026-07-27,2026-07,1,0,0
16860,beozturk,22,2026-07-27,2026-07,14,8,0
16861,eanli,12,2026-07-27,2026-07,12,0,0
16862,caozturk,9,2026-07-27,2026-07,5,4,0
16863,ckarahasan,37,2026-07-27,2026-07,7,30,0
16864,ekoyun,24,2026-07-27,2026-07,24,0,0
16865,tevirgen,16,2026-07-27,2026-07,15,0,1
16866,amasun,16,2026-07-27,2026-07,11,5,0
16867,ubasdas,3,2026-07-28,2026-07,3,0,0
16868,ierdil,13,2026-07-28,2026-07,8,5,0
16869,aapak,69,2026-07-28,2026-07,0,69,0
16870,udalyan,7,2026-07-28,2026-07,2,2,3
16871,fgulsever,4,2026-07-28,2026-07,0,4,0
16872,itopcu,2,2026-07-28,2026-07,2,0,0
16873,mguder,7,2026-07-28,2026-07,7,0,0
16874,mguray,7,2026-07-28,2026-07,7,0,0
16875,egonce,31,2026-07-28,2026-07,29,2,0
16876,stjegitim,1,2026-07-28,2026-07,1,0,0
16877,sekisa,148,2026-07-28,2026-07,97,51,0
16878,mkarsiv,6,2026-07-28,2026-07,6,0,0
16879,sapra,2,2026-07-28,2026-07,0,0,2
16880,gbalvan,3,2026-07-28,2026-07,0,3,0
16881,ersener,4,2026-07-28,2026-07,2,2,0
16882,gakca,5,2026-07-28,2026-07,4,1,0
16883,ucelebi,5,2026-07-28,2026-07,0,0,5
16884,gekim,127,2026-07-28,2026-07,0,127,0
16885,bfirat,6,2026-07-28,2026-07,6,0,0
16886,eanli,10,2026-07-28,2026-07,10,0,0
16887,fbalaban,1,2026-07-28,2026-07,1,0,0
16888,fbasak,30,2026-07-28,2026-07,23,7,0
16889,aayhan,20,2026-07-28,2026-07,6,4,10
16890,obali,3,2026-07-28,2026-07,0,3,0
16891,MMUTLU,11,2026-07-28,2026-07,9,2,0
16892,goyilmaz,6,2026-07-28,2026-07,2,4,0
16893,ggirgin,11,2026-07-28,2026-07,10,1,0
16894,ekaradavut,2,2026-07-28,2026-07,2,0,0
16895,fimetin,13,2026-07-28,2026-07,12,1,0
16896,ayyilmaz,9,2026-07-28,2026-07,2,7,0
16897,tevirgen,74,2026-07-28,2026-07,0,10,64
16898,oicoz,2,2026-07-28,2026-07,2,0,0
16899,mkorucu,16,2026-07-28,2026-07,16,0,0
16900,ckarahasan,27,2026-07-28,2026-07,22,5,0
16901,dnoic,35,2026-07-28,2026-07,29,0,6
16902,beozturk,20,2026-07-28,2026-07,14,6,0
16903,mertan,3,2026-07-28,2026-07,1,2,0
16904,zyuksel,1,2026-07-29,2026-07,0,0,1
16905,sfirinci,2,2026-07-29,2026-07,1,1,0
16906,aapak,55,2026-07-29,2026-07,0,55,0
16907,hakand,5,2026-07-29,2026-07,5,0,0
16908,BSOGUT,2,2026-07-29,2026-07,0,0,2
16909,fgulsever,33,2026-07-29,2026-07,0,33,0
16910,gsapmaz,6,2026-07-29,2026-07,6,0,0
16911,ierdil,5,2026-07-29,2026-07,0,5,0
16912,ersener,9,2026-07-29,2026-07,9,0,0
16913,aildeniz,2,2026-07-29,2026-07,0,2,0
16914,rkontrol,2,2026-07-29,2026-07,2,0,0
16915,stjegitim,1,2026-07-29,2026-07,1,0,0
16916,mkarsiv,5,2026-07-29,2026-07,4,1,0
16917,egonce,13,2026-07-29,2026-07,12,1,0
16918,msevim,4,2026-07-29,2026-07,0,4,0
16919,mmollaoglu,3,2026-07-29,2026-07,0,3,0
16920,bfirat,10,2026-07-29,2026-07,10,0,0
16921,mguray,2,2026-07-29,2026-07,2,0,0
16922,eanli,2,2026-07-29,2026-07,0,2,0
16923,gekim,99,2026-07-29,2026-07,0,99,0
16924,fozay,8,2026-07-29,2026-07,4,4,0
16925,ekaragoz,5,2026-07-29,2026-07,2,0,3
16926,abarkod,1,2026-07-29,2026-07,0,1,0
16927,fbasak,1,2026-07-29,2026-07,1,0,0
16928,ogun,2,2026-07-29,2026-07,1,0,1
16929,fyilanci,10,2026-07-29,2026-07,0,10,0
16930,MMUTLU,8,2026-07-29,2026-07,4,2,2
16931,fimetin,4,2026-07-29,2026-07,4,0,0
16932,goyilmaz,24,2026-07-29,2026-07,15,9,0
16933,ggirgin,223,2026-07-29,2026-07,222,1,0
16934,obali,60,2026-07-29,2026-07,42,0,18
16935,tevirgen,40,2026-07-29,2026-07,19,18,3
16936,ekoyun,11,2026-07-29,2026-07,10,1,0
16937,nibolkis,7,2026-07-29,2026-07,7,0,0
16938,TIRMAK,1,2026-07-29,2026-07,1,0,0
16939,okanat,3,2026-07-29,2026-07,3,0,0
16940,ckarahasan,16,2026-07-29,2026-07,7,9,0
16941,caozturk,43,2026-07-29,2026-07,23,20,0
16942,mertan,23,2026-07-29,2026-07,3,20,0
16943,beozturk,8,2026-07-29,2026-07,4,4,0
16944,ierdil,9,2026-07-30,2026-07,3,6,0
16945,mguder,32,2026-07-30,2026-07,32,0,0
16946,gsapmaz,8,2026-07-30,2026-07,8,0,0
16947,hakand,3,2026-07-30,2026-07,2,1,0
16948,fgulsever,51,2026-07-30,2026-07,0,51,0
16949,bfirat,2,2026-07-30,2026-07,2,0,0
16950,mguray,7,2026-07-30,2026-07,7,0,0
16951,baozturk,1,2026-07-30,2026-07,0,1,0
16952,aildeniz,1,2026-07-30,2026-07,1,0,0
16953,ersener,1,2026-07-30,2026-07,1,0,0
16954,stjegitim,183,2026-07-30,2026-07,166,17,0
16955,mkarsiv,3,2026-07-30,2026-07,3,0,0
16956,egonce,12,2026-07-30,2026-07,11,1,0
16957,uunver,20,2026-07-30,2026-07,18,2,0
16958,mbayirli,9,2026-07-30,2026-07,9,0,0
16959,msevim,1,2026-07-30,2026-07,1,0,0
16960,mmollaoglu,2,2026-07-30,2026-07,0,2,0
16961,gbalvan,8,2026-07-30,2026-07,0,8,0
16962,aapak,62,2026-07-30,2026-07,0,62,0
16963,cadonmez,2,2026-07-30,2026-07,0,2,0
16964,gakca,5,2026-07-30,2026-07,4,1,0
16965,esaribuyuk,1,2026-07-30,2026-07,1,0,0
16966,gekim,38,2026-07-30,2026-07,0,38,0
16967,sfirinci,67,2026-07-30,2026-07,67,0,0
16968,akamera,4,2026-07-30,2026-07,4,0,0
16969,abarkod,33,2026-07-30,2026-07,0,33,0
16970,bkibar,1,2026-07-30,2026-07,0,1,0
16971,fyilanci,27,2026-07-30,2026-07,0,27,0
16972,ykiye,2,2026-07-30,2026-07,2,0,0
16973,obali,23,2026-07-30,2026-07,8,9,6
16974,MMUTLU,6,2026-07-30,2026-07,6,0,0
16975,fimetin,13,2026-07-30,2026-07,1,12,0
16976,goyilmaz,17,2026-07-30,2026-07,16,1,0
16977,tcapkin,2,2026-07-30,2026-07,2,0,0
16978,ekaradavut,6,2026-07-30,2026-07,6,0,0
16979,tevirgen,10,2026-07-30,2026-07,7,3,0
16980,TIRMAK,5,2026-07-30,2026-07,3,2,0
16981,ckarahasan,25,2026-07-30,2026-07,7,18,0
16982,dnoic,66,2026-07-30,2026-07,65,1,0
16983,caozturk,3,2026-07-30,2026-07,2,1,0
16984,beozturk,2,2026-07-30,2026-07,2,0,0
16985,ekaragoz,1,2026-07-30,2026-07,1,0,0
16986,fbalaban,1,2026-07-30,2026-07,0,0,1
16987,ggirgin,17,2026-07-30,2026-07,17,0,0
16988,gsapmaz,8,2026-07-31,2026-07,8,0,0
16989,carican,6,2026-07-31,2026-07,6,0,0
16990,mguder,4,2026-07-31,2026-07,4,0,0
16991,zyuksel,8,2026-07-31,2026-07,1,0,7
16992,ierdil,104,2026-07-31,2026-07,0,104,0
16993,mguray,6,2026-07-31,2026-07,6,0,0
16994,eozkan,5,2026-07-31,2026-07,5,0,0
16995,sekisa,178,2026-07-31,2026-07,0,0,178
16996,msevim,3,2026-07-31,2026-07,1,2,0
16997,mmollaoglu,3,2026-07-31,2026-07,0,3,0
16998,gbalvan,4,2026-07-31,2026-07,0,4,0
16999,bfirat,3,2026-07-31,2026-07,3,0,0
17000,hakand,4,2026-07-31,2026-07,3,0,1
17001,stjegitim,14,2026-07-31,2026-07,13,0,1
17002,udalyan,1,2026-07-31,2026-07,0,0,1
17003,ckarahasan,30,2026-07-31,2026-07,12,18,0
17004,saskin,14,2026-07-31,2026-07,14,0,0
17005,bkibar,1,2026-07-31,2026-07,0,1,0
17006,gakca,7,2026-07-31,2026-07,7,0,0
17007,obali,9,2026-07-31,2026-07,3,2,4
17008,MMUTLU,27,2026-07-31,2026-07,22,5,0
17009,fimetin,8,2026-07-31,2026-07,8,0,0
17010,goyilmaz,11,2026-07-31,2026-07,11,0,0
17011,ggirgin,20,2026-07-31,2026-07,17,3,0
17012,hktlideri,9,2026-07-31,2026-07,3,6,0
17013,tevirgen,54,2026-07-31,2026-07,15,32,7
17014,oicoz,9,2026-07-31,2026-07,7,2,0
17015,ayyilmaz,5,2026-07-31,2026-07,5,0,0
17016,amasun,1,2026-07-31,2026-07,1,0,0
17017,beozturk,15,2026-07-31,2026-07,8,7,0
17018,fozay,12,2026-07-31,2026-07,12,0,0
